,index,price_euro_per_MWh
0,2025-01-01 00:00:00,134.49
1,2025-01-01 01:00:00,131.59
2,2025-01-01 02:00:00,131.49
3,2025-01-01 03:00:00,131.42
4,2025-01-01 04:00:00,120.49
5,2025-01-01 05:00:00,112.3
6,2025-01-01 06:00:00,112.3
7,2025-01-01 07:00:00,111.88
8,2025-01-01 08:00:00,112.09
9,2025-01-01 09:00:00,94.99
10,2025-01-01 10:00:00,50.01
11,2025-01-01 11:00:00,20.59
12,2025-01-01 12:00:00,28.11
13,2025-01-01 13:00:00,40.63
14,2025-01-01 14:00:00,30.6
15,2025-01-01 15:00:00,40.63
16,2025-01-01 16:00:00,72.0
17,2025-01-01 17:00:00,125.49
18,2025-01-01 18:00:00,149.72
19,2025-01-01 19:00:00,150.67
20,2025-01-01 20:00:00,152.99
21,2025-01-01 21:00:00,151.69
22,2025-01-01 22:00:00,147.75
23,2025-01-01 23:00:00,133.06
24,2025-01-02 00:00:00,137.12
25,2025-01-02 01:00:00,123.03
26,2025-01-02 02:00:00,102.3
27,2025-01-02 03:00:00,102.09
28,2025-01-02 04:00:00,102.09
29,2025-01-02 05:00:00,101.88
30,2025-01-02 06:00:00,128.44
31,2025-01-02 07:00:00,143.96
32,2025-01-02 08:00:00,152.92
33,2025-01-02 09:00:00,152.16
34,2025-01-02 10:00:00,129.04
35,2025-01-02 11:00:00,125.7
36,2025-01-02 12:00:00,125.72
37,2025-01-02 13:00:00,119.3
38,2025-01-02 14:00:00,124.65
39,2025-01-02 15:00:00,130.11
40,2025-01-02 16:00:00,139.5
41,2025-01-02 17:00:00,153.4
42,2025-01-02 18:00:00,159.18
43,2025-01-02 19:00:00,160.99
44,2025-01-02 20:00:00,161.1
45,2025-01-02 21:00:00,157.88
46,2025-01-02 22:00:00,152.44
47,2025-01-02 23:00:00,140.0
48,2025-01-03 00:00:00,121.52
49,2025-01-03 01:00:00,105.88
50,2025-01-03 02:00:00,93.94
51,2025-01-03 03:00:00,91.1
52,2025-01-03 04:00:00,90.01
53,2025-01-03 05:00:00,92.25
54,2025-01-03 06:00:00,100.14
55,2025-01-03 07:00:00,126.0
56,2025-01-03 08:00:00,141.2
57,2025-01-03 09:00:00,138.0
58,2025-01-03 10:00:00,130.52
59,2025-01-03 11:00:00,123.2
60,2025-01-03 12:00:00,113.51
61,2025-01-03 13:00:00,107.6
62,2025-01-03 14:00:00,105.88
63,2025-01-03 15:00:00,110.22
64,2025-01-03 16:00:00,123.2
65,2025-01-03 17:00:00,141.2
66,2025-01-03 18:00:00,149.62
67,2025-01-03 19:00:00,151.25
68,2025-01-03 20:00:00,151.25
69,2025-01-03 21:00:00,149.12
70,2025-01-03 22:00:00,145.58
71,2025-01-03 23:00:00,136.42
72,2025-01-04 00:00:00,112.84
73,2025-01-04 01:00:00,101.0
74,2025-01-04 02:00:00,95.53
75,2025-01-04 03:00:00,94.33
76,2025-01-04 04:00:00,96.62
77,2025-01-04 05:00:00,102.63
78,2025-01-04 06:00:00,110.89
79,2025-01-04 07:00:00,120.25
80,2025-01-04 08:00:00,128.39
81,2025-01-04 09:00:00,128.41
82,2025-01-04 10:00:00,118.99
83,2025-01-04 11:00:00,99.0
84,2025-01-04 12:00:00,82.52
85,2025-01-04 13:00:00,82.27
86,2025-01-04 14:00:00,88.22
87,2025-01-04 15:00:00,97.35
88,2025-01-04 16:00:00,119.47
89,2025-01-04 17:00:00,134.63
90,2025-01-04 18:00:00,145.0
91,2025-01-04 19:00:00,139.73
92,2025-01-04 20:00:00,130.49
93,2025-01-04 21:00:00,123.82
94,2025-01-04 22:00:00,119.23
95,2025-01-04 23:00:00,109.9
96,2025-01-05 00:00:00,101.77
97,2025-01-05 01:00:00,70.5
98,2025-01-05 02:00:00,64.81
99,2025-01-05 03:00:00,46.7
100,2025-01-05 04:00:00,43.87
101,2025-01-05 05:00:00,36.61
102,2025-01-05 06:00:00,34.04
103,2025-01-05 07:00:00,44.0
104,2025-01-05 08:00:00,51.27
105,2025-01-05 09:00:00,50.0
106,2025-01-05 10:00:00,49.81
107,2025-01-05 11:00:00,43.05
108,2025-01-05 12:00:00,45.74
109,2025-01-05 13:00:00,35.19
110,2025-01-05 14:00:00,30.0
111,2025-01-05 15:00:00,28.0
112,2025-01-05 16:00:00,35.22
113,2025-01-05 17:00:00,57.72
114,2025-01-05 18:00:00,64.81
115,2025-01-05 19:00:00,64.81
116,2025-01-05 20:00:00,65.2
117,2025-01-05 21:00:00,68.5
118,2025-01-05 22:00:00,60.0
119,2025-01-05 23:00:00,43.01
120,2025-01-06 00:00:00,13.28
121,2025-01-06 01:00:00,8.35
122,2025-01-06 02:00:00,5.23
123,2025-01-06 03:00:00,3.52
124,2025-01-06 04:00:00,3.52
125,2025-01-06 05:00:00,5.61
126,2025-01-06 06:00:00,11.27
127,2025-01-06 07:00:00,37.0
128,2025-01-06 08:00:00,58.15
129,2025-01-06 09:00:00,51.15
130,2025-01-06 10:00:00,69.88
131,2025-01-06 11:00:00,32.83
132,2025-01-06 12:00:00,31.28
133,2025-01-06 13:00:00,22.99
134,2025-01-06 14:00:00,14.0
135,2025-01-06 15:00:00,22.99
136,2025-01-06 16:00:00,38.49
137,2025-01-06 17:00:00,79.9
138,2025-01-06 18:00:00,91.4
139,2025-01-06 19:00:00,110.0
140,2025-01-06 20:00:00,116.2
141,2025-01-06 21:00:00,117.78
142,2025-01-06 22:00:00,105.93
143,2025-01-06 23:00:00,90.0
144,2025-01-07 00:00:00,97.28
145,2025-01-07 01:00:00,72.3
146,2025-01-07 02:00:00,67.41
147,2025-01-07 03:00:00,38.41
148,2025-01-07 04:00:00,19.2
149,2025-01-07 05:00:00,38.7
150,2025-01-07 06:00:00,60.08
151,2025-01-07 07:00:00,97.56
152,2025-01-07 08:00:00,115.0
153,2025-01-07 09:00:00,105.18
154,2025-01-07 10:00:00,93.49
155,2025-01-07 11:00:00,74.93
156,2025-01-07 12:00:00,71.25
157,2025-01-07 13:00:00,71.62
158,2025-01-07 14:00:00,72.57
159,2025-01-07 15:00:00,85.0
160,2025-01-07 16:00:00,100.64
161,2025-01-07 17:00:00,118.34
162,2025-01-07 18:00:00,128.87
163,2025-01-07 19:00:00,125.0
164,2025-01-07 20:00:00,113.97
165,2025-01-07 21:00:00,110.76
166,2025-01-07 22:00:00,98.53
167,2025-01-07 23:00:00,89.27
168,2025-01-08 00:00:00,74.23
169,2025-01-08 01:00:00,69.5
170,2025-01-08 02:00:00,59.97
171,2025-01-08 03:00:00,53.0
172,2025-01-08 04:00:00,59.52
173,2025-01-08 05:00:00,70.2
174,2025-01-08 06:00:00,97.41
175,2025-01-08 07:00:00,124.39
176,2025-01-08 08:00:00,130.49
177,2025-01-08 09:00:00,130.01
178,2025-01-08 10:00:00,108.8
179,2025-01-08 11:00:00,104.46
180,2025-01-08 12:00:00,97.57
181,2025-01-08 13:00:00,90.79
182,2025-01-08 14:00:00,88.81
183,2025-01-08 15:00:00,90.01
184,2025-01-08 16:00:00,105.48
185,2025-01-08 17:00:00,113.75
186,2025-01-08 18:00:00,122.0
187,2025-01-08 19:00:00,131.0
188,2025-01-08 20:00:00,124.81
189,2025-01-08 21:00:00,112.66
190,2025-01-08 22:00:00,111.9
191,2025-01-08 23:00:00,98.77
192,2025-01-09 00:00:00,60.38
193,2025-01-09 01:00:00,49.9
194,2025-01-09 02:00:00,40.52
195,2025-01-09 03:00:00,25.61
196,2025-01-09 04:00:00,13.01
197,2025-01-09 05:00:00,30.29
198,2025-01-09 06:00:00,60.08
199,2025-01-09 07:00:00,90.79
200,2025-01-09 08:00:00,100.99
201,2025-01-09 09:00:00,102.44
202,2025-01-09 10:00:00,97.45
203,2025-01-09 11:00:00,90.41
204,2025-01-09 12:00:00,88.34
205,2025-01-09 13:00:00,79.9
206,2025-01-09 14:00:00,79.05
207,2025-01-09 15:00:00,85.09
208,2025-01-09 16:00:00,109.4
209,2025-01-09 17:00:00,131.62
210,2025-01-09 18:00:00,135.73
211,2025-01-09 19:00:00,135.01
212,2025-01-09 20:00:00,141.27
213,2025-01-09 21:00:00,135.01
214,2025-01-09 22:00:00,114.38
215,2025-01-09 23:00:00,101.0
216,2025-01-10 00:00:00,100.0
217,2025-01-10 01:00:00,81.88
218,2025-01-10 02:00:00,77.0
219,2025-01-10 03:00:00,69.94
220,2025-01-10 04:00:00,70.07
221,2025-01-10 05:00:00,85.06
222,2025-01-10 06:00:00,101.8
223,2025-01-10 07:00:00,126.12
224,2025-01-10 08:00:00,140.33
225,2025-01-10 09:00:00,137.22
226,2025-01-10 10:00:00,123.57
227,2025-01-10 11:00:00,113.59
228,2025-01-10 12:00:00,107.43
229,2025-01-10 13:00:00,105.01
230,2025-01-10 14:00:00,108.18
231,2025-01-10 15:00:00,111.61
232,2025-01-10 16:00:00,118.76
233,2025-01-10 17:00:00,132.58
234,2025-01-10 18:00:00,144.28
235,2025-01-10 19:00:00,141.27
236,2025-01-10 20:00:00,134.83
237,2025-01-10 21:00:00,122.51
238,2025-01-10 22:00:00,119.79
239,2025-01-10 23:00:00,112.0
240,2025-01-11 00:00:00,112.0
241,2025-01-11 01:00:00,100.61
242,2025-01-11 02:00:00,96.32
243,2025-01-11 03:00:00,84.49
244,2025-01-11 04:00:00,79.78
245,2025-01-11 05:00:00,84.1
246,2025-01-11 06:00:00,95.46
247,2025-01-11 07:00:00,84.9
248,2025-01-11 08:00:00,97.0
249,2025-01-11 09:00:00,105.53
250,2025-01-11 10:00:00,109.71
251,2025-01-11 11:00:00,87.14
252,2025-01-11 12:00:00,78.78
253,2025-01-11 13:00:00,70.0
254,2025-01-11 14:00:00,64.75
255,2025-01-11 15:00:00,60.3
256,2025-01-11 16:00:00,78.91
257,2025-01-11 17:00:00,113.3
258,2025-01-11 18:00:00,118.87
259,2025-01-11 19:00:00,123.55
260,2025-01-11 20:00:00,119.95
261,2025-01-11 21:00:00,116.2
262,2025-01-11 22:00:00,113.27
263,2025-01-11 23:00:00,106.1
264,2025-01-12 00:00:00,110.36
265,2025-01-12 01:00:00,97.57
266,2025-01-12 02:00:00,90.0
267,2025-01-12 03:00:00,85.91
268,2025-01-12 04:00:00,85.0
269,2025-01-12 05:00:00,85.2
270,2025-01-12 06:00:00,85.65
271,2025-01-12 07:00:00,79.63
272,2025-01-12 08:00:00,85.2
273,2025-01-12 09:00:00,77.24
274,2025-01-12 10:00:00,40.0
275,2025-01-12 11:00:00,12.17
276,2025-01-12 12:00:00,3.6
277,2025-01-12 13:00:00,6.01
278,2025-01-12 14:00:00,4.31
279,2025-01-12 15:00:00,3.01
280,2025-01-12 16:00:00,10.96
281,2025-01-12 17:00:00,89.07
282,2025-01-12 18:00:00,116.28
283,2025-01-12 19:00:00,126.8
284,2025-01-12 20:00:00,124.0
285,2025-01-12 21:00:00,123.67
286,2025-01-12 22:00:00,116.73
287,2025-01-12 23:00:00,114.9
288,2025-01-13 00:00:00,112.39
289,2025-01-13 01:00:00,105.07
290,2025-01-13 02:00:00,104.46
291,2025-01-13 03:00:00,100.37
292,2025-01-13 04:00:00,100.0
293,2025-01-13 05:00:00,109.13
294,2025-01-13 06:00:00,127.14
295,2025-01-13 07:00:00,141.29
296,2025-01-13 08:00:00,180.0
297,2025-01-13 09:00:00,145.67
298,2025-01-13 10:00:00,128.38
299,2025-01-13 11:00:00,111.92
300,2025-01-13 12:00:00,105.22
301,2025-01-13 13:00:00,100.81
302,2025-01-13 14:00:00,104.91
303,2025-01-13 15:00:00,110.72
304,2025-01-13 16:00:00,126.64
305,2025-01-13 17:00:00,145.37
306,2025-01-13 18:00:00,157.07
307,2025-01-13 19:00:00,158.39
308,2025-01-13 20:00:00,146.39
309,2025-01-13 21:00:00,143.02
310,2025-01-13 22:00:00,135.01
311,2025-01-13 23:00:00,120.1
312,2025-01-14 00:00:00,122.19
313,2025-01-14 01:00:00,117.67
314,2025-01-14 02:00:00,114.53
315,2025-01-14 03:00:00,112.2
316,2025-01-14 04:00:00,112.2
317,2025-01-14 05:00:00,114.34
318,2025-01-14 06:00:00,138.52
319,2025-01-14 07:00:00,156.0
320,2025-01-14 08:00:00,157.41
321,2025-01-14 09:00:00,152.47
322,2025-01-14 10:00:00,133.76
323,2025-01-14 11:00:00,114.53
324,2025-01-14 12:00:00,112.37
325,2025-01-14 13:00:00,111.63
326,2025-01-14 14:00:00,114.53
327,2025-01-14 15:00:00,115.03
328,2025-01-14 16:00:00,132.53
329,2025-01-14 17:00:00,160.87
330,2025-01-14 18:00:00,188.31
331,2025-01-14 19:00:00,189.54
332,2025-01-14 20:00:00,165.57
333,2025-01-14 21:00:00,159.39
334,2025-01-14 22:00:00,148.68
335,2025-01-14 23:00:00,141.98
336,2025-01-15 00:00:00,132.4
337,2025-01-15 01:00:00,122.4
338,2025-01-15 02:00:00,118.6
339,2025-01-15 03:00:00,118.42
340,2025-01-15 04:00:00,118.13
341,2025-01-15 05:00:00,118.13
342,2025-01-15 06:00:00,135.56
343,2025-01-15 07:00:00,167.32
344,2025-01-15 08:00:00,225.0
345,2025-01-15 09:00:00,160.0
346,2025-01-15 10:00:00,138.92
347,2025-01-15 11:00:00,132.7
348,2025-01-15 12:00:00,126.0
349,2025-01-15 13:00:00,122.4
350,2025-01-15 14:00:00,115.58
351,2025-01-15 15:00:00,117.81
352,2025-01-15 16:00:00,135.0
353,2025-01-15 17:00:00,143.2
354,2025-01-15 18:00:00,167.32
355,2025-01-15 19:00:00,178.97
356,2025-01-15 20:00:00,168.78
357,2025-01-15 21:00:00,150.97
358,2025-01-15 22:00:00,138.77
359,2025-01-15 23:00:00,123.9
360,2025-01-16 00:00:00,124.33
361,2025-01-16 01:00:00,118.41
362,2025-01-16 02:00:00,114.0
363,2025-01-16 03:00:00,108.58
364,2025-01-16 04:00:00,108.59
365,2025-01-16 05:00:00,118.1
366,2025-01-16 06:00:00,130.8
367,2025-01-16 07:00:00,148.04
368,2025-01-16 08:00:00,175.72
369,2025-01-16 09:00:00,155.11
370,2025-01-16 10:00:00,129.9
371,2025-01-16 11:00:00,114.0
372,2025-01-16 12:00:00,116.0
373,2025-01-16 13:00:00,120.5
374,2025-01-16 14:00:00,115.14
375,2025-01-16 15:00:00,119.64
376,2025-01-16 16:00:00,120.34
377,2025-01-16 17:00:00,148.04
378,2025-01-16 18:00:00,184.32
379,2025-01-16 19:00:00,179.97
380,2025-01-16 20:00:00,159.6
381,2025-01-16 21:00:00,148.33
382,2025-01-16 22:00:00,136.02
383,2025-01-16 23:00:00,124.44
384,2025-01-17 00:00:00,124.83
385,2025-01-17 01:00:00,121.32
386,2025-01-17 02:00:00,118.2
387,2025-01-17 03:00:00,117.49
388,2025-01-17 04:00:00,117.26
389,2025-01-17 05:00:00,119.99
390,2025-01-17 06:00:00,137.1
391,2025-01-17 07:00:00,150.84
392,2025-01-17 08:00:00,161.32
393,2025-01-17 09:00:00,155.1
394,2025-01-17 10:00:00,129.87
395,2025-01-17 11:00:00,116.44
396,2025-01-17 12:00:00,115.2
397,2025-01-17 13:00:00,108.5
398,2025-01-17 14:00:00,106.5
399,2025-01-17 15:00:00,115.0
400,2025-01-17 16:00:00,118.38
401,2025-01-17 17:00:00,145.12
402,2025-01-17 18:00:00,175.0
403,2025-01-17 19:00:00,174.22
404,2025-01-17 20:00:00,157.91
405,2025-01-17 21:00:00,153.27
406,2025-01-17 22:00:00,153.27
407,2025-01-17 23:00:00,137.34
408,2025-01-18 00:00:00,135.56
409,2025-01-18 01:00:00,130.01
410,2025-01-18 02:00:00,129.73
411,2025-01-18 03:00:00,124.9
412,2025-01-18 04:00:00,117.0
413,2025-01-18 05:00:00,119.78
414,2025-01-18 06:00:00,120.0
415,2025-01-18 07:00:00,133.8
416,2025-01-18 08:00:00,145.69
417,2025-01-18 09:00:00,144.1
418,2025-01-18 10:00:00,131.7
419,2025-01-18 11:00:00,110.2
420,2025-01-18 12:00:00,113.97
421,2025-01-18 13:00:00,114.17
422,2025-01-18 14:00:00,114.17
423,2025-01-18 15:00:00,113.97
424,2025-01-18 16:00:00,120.9
425,2025-01-18 17:00:00,145.65
426,2025-01-18 18:00:00,167.57
427,2025-01-18 19:00:00,167.85
428,2025-01-18 20:00:00,156.12
429,2025-01-18 21:00:00,149.61
430,2025-01-18 22:00:00,147.25
431,2025-01-18 23:00:00,142.19
432,2025-01-19 00:00:00,134.46
433,2025-01-19 01:00:00,125.51
434,2025-01-19 02:00:00,123.17
435,2025-01-19 03:00:00,121.24
436,2025-01-19 04:00:00,120.18
437,2025-01-19 05:00:00,120.0
438,2025-01-19 06:00:00,121.59
439,2025-01-19 07:00:00,123.47
440,2025-01-19 08:00:00,123.61
441,2025-01-19 09:00:00,125.33
442,2025-01-19 10:00:00,103.0
443,2025-01-19 11:00:00,102.35
444,2025-01-19 12:00:00,103.0
445,2025-01-19 13:00:00,105.1
446,2025-01-19 14:00:00,105.5
447,2025-01-19 15:00:00,108.53
448,2025-01-19 16:00:00,115.79
449,2025-01-19 17:00:00,140.0
450,2025-01-19 18:00:00,151.47
451,2025-01-19 19:00:00,157.33
452,2025-01-19 20:00:00,151.47
453,2025-01-19 21:00:00,150.86
454,2025-01-19 22:00:00,138.43
455,2025-01-19 23:00:00,123.12
456,2025-01-20 00:00:00,122.3
457,2025-01-20 01:00:00,119.5
458,2025-01-20 02:00:00,116.57
459,2025-01-20 03:00:00,114.41
460,2025-01-20 04:00:00,115.45
461,2025-01-20 05:00:00,116.1
462,2025-01-20 06:00:00,137.33
463,2025-01-20 07:00:00,151.06
464,2025-01-20 08:00:00,154.06
465,2025-01-20 09:00:00,154.15
466,2025-01-20 10:00:00,153.1
467,2025-01-20 11:00:00,154.73
468,2025-01-20 12:00:00,155.0
469,2025-01-20 13:00:00,155.0
470,2025-01-20 14:00:00,155.01
471,2025-01-20 15:00:00,155.13
472,2025-01-20 16:00:00,153.58
473,2025-01-20 17:00:00,153.34
474,2025-01-20 18:00:00,154.93
475,2025-01-20 19:00:00,159.15
476,2025-01-20 20:00:00,165.6
477,2025-01-20 21:00:00,170.0
478,2025-01-20 22:00:00,153.58
479,2025-01-20 23:00:00,139.0
480,2025-01-21 00:00:00,136.0
481,2025-01-21 01:00:00,130.65
482,2025-01-21 02:00:00,124.35
483,2025-01-21 03:00:00,117.05
484,2025-01-21 04:00:00,115.3
485,2025-01-21 05:00:00,123.83
486,2025-01-21 06:00:00,138.86
487,2025-01-21 07:00:00,146.68
488,2025-01-21 08:00:00,147.29
489,2025-01-21 09:00:00,150.0
490,2025-01-21 10:00:00,147.78
491,2025-01-21 11:00:00,146.69
492,2025-01-21 12:00:00,144.57
493,2025-01-21 13:00:00,140.34
494,2025-01-21 14:00:00,135.25
495,2025-01-21 15:00:00,135.53
496,2025-01-21 16:00:00,145.1
497,2025-01-21 17:00:00,147.29
498,2025-01-21 18:00:00,150.19
499,2025-01-21 19:00:00,154.01
500,2025-01-21 20:00:00,156.15
501,2025-01-21 21:00:00,147.08
502,2025-01-21 22:00:00,137.0
503,2025-01-21 23:00:00,125.75
504,2025-01-22 00:00:00,123.53
505,2025-01-22 01:00:00,116.3
506,2025-01-22 02:00:00,106.78
507,2025-01-22 03:00:00,104.45
508,2025-01-22 04:00:00,103.6
509,2025-01-22 05:00:00,107.0
510,2025-01-22 06:00:00,120.57
511,2025-01-22 07:00:00,140.33
512,2025-01-22 08:00:00,153.0
513,2025-01-22 09:00:00,152.19
514,2025-01-22 10:00:00,144.38
515,2025-01-22 11:00:00,137.0
516,2025-01-22 12:00:00,132.61
517,2025-01-22 13:00:00,127.14
518,2025-01-22 14:00:00,126.99
519,2025-01-22 15:00:00,131.35
520,2025-01-22 16:00:00,139.57
521,2025-01-22 17:00:00,149.03
522,2025-01-22 18:00:00,159.6
523,2025-01-22 19:00:00,167.72
524,2025-01-22 20:00:00,155.82
525,2025-01-22 21:00:00,155.1
526,2025-01-22 22:00:00,145.0
527,2025-01-22 23:00:00,139.87
528,2025-01-23 00:00:00,125.01
529,2025-01-23 01:00:00,120.53
530,2025-01-23 02:00:00,118.7
531,2025-01-23 03:00:00,113.1
532,2025-01-23 04:00:00,112.97
533,2025-01-23 05:00:00,118.08
534,2025-01-23 06:00:00,130.01
535,2025-01-23 07:00:00,142.28
536,2025-01-23 08:00:00,160.34
537,2025-01-23 09:00:00,157.26
538,2025-01-23 10:00:00,147.32
539,2025-01-23 11:00:00,142.28
540,2025-01-23 12:00:00,135.72
541,2025-01-23 13:00:00,125.1
542,2025-01-23 14:00:00,121.2
543,2025-01-23 15:00:00,123.54
544,2025-01-23 16:00:00,135.72
545,2025-01-23 17:00:00,152.4
546,2025-01-23 18:00:00,165.0
547,2025-01-23 19:00:00,196.51
548,2025-01-23 20:00:00,187.92
549,2025-01-23 21:00:00,162.27
550,2025-01-23 22:00:00,150.1
551,2025-01-23 23:00:00,129.9
552,2025-01-24 00:00:00,94.0
553,2025-01-24 01:00:00,88.74
554,2025-01-24 02:00:00,82.03
555,2025-01-24 03:00:00,77.65
556,2025-01-24 04:00:00,77.39
557,2025-01-24 05:00:00,78.2
558,2025-01-24 06:00:00,88.74
559,2025-01-24 07:00:00,105.0
560,2025-01-24 08:00:00,122.0
561,2025-01-24 09:00:00,114.78
562,2025-01-24 10:00:00,94.17
563,2025-01-24 11:00:00,81.93
564,2025-01-24 12:00:00,79.68
565,2025-01-24 13:00:00,77.26
566,2025-01-24 14:00:00,75.07
567,2025-01-24 15:00:00,77.26
568,2025-01-24 16:00:00,77.13
569,2025-01-24 17:00:00,92.7
570,2025-01-24 18:00:00,102.0
571,2025-01-24 19:00:00,111.9
572,2025-01-24 20:00:00,112.45
573,2025-01-24 21:00:00,103.35
574,2025-01-24 22:00:00,97.78
575,2025-01-24 23:00:00,90.7
576,2025-01-25 00:00:00,57.03
577,2025-01-25 01:00:00,35.0
578,2025-01-25 02:00:00,25.2
579,2025-01-25 03:00:00,19.71
580,2025-01-25 04:00:00,16.8
581,2025-01-25 05:00:00,17.72
582,2025-01-25 06:00:00,25.0
583,2025-01-25 07:00:00,49.29
584,2025-01-25 08:00:00,37.7
585,2025-01-25 09:00:00,33.01
586,2025-01-25 10:00:00,24.08
587,2025-01-25 11:00:00,45.08
588,2025-01-25 12:00:00,35.0
589,2025-01-25 13:00:00,19.71
590,2025-01-25 14:00:00,10.94
591,2025-01-25 15:00:00,3.6
592,2025-01-25 16:00:00,20.2
593,2025-01-25 17:00:00,30.0
594,2025-01-25 18:00:00,76.8
595,2025-01-25 19:00:00,91.0
596,2025-01-25 20:00:00,96.37
597,2025-01-25 21:00:00,87.38
598,2025-01-25 22:00:00,86.5
599,2025-01-25 23:00:00,77.35
600,2025-01-26 00:00:00,41.18
601,2025-01-26 01:00:00,35.2
602,2025-01-26 02:00:00,29.7
603,2025-01-26 03:00:00,29.03
604,2025-01-26 04:00:00,26.21
605,2025-01-26 05:00:00,25.95
606,2025-01-26 06:00:00,26.21
607,2025-01-26 07:00:00,29.03
608,2025-01-26 08:00:00,29.54
609,2025-01-26 09:00:00,26.21
610,2025-01-26 10:00:00,25.95
611,2025-01-26 11:00:00,24.99
612,2025-01-26 12:00:00,9.89
613,2025-01-26 13:00:00,7.19
614,2025-01-26 14:00:00,6.99
615,2025-01-26 15:00:00,6.93
616,2025-01-26 16:00:00,13.45
617,2025-01-26 17:00:00,25.2
618,2025-01-26 18:00:00,39.4
619,2025-01-26 19:00:00,44.38
620,2025-01-26 20:00:00,39.06
621,2025-01-26 21:00:00,33.78
622,2025-01-26 22:00:00,32.35
623,2025-01-26 23:00:00,26.32
624,2025-01-27 00:00:00,12.0
625,2025-01-27 01:00:00,3.52
626,2025-01-27 02:00:00,3.52
627,2025-01-27 03:00:00,3.52
628,2025-01-27 04:00:00,0.65
629,2025-01-27 05:00:00,3.52
630,2025-01-27 06:00:00,6.99
631,2025-01-27 07:00:00,30.98
632,2025-01-27 08:00:00,35.55
633,2025-01-27 09:00:00,39.83
634,2025-01-27 10:00:00,35.72
635,2025-01-27 11:00:00,26.23
636,2025-01-27 12:00:00,14.53
637,2025-01-27 13:00:00,4.31
638,2025-01-27 14:00:00,3.6
639,2025-01-27 15:00:00,5.0
640,2025-01-27 16:00:00,14.0
641,2025-01-27 17:00:00,32.0
642,2025-01-27 18:00:00,40.78
643,2025-01-27 19:00:00,53.37
644,2025-01-27 20:00:00,40.9
645,2025-01-27 21:00:00,37.68
646,2025-01-27 22:00:00,32.0
647,2025-01-27 23:00:00,26.23
648,2025-01-28 00:00:00,3.52
649,2025-01-28 01:00:00,2.0
650,2025-01-28 02:00:00,0.65
651,2025-01-28 03:00:00,0.66
652,2025-01-28 04:00:00,0.65
653,2025-01-28 05:00:00,0.65
654,2025-01-28 06:00:00,3.52
655,2025-01-28 07:00:00,14.0
656,2025-01-28 08:00:00,28.68
657,2025-01-28 09:00:00,23.54
658,2025-01-28 10:00:00,3.52
659,2025-01-28 11:00:00,2.0
660,2025-01-28 12:00:00,0.65
661,2025-01-28 13:00:00,0.65
662,2025-01-28 14:00:00,0.65
663,2025-01-28 15:00:00,0.65
664,2025-01-28 16:00:00,3.52
665,2025-01-28 17:00:00,14.0
666,2025-01-28 18:00:00,51.32
667,2025-01-28 19:00:00,69.5
668,2025-01-28 20:00:00,60.0
669,2025-01-28 21:00:00,48.03
670,2025-01-28 22:00:00,34.22
671,2025-01-28 23:00:00,26.28
672,2025-01-29 00:00:00,17.47
673,2025-01-29 01:00:00,7.4
674,2025-01-29 02:00:00,3.52
675,2025-01-29 03:00:00,3.52
676,2025-01-29 04:00:00,3.52
677,2025-01-29 05:00:00,3.52
678,2025-01-29 06:00:00,38.16
679,2025-01-29 07:00:00,67.11
680,2025-01-29 08:00:00,77.51
681,2025-01-29 09:00:00,69.2
682,2025-01-29 10:00:00,45.0
683,2025-01-29 11:00:00,46.02
684,2025-01-29 12:00:00,29.9
685,2025-01-29 13:00:00,10.21
686,2025-01-29 14:00:00,9.23
687,2025-01-29 15:00:00,12.18
688,2025-01-29 16:00:00,36.66
689,2025-01-29 17:00:00,50.1
690,2025-01-29 18:00:00,83.06
691,2025-01-29 19:00:00,119.41
692,2025-01-29 20:00:00,133.85
693,2025-01-29 21:00:00,118.57
694,2025-01-29 22:00:00,94.67
695,2025-01-29 23:00:00,51.08
696,2025-01-30 00:00:00,60.08
697,2025-01-30 01:00:00,45.7
698,2025-01-30 02:00:00,38.34
699,2025-01-30 03:00:00,14.0
700,2025-01-30 04:00:00,7.44
701,2025-01-30 05:00:00,7.4
702,2025-01-30 06:00:00,38.34
703,2025-01-30 07:00:00,60.3
704,2025-01-30 08:00:00,90.35
705,2025-01-30 09:00:00,50.24
706,2025-01-30 10:00:00,5.0
707,2025-01-30 11:00:00,2.4
708,2025-01-30 12:00:00,0.1
709,2025-01-30 13:00:00,0.01
710,2025-01-30 14:00:00,0.0
711,2025-01-30 15:00:00,0.13
712,2025-01-30 16:00:00,3.52
713,2025-01-30 17:00:00,25.17
714,2025-01-30 18:00:00,80.3
715,2025-01-30 19:00:00,91.66
716,2025-01-30 20:00:00,114.0
717,2025-01-30 21:00:00,108.04
718,2025-01-30 22:00:00,96.02
719,2025-01-30 23:00:00,79.0
720,2025-01-31 00:00:00,61.0
721,2025-01-31 01:00:00,70.47
722,2025-01-31 02:00:00,70.21
723,2025-01-31 03:00:00,70.34
724,2025-01-31 04:00:00,70.47
725,2025-01-31 05:00:00,84.0
726,2025-01-31 06:00:00,92.85
727,2025-01-31 07:00:00,118.86
728,2025-01-31 08:00:00,150.0
729,2025-01-31 09:00:00,100.0
730,2025-01-31 10:00:00,70.21
731,2025-01-31 11:00:00,45.3
732,2025-01-31 12:00:00,44.12
733,2025-01-31 13:00:00,44.97
734,2025-01-31 14:00:00,39.0
735,2025-01-31 15:00:00,45.19
736,2025-01-31 16:00:00,65.0
737,2025-01-31 17:00:00,114.89
738,2025-01-31 18:00:00,184.48
739,2025-01-31 19:00:00,178.99
740,2025-01-31 20:00:00,162.66
741,2025-01-31 21:00:00,152.7
742,2025-01-31 22:00:00,145.02
743,2025-01-31 23:00:00,131.29
744,2025-02-01 00:00:00,137.18
745,2025-02-01 01:00:00,129.61
746,2025-02-01 02:00:00,124.38
747,2025-02-01 03:00:00,116.96
748,2025-02-01 04:00:00,104.73
749,2025-02-01 05:00:00,108.17
750,2025-02-01 06:00:00,107.49
751,2025-02-01 07:00:00,100.85
752,2025-02-01 08:00:00,115.28
753,2025-02-01 09:00:00,109.93
754,2025-02-01 10:00:00,65.27
755,2025-02-01 11:00:00,20.1
756,2025-02-01 12:00:00,5.3
757,2025-02-01 13:00:00,5.2
758,2025-02-01 14:00:00,5.06
759,2025-02-01 15:00:00,5.2
760,2025-02-01 16:00:00,41.88
761,2025-02-01 17:00:00,105.0
762,2025-02-01 18:00:00,140.34
763,2025-02-01 19:00:00,162.98
764,2025-02-01 20:00:00,156.6
765,2025-02-01 21:00:00,145.24
766,2025-02-01 22:00:00,141.73
767,2025-02-01 23:00:00,131.74
768,2025-02-02 00:00:00,133.26
769,2025-02-02 01:00:00,126.91
770,2025-02-02 02:00:00,116.91
771,2025-02-02 03:00:00,113.64
772,2025-02-02 04:00:00,108.0
773,2025-02-02 05:00:00,116.91
774,2025-02-02 06:00:00,113.5
775,2025-02-02 07:00:00,120.42
776,2025-02-02 08:00:00,133.56
777,2025-02-02 09:00:00,133.38
778,2025-02-02 10:00:00,121.75
779,2025-02-02 11:00:00,100.08
780,2025-02-02 12:00:00,92.88
781,2025-02-02 13:00:00,95.0
782,2025-02-02 14:00:00,95.0
783,2025-02-02 15:00:00,99.45
784,2025-02-02 16:00:00,101.26
785,2025-02-02 17:00:00,130.78
786,2025-02-02 18:00:00,164.14
787,2025-02-02 19:00:00,173.95
788,2025-02-02 20:00:00,165.5
789,2025-02-02 21:00:00,155.77
790,2025-02-02 22:00:00,148.44
791,2025-02-02 23:00:00,133.24
792,2025-02-03 00:00:00,116.41
793,2025-02-03 01:00:00,102.53
794,2025-02-03 02:00:00,102.19
795,2025-02-03 03:00:00,102.53
796,2025-02-03 04:00:00,102.45
797,2025-02-03 05:00:00,106.87
798,2025-02-03 06:00:00,102.19
799,2025-02-03 07:00:00,133.58
800,2025-02-03 08:00:00,162.4
801,2025-02-03 09:00:00,145.1
802,2025-02-03 10:00:00,111.0
803,2025-02-03 11:00:00,102.6
804,2025-02-03 12:00:00,102.49
805,2025-02-03 13:00:00,102.45
806,2025-02-03 14:00:00,102.45
807,2025-02-03 15:00:00,112.0
808,2025-02-03 16:00:00,123.52
809,2025-02-03 17:00:00,145.05
810,2025-02-03 18:00:00,200.73
811,2025-02-03 19:00:00,201.1
812,2025-02-03 20:00:00,227.51
813,2025-02-03 21:00:00,186.0
814,2025-02-03 22:00:00,150.92
815,2025-02-03 23:00:00,135.81
816,2025-02-04 00:00:00,132.4
817,2025-02-04 01:00:00,125.54
818,2025-02-04 02:00:00,123.18
819,2025-02-04 03:00:00,123.99
820,2025-02-04 04:00:00,123.25
821,2025-02-04 05:00:00,127.63
822,2025-02-04 06:00:00,146.18
823,2025-02-04 07:00:00,187.5
824,2025-02-04 08:00:00,211.99
825,2025-02-04 09:00:00,162.11
826,2025-02-04 10:00:00,133.32
827,2025-02-04 11:00:00,113.99
828,2025-02-04 12:00:00,103.77
829,2025-02-04 13:00:00,102.5
830,2025-02-04 14:00:00,100.39
831,2025-02-04 15:00:00,100.52
832,2025-02-04 16:00:00,106.5
833,2025-02-04 17:00:00,134.32
834,2025-02-04 18:00:00,175.0
835,2025-02-04 19:00:00,216.38
836,2025-02-04 20:00:00,240.0
837,2025-02-04 21:00:00,164.07
838,2025-02-04 22:00:00,146.18
839,2025-02-04 23:00:00,140.56
840,2025-02-05 00:00:00,128.44
841,2025-02-05 01:00:00,119.39
842,2025-02-05 02:00:00,116.59
843,2025-02-05 03:00:00,115.64
844,2025-02-05 04:00:00,117.33
845,2025-02-05 05:00:00,123.05
846,2025-02-05 06:00:00,140.34
847,2025-02-05 07:00:00,168.48
848,2025-02-05 08:00:00,180.81
849,2025-02-05 09:00:00,146.13
850,2025-02-05 10:00:00,100.21
851,2025-02-05 11:00:00,48.0
852,2025-02-05 12:00:00,30.3
853,2025-02-05 13:00:00,35.2
854,2025-02-05 14:00:00,30.0
855,2025-02-05 15:00:00,40.0
856,2025-02-05 16:00:00,69.99
857,2025-02-05 17:00:00,124.71
858,2025-02-05 18:00:00,189.9
859,2025-02-05 19:00:00,189.63
860,2025-02-05 20:00:00,170.0
861,2025-02-05 21:00:00,155.42
862,2025-02-05 22:00:00,143.7
863,2025-02-05 23:00:00,136.95
864,2025-02-06 00:00:00,133.67
865,2025-02-06 01:00:00,131.51
866,2025-02-06 02:00:00,126.48
867,2025-02-06 03:00:00,125.01
868,2025-02-06 04:00:00,125.01
869,2025-02-06 05:00:00,131.33
870,2025-02-06 06:00:00,144.92
871,2025-02-06 07:00:00,180.09
872,2025-02-06 08:00:00,210.56
873,2025-02-06 09:00:00,157.59
874,2025-02-06 10:00:00,115.97
875,2025-02-06 11:00:00,93.49
876,2025-02-06 12:00:00,91.5
877,2025-02-06 13:00:00,89.99
878,2025-02-06 14:00:00,85.3
879,2025-02-06 15:00:00,87.0
880,2025-02-06 16:00:00,108.56
881,2025-02-06 17:00:00,141.02
882,2025-02-06 18:00:00,170.78
883,2025-02-06 19:00:00,191.81
884,2025-02-06 20:00:00,231.0
885,2025-02-06 21:00:00,163.0
886,2025-02-06 22:00:00,149.86
887,2025-02-06 23:00:00,141.02
888,2025-02-07 00:00:00,126.05
889,2025-02-07 01:00:00,112.7
890,2025-02-07 02:00:00,108.82
891,2025-02-07 03:00:00,105.0
892,2025-02-07 04:00:00,105.85
893,2025-02-07 05:00:00,107.23
894,2025-02-07 06:00:00,118.01
895,2025-02-07 07:00:00,132.77
896,2025-02-07 08:00:00,151.34
897,2025-02-07 09:00:00,143.28
898,2025-02-07 10:00:00,107.0
899,2025-02-07 11:00:00,99.0
900,2025-02-07 12:00:00,93.49
901,2025-02-07 13:00:00,90.34
902,2025-02-07 14:00:00,87.89
903,2025-02-07 15:00:00,90.34
904,2025-02-07 16:00:00,91.0
905,2025-02-07 17:00:00,107.94
906,2025-02-07 18:00:00,141.26
907,2025-02-07 19:00:00,150.93
908,2025-02-07 20:00:00,145.36
909,2025-02-07 21:00:00,133.8
910,2025-02-07 22:00:00,133.06
911,2025-02-07 23:00:00,120.55
912,2025-02-08 00:00:00,106.74
913,2025-02-08 01:00:00,97.67
914,2025-02-08 02:00:00,89.5
915,2025-02-08 03:00:00,94.34
916,2025-02-08 04:00:00,89.69
917,2025-02-08 05:00:00,90.99
918,2025-02-08 06:00:00,97.15
919,2025-02-08 07:00:00,115.0
920,2025-02-08 08:00:00,119.08
921,2025-02-08 09:00:00,108.0
922,2025-02-08 10:00:00,82.0
923,2025-02-08 11:00:00,93.49
924,2025-02-08 12:00:00,64.0
925,2025-02-08 13:00:00,55.0
926,2025-02-08 14:00:00,50.0
927,2025-02-08 15:00:00,45.04
928,2025-02-08 16:00:00,68.71
929,2025-02-08 17:00:00,119.0
930,2025-02-08 18:00:00,160.49
931,2025-02-08 19:00:00,166.9
932,2025-02-08 20:00:00,164.04
933,2025-02-08 21:00:00,151.09
934,2025-02-08 22:00:00,149.1
935,2025-02-08 23:00:00,145.31
936,2025-02-09 00:00:00,129.97
937,2025-02-09 01:00:00,110.82
938,2025-02-09 02:00:00,101.86
939,2025-02-09 03:00:00,97.0
940,2025-02-09 04:00:00,90.0
941,2025-02-09 05:00:00,90.2
942,2025-02-09 06:00:00,99.0
943,2025-02-09 07:00:00,110.21
944,2025-02-09 08:00:00,110.47
945,2025-02-09 09:00:00,94.47
946,2025-02-09 10:00:00,74.85
947,2025-02-09 11:00:00,66.7
948,2025-02-09 12:00:00,64.0
949,2025-02-09 13:00:00,70.0
950,2025-02-09 14:00:00,70.0
951,2025-02-09 15:00:00,70.0
952,2025-02-09 16:00:00,94.31
953,2025-02-09 17:00:00,111.14
954,2025-02-09 18:00:00,162.96
955,2025-02-09 19:00:00,169.86
956,2025-02-09 20:00:00,187.99
957,2025-02-09 21:00:00,170.14
958,2025-02-09 22:00:00,150.3
959,2025-02-09 23:00:00,134.04
960,2025-02-10 00:00:00,124.35
961,2025-02-10 01:00:00,125.05
962,2025-02-10 02:00:00,122.01
963,2025-02-10 03:00:00,114.75
964,2025-02-10 04:00:00,114.48
965,2025-02-10 05:00:00,119.98
966,2025-02-10 06:00:00,145.78
967,2025-02-10 07:00:00,160.89
968,2025-02-10 08:00:00,181.36
969,2025-02-10 09:00:00,163.18
970,2025-02-10 10:00:00,146.02
971,2025-02-10 11:00:00,117.44
972,2025-02-10 12:00:00,115.61
973,2025-02-10 13:00:00,116.52
974,2025-02-10 14:00:00,112.5
975,2025-02-10 15:00:00,116.8
976,2025-02-10 16:00:00,116.79
977,2025-02-10 17:00:00,140.83
978,2025-02-10 18:00:00,166.34
979,2025-02-10 19:00:00,183.73
980,2025-02-10 20:00:00,200.0
981,2025-02-10 21:00:00,160.89
982,2025-02-10 22:00:00,151.69
983,2025-02-10 23:00:00,131.51
984,2025-02-11 00:00:00,120.0
985,2025-02-11 01:00:00,120.0
986,2025-02-11 02:00:00,114.65
987,2025-02-11 03:00:00,109.91
988,2025-02-11 04:00:00,106.01
989,2025-02-11 05:00:00,107.0
990,2025-02-11 06:00:00,120.13
991,2025-02-11 07:00:00,133.51
992,2025-02-11 08:00:00,159.06
993,2025-02-11 09:00:00,146.54
994,2025-02-11 10:00:00,120.62
995,2025-02-11 11:00:00,120.62
996,2025-02-11 12:00:00,109.99
997,2025-02-11 13:00:00,107.5
998,2025-02-11 14:00:00,110.0
999,2025-02-11 15:00:00,111.7
1000,2025-02-11 16:00:00,120.62
1001,2025-02-11 17:00:00,146.54
1002,2025-02-11 18:00:00,174.57
1003,2025-02-11 19:00:00,190.0
1004,2025-02-11 20:00:00,194.5
1005,2025-02-11 21:00:00,158.02
1006,2025-02-11 22:00:00,146.38
1007,2025-02-11 23:00:00,130.58
1008,2025-02-12 00:00:00,121.06
1009,2025-02-12 01:00:00,110.0
1010,2025-02-12 02:00:00,105.0
1011,2025-02-12 03:00:00,107.35
1012,2025-02-12 04:00:00,104.5
1013,2025-02-12 05:00:00,108.56
1014,2025-02-12 06:00:00,115.0
1015,2025-02-12 07:00:00,157.55
1016,2025-02-12 08:00:00,180.0
1017,2025-02-12 09:00:00,148.82
1018,2025-02-12 10:00:00,107.35
1019,2025-02-12 11:00:00,82.5
1020,2025-02-12 12:00:00,70.0
1021,2025-02-12 13:00:00,78.0
1022,2025-02-12 14:00:00,63.74
1023,2025-02-12 15:00:00,62.0
1024,2025-02-12 16:00:00,81.5
1025,2025-02-12 17:00:00,104.37
1026,2025-02-12 18:00:00,148.34
1027,2025-02-12 19:00:00,194.44
1028,2025-02-12 20:00:00,177.52
1029,2025-02-12 21:00:00,157.55
1030,2025-02-12 22:00:00,152.08
1031,2025-02-12 23:00:00,139.41
1032,2025-02-13 00:00:00,129.0
1033,2025-02-13 01:00:00,121.06
1034,2025-02-13 02:00:00,126.09
1035,2025-02-13 03:00:00,118.59
1036,2025-02-13 04:00:00,114.3
1037,2025-02-13 05:00:00,105.67
1038,2025-02-13 06:00:00,131.34
1039,2025-02-13 07:00:00,160.05
1040,2025-02-13 08:00:00,195.2
1041,2025-02-13 09:00:00,148.5
1042,2025-02-13 10:00:00,100.0
1043,2025-02-13 11:00:00,92.24
1044,2025-02-13 12:00:00,90.86
1045,2025-02-13 13:00:00,83.5
1046,2025-02-13 14:00:00,80.0
1047,2025-02-13 15:00:00,83.5
1048,2025-02-13 16:00:00,92.5
1049,2025-02-13 17:00:00,127.5
1050,2025-02-13 18:00:00,186.96
1051,2025-02-13 19:00:00,196.52
1052,2025-02-13 20:00:00,200.0
1053,2025-02-13 21:00:00,168.0
1054,2025-02-13 22:00:00,153.12
1055,2025-02-13 23:00:00,139.0
1056,2025-02-14 00:00:00,128.76
1057,2025-02-14 01:00:00,127.0
1058,2025-02-14 02:00:00,117.56
1059,2025-02-14 03:00:00,111.58
1060,2025-02-14 04:00:00,107.0
1061,2025-02-14 05:00:00,117.47
1062,2025-02-14 06:00:00,131.21
1063,2025-02-14 07:00:00,158.73
1064,2025-02-14 08:00:00,189.79
1065,2025-02-14 09:00:00,131.21
1066,2025-02-14 10:00:00,92.9
1067,2025-02-14 11:00:00,70.0
1068,2025-02-14 12:00:00,60.3
1069,2025-02-14 13:00:00,65.0
1070,2025-02-14 14:00:00,55.0
1071,2025-02-14 15:00:00,55.0
1072,2025-02-14 16:00:00,65.0
1073,2025-02-14 17:00:00,114.0
1074,2025-02-14 18:00:00,169.84
1075,2025-02-14 19:00:00,201.66
1076,2025-02-14 20:00:00,183.55
1077,2025-02-14 21:00:00,160.06
1078,2025-02-14 22:00:00,153.0
1079,2025-02-14 23:00:00,140.03
1080,2025-02-15 00:00:00,122.58
1081,2025-02-15 01:00:00,117.99
1082,2025-02-15 02:00:00,105.67
1083,2025-02-15 03:00:00,100.11
1084,2025-02-15 04:00:00,100.11
1085,2025-02-15 05:00:00,100.11
1086,2025-02-15 06:00:00,100.11
1087,2025-02-15 07:00:00,106.64
1088,2025-02-15 08:00:00,104.99
1089,2025-02-15 09:00:00,90.61
1090,2025-02-15 10:00:00,71.0
1091,2025-02-15 11:00:00,55.44
1092,2025-02-15 12:00:00,40.08
1093,2025-02-15 13:00:00,33.0
1094,2025-02-15 14:00:00,25.46
1095,2025-02-15 15:00:00,33.0
1096,2025-02-15 16:00:00,50.24
1097,2025-02-15 17:00:00,75.0
1098,2025-02-15 18:00:00,110.0
1099,2025-02-15 19:00:00,131.51
1100,2025-02-15 20:00:00,131.51
1101,2025-02-15 21:00:00,125.0
1102,2025-02-15 22:00:00,123.06
1103,2025-02-15 23:00:00,117.14
1104,2025-02-16 00:00:00,99.0
1105,2025-02-16 01:00:00,89.76
1106,2025-02-16 02:00:00,91.78
1107,2025-02-16 03:00:00,93.29
1108,2025-02-16 04:00:00,89.5
1109,2025-02-16 05:00:00,90.3
1110,2025-02-16 06:00:00,98.05
1111,2025-02-16 07:00:00,106.64
1112,2025-02-16 08:00:00,105.59
1113,2025-02-16 09:00:00,74.5
1114,2025-02-16 10:00:00,61.4
1115,2025-02-16 11:00:00,50.24
1116,2025-02-16 12:00:00,39.75
1117,2025-02-16 13:00:00,33.9
1118,2025-02-16 14:00:00,20.0
1119,2025-02-16 15:00:00,12.0
1120,2025-02-16 16:00:00,40.3
1121,2025-02-16 17:00:00,74.37
1122,2025-02-16 18:00:00,122.99
1123,2025-02-16 19:00:00,161.56
1124,2025-02-16 20:00:00,154.95
1125,2025-02-16 21:00:00,138.77
1126,2025-02-16 22:00:00,137.12
1127,2025-02-16 23:00:00,131.51
1128,2025-02-17 00:00:00,127.87
1129,2025-02-17 01:00:00,121.06
1130,2025-02-17 02:00:00,120.34
1131,2025-02-17 03:00:00,115.97
1132,2025-02-17 04:00:00,116.23
1133,2025-02-17 05:00:00,121.21
1134,2025-02-17 06:00:00,130.0
1135,2025-02-17 07:00:00,204.74
1136,2025-02-17 08:00:00,209.79
1137,2025-02-17 09:00:00,139.36
1138,2025-02-17 10:00:00,120.58
1139,2025-02-17 11:00:00,117.26
1140,2025-02-17 12:00:00,109.9
1141,2025-02-17 13:00:00,100.0
1142,2025-02-17 14:00:00,98.97
1143,2025-02-17 15:00:00,100.0
1144,2025-02-17 16:00:00,110.97
1145,2025-02-17 17:00:00,130.0
1146,2025-02-17 18:00:00,180.0
1147,2025-02-17 19:00:00,215.52
1148,2025-02-17 20:00:00,200.0
1149,2025-02-17 21:00:00,155.62
1150,2025-02-17 22:00:00,140.0
1151,2025-02-17 23:00:00,130.6
1152,2025-02-18 00:00:00,103.84
1153,2025-02-18 01:00:00,87.5
1154,2025-02-18 02:00:00,75.2
1155,2025-02-18 03:00:00,64.98
1156,2025-02-18 04:00:00,59.4
1157,2025-02-18 05:00:00,60.01
1158,2025-02-18 06:00:00,65.24
1159,2025-02-18 07:00:00,101.0
1160,2025-02-18 08:00:00,109.11
1161,2025-02-18 09:00:00,80.0
1162,2025-02-18 10:00:00,65.37
1163,2025-02-18 11:00:00,49.6
1164,2025-02-18 12:00:00,15.36
1165,2025-02-18 13:00:00,7.03
1166,2025-02-18 14:00:00,9.99
1167,2025-02-18 15:00:00,26.1
1168,2025-02-18 16:00:00,60.01
1169,2025-02-18 17:00:00,80.82
1170,2025-02-18 18:00:00,115.0
1171,2025-02-18 19:00:00,159.88
1172,2025-02-18 20:00:00,144.4
1173,2025-02-18 21:00:00,133.54
1174,2025-02-18 22:00:00,124.02
1175,2025-02-18 23:00:00,116.23
1176,2025-02-19 00:00:00,106.48
1177,2025-02-19 01:00:00,101.18
1178,2025-02-19 02:00:00,101.3
1179,2025-02-19 03:00:00,99.0
1180,2025-02-19 04:00:00,96.06
1181,2025-02-19 05:00:00,101.83
1182,2025-02-19 06:00:00,120.18
1183,2025-02-19 07:00:00,149.5
1184,2025-02-19 08:00:00,167.39
1185,2025-02-19 09:00:00,133.73
1186,2025-02-19 10:00:00,114.37
1187,2025-02-19 11:00:00,105.57
1188,2025-02-19 12:00:00,104.24
1189,2025-02-19 13:00:00,97.23
1190,2025-02-19 14:00:00,90.01
1191,2025-02-19 15:00:00,90.01
1192,2025-02-19 16:00:00,105.0
1193,2025-02-19 17:00:00,121.14
1194,2025-02-19 18:00:00,150.0
1195,2025-02-19 19:00:00,183.5
1196,2025-02-19 20:00:00,203.2
1197,2025-02-19 21:00:00,169.37
1198,2025-02-19 22:00:00,139.21
1199,2025-02-19 23:00:00,115.82
1200,2025-02-20 00:00:00,100.05
1201,2025-02-20 01:00:00,94.5
1202,2025-02-20 02:00:00,94.0
1203,2025-02-20 03:00:00,87.03
1204,2025-02-20 04:00:00,85.89
1205,2025-02-20 05:00:00,87.98
1206,2025-02-20 06:00:00,98.19
1207,2025-02-20 07:00:00,113.87
1208,2025-02-20 08:00:00,131.1
1209,2025-02-20 09:00:00,103.53
1210,2025-02-20 10:00:00,77.0
1211,2025-02-20 11:00:00,53.5
1212,2025-02-20 12:00:00,34.97
1213,2025-02-20 13:00:00,28.3
1214,2025-02-20 14:00:00,20.33
1215,2025-02-20 15:00:00,28.3
1216,2025-02-20 16:00:00,50.0
1217,2025-02-20 17:00:00,78.0
1218,2025-02-20 18:00:00,125.0
1219,2025-02-20 19:00:00,141.5
1220,2025-02-20 20:00:00,150.56
1221,2025-02-20 21:00:00,130.0
1222,2025-02-20 22:00:00,100.05
1223,2025-02-20 23:00:00,88.0
1224,2025-02-21 00:00:00,72.88
1225,2025-02-21 01:00:00,70.0
1226,2025-02-21 02:00:00,52.5
1227,2025-02-21 03:00:00,51.98
1228,2025-02-21 04:00:00,40.7
1229,2025-02-21 05:00:00,38.71
1230,2025-02-21 06:00:00,52.5
1231,2025-02-21 07:00:00,69.96
1232,2025-02-21 08:00:00,72.88
1233,2025-02-21 09:00:00,67.52
1234,2025-02-21 10:00:00,45.2
1235,2025-02-21 11:00:00,13.48
1236,2025-02-21 12:00:00,3.52
1237,2025-02-21 13:00:00,3.52
1238,2025-02-21 14:00:00,3.52
1239,2025-02-21 15:00:00,3.52
1240,2025-02-21 16:00:00,5.0
1241,2025-02-21 17:00:00,42.2
1242,2025-02-21 18:00:00,52.37
1243,2025-02-21 19:00:00,93.83
1244,2025-02-21 20:00:00,84.97
1245,2025-02-21 21:00:00,70.94
1246,2025-02-21 22:00:00,69.96
1247,2025-02-21 23:00:00,70.17
1248,2025-02-22 00:00:00,59.05
1249,2025-02-22 01:00:00,53.92
1250,2025-02-22 02:00:00,52.12
1251,2025-02-22 03:00:00,45.5
1252,2025-02-22 04:00:00,44.72
1253,2025-02-22 05:00:00,55.54
1254,2025-02-22 06:00:00,61.03
1255,2025-02-22 07:00:00,70.83
1256,2025-02-22 08:00:00,73.33
1257,2025-02-22 09:00:00,72.86
1258,2025-02-22 10:00:00,64.48
1259,2025-02-22 11:00:00,63.0
1260,2025-02-22 12:00:00,50.24
1261,2025-02-22 13:00:00,43.2
1262,2025-02-22 14:00:00,39.94
1263,2025-02-22 15:00:00,39.68
1264,2025-02-22 16:00:00,43.2
1265,2025-02-22 17:00:00,72.38
1266,2025-02-22 18:00:00,122.94
1267,2025-02-22 19:00:00,130.72
1268,2025-02-22 20:00:00,121.47
1269,2025-02-22 21:00:00,110.79
1270,2025-02-22 22:00:00,107.11
1271,2025-02-22 23:00:00,102.2
1272,2025-02-23 00:00:00,90.2
1273,2025-02-23 01:00:00,81.0
1274,2025-02-23 02:00:00,80.82
1275,2025-02-23 03:00:00,77.83
1276,2025-02-23 04:00:00,75.54
1277,2025-02-23 05:00:00,76.45
1278,2025-02-23 06:00:00,79.98
1279,2025-02-23 07:00:00,80.1
1280,2025-02-23 08:00:00,76.74
1281,2025-02-23 09:00:00,61.58
1282,2025-02-23 10:00:00,29.5
1283,2025-02-23 11:00:00,15.0
1284,2025-02-23 12:00:00,5.93
1285,2025-02-23 13:00:00,10.95
1286,2025-02-23 14:00:00,10.95
1287,2025-02-23 15:00:00,3.52
1288,2025-02-23 16:00:00,10.96
1289,2025-02-23 17:00:00,50.0
1290,2025-02-23 18:00:00,100.9
1291,2025-02-23 19:00:00,122.94
1292,2025-02-23 20:00:00,134.7
1293,2025-02-23 21:00:00,123.25
1294,2025-02-23 22:00:00,100.9
1295,2025-02-23 23:00:00,79.7
1296,2025-02-24 00:00:00,79.21
1297,2025-02-24 01:00:00,67.94
1298,2025-02-24 02:00:00,56.2
1299,2025-02-24 03:00:00,49.0
1300,2025-02-24 04:00:00,46.25
1301,2025-02-24 05:00:00,56.03
1302,2025-02-24 06:00:00,74.78
1303,2025-02-24 07:00:00,103.33
1304,2025-02-24 08:00:00,116.86
1305,2025-02-24 09:00:00,100.0
1306,2025-02-24 10:00:00,88.64
1307,2025-02-24 11:00:00,74.78
1308,2025-02-24 12:00:00,56.2
1309,2025-02-24 13:00:00,40.56
1310,2025-02-24 14:00:00,32.64
1311,2025-02-24 15:00:00,34.0
1312,2025-02-24 16:00:00,43.76
1313,2025-02-24 17:00:00,67.94
1314,2025-02-24 18:00:00,107.59
1315,2025-02-24 19:00:00,159.17
1316,2025-02-24 20:00:00,134.91
1317,2025-02-24 21:00:00,115.28
1318,2025-02-24 22:00:00,100.54
1319,2025-02-24 23:00:00,79.98
1320,2025-02-25 00:00:00,71.98
1321,2025-02-25 01:00:00,72.11
1322,2025-02-25 02:00:00,71.0
1323,2025-02-25 03:00:00,71.98
1324,2025-02-25 04:00:00,79.98
1325,2025-02-25 05:00:00,89.26
1326,2025-02-25 06:00:00,101.0
1327,2025-02-25 07:00:00,123.75
1328,2025-02-25 08:00:00,136.97
1329,2025-02-25 09:00:00,125.48
1330,2025-02-25 10:00:00,106.0
1331,2025-02-25 11:00:00,88.0
1332,2025-02-25 12:00:00,76.0
1333,2025-02-25 13:00:00,72.24
1334,2025-02-25 14:00:00,60.17
1335,2025-02-25 15:00:00,57.56
1336,2025-02-25 16:00:00,60.0
1337,2025-02-25 17:00:00,79.98
1338,2025-02-25 18:00:00,110.0
1339,2025-02-25 19:00:00,140.99
1340,2025-02-25 20:00:00,137.99
1341,2025-02-25 21:00:00,128.97
1342,2025-02-25 22:00:00,114.28
1343,2025-02-25 23:00:00,100.41
1344,2025-02-26 00:00:00,102.48
1345,2025-02-26 01:00:00,86.87
1346,2025-02-26 02:00:00,92.98
1347,2025-02-26 03:00:00,86.38
1348,2025-02-26 04:00:00,88.59
1349,2025-02-26 05:00:00,97.82
1350,2025-02-26 06:00:00,111.76
1351,2025-02-26 07:00:00,136.2
1352,2025-02-26 08:00:00,139.08
1353,2025-02-26 09:00:00,106.46
1354,2025-02-26 10:00:00,65.0
1355,2025-02-26 11:00:00,70.0
1356,2025-02-26 12:00:00,59.3
1357,2025-02-26 13:00:00,58.0
1358,2025-02-26 14:00:00,54.59
1359,2025-02-26 15:00:00,58.28
1360,2025-02-26 16:00:00,71.98
1361,2025-02-26 17:00:00,97.0
1362,2025-02-26 18:00:00,126.37
1363,2025-02-26 19:00:00,161.95
1364,2025-02-26 20:00:00,225.0
1365,2025-02-26 21:00:00,181.02
1366,2025-02-26 22:00:00,126.16
1367,2025-02-26 23:00:00,125.0
1368,2025-02-27 00:00:00,116.52
1369,2025-02-27 01:00:00,114.51
1370,2025-02-27 02:00:00,106.0
1371,2025-02-27 03:00:00,103.44
1372,2025-02-27 04:00:00,101.0
1373,2025-02-27 05:00:00,104.35
1374,2025-02-27 06:00:00,117.14
1375,2025-02-27 07:00:00,145.0
1376,2025-02-27 08:00:00,168.77
1377,2025-02-27 09:00:00,129.18
1378,2025-02-27 10:00:00,109.49
1379,2025-02-27 11:00:00,100.19
1380,2025-02-27 12:00:00,93.0
1381,2025-02-27 13:00:00,89.0
1382,2025-02-27 14:00:00,86.8
1383,2025-02-27 15:00:00,89.0
1384,2025-02-27 16:00:00,100.0
1385,2025-02-27 17:00:00,113.95
1386,2025-02-27 18:00:00,136.13
1387,2025-02-27 19:00:00,165.0
1388,2025-02-27 20:00:00,219.08
1389,2025-02-27 21:00:00,147.01
1390,2025-02-27 22:00:00,122.31
1391,2025-02-27 23:00:00,113.5
1392,2025-02-28 00:00:00,115.59
1393,2025-02-28 01:00:00,110.54
1394,2025-02-28 02:00:00,109.38
1395,2025-02-28 03:00:00,105.2
1396,2025-02-28 04:00:00,104.49
1397,2025-02-28 05:00:00,104.49
1398,2025-02-28 06:00:00,116.28
1399,2025-02-28 07:00:00,133.87
1400,2025-02-28 08:00:00,142.9
1401,2025-02-28 09:00:00,115.8
1402,2025-02-28 10:00:00,102.48
1403,2025-02-28 11:00:00,93.0
1404,2025-02-28 12:00:00,91.08
1405,2025-02-28 13:00:00,80.13
1406,2025-02-28 14:00:00,85.2
1407,2025-02-28 15:00:00,93.29
1408,2025-02-28 16:00:00,96.74
1409,2025-02-28 17:00:00,115.51
1410,2025-02-28 18:00:00,123.52
1411,2025-02-28 19:00:00,151.96
1412,2025-02-28 20:00:00,134.27
1413,2025-02-28 21:00:00,121.73
1414,2025-02-28 22:00:00,114.72
1415,2025-02-28 23:00:00,106.75
1416,2025-03-01 00:00:00,105.36
1417,2025-03-01 01:00:00,85.2
1418,2025-03-01 02:00:00,82.49
1419,2025-03-01 03:00:00,79.17
1420,2025-03-01 04:00:00,74.21
1421,2025-03-01 05:00:00,70.75
1422,2025-03-01 06:00:00,78.52
1423,2025-03-01 07:00:00,83.5
1424,2025-03-01 08:00:00,82.92
1425,2025-03-01 09:00:00,72.0
1426,2025-03-01 10:00:00,54.63
1427,2025-03-01 11:00:00,45.0
1428,2025-03-01 12:00:00,40.1
1429,2025-03-01 13:00:00,39.68
1430,2025-03-01 14:00:00,35.3
1431,2025-03-01 15:00:00,31.73
1432,2025-03-01 16:00:00,34.75
1433,2025-03-01 17:00:00,39.68
1434,2025-03-01 18:00:00,66.52
1435,2025-03-01 19:00:00,70.8
1436,2025-03-01 20:00:00,80.36
1437,2025-03-01 21:00:00,78.54
1438,2025-03-01 22:00:00,82.49
1439,2025-03-01 23:00:00,66.28
1440,2025-03-02 00:00:00,62.0
1441,2025-03-02 01:00:00,51.58
1442,2025-03-02 02:00:00,50.03
1443,2025-03-02 03:00:00,49.2
1444,2025-03-02 04:00:00,50.68
1445,2025-03-02 05:00:00,51.58
1446,2025-03-02 06:00:00,51.97
1447,2025-03-02 07:00:00,51.9
1448,2025-03-02 08:00:00,51.9
1449,2025-03-02 09:00:00,52.5
1450,2025-03-02 10:00:00,60.5
1451,2025-03-02 11:00:00,49.0
1452,2025-03-02 12:00:00,27.5
1453,2025-03-02 13:00:00,40.0
1454,2025-03-02 14:00:00,42.19
1455,2025-03-02 15:00:00,51.9
1456,2025-03-02 16:00:00,76.04
1457,2025-03-02 17:00:00,82.49
1458,2025-03-02 18:00:00,89.5
1459,2025-03-02 19:00:00,113.95
1460,2025-03-02 20:00:00,124.87
1461,2025-03-02 21:00:00,121.69
1462,2025-03-02 22:00:00,91.5
1463,2025-03-02 23:00:00,79.0
1464,2025-03-03 00:00:00,78.8
1465,2025-03-03 01:00:00,73.0
1466,2025-03-03 02:00:00,68.5
1467,2025-03-03 03:00:00,69.0
1468,2025-03-03 04:00:00,68.57
1469,2025-03-03 05:00:00,78.61
1470,2025-03-03 06:00:00,93.0
1471,2025-03-03 07:00:00,104.58
1472,2025-03-03 08:00:00,115.0
1473,2025-03-03 09:00:00,104.58
1474,2025-03-03 10:00:00,105.63
1475,2025-03-03 11:00:00,103.96
1476,2025-03-03 12:00:00,90.48
1477,2025-03-03 13:00:00,90.24
1478,2025-03-03 14:00:00,66.91
1479,2025-03-03 15:00:00,86.44
1480,2025-03-03 16:00:00,98.5
1481,2025-03-03 17:00:00,100.13
1482,2025-03-03 18:00:00,111.5
1483,2025-03-03 19:00:00,135.0
1484,2025-03-03 20:00:00,149.0
1485,2025-03-03 21:00:00,122.91
1486,2025-03-03 22:00:00,115.0
1487,2025-03-03 23:00:00,98.41
1488,2025-03-04 00:00:00,100.13
1489,2025-03-04 01:00:00,104.0
1490,2025-03-04 02:00:00,101.05
1491,2025-03-04 03:00:00,100.13
1492,2025-03-04 04:00:00,99.0
1493,2025-03-04 05:00:00,102.61
1494,2025-03-04 06:00:00,96.78
1495,2025-03-04 07:00:00,106.6
1496,2025-03-04 08:00:00,109.24
1497,2025-03-04 09:00:00,102.7
1498,2025-03-04 10:00:00,95.5
1499,2025-03-04 11:00:00,77.85
1500,2025-03-04 12:00:00,63.84
1501,2025-03-04 13:00:00,50.24
1502,2025-03-04 14:00:00,55.1
1503,2025-03-04 15:00:00,66.75
1504,2025-03-04 16:00:00,80.0
1505,2025-03-04 17:00:00,101.0
1506,2025-03-04 18:00:00,102.58
1507,2025-03-04 19:00:00,144.28
1508,2025-03-04 20:00:00,132.0
1509,2025-03-04 21:00:00,117.62
1510,2025-03-04 22:00:00,102.97
1511,2025-03-04 23:00:00,102.7
1512,2025-03-05 00:00:00,86.0
1513,2025-03-05 01:00:00,84.0
1514,2025-03-05 02:00:00,83.66
1515,2025-03-05 03:00:00,80.0
1516,2025-03-05 04:00:00,79.19
1517,2025-03-05 05:00:00,76.0
1518,2025-03-05 06:00:00,83.66
1519,2025-03-05 07:00:00,109.14
1520,2025-03-05 08:00:00,99.69
1521,2025-03-05 09:00:00,82.0
1522,2025-03-05 10:00:00,70.2
1523,2025-03-05 11:00:00,50.0
1524,2025-03-05 12:00:00,41.89
1525,2025-03-05 13:00:00,35.19
1526,2025-03-05 14:00:00,35.3
1527,2025-03-05 15:00:00,50.53
1528,2025-03-05 16:00:00,69.37
1529,2025-03-05 17:00:00,80.0
1530,2025-03-05 18:00:00,89.0
1531,2025-03-05 19:00:00,111.31
1532,2025-03-05 20:00:00,112.82
1533,2025-03-05 21:00:00,106.71
1534,2025-03-05 22:00:00,96.96
1535,2025-03-05 23:00:00,80.46
1536,2025-03-06 00:00:00,61.0
1537,2025-03-06 01:00:00,56.0
1538,2025-03-06 02:00:00,62.0
1539,2025-03-06 03:00:00,67.75
1540,2025-03-06 04:00:00,68.9
1541,2025-03-06 05:00:00,70.84
1542,2025-03-06 06:00:00,75.95
1543,2025-03-06 07:00:00,97.49
1544,2025-03-06 08:00:00,101.58
1545,2025-03-06 09:00:00,78.85
1546,2025-03-06 10:00:00,71.0
1547,2025-03-06 11:00:00,70.2
1548,2025-03-06 12:00:00,67.7
1549,2025-03-06 13:00:00,59.99
1550,2025-03-06 14:00:00,54.19
1551,2025-03-06 15:00:00,54.97
1552,2025-03-06 16:00:00,60.01
1553,2025-03-06 17:00:00,76.99
1554,2025-03-06 18:00:00,101.0
1555,2025-03-06 19:00:00,126.02
1556,2025-03-06 20:00:00,117.01
1557,2025-03-06 21:00:00,105.51
1558,2025-03-06 22:00:00,91.96
1559,2025-03-06 23:00:00,76.6
1560,2025-03-07 00:00:00,77.33
1561,2025-03-07 01:00:00,69.99
1562,2025-03-07 02:00:00,63.93
1563,2025-03-07 03:00:00,60.01
1564,2025-03-07 04:00:00,60.2
1565,2025-03-07 05:00:00,64.01
1566,2025-03-07 06:00:00,67.98
1567,2025-03-07 07:00:00,77.1
1568,2025-03-07 08:00:00,77.14
1569,2025-03-07 09:00:00,62.27
1570,2025-03-07 10:00:00,60.32
1571,2025-03-07 11:00:00,35.0
1572,2025-03-07 12:00:00,20.47
1573,2025-03-07 13:00:00,7.82
1574,2025-03-07 14:00:00,23.9
1575,2025-03-07 15:00:00,15.01
1576,2025-03-07 16:00:00,22.34
1577,2025-03-07 17:00:00,29.75
1578,2025-03-07 18:00:00,43.33
1579,2025-03-07 19:00:00,44.1
1580,2025-03-07 20:00:00,52.2
1581,2025-03-07 21:00:00,50.0
1582,2025-03-07 22:00:00,50.0
1583,2025-03-07 23:00:00,43.84
1584,2025-03-08 00:00:00,29.0
1585,2025-03-08 01:00:00,13.2
1586,2025-03-08 02:00:00,13.2
1587,2025-03-08 03:00:00,12.2
1588,2025-03-08 04:00:00,7.19
1589,2025-03-08 05:00:00,5.0
1590,2025-03-08 06:00:00,8.9
1591,2025-03-08 07:00:00,10.96
1592,2025-03-08 08:00:00,5.0
1593,2025-03-08 09:00:00,6.99
1594,2025-03-08 10:00:00,3.52
1595,2025-03-08 11:00:00,3.52
1596,2025-03-08 12:00:00,2.99
1597,2025-03-08 13:00:00,1.0
1598,2025-03-08 14:00:00,0.07
1599,2025-03-08 15:00:00,0.02
1600,2025-03-08 16:00:00,0.65
1601,2025-03-08 17:00:00,3.52
1602,2025-03-08 18:00:00,35.0
1603,2025-03-08 19:00:00,43.38
1604,2025-03-08 20:00:00,41.23
1605,2025-03-08 21:00:00,40.65
1606,2025-03-08 22:00:00,40.0
1607,2025-03-08 23:00:00,38.1
1608,2025-03-09 00:00:00,35.4
1609,2025-03-09 01:00:00,35.01
1610,2025-03-09 02:00:00,35.01
1611,2025-03-09 03:00:00,33.29
1612,2025-03-09 04:00:00,29.97
1613,2025-03-09 05:00:00,31.4
1614,2025-03-09 06:00:00,31.81
1615,2025-03-09 07:00:00,35.0
1616,2025-03-09 08:00:00,35.0
1617,2025-03-09 09:00:00,29.27
1618,2025-03-09 10:00:00,10.1
1619,2025-03-09 11:00:00,9.13
1620,2025-03-09 12:00:00,13.2
1621,2025-03-09 13:00:00,7.1
1622,2025-03-09 14:00:00,3.52
1623,2025-03-09 15:00:00,17.39
1624,2025-03-09 16:00:00,35.01
1625,2025-03-09 17:00:00,47.68
1626,2025-03-09 18:00:00,89.02
1627,2025-03-09 19:00:00,124.5
1628,2025-03-09 20:00:00,127.6
1629,2025-03-09 21:00:00,115.66
1630,2025-03-09 22:00:00,97.04
1631,2025-03-09 23:00:00,88.06
1632,2025-03-10 00:00:00,85.51
1633,2025-03-10 01:00:00,78.03
1634,2025-03-10 02:00:00,73.01
1635,2025-03-10 03:00:00,71.31
1636,2025-03-10 04:00:00,66.7
1637,2025-03-10 05:00:00,73.43
1638,2025-03-10 06:00:00,75.51
1639,2025-03-10 07:00:00,78.03
1640,2025-03-10 08:00:00,84.38
1641,2025-03-10 09:00:00,93.03
1642,2025-03-10 10:00:00,82.99
1643,2025-03-10 11:00:00,78.0
1644,2025-03-10 12:00:00,76.02
1645,2025-03-10 13:00:00,77.32
1646,2025-03-10 14:00:00,75.51
1647,2025-03-10 15:00:00,69.11
1648,2025-03-10 16:00:00,77.86
1649,2025-03-10 17:00:00,95.92
1650,2025-03-10 18:00:00,117.84
1651,2025-03-10 19:00:00,152.05
1652,2025-03-10 20:00:00,131.6
1653,2025-03-10 21:00:00,110.0
1654,2025-03-10 22:00:00,100.0
1655,2025-03-10 23:00:00,92.0
1656,2025-03-11 00:00:00,91.0
1657,2025-03-11 01:00:00,87.45
1658,2025-03-11 02:00:00,84.47
1659,2025-03-11 03:00:00,82.36
1660,2025-03-11 04:00:00,82.36
1661,2025-03-11 05:00:00,91.92
1662,2025-03-11 06:00:00,92.8
1663,2025-03-11 07:00:00,114.57
1664,2025-03-11 08:00:00,126.96
1665,2025-03-11 09:00:00,100.93
1666,2025-03-11 10:00:00,92.22
1667,2025-03-11 11:00:00,80.0
1668,2025-03-11 12:00:00,82.92
1669,2025-03-11 13:00:00,77.87
1670,2025-03-11 14:00:00,75.0
1671,2025-03-11 15:00:00,69.1
1672,2025-03-11 16:00:00,69.1
1673,2025-03-11 17:00:00,82.5
1674,2025-03-11 18:00:00,114.5
1675,2025-03-11 19:00:00,157.5
1676,2025-03-11 20:00:00,137.84
1677,2025-03-11 21:00:00,119.33
1678,2025-03-11 22:00:00,108.78
1679,2025-03-11 23:00:00,105.16
1680,2025-03-12 00:00:00,84.99
1681,2025-03-12 01:00:00,71.97
1682,2025-03-12 02:00:00,69.1
1683,2025-03-12 03:00:00,71.58
1684,2025-03-12 04:00:00,71.14
1685,2025-03-12 05:00:00,70.01
1686,2025-03-12 06:00:00,78.5
1687,2025-03-12 07:00:00,103.08
1688,2025-03-12 08:00:00,104.44
1689,2025-03-12 09:00:00,85.0
1690,2025-03-12 10:00:00,75.85
1691,2025-03-12 11:00:00,71.97
1692,2025-03-12 12:00:00,70.39
1693,2025-03-12 13:00:00,70.01
1694,2025-03-12 14:00:00,70.01
1695,2025-03-12 15:00:00,71.83
1696,2025-03-12 16:00:00,75.01
1697,2025-03-12 17:00:00,103.08
1698,2025-03-12 18:00:00,130.41
1699,2025-03-12 19:00:00,176.69
1700,2025-03-12 20:00:00,146.37
1701,2025-03-12 21:00:00,132.2
1702,2025-03-12 22:00:00,120.0
1703,2025-03-12 23:00:00,109.91
1704,2025-03-13 00:00:00,108.58
1705,2025-03-13 01:00:00,103.46
1706,2025-03-13 02:00:00,101.25
1707,2025-03-13 03:00:00,95.12
1708,2025-03-13 04:00:00,90.8
1709,2025-03-13 05:00:00,99.0
1710,2025-03-13 06:00:00,110.01
1711,2025-03-13 07:00:00,152.28
1712,2025-03-13 08:00:00,156.41
1713,2025-03-13 09:00:00,140.0
1714,2025-03-13 10:00:00,117.56
1715,2025-03-13 11:00:00,110.54
1716,2025-03-13 12:00:00,102.75
1717,2025-03-13 13:00:00,95.12
1718,2025-03-13 14:00:00,92.38
1719,2025-03-13 15:00:00,92.47
1720,2025-03-13 16:00:00,92.38
1721,2025-03-13 17:00:00,92.47
1722,2025-03-13 18:00:00,107.1
1723,2025-03-13 19:00:00,160.86
1724,2025-03-13 20:00:00,149.0
1725,2025-03-13 21:00:00,126.51
1726,2025-03-13 22:00:00,103.5
1727,2025-03-13 23:00:00,81.9
1728,2025-03-14 00:00:00,49.75
1729,2025-03-14 01:00:00,39.0
1730,2025-03-14 02:00:00,35.1
1731,2025-03-14 03:00:00,35.01
1732,2025-03-14 04:00:00,37.0
1733,2025-03-14 05:00:00,42.28
1734,2025-03-14 06:00:00,62.84
1735,2025-03-14 07:00:00,95.8
1736,2025-03-14 08:00:00,96.3
1737,2025-03-14 09:00:00,63.1
1738,2025-03-14 10:00:00,38.0
1739,2025-03-14 11:00:00,25.0
1740,2025-03-14 12:00:00,24.7
1741,2025-03-14 13:00:00,18.82
1742,2025-03-14 14:00:00,5.76
1743,2025-03-14 15:00:00,5.0
1744,2025-03-14 16:00:00,14.0
1745,2025-03-14 17:00:00,37.0
1746,2025-03-14 18:00:00,83.35
1747,2025-03-14 19:00:00,134.5
1748,2025-03-14 20:00:00,130.01
1749,2025-03-14 21:00:00,111.39
1750,2025-03-14 22:00:00,104.14
1751,2025-03-14 23:00:00,96.54
1752,2025-03-15 00:00:00,82.26
1753,2025-03-15 01:00:00,66.79
1754,2025-03-15 02:00:00,59.43
1755,2025-03-15 03:00:00,49.71
1756,2025-03-15 04:00:00,44.72
1757,2025-03-15 05:00:00,44.72
1758,2025-03-15 06:00:00,49.58
1759,2025-03-15 07:00:00,59.68
1760,2025-03-15 08:00:00,34.22
1761,2025-03-15 09:00:00,3.52
1762,2025-03-15 10:00:00,0.0
1763,2025-03-15 11:00:00,0.0
1764,2025-03-15 12:00:00,0.0
1765,2025-03-15 13:00:00,0.01
1766,2025-03-15 14:00:00,0.0
1767,2025-03-15 15:00:00,0.02
1768,2025-03-15 16:00:00,1.0
1769,2025-03-15 17:00:00,29.52
1770,2025-03-15 18:00:00,85.0
1771,2025-03-15 19:00:00,132.96
1772,2025-03-15 20:00:00,121.46
1773,2025-03-15 21:00:00,108.5
1774,2025-03-15 22:00:00,105.02
1775,2025-03-15 23:00:00,95.25
1776,2025-03-16 00:00:00,82.93
1777,2025-03-16 01:00:00,70.0
1778,2025-03-16 02:00:00,65.0
1779,2025-03-16 03:00:00,65.0
1780,2025-03-16 04:00:00,63.02
1781,2025-03-16 05:00:00,65.0
1782,2025-03-16 06:00:00,65.0
1783,2025-03-16 07:00:00,67.8
1784,2025-03-16 08:00:00,60.35
1785,2025-03-16 09:00:00,40.5
1786,2025-03-16 10:00:00,25.3
1787,2025-03-16 11:00:00,11.06
1788,2025-03-16 12:00:00,10.52
1789,2025-03-16 13:00:00,11.37
1790,2025-03-16 14:00:00,9.94
1791,2025-03-16 15:00:00,6.99
1792,2025-03-16 16:00:00,25.3
1793,2025-03-16 17:00:00,46.0
1794,2025-03-16 18:00:00,82.93
1795,2025-03-16 19:00:00,140.0
1796,2025-03-16 20:00:00,130.43
1797,2025-03-16 21:00:00,113.31
1798,2025-03-16 22:00:00,107.05
1799,2025-03-16 23:00:00,89.0
1800,2025-03-17 00:00:00,83.55
1801,2025-03-17 01:00:00,71.26
1802,2025-03-17 02:00:00,74.66
1803,2025-03-17 03:00:00,71.26
1804,2025-03-17 04:00:00,71.26
1805,2025-03-17 05:00:00,69.6
1806,2025-03-17 06:00:00,74.66
1807,2025-03-17 07:00:00,75.85
1808,2025-03-17 08:00:00,92.16
1809,2025-03-17 09:00:00,99.0
1810,2025-03-17 10:00:00,81.1
1811,2025-03-17 11:00:00,70.07
1812,2025-03-17 12:00:00,58.9
1813,2025-03-17 13:00:00,50.24
1814,2025-03-17 14:00:00,50.24
1815,2025-03-17 15:00:00,60.34
1816,2025-03-17 16:00:00,68.1
1817,2025-03-17 17:00:00,80.67
1818,2025-03-17 18:00:00,111.93
1819,2025-03-17 19:00:00,170.0
1820,2025-03-17 20:00:00,141.5
1821,2025-03-17 21:00:00,110.96
1822,2025-03-17 22:00:00,104.18
1823,2025-03-17 23:00:00,75.85
1824,2025-03-18 00:00:00,70.79
1825,2025-03-18 01:00:00,40.3
1826,2025-03-18 02:00:00,37.84
1827,2025-03-18 03:00:00,40.0
1828,2025-03-18 04:00:00,39.8
1829,2025-03-18 05:00:00,38.31
1830,2025-03-18 06:00:00,54.23
1831,2025-03-18 07:00:00,78.87
1832,2025-03-18 08:00:00,94.14
1833,2025-03-18 09:00:00,72.65
1834,2025-03-18 10:00:00,37.84
1835,2025-03-18 11:00:00,12.84
1836,2025-03-18 12:00:00,20.2
1837,2025-03-18 13:00:00,5.19
1838,2025-03-18 14:00:00,6.03
1839,2025-03-18 15:00:00,24.59
1840,2025-03-18 16:00:00,33.0
1841,2025-03-18 17:00:00,41.89
1842,2025-03-18 18:00:00,72.0
1843,2025-03-18 19:00:00,150.79
1844,2025-03-18 20:00:00,136.97
1845,2025-03-18 21:00:00,105.69
1846,2025-03-18 22:00:00,90.95
1847,2025-03-18 23:00:00,79.43
1848,2025-03-19 00:00:00,46.68
1849,2025-03-19 01:00:00,44.02
1850,2025-03-19 02:00:00,39.92
1851,2025-03-19 03:00:00,35.01
1852,2025-03-19 04:00:00,35.01
1853,2025-03-19 05:00:00,35.0
1854,2025-03-19 06:00:00,20.68
1855,2025-03-19 07:00:00,29.42
1856,2025-03-19 08:00:00,31.29
1857,2025-03-19 09:00:00,20.19
1858,2025-03-19 10:00:00,6.0
1859,2025-03-19 11:00:00,0.22
1860,2025-03-19 12:00:00,0.0
1861,2025-03-19 13:00:00,0.0
1862,2025-03-19 14:00:00,0.0
1863,2025-03-19 15:00:00,0.0
1864,2025-03-19 16:00:00,0.1
1865,2025-03-19 17:00:00,3.6
1866,2025-03-19 18:00:00,31.1
1867,2025-03-19 19:00:00,36.68
1868,2025-03-19 20:00:00,52.96
1869,2025-03-19 21:00:00,38.26
1870,2025-03-19 22:00:00,30.34
1871,2025-03-19 23:00:00,16.09
1872,2025-03-20 00:00:00,7.89
1873,2025-03-20 01:00:00,6.0
1874,2025-03-20 02:00:00,3.52
1875,2025-03-20 03:00:00,3.52
1876,2025-03-20 04:00:00,3.52
1877,2025-03-20 05:00:00,3.52
1878,2025-03-20 06:00:00,6.0
1879,2025-03-20 07:00:00,9.7
1880,2025-03-20 08:00:00,14.0
1881,2025-03-20 09:00:00,5.0
1882,2025-03-20 10:00:00,3.52
1883,2025-03-20 11:00:00,3.42
1884,2025-03-20 12:00:00,0.43
1885,2025-03-20 13:00:00,0.65
1886,2025-03-20 14:00:00,3.52
1887,2025-03-20 15:00:00,6.09
1888,2025-03-20 16:00:00,15.47
1889,2025-03-20 17:00:00,35.0
1890,2025-03-20 18:00:00,62.96
1891,2025-03-20 19:00:00,101.6
1892,2025-03-20 20:00:00,93.74
1893,2025-03-20 21:00:00,63.99
1894,2025-03-20 22:00:00,50.21
1895,2025-03-20 23:00:00,41.34
1896,2025-03-21 00:00:00,16.74
1897,2025-03-21 01:00:00,9.2
1898,2025-03-21 02:00:00,5.7
1899,2025-03-21 03:00:00,4.2
1900,2025-03-21 04:00:00,3.52
1901,2025-03-21 05:00:00,4.2
1902,2025-03-21 06:00:00,8.85
1903,2025-03-21 07:00:00,15.46
1904,2025-03-21 08:00:00,10.6
1905,2025-03-21 09:00:00,3.52
1906,2025-03-21 10:00:00,3.52
1907,2025-03-21 11:00:00,0.74
1908,2025-03-21 12:00:00,0.65
1909,2025-03-21 13:00:00,0.18
1910,2025-03-21 14:00:00,0.18
1911,2025-03-21 15:00:00,0.65
1912,2025-03-21 16:00:00,1.1
1913,2025-03-21 17:00:00,3.52
1914,2025-03-21 18:00:00,9.5
1915,2025-03-21 19:00:00,35.0
1916,2025-03-21 20:00:00,40.0
1917,2025-03-21 21:00:00,35.01
1918,2025-03-21 22:00:00,29.42
1919,2025-03-21 23:00:00,15.0
1920,2025-03-22 00:00:00,3.52
1921,2025-03-22 01:00:00,3.52
1922,2025-03-22 02:00:00,1.0
1923,2025-03-22 03:00:00,0.5
1924,2025-03-22 04:00:00,0.5
1925,2025-03-22 05:00:00,1.0
1926,2025-03-22 06:00:00,0.65
1927,2025-03-22 07:00:00,0.5
1928,2025-03-22 08:00:00,0.1
1929,2025-03-22 09:00:00,0.0
1930,2025-03-22 10:00:00,0.0
1931,2025-03-22 11:00:00,0.0
1932,2025-03-22 12:00:00,0.0
1933,2025-03-22 13:00:00,0.0
1934,2025-03-22 14:00:00,0.0
1935,2025-03-22 15:00:00,-0.01
1936,2025-03-22 16:00:00,0.0
1937,2025-03-22 17:00:00,0.65
1938,2025-03-22 18:00:00,10.5
1939,2025-03-22 19:00:00,40.0
1940,2025-03-22 20:00:00,76.01
1941,2025-03-22 21:00:00,52.05
1942,2025-03-22 22:00:00,43.9
1943,2025-03-22 23:00:00,35.01
1944,2025-03-23 00:00:00,35.01
1945,2025-03-23 01:00:00,33.55
1946,2025-03-23 02:00:00,19.97
1947,2025-03-23 03:00:00,10.1
1948,2025-03-23 04:00:00,8.5
1949,2025-03-23 05:00:00,8.74
1950,2025-03-23 06:00:00,10.1
1951,2025-03-23 07:00:00,15.0
1952,2025-03-23 08:00:00,7.4
1953,2025-03-23 09:00:00,3.52
1954,2025-03-23 10:00:00,0.65
1955,2025-03-23 11:00:00,0.54
1956,2025-03-23 12:00:00,0.1
1957,2025-03-23 13:00:00,0.5
1958,2025-03-23 14:00:00,0.06
1959,2025-03-23 15:00:00,0.0
1960,2025-03-23 16:00:00,0.02
1961,2025-03-23 17:00:00,3.52
1962,2025-03-23 18:00:00,35.01
1963,2025-03-23 19:00:00,89.73
1964,2025-03-23 20:00:00,125.92
1965,2025-03-23 21:00:00,111.0
1966,2025-03-23 22:00:00,98.84
1967,2025-03-23 23:00:00,63.11
1968,2025-03-24 00:00:00,40.03
1969,2025-03-24 01:00:00,28.0
1970,2025-03-24 02:00:00,24.0
1971,2025-03-24 03:00:00,21.96
1972,2025-03-24 04:00:00,21.87
1973,2025-03-24 05:00:00,25.0
1974,2025-03-24 06:00:00,40.38
1975,2025-03-24 07:00:00,61.51
1976,2025-03-24 08:00:00,37.93
1977,2025-03-24 09:00:00,20.19
1978,2025-03-24 10:00:00,3.52
1979,2025-03-24 11:00:00,0.65
1980,2025-03-24 12:00:00,0.65
1981,2025-03-24 13:00:00,2.0
1982,2025-03-24 14:00:00,3.52
1983,2025-03-24 15:00:00,3.52
1984,2025-03-24 16:00:00,7.4
1985,2025-03-24 17:00:00,23.79
1986,2025-03-24 18:00:00,59.99
1987,2025-03-24 19:00:00,179.1
1988,2025-03-24 20:00:00,158.3
1989,2025-03-24 21:00:00,120.96
1990,2025-03-24 22:00:00,107.92
1991,2025-03-24 23:00:00,74.73
1992,2025-03-25 00:00:00,40.51
1993,2025-03-25 01:00:00,20.26
1994,2025-03-25 02:00:00,13.13
1995,2025-03-25 03:00:00,12.2
1996,2025-03-25 04:00:00,12.73
1997,2025-03-25 05:00:00,17.87
1998,2025-03-25 06:00:00,32.38
1999,2025-03-25 07:00:00,90.99
2000,2025-03-25 08:00:00,37.93
2001,2025-03-25 09:00:00,4.96
2002,2025-03-25 10:00:00,1.43
2003,2025-03-25 11:00:00,0.0
2004,2025-03-25 12:00:00,0.01
2005,2025-03-25 13:00:00,0.1
2006,2025-03-25 14:00:00,0.42
2007,2025-03-25 15:00:00,1.03
2008,2025-03-25 16:00:00,3.6
2009,2025-03-25 17:00:00,12.2
2010,2025-03-25 18:00:00,65.0
2011,2025-03-25 19:00:00,160.86
2012,2025-03-25 20:00:00,158.84
2013,2025-03-25 21:00:00,128.4
2014,2025-03-25 22:00:00,104.25
2015,2025-03-25 23:00:00,99.0
2016,2025-03-26 00:00:00,47.39
2017,2025-03-26 01:00:00,30.0
2018,2025-03-26 02:00:00,15.85
2019,2025-03-26 03:00:00,15.8
2020,2025-03-26 04:00:00,20.08
2021,2025-03-26 05:00:00,28.6
2022,2025-03-26 06:00:00,60.0
2023,2025-03-26 07:00:00,95.79
2024,2025-03-26 08:00:00,21.7
2025,2025-03-26 09:00:00,0.2
2026,2025-03-26 10:00:00,0.0
2027,2025-03-26 11:00:00,0.02
2028,2025-03-26 12:00:00,0.01
2029,2025-03-26 13:00:00,0.0
2030,2025-03-26 14:00:00,0.0
2031,2025-03-26 15:00:00,0.0
2032,2025-03-26 16:00:00,0.0
2033,2025-03-26 17:00:00,0.02
2034,2025-03-26 18:00:00,27.0
2035,2025-03-26 19:00:00,125.22
2036,2025-03-26 20:00:00,126.66
2037,2025-03-26 21:00:00,104.94
2038,2025-03-26 22:00:00,97.33
2039,2025-03-26 23:00:00,54.68
2040,2025-03-27 00:00:00,93.52
2041,2025-03-27 01:00:00,63.09
2042,2025-03-27 02:00:00,60.0
2043,2025-03-27 03:00:00,52.98
2044,2025-03-27 04:00:00,52.98
2045,2025-03-27 05:00:00,63.09
2046,2025-03-27 06:00:00,85.92
2047,2025-03-27 07:00:00,125.03
2048,2025-03-27 08:00:00,59.0
2049,2025-03-27 09:00:00,3.52
2050,2025-03-27 10:00:00,0.1
2051,2025-03-27 11:00:00,0.1
2052,2025-03-27 12:00:00,0.1
2053,2025-03-27 13:00:00,0.0
2054,2025-03-27 14:00:00,0.0
2055,2025-03-27 15:00:00,0.0
2056,2025-03-27 16:00:00,0.0
2057,2025-03-27 17:00:00,0.65
2058,2025-03-27 18:00:00,47.81
2059,2025-03-27 19:00:00,150.0
2060,2025-03-27 20:00:00,135.57
2061,2025-03-27 21:00:00,117.75
2062,2025-03-27 22:00:00,106.1
2063,2025-03-27 23:00:00,93.2
2064,2025-03-28 00:00:00,51.4
2065,2025-03-28 01:00:00,37.0
2066,2025-03-28 02:00:00,21.61
2067,2025-03-28 03:00:00,20.8
2068,2025-03-28 04:00:00,20.8
2069,2025-03-28 05:00:00,29.5
2070,2025-03-28 06:00:00,51.4
2071,2025-03-28 07:00:00,86.9
2072,2025-03-28 08:00:00,20.08
2073,2025-03-28 09:00:00,0.02
2074,2025-03-28 10:00:00,0.0
2075,2025-03-28 11:00:00,0.0
2076,2025-03-28 12:00:00,0.0
2077,2025-03-28 13:00:00,-0.02
2078,2025-03-28 14:00:00,-0.1
2079,2025-03-28 15:00:00,-0.02
2080,2025-03-28 16:00:00,-0.02
2081,2025-03-28 17:00:00,0.0
2082,2025-03-28 18:00:00,3.52
2083,2025-03-28 19:00:00,62.0
2084,2025-03-28 20:00:00,85.36
2085,2025-03-28 21:00:00,63.53
2086,2025-03-28 22:00:00,50.0
2087,2025-03-28 23:00:00,20.8
2088,2025-03-29 00:00:00,13.29
2089,2025-03-29 01:00:00,10.63
2090,2025-03-29 02:00:00,7.0
2091,2025-03-29 03:00:00,5.0
2092,2025-03-29 04:00:00,4.96
2093,2025-03-29 05:00:00,4.96
2094,2025-03-29 06:00:00,5.0
2095,2025-03-29 07:00:00,3.52
2096,2025-03-29 08:00:00,0.0
2097,2025-03-29 09:00:00,-1.01
2098,2025-03-29 10:00:00,0.87
2099,2025-03-29 11:00:00,1.1
2100,2025-03-29 12:00:00,0.87
2101,2025-03-29 13:00:00,0.5
2102,2025-03-29 14:00:00,0.1
2103,2025-03-29 15:00:00,0.1
2104,2025-03-29 16:00:00,0.1
2105,2025-03-29 17:00:00,0.02
2106,2025-03-29 18:00:00,0.0
2107,2025-03-29 19:00:00,11.13
2108,2025-03-29 20:00:00,20.16
2109,2025-03-29 21:00:00,18.58
2110,2025-03-29 22:00:00,11.13
2111,2025-03-29 23:00:00,6.0
2112,2025-03-30 00:00:00,3.6
2113,2025-03-30 01:00:00,3.2
2114,2025-03-30 02:00:00,0.65
2115,2025-03-30 03:00:00,0.1
2116,2025-03-30 04:00:00,0.09
2117,2025-03-30 05:00:00,0.17
2118,2025-03-30 06:00:00,0.13
2119,2025-03-30 07:00:00,0.0
2120,2025-03-30 08:00:00,-1.53
2121,2025-03-30 09:00:00,-2.31
2122,2025-03-30 10:00:00,-3.8
2123,2025-03-30 11:00:00,-4.0
2124,2025-03-30 12:00:00,-3.43
2125,2025-03-30 13:00:00,-3.43
2126,2025-03-30 14:00:00,-2.03
2127,2025-03-30 15:00:00,-2.0
2128,2025-03-30 16:00:00,-1.51
2129,2025-03-30 17:00:00,-1.51
2130,2025-03-30 18:00:00,0.02
2131,2025-03-30 19:00:00,25.46
2132,2025-03-30 20:00:00,35.01
2133,2025-03-30 21:00:00,25.63
2134,2025-03-30 22:00:00,10.63
2135,2025-03-30 23:00:00,10.63
2136,2025-03-31 00:00:00,0.65
2137,2025-03-31 01:00:00,2.0
2138,2025-03-31 02:00:00,3.0
2139,2025-03-31 03:00:00,0.65
2140,2025-03-31 04:00:00,0.65
2141,2025-03-31 05:00:00,1.0
2142,2025-03-31 06:00:00,7.44
2143,2025-03-31 07:00:00,20.0
2144,2025-03-31 08:00:00,40.16
2145,2025-03-31 09:00:00,0.15
2146,2025-03-31 10:00:00,-0.01
2147,2025-03-31 11:00:00,-0.1
2148,2025-03-31 12:00:00,-0.1
2149,2025-03-31 13:00:00,-0.1
2150,2025-03-31 14:00:00,-0.02
2151,2025-03-31 15:00:00,0.0
2152,2025-03-31 16:00:00,0.02
2153,2025-03-31 17:00:00,0.12
2154,2025-03-31 18:00:00,0.2
2155,2025-03-31 19:00:00,55.0
2156,2025-03-31 20:00:00,146.79
2157,2025-03-31 21:00:00,197.25
2158,2025-03-31 22:00:00,119.85
2159,2025-03-31 23:00:00,95.01
2160,2025-04-01 00:00:00,90.0
2161,2025-04-01 01:00:00,75.78
2162,2025-04-01 02:00:00,70.03
2163,2025-04-01 03:00:00,60.48
2164,2025-04-01 04:00:00,61.59
2165,2025-04-01 05:00:00,68.2
2166,2025-04-01 06:00:00,84.2
2167,2025-04-01 07:00:00,155.5
2168,2025-04-01 08:00:00,159.37
2169,2025-04-01 09:00:00,87.97
2170,2025-04-01 10:00:00,38.1
2171,2025-04-01 11:00:00,12.0
2172,2025-04-01 12:00:00,8.26
2173,2025-04-01 13:00:00,6.48
2174,2025-04-01 14:00:00,5.8
2175,2025-04-01 15:00:00,6.38
2176,2025-04-01 16:00:00,6.38
2177,2025-04-01 17:00:00,6.59
2178,2025-04-01 18:00:00,18.41
2179,2025-04-01 19:00:00,53.71
2180,2025-04-01 20:00:00,114.96
2181,2025-04-01 21:00:00,120.93
2182,2025-04-01 22:00:00,84.2
2183,2025-04-01 23:00:00,58.44
2184,2025-04-02 00:00:00,38.11
2185,2025-04-02 01:00:00,26.34
2186,2025-04-02 02:00:00,26.1
2187,2025-04-02 03:00:00,20.0
2188,2025-04-02 04:00:00,20.0
2189,2025-04-02 05:00:00,26.34
2190,2025-04-02 06:00:00,39.87
2191,2025-04-02 07:00:00,90.08
2192,2025-04-02 08:00:00,104.9
2193,2025-04-02 09:00:00,54.33
2194,2025-04-02 10:00:00,21.15
2195,2025-04-02 11:00:00,1.52
2196,2025-04-02 12:00:00,0.0
2197,2025-04-02 13:00:00,0.0
2198,2025-04-02 14:00:00,-0.01
2199,2025-04-02 15:00:00,-0.02
2200,2025-04-02 16:00:00,-0.01
2201,2025-04-02 17:00:00,0.04
2202,2025-04-02 18:00:00,7.96
2203,2025-04-02 19:00:00,32.96
2204,2025-04-02 20:00:00,53.11
2205,2025-04-02 21:00:00,49.23
2206,2025-04-02 22:00:00,32.95
2207,2025-04-02 23:00:00,27.3
2208,2025-04-03 00:00:00,20.37
2209,2025-04-03 01:00:00,19.07
2210,2025-04-03 02:00:00,16.32
2211,2025-04-03 03:00:00,12.27
2212,2025-04-03 04:00:00,9.07
2213,2025-04-03 05:00:00,11.94
2214,2025-04-03 06:00:00,19.7
2215,2025-04-03 07:00:00,38.11
2216,2025-04-03 08:00:00,56.33
2217,2025-04-03 09:00:00,38.11
2218,2025-04-03 10:00:00,28.96
2219,2025-04-03 11:00:00,3.52
2220,2025-04-03 12:00:00,0.5
2221,2025-04-03 13:00:00,0.0
2222,2025-04-03 14:00:00,0.0
2223,2025-04-03 15:00:00,0.0
2224,2025-04-03 16:00:00,1.87
2225,2025-04-03 17:00:00,5.0
2226,2025-04-03 18:00:00,10.06
2227,2025-04-03 19:00:00,35.0
2228,2025-04-03 20:00:00,80.0
2229,2025-04-03 21:00:00,79.0
2230,2025-04-03 22:00:00,35.01
2231,2025-04-03 23:00:00,10.1
2232,2025-04-04 00:00:00,3.6
2233,2025-04-04 01:00:00,3.52
2234,2025-04-04 02:00:00,3.52
2235,2025-04-04 03:00:00,3.51
2236,2025-04-04 04:00:00,3.52
2237,2025-04-04 05:00:00,3.52
2238,2025-04-04 06:00:00,3.52
2239,2025-04-04 07:00:00,14.16
2240,2025-04-04 08:00:00,17.72
2241,2025-04-04 09:00:00,18.83
2242,2025-04-04 10:00:00,4.73
2243,2025-04-04 11:00:00,3.52
2244,2025-04-04 12:00:00,0.0
2245,2025-04-04 13:00:00,-0.01
2246,2025-04-04 14:00:00,-0.02
2247,2025-04-04 15:00:00,-0.01
2248,2025-04-04 16:00:00,0.0
2249,2025-04-04 17:00:00,0.01
2250,2025-04-04 18:00:00,0.65
2251,2025-04-04 19:00:00,6.3
2252,2025-04-04 20:00:00,35.01
2253,2025-04-04 21:00:00,50.02
2254,2025-04-04 22:00:00,35.01
2255,2025-04-04 23:00:00,20.91
2256,2025-04-05 00:00:00,35.0
2257,2025-04-05 01:00:00,19.97
2258,2025-04-05 02:00:00,19.1
2259,2025-04-05 03:00:00,19.34
2260,2025-04-05 04:00:00,13.2
2261,2025-04-05 05:00:00,16.4
2262,2025-04-05 06:00:00,19.75
2263,2025-04-05 07:00:00,20.3
2264,2025-04-05 08:00:00,21.46
2265,2025-04-05 09:00:00,10.0
2266,2025-04-05 10:00:00,0.66
2267,2025-04-05 11:00:00,-0.13
2268,2025-04-05 12:00:00,-0.3
2269,2025-04-05 13:00:00,-1.0
2270,2025-04-05 14:00:00,-1.01
2271,2025-04-05 15:00:00,-1.2
2272,2025-04-05 16:00:00,-1.0
2273,2025-04-05 17:00:00,0.1
2274,2025-04-05 18:00:00,10.0
2275,2025-04-05 19:00:00,46.49
2276,2025-04-05 20:00:00,95.61
2277,2025-04-05 21:00:00,95.61
2278,2025-04-05 22:00:00,78.99
2279,2025-04-05 23:00:00,68.75
2280,2025-04-06 00:00:00,70.45
2281,2025-04-06 01:00:00,46.21
2282,2025-04-06 02:00:00,35.01
2283,2025-04-06 03:00:00,27.01
2284,2025-04-06 04:00:00,25.5
2285,2025-04-06 05:00:00,25.57
2286,2025-04-06 06:00:00,26.51
2287,2025-04-06 07:00:00,28.87
2288,2025-04-06 08:00:00,26.25
2289,2025-04-06 09:00:00,0.1
2290,2025-04-06 10:00:00,-1.01
2291,2025-04-06 11:00:00,-1.54
2292,2025-04-06 12:00:00,-1.54
2293,2025-04-06 13:00:00,-1.0
2294,2025-04-06 14:00:00,-1.0
2295,2025-04-06 15:00:00,-1.32
2296,2025-04-06 16:00:00,-1.49
2297,2025-04-06 17:00:00,-0.01
2298,2025-04-06 18:00:00,8.26
2299,2025-04-06 19:00:00,35.2
2300,2025-04-06 20:00:00,75.0
2301,2025-04-06 21:00:00,80.0
2302,2025-04-06 22:00:00,70.01
2303,2025-04-06 23:00:00,66.38
2304,2025-04-07 00:00:00,48.37
2305,2025-04-07 01:00:00,41.9
2306,2025-04-07 02:00:00,43.32
2307,2025-04-07 03:00:00,39.54
2308,2025-04-07 04:00:00,39.74
2309,2025-04-07 05:00:00,46.22
2310,2025-04-07 06:00:00,70.1
2311,2025-04-07 07:00:00,132.57
2312,2025-04-07 08:00:00,143.04
2313,2025-04-07 09:00:00,60.0
2314,2025-04-07 10:00:00,17.43
2315,2025-04-07 11:00:00,3.01
2316,2025-04-07 12:00:00,1.0
2317,2025-04-07 13:00:00,0.0
2318,2025-04-07 14:00:00,0.0
2319,2025-04-07 15:00:00,0.0
2320,2025-04-07 16:00:00,0.0
2321,2025-04-07 17:00:00,1.51
2322,2025-04-07 18:00:00,20.0
2323,2025-04-07 19:00:00,69.1
2324,2025-04-07 20:00:00,156.0
2325,2025-04-07 21:00:00,170.01
2326,2025-04-07 22:00:00,118.34
2327,2025-04-07 23:00:00,99.84
2328,2025-04-08 00:00:00,83.0
2329,2025-04-08 01:00:00,71.8
2330,2025-04-08 02:00:00,69.07
2331,2025-04-08 03:00:00,57.65
2332,2025-04-08 04:00:00,51.22
2333,2025-04-08 05:00:00,53.16
2334,2025-04-08 06:00:00,60.5
2335,2025-04-08 07:00:00,131.17
2336,2025-04-08 08:00:00,104.0
2337,2025-04-08 09:00:00,36.88
2338,2025-04-08 10:00:00,0.65
2339,2025-04-08 11:00:00,-0.01
2340,2025-04-08 12:00:00,-0.86
2341,2025-04-08 13:00:00,-1.01
2342,2025-04-08 14:00:00,-1.02
2343,2025-04-08 15:00:00,-1.01
2344,2025-04-08 16:00:00,-1.0
2345,2025-04-08 17:00:00,-0.01
2346,2025-04-08 18:00:00,0.01
2347,2025-04-08 19:00:00,33.68
2348,2025-04-08 20:00:00,117.6
2349,2025-04-08 21:00:00,123.49
2350,2025-04-08 22:00:00,85.95
2351,2025-04-08 23:00:00,69.22
2352,2025-04-09 00:00:00,50.13
2353,2025-04-09 01:00:00,37.0
2354,2025-04-09 02:00:00,33.68
2355,2025-04-09 03:00:00,32.06
2356,2025-04-09 04:00:00,28.46
2357,2025-04-09 05:00:00,28.9
2358,2025-04-09 06:00:00,37.0
2359,2025-04-09 07:00:00,86.96
2360,2025-04-09 08:00:00,98.21
2361,2025-04-09 09:00:00,33.68
2362,2025-04-09 10:00:00,5.8
2363,2025-04-09 11:00:00,-0.01
2364,2025-04-09 12:00:00,-0.01
2365,2025-04-09 13:00:00,-0.02
2366,2025-04-09 14:00:00,-0.2
2367,2025-04-09 15:00:00,-0.5
2368,2025-04-09 16:00:00,-0.02
2369,2025-04-09 17:00:00,0.0
2370,2025-04-09 18:00:00,9.81
2371,2025-04-09 19:00:00,37.0
2372,2025-04-09 20:00:00,70.0
2373,2025-04-09 21:00:00,89.0
2374,2025-04-09 22:00:00,53.96
2375,2025-04-09 23:00:00,36.64
2376,2025-04-10 00:00:00,33.68
2377,2025-04-10 01:00:00,28.46
2378,2025-04-10 02:00:00,21.46
2379,2025-04-10 03:00:00,20.08
2380,2025-04-10 04:00:00,18.36
2381,2025-04-10 05:00:00,17.46
2382,2025-04-10 06:00:00,15.0
2383,2025-04-10 07:00:00,35.01
2384,2025-04-10 08:00:00,37.5
2385,2025-04-10 09:00:00,30.48
2386,2025-04-10 10:00:00,10.99
2387,2025-04-10 11:00:00,0.65
2388,2025-04-10 12:00:00,0.0
2389,2025-04-10 13:00:00,0.0
2390,2025-04-10 14:00:00,-0.01
2391,2025-04-10 15:00:00,-0.01
2392,2025-04-10 16:00:00,0.0
2393,2025-04-10 17:00:00,0.0
2394,2025-04-10 18:00:00,4.99
2395,2025-04-10 19:00:00,20.3
2396,2025-04-10 20:00:00,38.54
2397,2025-04-10 21:00:00,50.82
2398,2025-04-10 22:00:00,43.3
2399,2025-04-10 23:00:00,33.68
2400,2025-04-11 00:00:00,21.63
2401,2025-04-11 01:00:00,16.66
2402,2025-04-11 02:00:00,11.98
2403,2025-04-11 03:00:00,14.0
2404,2025-04-11 04:00:00,12.51
2405,2025-04-11 05:00:00,14.0
2406,2025-04-11 06:00:00,14.0
2407,2025-04-11 07:00:00,30.48
2408,2025-04-11 08:00:00,34.37
2409,2025-04-11 09:00:00,27.5
2410,2025-04-11 10:00:00,12.51
2411,2025-04-11 11:00:00,3.52
2412,2025-04-11 12:00:00,0.01
2413,2025-04-11 13:00:00,0.0
2414,2025-04-11 14:00:00,0.0
2415,2025-04-11 15:00:00,-0.01
2416,2025-04-11 16:00:00,0.01
2417,2025-04-11 17:00:00,3.52
2418,2025-04-11 18:00:00,8.3
2419,2025-04-11 19:00:00,28.46
2420,2025-04-11 20:00:00,52.01
2421,2025-04-11 21:00:00,58.02
2422,2025-04-11 22:00:00,41.91
2423,2025-04-11 23:00:00,35.0
2424,2025-04-12 00:00:00,35.01
2425,2025-04-12 01:00:00,29.24
2426,2025-04-12 02:00:00,31.22
2427,2025-04-12 03:00:00,29.24
2428,2025-04-12 04:00:00,29.09
2429,2025-04-12 05:00:00,30.38
2430,2025-04-12 06:00:00,32.68
2431,2025-04-12 07:00:00,29.24
2432,2025-04-12 08:00:00,30.95
2433,2025-04-12 09:00:00,33.0
2434,2025-04-12 10:00:00,20.19
2435,2025-04-12 11:00:00,8.01
2436,2025-04-12 12:00:00,3.52
2437,2025-04-12 13:00:00,1.8
2438,2025-04-12 14:00:00,0.17
2439,2025-04-12 15:00:00,0.01
2440,2025-04-12 16:00:00,0.01
2441,2025-04-12 17:00:00,18.08
2442,2025-04-12 18:00:00,22.57
2443,2025-04-12 19:00:00,33.84
2444,2025-04-12 20:00:00,50.02
2445,2025-04-12 21:00:00,79.0
2446,2025-04-12 22:00:00,55.44
2447,2025-04-12 23:00:00,45.59
2448,2025-04-13 00:00:00,35.0
2449,2025-04-13 01:00:00,35.0
2450,2025-04-13 02:00:00,31.3
2451,2025-04-13 03:00:00,20.08
2452,2025-04-13 04:00:00,15.31
2453,2025-04-13 05:00:00,14.99
2454,2025-04-13 06:00:00,21.63
2455,2025-04-13 07:00:00,27.75
2456,2025-04-13 08:00:00,17.23
2457,2025-04-13 09:00:00,9.0
2458,2025-04-13 10:00:00,2.55
2459,2025-04-13 11:00:00,0.18
2460,2025-04-13 12:00:00,0.0
2461,2025-04-13 13:00:00,-0.01
2462,2025-04-13 14:00:00,-0.2
2463,2025-04-13 15:00:00,-1.51
2464,2025-04-13 16:00:00,-0.01
2465,2025-04-13 17:00:00,0.0
2466,2025-04-13 18:00:00,1.35
2467,2025-04-13 19:00:00,8.24
2468,2025-04-13 20:00:00,44.31
2469,2025-04-13 21:00:00,60.55
2470,2025-04-13 22:00:00,59.04
2471,2025-04-13 23:00:00,38.5
2472,2025-04-14 00:00:00,39.23
2473,2025-04-14 01:00:00,38.16
2474,2025-04-14 02:00:00,37.74
2475,2025-04-14 03:00:00,35.0
2476,2025-04-14 04:00:00,30.01
2477,2025-04-14 05:00:00,35.01
2478,2025-04-14 06:00:00,42.5
2479,2025-04-14 07:00:00,68.19
2480,2025-04-14 08:00:00,74.94
2481,2025-04-14 09:00:00,37.74
2482,2025-04-14 10:00:00,30.55
2483,2025-04-14 11:00:00,7.4
2484,2025-04-14 12:00:00,3.52
2485,2025-04-14 13:00:00,0.65
2486,2025-04-14 14:00:00,0.0
2487,2025-04-14 15:00:00,0.0
2488,2025-04-14 16:00:00,0.0
2489,2025-04-14 17:00:00,0.0
2490,2025-04-14 18:00:00,0.65
2491,2025-04-14 19:00:00,4.99
2492,2025-04-14 20:00:00,35.0
2493,2025-04-14 21:00:00,35.0
2494,2025-04-14 22:00:00,19.75
2495,2025-04-14 23:00:00,13.0
2496,2025-04-15 00:00:00,14.0
2497,2025-04-15 01:00:00,7.5
2498,2025-04-15 02:00:00,5.64
2499,2025-04-15 03:00:00,4.5
2500,2025-04-15 04:00:00,3.6
2501,2025-04-15 05:00:00,7.08
2502,2025-04-15 06:00:00,20.08
2503,2025-04-15 07:00:00,34.45
2504,2025-04-15 08:00:00,35.0
2505,2025-04-15 09:00:00,18.74
2506,2025-04-15 10:00:00,5.5
2507,2025-04-15 11:00:00,3.52
2508,2025-04-15 12:00:00,0.08
2509,2025-04-15 13:00:00,0.0
2510,2025-04-15 14:00:00,-0.01
2511,2025-04-15 15:00:00,-0.01
2512,2025-04-15 16:00:00,-0.01
2513,2025-04-15 17:00:00,0.0
2514,2025-04-15 18:00:00,2.55
2515,2025-04-15 19:00:00,7.5
2516,2025-04-15 20:00:00,33.47
2517,2025-04-15 21:00:00,35.0
2518,2025-04-15 22:00:00,21.96
2519,2025-04-15 23:00:00,21.46
2520,2025-04-16 00:00:00,16.22
2521,2025-04-16 01:00:00,16.22
2522,2025-04-16 02:00:00,15.0
2523,2025-04-16 03:00:00,12.96
2524,2025-04-16 04:00:00,6.0
2525,2025-04-16 05:00:00,6.99
2526,2025-04-16 06:00:00,15.98
2527,2025-04-16 07:00:00,17.46
2528,2025-04-16 08:00:00,15.0
2529,2025-04-16 09:00:00,3.8
2530,2025-04-16 10:00:00,0.66
2531,2025-04-16 11:00:00,0.0
2532,2025-04-16 12:00:00,0.0
2533,2025-04-16 13:00:00,0.0
2534,2025-04-16 14:00:00,0.0
2535,2025-04-16 15:00:00,-0.01
2536,2025-04-16 16:00:00,-0.01
2537,2025-04-16 17:00:00,0.0
2538,2025-04-16 18:00:00,0.65
2539,2025-04-16 19:00:00,6.1
2540,2025-04-16 20:00:00,30.92
2541,2025-04-16 21:00:00,69.21
2542,2025-04-16 22:00:00,36.0
2543,2025-04-16 23:00:00,22.15
2544,2025-04-17 00:00:00,20.19
2545,2025-04-17 01:00:00,16.22
2546,2025-04-17 02:00:00,15.98
2547,2025-04-17 03:00:00,15.88
2548,2025-04-17 04:00:00,15.5
2549,2025-04-17 05:00:00,15.5
2550,2025-04-17 06:00:00,16.46
2551,2025-04-17 07:00:00,22.48
2552,2025-04-17 08:00:00,19.97
2553,2025-04-17 09:00:00,9.5
2554,2025-04-17 10:00:00,3.52
2555,2025-04-17 11:00:00,1.49
2556,2025-04-17 12:00:00,0.0
2557,2025-04-17 13:00:00,0.0
2558,2025-04-17 14:00:00,0.0
2559,2025-04-17 15:00:00,0.0
2560,2025-04-17 16:00:00,0.0
2561,2025-04-17 17:00:00,0.0
2562,2025-04-17 18:00:00,3.52
2563,2025-04-17 19:00:00,20.08
2564,2025-04-17 20:00:00,72.83
2565,2025-04-17 21:00:00,107.5
2566,2025-04-17 22:00:00,87.56
2567,2025-04-17 23:00:00,62.4
2568,2025-04-18 00:00:00,36.0
2569,2025-04-18 01:00:00,21.53
2570,2025-04-18 02:00:00,20.26
2571,2025-04-18 03:00:00,20.57
2572,2025-04-18 04:00:00,20.57
2573,2025-04-18 05:00:00,20.26
2574,2025-04-18 06:00:00,15.55
2575,2025-04-18 07:00:00,18.98
2576,2025-04-18 08:00:00,12.05
2577,2025-04-18 09:00:00,4.31
2578,2025-04-18 10:00:00,2.0
2579,2025-04-18 11:00:00,0.0
2580,2025-04-18 12:00:00,-0.3
2581,2025-04-18 13:00:00,-0.79
2582,2025-04-18 14:00:00,-1.16
2583,2025-04-18 15:00:00,-1.54
2584,2025-04-18 16:00:00,-1.54
2585,2025-04-18 17:00:00,-1.51
2586,2025-04-18 18:00:00,0.0
2587,2025-04-18 19:00:00,3.52
2588,2025-04-18 20:00:00,21.53
2589,2025-04-18 21:00:00,35.0
2590,2025-04-18 22:00:00,30.0
2591,2025-04-18 23:00:00,21.05
2592,2025-04-19 00:00:00,8.0
2593,2025-04-19 01:00:00,4.83
2594,2025-04-19 02:00:00,3.83
2595,2025-04-19 03:00:00,3.52
2596,2025-04-19 04:00:00,3.52
2597,2025-04-19 05:00:00,3.52
2598,2025-04-19 06:00:00,3.52
2599,2025-04-19 07:00:00,3.52
2600,2025-04-19 08:00:00,2.4
2601,2025-04-19 09:00:00,0.0
2602,2025-04-19 10:00:00,-0.79
2603,2025-04-19 11:00:00,-1.54
2604,2025-04-19 12:00:00,-1.54
2605,2025-04-19 13:00:00,-2.2
2606,2025-04-19 14:00:00,-3.0
2607,2025-04-19 15:00:00,-4.0
2608,2025-04-19 16:00:00,-4.0
2609,2025-04-19 17:00:00,-3.0
2610,2025-04-19 18:00:00,-1.54
2611,2025-04-19 19:00:00,0.0
2612,2025-04-19 20:00:00,2.78
2613,2025-04-19 21:00:00,8.0
2614,2025-04-19 22:00:00,7.55
2615,2025-04-19 23:00:00,8.0
2616,2025-04-20 00:00:00,3.52
2617,2025-04-20 01:00:00,2.78
2618,2025-04-20 02:00:00,2.1
2619,2025-04-20 03:00:00,2.17
2620,2025-04-20 04:00:00,3.0
2621,2025-04-20 05:00:00,3.52
2622,2025-04-20 06:00:00,3.52
2623,2025-04-20 07:00:00,5.5
2624,2025-04-20 08:00:00,3.52
2625,2025-04-20 09:00:00,1.6
2626,2025-04-20 10:00:00,0.0
2627,2025-04-20 11:00:00,-0.02
2628,2025-04-20 12:00:00,-0.99
2629,2025-04-20 13:00:00,-4.0
2630,2025-04-20 14:00:00,-4.99
2631,2025-04-20 15:00:00,-4.2
2632,2025-04-20 16:00:00,-1.54
2633,2025-04-20 17:00:00,-1.54
2634,2025-04-20 18:00:00,-0.3
2635,2025-04-20 19:00:00,3.05
2636,2025-04-20 20:00:00,10.24
2637,2025-04-20 21:00:00,32.93
2638,2025-04-20 22:00:00,41.27
2639,2025-04-20 23:00:00,39.0
2640,2025-04-21 00:00:00,39.0
2641,2025-04-21 01:00:00,25.5
2642,2025-04-21 02:00:00,23.66
2643,2025-04-21 03:00:00,22.5
2644,2025-04-21 04:00:00,25.0
2645,2025-04-21 05:00:00,29.97
2646,2025-04-21 06:00:00,39.0
2647,2025-04-21 07:00:00,72.13
2648,2025-04-21 08:00:00,65.12
2649,2025-04-21 09:00:00,33.98
2650,2025-04-21 10:00:00,25.74
2651,2025-04-21 11:00:00,15.0
2652,2025-04-21 12:00:00,11.83
2653,2025-04-21 13:00:00,8.12
2654,2025-04-21 14:00:00,6.56
2655,2025-04-21 15:00:00,9.27
2656,2025-04-21 16:00:00,11.94
2657,2025-04-21 17:00:00,20.33
2658,2025-04-21 18:00:00,44.86
2659,2025-04-21 19:00:00,76.72
2660,2025-04-21 20:00:00,134.09
2661,2025-04-21 21:00:00,160.0
2662,2025-04-21 22:00:00,122.77
2663,2025-04-21 23:00:00,98.2
2664,2025-04-22 00:00:00,85.1
2665,2025-04-22 01:00:00,76.05
2666,2025-04-22 02:00:00,71.73
2667,2025-04-22 03:00:00,70.41
2668,2025-04-22 04:00:00,73.06
2669,2025-04-22 05:00:00,66.0
2670,2025-04-22 06:00:00,84.48
2671,2025-04-22 07:00:00,115.9
2672,2025-04-22 08:00:00,126.6
2673,2025-04-22 09:00:00,83.51
2674,2025-04-22 10:00:00,69.7
2675,2025-04-22 11:00:00,45.0
2676,2025-04-22 12:00:00,30.0
2677,2025-04-22 13:00:00,20.37
2678,2025-04-22 14:00:00,15.0
2679,2025-04-22 15:00:00,5.11
2680,2025-04-22 16:00:00,4.31
2681,2025-04-22 17:00:00,5.79
2682,2025-04-22 18:00:00,21.7
2683,2025-04-22 19:00:00,60.0
2684,2025-04-22 20:00:00,99.99
2685,2025-04-22 21:00:00,130.04
2686,2025-04-22 22:00:00,105.03
2687,2025-04-22 23:00:00,75.81
2688,2025-04-23 00:00:00,72.84
2689,2025-04-23 01:00:00,62.4
2690,2025-04-23 02:00:00,60.98
2691,2025-04-23 03:00:00,53.17
2692,2025-04-23 04:00:00,50.92
2693,2025-04-23 05:00:00,53.17
2694,2025-04-23 06:00:00,73.0
2695,2025-04-23 07:00:00,80.24
2696,2025-04-23 08:00:00,67.11
2697,2025-04-23 09:00:00,45.0
2698,2025-04-23 10:00:00,11.5
2699,2025-04-23 11:00:00,4.31
2700,2025-04-23 12:00:00,0.65
2701,2025-04-23 13:00:00,0.28
2702,2025-04-23 14:00:00,0.01
2703,2025-04-23 15:00:00,0.04
2704,2025-04-23 16:00:00,0.04
2705,2025-04-23 17:00:00,0.01
2706,2025-04-23 18:00:00,3.52
2707,2025-04-23 19:00:00,31.24
2708,2025-04-23 20:00:00,88.73
2709,2025-04-23 21:00:00,116.7
2710,2025-04-23 22:00:00,105.58
2711,2025-04-23 23:00:00,80.24
2712,2025-04-24 00:00:00,75.24
2713,2025-04-24 01:00:00,55.89
2714,2025-04-24 02:00:00,45.5
2715,2025-04-24 03:00:00,47.46
2716,2025-04-24 04:00:00,47.46
2717,2025-04-24 05:00:00,53.17
2718,2025-04-24 06:00:00,65.74
2719,2025-04-24 07:00:00,95.0
2720,2025-04-24 08:00:00,71.33
2721,2025-04-24 09:00:00,19.97
2722,2025-04-24 10:00:00,3.95
2723,2025-04-24 11:00:00,0.1
2724,2025-04-24 12:00:00,0.04
2725,2025-04-24 13:00:00,0.0
2726,2025-04-24 14:00:00,0.0
2727,2025-04-24 15:00:00,0.0
2728,2025-04-24 16:00:00,0.0
2729,2025-04-24 17:00:00,0.0
2730,2025-04-24 18:00:00,3.52
2731,2025-04-24 19:00:00,47.46
2732,2025-04-24 20:00:00,102.35
2733,2025-04-24 21:00:00,114.48
2734,2025-04-24 22:00:00,106.53
2735,2025-04-24 23:00:00,93.1
2736,2025-04-25 00:00:00,74.24
2737,2025-04-25 01:00:00,65.01
2738,2025-04-25 02:00:00,69.39
2739,2025-04-25 03:00:00,61.31
2740,2025-04-25 04:00:00,65.2
2741,2025-04-25 05:00:00,72.99
2742,2025-04-25 06:00:00,72.99
2743,2025-04-25 07:00:00,83.51
2744,2025-04-25 08:00:00,78.87
2745,2025-04-25 09:00:00,40.5
2746,2025-04-25 10:00:00,15.0
2747,2025-04-25 11:00:00,0.65
2748,2025-04-25 12:00:00,0.0
2749,2025-04-25 13:00:00,0.0
2750,2025-04-25 14:00:00,-0.01
2751,2025-04-25 15:00:00,-0.12
2752,2025-04-25 16:00:00,-0.21
2753,2025-04-25 17:00:00,-0.01
2754,2025-04-25 18:00:00,0.0
2755,2025-04-25 19:00:00,20.08
2756,2025-04-25 20:00:00,44.03
2757,2025-04-25 21:00:00,47.46
2758,2025-04-25 22:00:00,47.46
2759,2025-04-25 23:00:00,40.7
2760,2025-04-26 00:00:00,19.86
2761,2025-04-26 01:00:00,7.83
2762,2025-04-26 02:00:00,5.3
2763,2025-04-26 03:00:00,7.11
2764,2025-04-26 04:00:00,7.11
2765,2025-04-26 05:00:00,5.3
2766,2025-04-26 06:00:00,8.5
2767,2025-04-26 07:00:00,15.5
2768,2025-04-26 08:00:00,6.98
2769,2025-04-26 09:00:00,0.0
2770,2025-04-26 10:00:00,-0.51
2771,2025-04-26 11:00:00,-1.54
2772,2025-04-26 12:00:00,-2.0
2773,2025-04-26 13:00:00,-2.0
2774,2025-04-26 14:00:00,-3.0
2775,2025-04-26 15:00:00,-3.0
2776,2025-04-26 16:00:00,-3.03
2777,2025-04-26 17:00:00,-2.5
2778,2025-04-26 18:00:00,-1.54
2779,2025-04-26 19:00:00,0.0
2780,2025-04-26 20:00:00,11.0
2781,2025-04-26 21:00:00,23.04
2782,2025-04-26 22:00:00,18.45
2783,2025-04-26 23:00:00,16.08
2784,2025-04-27 00:00:00,14.0
2785,2025-04-27 01:00:00,5.11
2786,2025-04-27 02:00:00,3.6
2787,2025-04-27 03:00:00,3.52
2788,2025-04-27 04:00:00,3.52
2789,2025-04-27 05:00:00,3.52
2790,2025-04-27 06:00:00,3.6
2791,2025-04-27 07:00:00,3.52
2792,2025-04-27 08:00:00,0.0
2793,2025-04-27 09:00:00,-1.51
2794,2025-04-27 10:00:00,-3.0
2795,2025-04-27 11:00:00,-5.0
2796,2025-04-27 12:00:00,-5.0
2797,2025-04-27 13:00:00,-5.0
2798,2025-04-27 14:00:00,-5.0
2799,2025-04-27 15:00:00,-1.48
2800,2025-04-27 16:00:00,-0.5
2801,2025-04-27 17:00:00,-0.01
2802,2025-04-27 18:00:00,0.0
2803,2025-04-27 19:00:00,3.52
2804,2025-04-27 20:00:00,35.0
2805,2025-04-27 21:00:00,100.7
2806,2025-04-27 22:00:00,85.14
2807,2025-04-27 23:00:00,40.0
2808,2025-04-28 00:00:00,24.63
2809,2025-04-28 01:00:00,16.3
2810,2025-04-28 02:00:00,18.1
2811,2025-04-28 03:00:00,18.0
2812,2025-04-28 04:00:00,18.0
2813,2025-04-28 05:00:00,25.0
2814,2025-04-28 06:00:00,25.0
2815,2025-04-28 07:00:00,40.7
2816,2025-04-28 08:00:00,33.0
2817,2025-04-28 09:00:00,3.52
2818,2025-04-28 10:00:00,0.0
2819,2025-04-28 11:00:00,-0.01
2820,2025-04-28 12:00:00,-1.01
2821,2025-04-28 13:00:00,-2.5
2822,2025-04-28 14:00:00,-1.51
2823,2025-04-28 15:00:00,-1.51
2824,2025-04-28 16:00:00,-0.3
2825,2025-04-28 17:00:00,-0.01
2826,2025-04-28 18:00:00,0.01
2827,2025-04-28 19:00:00,5.2
2828,2025-04-28 20:00:00,40.7
2829,2025-04-28 21:00:00,80.8
2830,2025-04-28 22:00:00,61.15
2831,2025-04-28 23:00:00,35.0
2832,2025-04-29 00:00:00,6.77
2833,2025-04-29 01:00:00,3.52
2834,2025-04-29 02:00:00,3.52
2835,2025-04-29 03:00:00,3.52
2836,2025-04-29 04:00:00,3.3
2837,2025-04-29 05:00:00,3.52
2838,2025-04-29 06:00:00,3.52
2839,2025-04-29 07:00:00,14.0
2840,2025-04-29 08:00:00,3.52
2841,2025-04-29 09:00:00,3.0
2842,2025-04-29 10:00:00,0.0
2843,2025-04-29 11:00:00,-0.3
2844,2025-04-29 12:00:00,-1.01
2845,2025-04-29 13:00:00,-1.9
2846,2025-04-29 14:00:00,-1.66
2847,2025-04-29 15:00:00,-1.54
2848,2025-04-29 16:00:00,-1.54
2849,2025-04-29 17:00:00,-1.0
2850,2025-04-29 18:00:00,0.0
2851,2025-04-29 19:00:00,0.65
2852,2025-04-29 20:00:00,12.53
2853,2025-04-29 21:00:00,35.01
2854,2025-04-29 22:00:00,33.68
2855,2025-04-29 23:00:00,17.93
2856,2025-04-30 00:00:00,12.91
2857,2025-04-30 01:00:00,22.23
2858,2025-04-30 02:00:00,12.53
2859,2025-04-30 03:00:00,5.5
2860,2025-04-30 04:00:00,3.3
2861,2025-04-30 05:00:00,3.18
2862,2025-04-30 06:00:00,3.3
2863,2025-04-30 07:00:00,3.2
2864,2025-04-30 08:00:00,5.5
2865,2025-04-30 09:00:00,20.36
2866,2025-04-30 10:00:00,21.94
2867,2025-04-30 11:00:00,23.17
2868,2025-04-30 12:00:00,21.94
2869,2025-04-30 13:00:00,21.94
2870,2025-04-30 14:00:00,21.56
2871,2025-04-30 15:00:00,21.94
2872,2025-04-30 16:00:00,22.23
2873,2025-04-30 17:00:00,28.77
2874,2025-04-30 18:00:00,26.86
2875,2025-04-30 19:00:00,25.6
2876,2025-04-30 20:00:00,38.58
2877,2025-04-30 21:00:00,45.0
2878,2025-04-30 22:00:00,42.88
2879,2025-04-30 23:00:00,38.58
2880,2025-05-01 00:00:00,29.2
2881,2025-05-01 01:00:00,22.66
2882,2025-05-01 02:00:00,22.59
2883,2025-05-01 03:00:00,23.22
2884,2025-05-01 04:00:00,22.59
2885,2025-05-01 05:00:00,27.2
2886,2025-05-01 06:00:00,28.16
2887,2025-05-01 07:00:00,23.02
2888,2025-05-01 08:00:00,18.39
2889,2025-05-01 09:00:00,17.95
2890,2025-05-01 10:00:00,5.79
2891,2025-05-01 11:00:00,5.1
2892,2025-05-01 12:00:00,5.1
2893,2025-05-01 13:00:00,5.0
2894,2025-05-01 14:00:00,4.89
2895,2025-05-01 15:00:00,4.68
2896,2025-05-01 16:00:00,4.89
2897,2025-05-01 17:00:00,5.1
2898,2025-05-01 18:00:00,7.5
2899,2025-05-01 19:00:00,15.0
2900,2025-05-01 20:00:00,30.0
2901,2025-05-01 21:00:00,55.0
2902,2025-05-01 22:00:00,35.5
2903,2025-05-01 23:00:00,33.87
2904,2025-05-02 00:00:00,13.04
2905,2025-05-02 01:00:00,5.11
2906,2025-05-02 02:00:00,2.8
2907,2025-05-02 03:00:00,2.5
2908,2025-05-02 04:00:00,2.5
2909,2025-05-02 05:00:00,3.17
2910,2025-05-02 06:00:00,7.96
2911,2025-05-02 07:00:00,7.96
2912,2025-05-02 08:00:00,14.0
2913,2025-05-02 09:00:00,13.95
2914,2025-05-02 10:00:00,14.95
2915,2025-05-02 11:00:00,11.0
2916,2025-05-02 12:00:00,5.79
2917,2025-05-02 13:00:00,4.31
2918,2025-05-02 14:00:00,3.17
2919,2025-05-02 15:00:00,3.17
2920,2025-05-02 16:00:00,3.17
2921,2025-05-02 17:00:00,4.31
2922,2025-05-02 18:00:00,5.79
2923,2025-05-02 19:00:00,15.29
2924,2025-05-02 20:00:00,35.01
2925,2025-05-02 21:00:00,63.62
2926,2025-05-02 22:00:00,52.05
2927,2025-05-02 23:00:00,41.05
2928,2025-05-03 00:00:00,36.13
2929,2025-05-03 01:00:00,26.0
2930,2025-05-03 02:00:00,16.16
2931,2025-05-03 03:00:00,13.89
2932,2025-05-03 04:00:00,13.37
2933,2025-05-03 05:00:00,15.17
2934,2025-05-03 06:00:00,16.91
2935,2025-05-03 07:00:00,14.13
2936,2025-05-03 08:00:00,12.67
2937,2025-05-03 09:00:00,5.7
2938,2025-05-03 10:00:00,4.31
2939,2025-05-03 11:00:00,3.0
2940,2025-05-03 12:00:00,4.31
2941,2025-05-03 13:00:00,4.7
2942,2025-05-03 14:00:00,4.31
2943,2025-05-03 15:00:00,0.98
2944,2025-05-03 16:00:00,0.27
2945,2025-05-03 17:00:00,4.31
2946,2025-05-03 18:00:00,5.0
2947,2025-05-03 19:00:00,19.01
2948,2025-05-03 20:00:00,35.24
2949,2025-05-03 21:00:00,57.18
2950,2025-05-03 22:00:00,57.18
2951,2025-05-03 23:00:00,47.36
2952,2025-05-04 00:00:00,36.13
2953,2025-05-04 01:00:00,32.35
2954,2025-05-04 02:00:00,24.01
2955,2025-05-04 03:00:00,19.31
2956,2025-05-04 04:00:00,16.54
2957,2025-05-04 05:00:00,15.58
2958,2025-05-04 06:00:00,13.62
2959,2025-05-04 07:00:00,13.0
2960,2025-05-04 08:00:00,20.93
2961,2025-05-04 09:00:00,20.93
2962,2025-05-04 10:00:00,20.93
2963,2025-05-04 11:00:00,20.93
2964,2025-05-04 12:00:00,20.93
2965,2025-05-04 13:00:00,20.93
2966,2025-05-04 14:00:00,16.2
2967,2025-05-04 15:00:00,6.3
2968,2025-05-04 16:00:00,6.09
2969,2025-05-04 17:00:00,6.09
2970,2025-05-04 18:00:00,14.86
2971,2025-05-04 19:00:00,20.94
2972,2025-05-04 20:00:00,36.13
2973,2025-05-04 21:00:00,35.0
2974,2025-05-04 22:00:00,35.0
2975,2025-05-04 23:00:00,24.41
2976,2025-05-05 00:00:00,47.78
2977,2025-05-05 01:00:00,47.56
2978,2025-05-05 02:00:00,47.56
2979,2025-05-05 03:00:00,47.56
2980,2025-05-05 04:00:00,47.56
2981,2025-05-05 05:00:00,45.73
2982,2025-05-05 06:00:00,47.56
2983,2025-05-05 07:00:00,35.0
2984,2025-05-05 08:00:00,39.56
2985,2025-05-05 09:00:00,47.56
2986,2025-05-05 10:00:00,45.43
2987,2025-05-05 11:00:00,62.73
2988,2025-05-05 12:00:00,47.6
2989,2025-05-05 13:00:00,47.56
2990,2025-05-05 14:00:00,41.27
2991,2025-05-05 15:00:00,33.17
2992,2025-05-05 16:00:00,30.36
2993,2025-05-05 17:00:00,30.36
2994,2025-05-05 18:00:00,31.01
2995,2025-05-05 19:00:00,47.56
2996,2025-05-05 20:00:00,43.23
2997,2025-05-05 21:00:00,47.56
2998,2025-05-05 22:00:00,47.56
2999,2025-05-05 23:00:00,45.73
3000,2025-05-06 00:00:00,47.78
3001,2025-05-06 01:00:00,62.76
3002,2025-05-06 02:00:00,51.33
3003,2025-05-06 03:00:00,47.78
3004,2025-05-06 04:00:00,47.78
3005,2025-05-06 05:00:00,36.0
3006,2025-05-06 06:00:00,38.0
3007,2025-05-06 07:00:00,39.0
3008,2025-05-06 08:00:00,38.0
3009,2025-05-06 09:00:00,48.23
3010,2025-05-06 10:00:00,47.78
3011,2025-05-06 11:00:00,47.56
3012,2025-05-06 12:00:00,47.56
3013,2025-05-06 13:00:00,43.23
3014,2025-05-06 14:00:00,43.23
3015,2025-05-06 15:00:00,47.56
3016,2025-05-06 16:00:00,47.56
3017,2025-05-06 17:00:00,48.23
3018,2025-05-06 18:00:00,47.78
3019,2025-05-06 19:00:00,64.04
3020,2025-05-06 20:00:00,47.78
3021,2025-05-06 21:00:00,65.12
3022,2025-05-06 22:00:00,48.23
3023,2025-05-06 23:00:00,47.78
3024,2025-05-07 00:00:00,46.42
3025,2025-05-07 01:00:00,41.22
3026,2025-05-07 02:00:00,41.21
3027,2025-05-07 03:00:00,36.5
3028,2025-05-07 04:00:00,35.0
3029,2025-05-07 05:00:00,31.22
3030,2025-05-07 06:00:00,32.4
3031,2025-05-07 07:00:00,49.1
3032,2025-05-07 08:00:00,43.23
3033,2025-05-07 09:00:00,41.22
3034,2025-05-07 10:00:00,45.29
3035,2025-05-07 11:00:00,41.22
3036,2025-05-07 12:00:00,41.22
3037,2025-05-07 13:00:00,46.42
3038,2025-05-07 14:00:00,46.42
3039,2025-05-07 15:00:00,46.42
3040,2025-05-07 16:00:00,51.01
3041,2025-05-07 17:00:00,54.15
3042,2025-05-07 18:00:00,54.15
3043,2025-05-07 19:00:00,52.5
3044,2025-05-07 20:00:00,65.12
3045,2025-05-07 21:00:00,80.0
3046,2025-05-07 22:00:00,79.54
3047,2025-05-07 23:00:00,79.54
3048,2025-05-08 00:00:00,40.1
3049,2025-05-08 01:00:00,39.47
3050,2025-05-08 02:00:00,30.3
3051,2025-05-08 03:00:00,30.09
3052,2025-05-08 04:00:00,29.8
3053,2025-05-08 05:00:00,29.01
3054,2025-05-08 06:00:00,30.09
3055,2025-05-08 07:00:00,45.29
3056,2025-05-08 08:00:00,40.0
3057,2025-05-08 09:00:00,45.29
3058,2025-05-08 10:00:00,61.69
3059,2025-05-08 11:00:00,59.2
3060,2025-05-08 12:00:00,55.0
3061,2025-05-08 13:00:00,54.15
3062,2025-05-08 14:00:00,39.47
3063,2025-05-08 15:00:00,35.29
3064,2025-05-08 16:00:00,30.3
3065,2025-05-08 17:00:00,30.3
3066,2025-05-08 18:00:00,29.8
3067,2025-05-08 19:00:00,30.09
3068,2025-05-08 20:00:00,40.0
3069,2025-05-08 21:00:00,79.59
3070,2025-05-08 22:00:00,54.15
3071,2025-05-08 23:00:00,46.21
3072,2025-05-09 00:00:00,31.27
3073,2025-05-09 01:00:00,30.09
3074,2025-05-09 02:00:00,29.41
3075,2025-05-09 03:00:00,25.36
3076,2025-05-09 04:00:00,25.36
3077,2025-05-09 05:00:00,25.36
3078,2025-05-09 06:00:00,30.26
3079,2025-05-09 07:00:00,39.37
3080,2025-05-09 08:00:00,30.58
3081,2025-05-09 09:00:00,35.56
3082,2025-05-09 10:00:00,30.3
3083,2025-05-09 11:00:00,30.09
3084,2025-05-09 12:00:00,35.56
3085,2025-05-09 13:00:00,30.26
3086,2025-05-09 14:00:00,30.09
3087,2025-05-09 15:00:00,30.09
3088,2025-05-09 16:00:00,29.41
3089,2025-05-09 17:00:00,29.01
3090,2025-05-09 18:00:00,30.01
3091,2025-05-09 19:00:00,30.09
3092,2025-05-09 20:00:00,41.92
3093,2025-05-09 21:00:00,80.27
3094,2025-05-09 22:00:00,57.64
3095,2025-05-09 23:00:00,39.76
3096,2025-05-10 00:00:00,29.22
3097,2025-05-10 01:00:00,19.02
3098,2025-05-10 02:00:00,19.26
3099,2025-05-10 03:00:00,19.02
3100,2025-05-10 04:00:00,11.12
3101,2025-05-10 05:00:00,13.34
3102,2025-05-10 06:00:00,16.1
3103,2025-05-10 07:00:00,15.81
3104,2025-05-10 08:00:00,13.34
3105,2025-05-10 09:00:00,19.02
3106,2025-05-10 10:00:00,19.02
3107,2025-05-10 11:00:00,12.01
3108,2025-05-10 12:00:00,5.76
3109,2025-05-10 13:00:00,5.79
3110,2025-05-10 14:00:00,4.0
3111,2025-05-10 15:00:00,0.1
3112,2025-05-10 16:00:00,0.0
3113,2025-05-10 17:00:00,0.0
3114,2025-05-10 18:00:00,0.1
3115,2025-05-10 19:00:00,0.1
3116,2025-05-10 20:00:00,21.02
3117,2025-05-10 21:00:00,36.88
3118,2025-05-10 22:00:00,31.46
3119,2025-05-10 23:00:00,25.37
3120,2025-05-11 00:00:00,8.79
3121,2025-05-11 01:00:00,6.12
3122,2025-05-11 02:00:00,6.89
3123,2025-05-11 03:00:00,3.96
3124,2025-05-11 04:00:00,3.6
3125,2025-05-11 05:00:00,4.0
3126,2025-05-11 06:00:00,6.0
3127,2025-05-11 07:00:00,5.88
3128,2025-05-11 08:00:00,1.1
3129,2025-05-11 09:00:00,1.0
3130,2025-05-11 10:00:00,1.0
3131,2025-05-11 11:00:00,4.31
3132,2025-05-11 12:00:00,4.31
3133,2025-05-11 13:00:00,4.31
3134,2025-05-11 14:00:00,0.9
3135,2025-05-11 15:00:00,0.0
3136,2025-05-11 16:00:00,0.0
3137,2025-05-11 17:00:00,0.0
3138,2025-05-11 18:00:00,0.0
3139,2025-05-11 19:00:00,0.04
3140,2025-05-11 20:00:00,4.5
3141,2025-05-11 21:00:00,35.01
3142,2025-05-11 22:00:00,35.01
3143,2025-05-11 23:00:00,30.28
3144,2025-05-12 00:00:00,15.3
3145,2025-05-12 01:00:00,14.88
3146,2025-05-12 02:00:00,17.7
3147,2025-05-12 03:00:00,15.3
3148,2025-05-12 04:00:00,14.0
3149,2025-05-12 05:00:00,15.3
3150,2025-05-12 06:00:00,22.34
3151,2025-05-12 07:00:00,35.01
3152,2025-05-12 08:00:00,22.1
3153,2025-05-12 09:00:00,14.58
3154,2025-05-12 10:00:00,14.88
3155,2025-05-12 11:00:00,11.74
3156,2025-05-12 12:00:00,8.0
3157,2025-05-12 13:00:00,5.76
3158,2025-05-12 14:00:00,14.58
3159,2025-05-12 15:00:00,14.58
3160,2025-05-12 16:00:00,14.58
3161,2025-05-12 17:00:00,14.58
3162,2025-05-12 18:00:00,14.58
3163,2025-05-12 19:00:00,10.3
3164,2025-05-12 20:00:00,61.81
3165,2025-05-12 21:00:00,122.03
3166,2025-05-12 22:00:00,103.75
3167,2025-05-12 23:00:00,70.44
3168,2025-05-13 00:00:00,67.0
3169,2025-05-13 01:00:00,45.01
3170,2025-05-13 02:00:00,37.83
3171,2025-05-13 03:00:00,35.01
3172,2025-05-13 04:00:00,35.01
3173,2025-05-13 05:00:00,39.79
3174,2025-05-13 06:00:00,70.0
3175,2025-05-13 07:00:00,108.09
3176,2025-05-13 08:00:00,68.25
3177,2025-05-13 09:00:00,29.6
3178,2025-05-13 10:00:00,27.51
3179,2025-05-13 11:00:00,29.2
3180,2025-05-13 12:00:00,27.87
3181,2025-05-13 13:00:00,25.36
3182,2025-05-13 14:00:00,24.7
3183,2025-05-13 15:00:00,20.3
3184,2025-05-13 16:00:00,20.09
3185,2025-05-13 17:00:00,20.09
3186,2025-05-13 18:00:00,24.7
3187,2025-05-13 19:00:00,33.56
3188,2025-05-13 20:00:00,92.67
3189,2025-05-13 21:00:00,128.07
3190,2025-05-13 22:00:00,112.3
3191,2025-05-13 23:00:00,74.55
3192,2025-05-14 00:00:00,64.93
3193,2025-05-14 01:00:00,45.33
3194,2025-05-14 02:00:00,41.2
3195,2025-05-14 03:00:00,37.41
3196,2025-05-14 04:00:00,36.0
3197,2025-05-14 05:00:00,40.05
3198,2025-05-14 06:00:00,53.08
3199,2025-05-14 07:00:00,91.53
3200,2025-05-14 08:00:00,57.64
3201,2025-05-14 09:00:00,41.44
3202,2025-05-14 10:00:00,41.2
3203,2025-05-14 11:00:00,34.88
3204,2025-05-14 12:00:00,34.88
3205,2025-05-14 13:00:00,29.01
3206,2025-05-14 14:00:00,26.3
3207,2025-05-14 15:00:00,25.88
3208,2025-05-14 16:00:00,10.0
3209,2025-05-14 17:00:00,6.0
3210,2025-05-14 18:00:00,10.0
3211,2025-05-14 19:00:00,26.09
3212,2025-05-14 20:00:00,46.5
3213,2025-05-14 21:00:00,64.03
3214,2025-05-14 22:00:00,61.51
3215,2025-05-14 23:00:00,40.14
3216,2025-05-15 00:00:00,32.95
3217,2025-05-15 01:00:00,19.71
3218,2025-05-15 02:00:00,18.47
3219,2025-05-15 03:00:00,10.55
3220,2025-05-15 04:00:00,10.63
3221,2025-05-15 05:00:00,16.26
3222,2025-05-15 06:00:00,20.0
3223,2025-05-15 07:00:00,35.01
3224,2025-05-15 08:00:00,34.11
3225,2025-05-15 09:00:00,17.0
3226,2025-05-15 10:00:00,21.56
3227,2025-05-15 11:00:00,17.65
3228,2025-05-15 12:00:00,17.13
3229,2025-05-15 13:00:00,15.85
3230,2025-05-15 14:00:00,15.85
3231,2025-05-15 15:00:00,15.85
3232,2025-05-15 16:00:00,15.85
3233,2025-05-15 17:00:00,15.85
3234,2025-05-15 18:00:00,15.85
3235,2025-05-15 19:00:00,3.5
3236,2025-05-15 20:00:00,18.57
3237,2025-05-15 21:00:00,35.01
3238,2025-05-15 22:00:00,30.64
3239,2025-05-15 23:00:00,19.98
3240,2025-05-16 00:00:00,5.11
3241,2025-05-16 01:00:00,5.0
3242,2025-05-16 02:00:00,6.0
3243,2025-05-16 03:00:00,3.6
3244,2025-05-16 04:00:00,3.28
3245,2025-05-16 05:00:00,4.75
3246,2025-05-16 06:00:00,6.0
3247,2025-05-16 07:00:00,10.0
3248,2025-05-16 08:00:00,0.01
3249,2025-05-16 09:00:00,10.5
3250,2025-05-16 10:00:00,14.09
3251,2025-05-16 11:00:00,14.09
3252,2025-05-16 12:00:00,13.88
3253,2025-05-16 13:00:00,14.09
3254,2025-05-16 14:00:00,14.09
3255,2025-05-16 15:00:00,14.09
3256,2025-05-16 16:00:00,14.09
3257,2025-05-16 17:00:00,14.3
3258,2025-05-16 18:00:00,15.85
3259,2025-05-16 19:00:00,13.76
3260,2025-05-16 20:00:00,18.04
3261,2025-05-16 21:00:00,35.09
3262,2025-05-16 22:00:00,41.21
3263,2025-05-16 23:00:00,35.01
3264,2025-05-17 00:00:00,21.23
3265,2025-05-17 01:00:00,13.53
3266,2025-05-17 02:00:00,12.68
3267,2025-05-17 03:00:00,14.26
3268,2025-05-17 04:00:00,12.82
3269,2025-05-17 05:00:00,19.0
3270,2025-05-17 06:00:00,21.79
3271,2025-05-17 07:00:00,20.23
3272,2025-05-17 08:00:00,6.09
3273,2025-05-17 09:00:00,6.09
3274,2025-05-17 10:00:00,5.88
3275,2025-05-17 11:00:00,5.48
3276,2025-05-17 12:00:00,5.1
3277,2025-05-17 13:00:00,5.1
3278,2025-05-17 14:00:00,5.0
3279,2025-05-17 15:00:00,5.1
3280,2025-05-17 16:00:00,5.2
3281,2025-05-17 17:00:00,5.88
3282,2025-05-17 18:00:00,6.3
3283,2025-05-17 19:00:00,6.09
3284,2025-05-17 20:00:00,26.56
3285,2025-05-17 21:00:00,52.5
3286,2025-05-17 22:00:00,57.12
3287,2025-05-17 23:00:00,41.28
3288,2025-05-18 00:00:00,37.0
3289,2025-05-18 01:00:00,21.73
3290,2025-05-18 02:00:00,15.49
3291,2025-05-18 03:00:00,15.0
3292,2025-05-18 04:00:00,13.9
3293,2025-05-18 05:00:00,15.79
3294,2025-05-18 06:00:00,14.5
3295,2025-05-18 07:00:00,8.99
3296,2025-05-18 08:00:00,0.01
3297,2025-05-18 09:00:00,5.59
3298,2025-05-18 10:00:00,5.59
3299,2025-05-18 11:00:00,5.38
3300,2025-05-18 12:00:00,5.0
3301,2025-05-18 13:00:00,4.31
3302,2025-05-18 14:00:00,0.0
3303,2025-05-18 15:00:00,-0.02
3304,2025-05-18 16:00:00,-1.0
3305,2025-05-18 17:00:00,-0.02
3306,2025-05-18 18:00:00,-0.01
3307,2025-05-18 19:00:00,0.28
3308,2025-05-18 20:00:00,7.44
3309,2025-05-18 21:00:00,37.0
3310,2025-05-18 22:00:00,40.7
3311,2025-05-18 23:00:00,33.96
3312,2025-05-19 00:00:00,20.82
3313,2025-05-19 01:00:00,18.02
3314,2025-05-19 02:00:00,13.83
3315,2025-05-19 03:00:00,14.0
3316,2025-05-19 04:00:00,10.63
3317,2025-05-19 05:00:00,19.94
3318,2025-05-19 06:00:00,25.95
3319,2025-05-19 07:00:00,32.41
3320,2025-05-19 08:00:00,22.0
3321,2025-05-19 09:00:00,5.41
3322,2025-05-19 10:00:00,5.8
3323,2025-05-19 11:00:00,5.59
3324,2025-05-19 12:00:00,5.38
3325,2025-05-19 13:00:00,5.38
3326,2025-05-19 14:00:00,4.31
3327,2025-05-19 15:00:00,4.31
3328,2025-05-19 16:00:00,4.0
3329,2025-05-19 17:00:00,2.4
3330,2025-05-19 18:00:00,2.2
3331,2025-05-19 19:00:00,4.0
3332,2025-05-19 20:00:00,22.2
3333,2025-05-19 21:00:00,37.94
3334,2025-05-19 22:00:00,37.22
3335,2025-05-19 23:00:00,29.86
3336,2025-05-20 00:00:00,20.53
3337,2025-05-20 01:00:00,16.93
3338,2025-05-20 02:00:00,13.58
3339,2025-05-20 03:00:00,7.74
3340,2025-05-20 04:00:00,7.0
3341,2025-05-20 05:00:00,18.26
3342,2025-05-20 06:00:00,25.66
3343,2025-05-20 07:00:00,35.09
3344,2025-05-20 08:00:00,20.2
3345,2025-05-20 09:00:00,20.0
3346,2025-05-20 10:00:00,19.26
3347,2025-05-20 11:00:00,5.8
3348,2025-05-20 12:00:00,5.59
3349,2025-05-20 13:00:00,5.38
3350,2025-05-20 14:00:00,5.38
3351,2025-05-20 15:00:00,4.31
3352,2025-05-20 16:00:00,4.31
3353,2025-05-20 17:00:00,4.31
3354,2025-05-20 18:00:00,1.5
3355,2025-05-20 19:00:00,3.52
3356,2025-05-20 20:00:00,25.96
3357,2025-05-20 21:00:00,53.91
3358,2025-05-20 22:00:00,54.0
3359,2025-05-20 23:00:00,35.01
3360,2025-05-21 00:00:00,35.0
3361,2025-05-21 01:00:00,30.2
3362,2025-05-21 02:00:00,28.65
3363,2025-05-21 03:00:00,22.03
3364,2025-05-21 04:00:00,26.72
3365,2025-05-21 05:00:00,30.2
3366,2025-05-21 06:00:00,35.09
3367,2025-05-21 07:00:00,49.7
3368,2025-05-21 08:00:00,35.01
3369,2025-05-21 09:00:00,20.93
3370,2025-05-21 10:00:00,20.93
3371,2025-05-21 11:00:00,17.83
3372,2025-05-21 12:00:00,5.79
3373,2025-05-21 13:00:00,5.3
3374,2025-05-21 14:00:00,5.09
3375,2025-05-21 15:00:00,5.09
3376,2025-05-21 16:00:00,4.88
3377,2025-05-21 17:00:00,4.88
3378,2025-05-21 18:00:00,5.09
3379,2025-05-21 19:00:00,5.79
3380,2025-05-21 20:00:00,34.94
3381,2025-05-21 21:00:00,51.39
3382,2025-05-21 22:00:00,41.93
3383,2025-05-21 23:00:00,27.23
3384,2025-05-22 00:00:00,13.06
3385,2025-05-22 01:00:00,11.0
3386,2025-05-22 02:00:00,7.0
3387,2025-05-22 03:00:00,5.11
3388,2025-05-22 04:00:00,5.11
3389,2025-05-22 05:00:00,5.11
3390,2025-05-22 06:00:00,6.0
3391,2025-05-22 07:00:00,12.1
3392,2025-05-22 08:00:00,0.65
3393,2025-05-22 09:00:00,5.79
3394,2025-05-22 10:00:00,5.76
3395,2025-05-22 11:00:00,5.09
3396,2025-05-22 12:00:00,5.09
3397,2025-05-22 13:00:00,4.88
3398,2025-05-22 14:00:00,4.63
3399,2025-05-22 15:00:00,4.63
3400,2025-05-22 16:00:00,4.63
3401,2025-05-22 17:00:00,4.63
3402,2025-05-22 18:00:00,4.88
3403,2025-05-22 19:00:00,5.09
3404,2025-05-22 20:00:00,3.6
3405,2025-05-22 21:00:00,24.42
3406,2025-05-22 22:00:00,12.82
3407,2025-05-22 23:00:00,5.0
3408,2025-05-23 00:00:00,9.22
3409,2025-05-23 01:00:00,7.69
3410,2025-05-23 02:00:00,9.37
3411,2025-05-23 03:00:00,5.8
3412,2025-05-23 04:00:00,5.11
3413,2025-05-23 05:00:00,4.9
3414,2025-05-23 06:00:00,5.66
3415,2025-05-23 07:00:00,12.34
3416,2025-05-23 08:00:00,4.23
3417,2025-05-23 09:00:00,4.69
3418,2025-05-23 10:00:00,4.9
3419,2025-05-23 11:00:00,4.69
3420,2025-05-23 12:00:00,5.76
3421,2025-05-23 13:00:00,4.9
3422,2025-05-23 14:00:00,4.69
3423,2025-05-23 15:00:00,4.9
3424,2025-05-23 16:00:00,4.69
3425,2025-05-23 17:00:00,4.9
3426,2025-05-23 18:00:00,5.66
3427,2025-05-23 19:00:00,4.69
3428,2025-05-23 20:00:00,5.76
3429,2025-05-23 21:00:00,31.0
3430,2025-05-23 22:00:00,17.94
3431,2025-05-23 23:00:00,12.58
3432,2025-05-24 00:00:00,14.0
3433,2025-05-24 01:00:00,12.0
3434,2025-05-24 02:00:00,10.93
3435,2025-05-24 03:00:00,10.34
3436,2025-05-24 04:00:00,9.56
3437,2025-05-24 05:00:00,9.99
3438,2025-05-24 06:00:00,13.32
3439,2025-05-24 07:00:00,6.0
3440,2025-05-24 08:00:00,3.28
3441,2025-05-24 09:00:00,5.73
3442,2025-05-24 10:00:00,5.1
3443,2025-05-24 11:00:00,4.89
3444,2025-05-24 12:00:00,4.89
3445,2025-05-24 13:00:00,4.89
3446,2025-05-24 14:00:00,4.68
3447,2025-05-24 15:00:00,4.31
3448,2025-05-24 16:00:00,4.31
3449,2025-05-24 17:00:00,4.68
3450,2025-05-24 18:00:00,4.89
3451,2025-05-24 19:00:00,4.89
3452,2025-05-24 20:00:00,17.72
3453,2025-05-24 21:00:00,36.1
3454,2025-05-24 22:00:00,52.0
3455,2025-05-24 23:00:00,37.0
3456,2025-05-25 00:00:00,30.0
3457,2025-05-25 01:00:00,21.0
3458,2025-05-25 02:00:00,18.66
3459,2025-05-25 03:00:00,17.08
3460,2025-05-25 04:00:00,16.01
3461,2025-05-25 05:00:00,15.1
3462,2025-05-25 06:00:00,15.5
3463,2025-05-25 07:00:00,5.71
3464,2025-05-25 08:00:00,0.01
3465,2025-05-25 09:00:00,4.89
3466,2025-05-25 10:00:00,4.68
3467,2025-05-25 11:00:00,4.43
3468,2025-05-25 12:00:00,4.41
3469,2025-05-25 13:00:00,4.31
3470,2025-05-25 14:00:00,0.1
3471,2025-05-25 15:00:00,0.01
3472,2025-05-25 16:00:00,0.0
3473,2025-05-25 17:00:00,0.0
3474,2025-05-25 18:00:00,0.05
3475,2025-05-25 19:00:00,3.66
3476,2025-05-25 20:00:00,17.03
3477,2025-05-25 21:00:00,26.71
3478,2025-05-25 22:00:00,35.01
3479,2025-05-25 23:00:00,20.17
3480,2025-05-26 00:00:00,26.25
3481,2025-05-26 01:00:00,18.04
3482,2025-05-26 02:00:00,16.64
3483,2025-05-26 03:00:00,14.43
3484,2025-05-26 04:00:00,16.4
3485,2025-05-26 05:00:00,20.0
3486,2025-05-26 06:00:00,25.78
3487,2025-05-26 07:00:00,35.01
3488,2025-05-26 08:00:00,25.3
3489,2025-05-26 09:00:00,14.31
3490,2025-05-26 10:00:00,5.79
3491,2025-05-26 11:00:00,4.31
3492,2025-05-26 12:00:00,4.31
3493,2025-05-26 13:00:00,3.89
3494,2025-05-26 14:00:00,3.68
3495,2025-05-26 15:00:00,3.89
3496,2025-05-26 16:00:00,3.89
3497,2025-05-26 17:00:00,3.89
3498,2025-05-26 18:00:00,3.89
3499,2025-05-26 19:00:00,5.11
3500,2025-05-26 20:00:00,35.09
3501,2025-05-26 21:00:00,76.06
3502,2025-05-26 22:00:00,60.14
3503,2025-05-26 23:00:00,35.33
3504,2025-05-27 00:00:00,35.01
3505,2025-05-27 01:00:00,30.5
3506,2025-05-27 02:00:00,22.46
3507,2025-05-27 03:00:00,20.0
3508,2025-05-27 04:00:00,21.03
3509,2025-05-27 05:00:00,26.01
3510,2025-05-27 06:00:00,33.44
3511,2025-05-27 07:00:00,36.26
3512,2025-05-27 08:00:00,33.0
3513,2025-05-27 09:00:00,19.81
3514,2025-05-27 10:00:00,14.89
3515,2025-05-27 11:00:00,14.68
3516,2025-05-27 12:00:00,9.51
3517,2025-05-27 13:00:00,9.51
3518,2025-05-27 14:00:00,9.51
3519,2025-05-27 15:00:00,9.51
3520,2025-05-27 16:00:00,9.51
3521,2025-05-27 17:00:00,9.51
3522,2025-05-27 18:00:00,9.51
3523,2025-05-27 19:00:00,32.5
3524,2025-05-27 20:00:00,49.56
3525,2025-05-27 21:00:00,111.16
3526,2025-05-27 22:00:00,100.0
3527,2025-05-27 23:00:00,75.31
3528,2025-05-28 00:00:00,35.01
3529,2025-05-28 01:00:00,30.5
3530,2025-05-28 02:00:00,33.27
3531,2025-05-28 03:00:00,32.02
3532,2025-05-28 04:00:00,32.0
3533,2025-05-28 05:00:00,31.08
3534,2025-05-28 06:00:00,35.01
3535,2025-05-28 07:00:00,54.88
3536,2025-05-28 08:00:00,35.01
3537,2025-05-28 09:00:00,29.88
3538,2025-05-28 10:00:00,18.48
3539,2025-05-28 11:00:00,13.89
3540,2025-05-28 12:00:00,13.68
3541,2025-05-28 13:00:00,13.43
3542,2025-05-28 14:00:00,9.51
3543,2025-05-28 15:00:00,13.43
3544,2025-05-28 16:00:00,13.43
3545,2025-05-28 17:00:00,13.68
3546,2025-05-28 18:00:00,14.1
3547,2025-05-28 19:00:00,29.5
3548,2025-05-28 20:00:00,55.18
3549,2025-05-28 21:00:00,96.0
3550,2025-05-28 22:00:00,100.86
3551,2025-05-28 23:00:00,54.88
3552,2025-05-29 00:00:00,49.63
3553,2025-05-29 01:00:00,39.0
3554,2025-05-29 02:00:00,43.81
3555,2025-05-29 03:00:00,39.22
3556,2025-05-29 04:00:00,38.24
3557,2025-05-29 05:00:00,40.01
3558,2025-05-29 06:00:00,37.95
3559,2025-05-29 07:00:00,45.0
3560,2025-05-29 08:00:00,38.24
3561,2025-05-29 09:00:00,33.5
3562,2025-05-29 10:00:00,16.1
3563,2025-05-29 11:00:00,15.68
3564,2025-05-29 12:00:00,15.43
3565,2025-05-29 13:00:00,13.0
3566,2025-05-29 14:00:00,9.51
3567,2025-05-29 15:00:00,10.0
3568,2025-05-29 16:00:00,14.0
3569,2025-05-29 17:00:00,15.68
3570,2025-05-29 18:00:00,17.77
3571,2025-05-29 19:00:00,36.13
3572,2025-05-29 20:00:00,71.63
3573,2025-05-29 21:00:00,134.99
3574,2025-05-29 22:00:00,119.02
3575,2025-05-29 23:00:00,70.9
3576,2025-05-30 00:00:00,55.0
3577,2025-05-30 01:00:00,53.1
3578,2025-05-30 02:00:00,47.7
3579,2025-05-30 03:00:00,45.78
3580,2025-05-30 04:00:00,45.54
3581,2025-05-30 05:00:00,46.08
3582,2025-05-30 06:00:00,49.55
3583,2025-05-30 07:00:00,68.38
3584,2025-05-30 08:00:00,53.01
3585,2025-05-30 09:00:00,46.08
3586,2025-05-30 10:00:00,24.25
3587,2025-05-30 11:00:00,16.1
3588,2025-05-30 12:00:00,15.95
3589,2025-05-30 13:00:00,15.68
3590,2025-05-30 14:00:00,15.43
3591,2025-05-30 15:00:00,15.43
3592,2025-05-30 16:00:00,15.43
3593,2025-05-30 17:00:00,15.89
3594,2025-05-30 18:00:00,45.36
3595,2025-05-30 19:00:00,55.28
3596,2025-05-30 20:00:00,100.29
3597,2025-05-30 21:00:00,120.59
3598,2025-05-30 22:00:00,130.19
3599,2025-05-30 23:00:00,103.35
3600,2025-05-31 00:00:00,107.0
3601,2025-05-31 01:00:00,89.74
3602,2025-05-31 02:00:00,70.55
3603,2025-05-31 03:00:00,72.0
3604,2025-05-31 04:00:00,83.61
3605,2025-05-31 05:00:00,80.0
3606,2025-05-31 06:00:00,83.61
3607,2025-05-31 07:00:00,64.31
3608,2025-05-31 08:00:00,33.55
3609,2025-05-31 09:00:00,25.01
3610,2025-05-31 10:00:00,16.89
3611,2025-05-31 11:00:00,16.43
3612,2025-05-31 12:00:00,6.55
3613,2025-05-31 13:00:00,5.99
3614,2025-05-31 14:00:00,4.31
3615,2025-05-31 15:00:00,4.31
3616,2025-05-31 16:00:00,4.31
3617,2025-05-31 17:00:00,5.76
3618,2025-05-31 18:00:00,5.99
3619,2025-05-31 19:00:00,31.78
3620,2025-05-31 20:00:00,62.0
3621,2025-05-31 21:00:00,64.31
3622,2025-05-31 22:00:00,74.44
3623,2025-05-31 23:00:00,63.5
3624,2025-06-01 00:00:00,60.0
3625,2025-06-01 01:00:00,36.07
3626,2025-06-01 02:00:00,35.01
3627,2025-06-01 03:00:00,34.95
3628,2025-06-01 04:00:00,34.43
3629,2025-06-01 05:00:00,35.0
3630,2025-06-01 06:00:00,35.01
3631,2025-06-01 07:00:00,32.22
3632,2025-06-01 08:00:00,2.4
3633,2025-06-01 09:00:00,18.43
3634,2025-06-01 10:00:00,15.01
3635,2025-06-01 11:00:00,7.0
3636,2025-06-01 12:00:00,6.55
3637,2025-06-01 13:00:00,6.55
3638,2025-06-01 14:00:00,5.99
3639,2025-06-01 15:00:00,5.79
3640,2025-06-01 16:00:00,5.76
3641,2025-06-01 17:00:00,5.99
3642,2025-06-01 18:00:00,6.55
3643,2025-06-01 19:00:00,22.82
3644,2025-06-01 20:00:00,35.01
3645,2025-06-01 21:00:00,40.55
3646,2025-06-01 22:00:00,53.96
3647,2025-06-01 23:00:00,40.41
3648,2025-06-02 00:00:00,30.24
3649,2025-06-02 01:00:00,27.25
3650,2025-06-02 02:00:00,26.66
3651,2025-06-02 03:00:00,19.1
3652,2025-06-02 04:00:00,20.01
3653,2025-06-02 05:00:00,18.89
3654,2025-06-02 06:00:00,35.01
3655,2025-06-02 07:00:00,45.59
3656,2025-06-02 08:00:00,52.96
3657,2025-06-02 09:00:00,42.66
3658,2025-06-02 10:00:00,25.01
3659,2025-06-02 11:00:00,18.89
3660,2025-06-02 12:00:00,18.68
3661,2025-06-02 13:00:00,15.01
3662,2025-06-02 14:00:00,7.0
3663,2025-06-02 15:00:00,15.01
3664,2025-06-02 16:00:00,6.55
3665,2025-06-02 17:00:00,6.55
3666,2025-06-02 18:00:00,14.9
3667,2025-06-02 19:00:00,40.3
3668,2025-06-02 20:00:00,88.05
3669,2025-06-02 21:00:00,100.0
3670,2025-06-02 22:00:00,98.21
3671,2025-06-02 23:00:00,66.5
3672,2025-06-03 00:00:00,80.0
3673,2025-06-03 01:00:00,69.76
3674,2025-06-03 02:00:00,69.76
3675,2025-06-03 03:00:00,69.76
3676,2025-06-03 04:00:00,69.76
3677,2025-06-03 05:00:00,80.95
3678,2025-06-03 06:00:00,95.94
3679,2025-06-03 07:00:00,107.61
3680,2025-06-03 08:00:00,82.0
3681,2025-06-03 09:00:00,52.0
3682,2025-06-03 10:00:00,31.45
3683,2025-06-03 11:00:00,17.78
3684,2025-06-03 12:00:00,15.4
3685,2025-06-03 13:00:00,6.55
3686,2025-06-03 14:00:00,5.99
3687,2025-06-03 15:00:00,5.99
3688,2025-06-03 16:00:00,5.79
3689,2025-06-03 17:00:00,5.79
3690,2025-06-03 18:00:00,17.71
3691,2025-06-03 19:00:00,38.57
3692,2025-06-03 20:00:00,53.1
3693,2025-06-03 21:00:00,108.27
3694,2025-06-03 22:00:00,108.78
3695,2025-06-03 23:00:00,96.05
3696,2025-06-04 00:00:00,89.6
3697,2025-06-04 01:00:00,80.71
3698,2025-06-04 02:00:00,75.14
3699,2025-06-04 03:00:00,75.0
3700,2025-06-04 04:00:00,74.52
3701,2025-06-04 05:00:00,82.13
3702,2025-06-04 06:00:00,98.22
3703,2025-06-04 07:00:00,105.0
3704,2025-06-04 08:00:00,78.1
3705,2025-06-04 09:00:00,59.85
3706,2025-06-04 10:00:00,53.6
3707,2025-06-04 11:00:00,35.1
3708,2025-06-04 12:00:00,34.68
3709,2025-06-04 13:00:00,28.0
3710,2025-06-04 14:00:00,15.01
3711,2025-06-04 15:00:00,26.35
3712,2025-06-04 16:00:00,11.45
3713,2025-06-04 17:00:00,18.99
3714,2025-06-04 18:00:00,28.04
3715,2025-06-04 19:00:00,60.0
3716,2025-06-04 20:00:00,108.38
3717,2025-06-04 21:00:00,127.01
3718,2025-06-04 22:00:00,123.46
3719,2025-06-04 23:00:00,99.38
3720,2025-06-05 00:00:00,110.73
3721,2025-06-05 01:00:00,96.0
3722,2025-06-05 02:00:00,94.25
3723,2025-06-05 03:00:00,92.28
3724,2025-06-05 04:00:00,92.28
3725,2025-06-05 05:00:00,93.86
3726,2025-06-05 06:00:00,101.27
3727,2025-06-05 07:00:00,111.24
3728,2025-06-05 08:00:00,82.13
3729,2025-06-05 09:00:00,39.1
3730,2025-06-05 10:00:00,34.68
3731,2025-06-05 11:00:00,29.34
3732,2025-06-05 12:00:00,25.15
3733,2025-06-05 13:00:00,25.15
3734,2025-06-05 14:00:00,5.79
3735,2025-06-05 15:00:00,5.79
3736,2025-06-05 16:00:00,5.0
3737,2025-06-05 17:00:00,5.79
3738,2025-06-05 18:00:00,25.15
3739,2025-06-05 19:00:00,52.85
3740,2025-06-05 20:00:00,99.77
3741,2025-06-05 21:00:00,140.34
3742,2025-06-05 22:00:00,142.03
3743,2025-06-05 23:00:00,118.24
3744,2025-06-06 00:00:00,130.05
3745,2025-06-06 01:00:00,127.93
3746,2025-06-06 02:00:00,118.24
3747,2025-06-06 03:00:00,112.75
3748,2025-06-06 04:00:00,112.24
3749,2025-06-06 05:00:00,113.77
3750,2025-06-06 06:00:00,123.26
3751,2025-06-06 07:00:00,126.83
3752,2025-06-06 08:00:00,123.26
3753,2025-06-06 09:00:00,57.03
3754,2025-06-06 10:00:00,16.98
3755,2025-06-06 11:00:00,15.73
3756,2025-06-06 12:00:00,5.79
3757,2025-06-06 13:00:00,5.76
3758,2025-06-06 14:00:00,4.31
3759,2025-06-06 15:00:00,4.31
3760,2025-06-06 16:00:00,4.31
3761,2025-06-06 17:00:00,4.31
3762,2025-06-06 18:00:00,14.34
3763,2025-06-06 19:00:00,44.69
3764,2025-06-06 20:00:00,105.0
3765,2025-06-06 21:00:00,135.01
3766,2025-06-06 22:00:00,140.34
3767,2025-06-06 23:00:00,121.35
3768,2025-06-07 00:00:00,112.84
3769,2025-06-07 01:00:00,103.77
3770,2025-06-07 02:00:00,101.57
3771,2025-06-07 03:00:00,100.59
3772,2025-06-07 04:00:00,100.59
3773,2025-06-07 05:00:00,101.57
3774,2025-06-07 06:00:00,104.0
3775,2025-06-07 07:00:00,93.8
3776,2025-06-07 08:00:00,22.2
3777,2025-06-07 09:00:00,14.89
3778,2025-06-07 10:00:00,2.5
3779,2025-06-07 11:00:00,1.51
3780,2025-06-07 12:00:00,1.5
3781,2025-06-07 13:00:00,1.5
3782,2025-06-07 14:00:00,0.05
3783,2025-06-07 15:00:00,0.0
3784,2025-06-07 16:00:00,-1.01
3785,2025-06-07 17:00:00,-0.6
3786,2025-06-07 18:00:00,0.0
3787,2025-06-07 19:00:00,4.31
3788,2025-06-07 20:00:00,45.0
3789,2025-06-07 21:00:00,110.2
3790,2025-06-07 22:00:00,104.0
3791,2025-06-07 23:00:00,90.0
3792,2025-06-08 00:00:00,79.47
3793,2025-06-08 01:00:00,78.49
3794,2025-06-08 02:00:00,79.0
3795,2025-06-08 03:00:00,65.0
3796,2025-06-08 04:00:00,65.0
3797,2025-06-08 05:00:00,65.0
3798,2025-06-08 06:00:00,64.36
3799,2025-06-08 07:00:00,22.02
3800,2025-06-08 08:00:00,0.83
3801,2025-06-08 09:00:00,2.39
3802,2025-06-08 10:00:00,1.93
3803,2025-06-08 11:00:00,1.93
3804,2025-06-08 12:00:00,1.93
3805,2025-06-08 13:00:00,2.18
3806,2025-06-08 14:00:00,1.93
3807,2025-06-08 15:00:00,1.51
3808,2025-06-08 16:00:00,0.99
3809,2025-06-08 17:00:00,1.5
3810,2025-06-08 18:00:00,2.18
3811,2025-06-08 19:00:00,12.3
3812,2025-06-08 20:00:00,86.78
3813,2025-06-08 21:00:00,108.78
3814,2025-06-08 22:00:00,109.29
3815,2025-06-08 23:00:00,98.8
3816,2025-06-09 00:00:00,90.6
3817,2025-06-09 01:00:00,77.94
3818,2025-06-09 02:00:00,77.94
3819,2025-06-09 03:00:00,80.0
3820,2025-06-09 04:00:00,82.86
3821,2025-06-09 05:00:00,87.35
3822,2025-06-09 06:00:00,102.25
3823,2025-06-09 07:00:00,107.06
3824,2025-06-09 08:00:00,85.01
3825,2025-06-09 09:00:00,20.1
3826,2025-06-09 10:00:00,12.6
3827,2025-06-09 11:00:00,12.18
3828,2025-06-09 12:00:00,11.93
3829,2025-06-09 13:00:00,11.93
3830,2025-06-09 14:00:00,5.79
3831,2025-06-09 15:00:00,6.0
3832,2025-06-09 16:00:00,5.57
3833,2025-06-09 17:00:00,12.39
3834,2025-06-09 18:00:00,50.0
3835,2025-06-09 19:00:00,90.0
3836,2025-06-09 20:00:00,113.76
3837,2025-06-09 21:00:00,135.0
3838,2025-06-09 22:00:00,124.1
3839,2025-06-09 23:00:00,114.27
3840,2025-06-10 00:00:00,118.97
3841,2025-06-10 01:00:00,114.99
3842,2025-06-10 02:00:00,114.4
3843,2025-06-10 03:00:00,113.01
3844,2025-06-10 04:00:00,113.03
3845,2025-06-10 05:00:00,113.2
3846,2025-06-10 06:00:00,114.4
3847,2025-06-10 07:00:00,117.0
3848,2025-06-10 08:00:00,114.99
3849,2025-06-10 09:00:00,111.72
3850,2025-06-10 10:00:00,105.0
3851,2025-06-10 11:00:00,87.47
3852,2025-06-10 12:00:00,56.6
3853,2025-06-10 13:00:00,56.0
3854,2025-06-10 14:00:00,55.4
3855,2025-06-10 15:00:00,54.88
3856,2025-06-10 16:00:00,55.01
3857,2025-06-10 17:00:00,93.35
3858,2025-06-10 18:00:00,105.0
3859,2025-06-10 19:00:00,110.7
3860,2025-06-10 20:00:00,119.58
3861,2025-06-10 21:00:00,124.35
3862,2025-06-10 22:00:00,121.18
3863,2025-06-10 23:00:00,114.4
3864,2025-06-11 00:00:00,111.89
3865,2025-06-11 01:00:00,108.56
3866,2025-06-11 02:00:00,106.07
3867,2025-06-11 03:00:00,106.02
3868,2025-06-11 04:00:00,104.0
3869,2025-06-11 05:00:00,106.02
3870,2025-06-11 06:00:00,107.49
3871,2025-06-11 07:00:00,110.63
3872,2025-06-11 08:00:00,109.58
3873,2025-06-11 09:00:00,101.27
3874,2025-06-11 10:00:00,82.28
3875,2025-06-11 11:00:00,49.99
3876,2025-06-11 12:00:00,14.28
3877,2025-06-11 13:00:00,5.0
3878,2025-06-11 14:00:00,3.52
3879,2025-06-11 15:00:00,1.1
3880,2025-06-11 16:00:00,2.5
3881,2025-06-11 17:00:00,3.0
3882,2025-06-11 18:00:00,15.0
3883,2025-06-11 19:00:00,74.0
3884,2025-06-11 20:00:00,105.01
3885,2025-06-11 21:00:00,115.5
3886,2025-06-11 22:00:00,114.81
3887,2025-06-11 23:00:00,109.58
3888,2025-06-12 00:00:00,104.59
3889,2025-06-12 01:00:00,99.97
3890,2025-06-12 02:00:00,95.11
3891,2025-06-12 03:00:00,93.94
3892,2025-06-12 04:00:00,93.94
3893,2025-06-12 05:00:00,98.27
3894,2025-06-12 06:00:00,102.98
3895,2025-06-12 07:00:00,103.8
3896,2025-06-12 08:00:00,90.0
3897,2025-06-12 09:00:00,23.14
3898,2025-06-12 10:00:00,15.47
3899,2025-06-12 11:00:00,15.19
3900,2025-06-12 12:00:00,14.14
3901,2025-06-12 13:00:00,4.31
3902,2025-06-12 14:00:00,5.0
3903,2025-06-12 15:00:00,5.76
3904,2025-06-12 16:00:00,5.0
3905,2025-06-12 17:00:00,4.31
3906,2025-06-12 18:00:00,15.27
3907,2025-06-12 19:00:00,89.6
3908,2025-06-12 20:00:00,104.01
3909,2025-06-12 21:00:00,131.71
3910,2025-06-12 22:00:00,140.64
3911,2025-06-12 23:00:00,117.96
3912,2025-06-13 00:00:00,126.84
3913,2025-06-13 01:00:00,119.08
3914,2025-06-13 02:00:00,113.98
3915,2025-06-13 03:00:00,112.33
3916,2025-06-13 04:00:00,111.35
3917,2025-06-13 05:00:00,111.35
3918,2025-06-13 06:00:00,113.89
3919,2025-06-13 07:00:00,113.86
3920,2025-06-13 08:00:00,112.47
3921,2025-06-13 09:00:00,50.0
3922,2025-06-13 10:00:00,19.23
3923,2025-06-13 11:00:00,16.47
3924,2025-06-13 12:00:00,14.14
3925,2025-06-13 13:00:00,4.31
3926,2025-06-13 14:00:00,5.0
3927,2025-06-13 15:00:00,4.31
3928,2025-06-13 16:00:00,4.31
3929,2025-06-13 17:00:00,4.31
3930,2025-06-13 18:00:00,17.43
3931,2025-06-13 19:00:00,90.4
3932,2025-06-13 20:00:00,105.47
3933,2025-06-13 21:00:00,120.58
3934,2025-06-13 22:00:00,120.98
3935,2025-06-13 23:00:00,113.98
3936,2025-06-14 00:00:00,110.02
3937,2025-06-14 01:00:00,109.7
3938,2025-06-14 02:00:00,109.8
3939,2025-06-14 03:00:00,108.98
3940,2025-06-14 04:00:00,109.0
3941,2025-06-14 05:00:00,109.7
3942,2025-06-14 06:00:00,109.73
3943,2025-06-14 07:00:00,104.9
3944,2025-06-14 08:00:00,51.21
3945,2025-06-14 09:00:00,11.14
3946,2025-06-14 10:00:00,3.14
3947,2025-06-14 11:00:00,1.99
3948,2025-06-14 12:00:00,1.99
3949,2025-06-14 13:00:00,2.73
3950,2025-06-14 14:00:00,1.99
3951,2025-06-14 15:00:00,0.05
3952,2025-06-14 16:00:00,-0.37
3953,2025-06-14 17:00:00,0.65
3954,2025-06-14 18:00:00,5.0
3955,2025-06-14 19:00:00,36.27
3956,2025-06-14 20:00:00,86.0
3957,2025-06-14 21:00:00,101.96
3958,2025-06-14 22:00:00,105.88
3959,2025-06-14 23:00:00,100.98
3960,2025-06-15 00:00:00,87.47
3961,2025-06-15 01:00:00,62.0
3962,2025-06-15 02:00:00,38.7
3963,2025-06-15 03:00:00,34.7
3964,2025-06-15 04:00:00,24.35
3965,2025-06-15 05:00:00,20.0
3966,2025-06-15 06:00:00,18.47
3967,2025-06-15 07:00:00,15.13
3968,2025-06-15 08:00:00,2.73
3969,2025-06-15 09:00:00,0.0
3970,2025-06-15 10:00:00,0.0
3971,2025-06-15 11:00:00,0.05
3972,2025-06-15 12:00:00,1.21
3973,2025-06-15 13:00:00,2.73
3974,2025-06-15 14:00:00,1.99
3975,2025-06-15 15:00:00,1.99
3976,2025-06-15 16:00:00,0.05
3977,2025-06-15 17:00:00,1.99
3978,2025-06-15 18:00:00,3.14
3979,2025-06-15 19:00:00,13.02
3980,2025-06-15 20:00:00,53.55
3981,2025-06-15 21:00:00,76.85
3982,2025-06-15 22:00:00,78.43
3983,2025-06-15 23:00:00,53.97
3984,2025-06-16 00:00:00,32.74
3985,2025-06-16 01:00:00,19.96
3986,2025-06-16 02:00:00,16.58
3987,2025-06-16 03:00:00,13.27
3988,2025-06-16 04:00:00,15.0
3989,2025-06-16 05:00:00,24.76
3990,2025-06-16 06:00:00,60.0
3991,2025-06-16 07:00:00,71.6
3992,2025-06-16 08:00:00,58.49
3993,2025-06-16 09:00:00,20.0
3994,2025-06-16 10:00:00,14.73
3995,2025-06-16 11:00:00,15.01
3996,2025-06-16 12:00:00,15.73
3997,2025-06-16 13:00:00,15.73
3998,2025-06-16 14:00:00,15.73
3999,2025-06-16 15:00:00,15.73
4000,2025-06-16 16:00:00,17.73
4001,2025-06-16 17:00:00,47.69
4002,2025-06-16 18:00:00,101.64
4003,2025-06-16 19:00:00,117.2
4004,2025-06-16 20:00:00,125.41
4005,2025-06-16 21:00:00,210.0
4006,2025-06-16 22:00:00,166.91
4007,2025-06-16 23:00:00,125.41
4008,2025-06-17 00:00:00,128.64
4009,2025-06-17 01:00:00,124.76
4010,2025-06-17 02:00:00,120.0
4011,2025-06-17 03:00:00,119.82
4012,2025-06-17 04:00:00,120.0
4013,2025-06-17 05:00:00,117.1
4014,2025-06-17 06:00:00,119.82
4015,2025-06-17 07:00:00,124.59
4016,2025-06-17 08:00:00,126.91
4017,2025-06-17 09:00:00,112.96
4018,2025-06-17 10:00:00,72.88
4019,2025-06-17 11:00:00,27.01
4020,2025-06-17 12:00:00,26.01
4021,2025-06-17 13:00:00,22.57
4022,2025-06-17 14:00:00,25.01
4023,2025-06-17 15:00:00,26.01
4024,2025-06-17 16:00:00,27.01
4025,2025-06-17 17:00:00,75.48
4026,2025-06-17 18:00:00,94.78
4027,2025-06-17 19:00:00,115.0
4028,2025-06-17 20:00:00,126.68
4029,2025-06-17 21:00:00,154.76
4030,2025-06-17 22:00:00,152.03
4031,2025-06-17 23:00:00,127.91
4032,2025-06-18 00:00:00,128.37
4033,2025-06-18 01:00:00,123.17
4034,2025-06-18 02:00:00,121.86
4035,2025-06-18 03:00:00,122.11
4036,2025-06-18 04:00:00,123.17
4037,2025-06-18 05:00:00,125.97
4038,2025-06-18 06:00:00,125.07
4039,2025-06-18 07:00:00,128.31
4040,2025-06-18 08:00:00,121.12
4041,2025-06-18 09:00:00,114.68
4042,2025-06-18 10:00:00,80.4
4043,2025-06-18 11:00:00,61.0
4044,2025-06-18 12:00:00,46.01
4045,2025-06-18 13:00:00,41.55
4046,2025-06-18 14:00:00,41.11
4047,2025-06-18 15:00:00,40.01
4048,2025-06-18 16:00:00,51.77
4049,2025-06-18 17:00:00,82.9
4050,2025-06-18 18:00:00,114.67
4051,2025-06-18 19:00:00,123.17
4052,2025-06-18 20:00:00,139.03
4053,2025-06-18 21:00:00,194.56
4054,2025-06-18 22:00:00,166.75
4055,2025-06-18 23:00:00,135.01
4056,2025-06-19 00:00:00,139.01
4057,2025-06-19 01:00:00,131.68
4058,2025-06-19 02:00:00,128.61
4059,2025-06-19 03:00:00,128.31
4060,2025-06-19 04:00:00,128.12
4061,2025-06-19 05:00:00,128.96
4062,2025-06-19 06:00:00,135.01
4063,2025-06-19 07:00:00,139.01
4064,2025-06-19 08:00:00,128.37
4065,2025-06-19 09:00:00,124.19
4066,2025-06-19 10:00:00,114.26
4067,2025-06-19 11:00:00,80.27
4068,2025-06-19 12:00:00,75.75
4069,2025-06-19 13:00:00,70.0
4070,2025-06-19 14:00:00,67.86
4071,2025-06-19 15:00:00,65.0
4072,2025-06-19 16:00:00,76.0
4073,2025-06-19 17:00:00,95.0
4074,2025-06-19 18:00:00,118.18
4075,2025-06-19 19:00:00,123.0
4076,2025-06-19 20:00:00,133.22
4077,2025-06-19 21:00:00,167.55
4078,2025-06-19 22:00:00,164.6
4079,2025-06-19 23:00:00,133.02
4080,2025-06-20 00:00:00,130.78
4081,2025-06-20 01:00:00,127.9
4082,2025-06-20 02:00:00,125.25
4083,2025-06-20 03:00:00,125.25
4084,2025-06-20 04:00:00,124.94
4085,2025-06-20 05:00:00,124.33
4086,2025-06-20 06:00:00,127.97
4087,2025-06-20 07:00:00,128.08
4088,2025-06-20 08:00:00,122.57
4089,2025-06-20 09:00:00,113.94
4090,2025-06-20 10:00:00,86.9
4091,2025-06-20 11:00:00,84.35
4092,2025-06-20 12:00:00,77.0
4093,2025-06-20 13:00:00,72.0
4094,2025-06-20 14:00:00,71.0
4095,2025-06-20 15:00:00,70.0
4096,2025-06-20 16:00:00,81.5
4097,2025-06-20 17:00:00,88.0
4098,2025-06-20 18:00:00,111.79
4099,2025-06-20 19:00:00,128.74
4100,2025-06-20 20:00:00,140.0
4101,2025-06-20 21:00:00,163.49
4102,2025-06-20 22:00:00,159.99
4103,2025-06-20 23:00:00,132.21
4104,2025-06-21 00:00:00,128.89
4105,2025-06-21 01:00:00,126.93
4106,2025-06-21 02:00:00,125.87
4107,2025-06-21 03:00:00,122.86
4108,2025-06-21 04:00:00,122.42
4109,2025-06-21 05:00:00,121.44
4110,2025-06-21 06:00:00,122.86
4111,2025-06-21 07:00:00,115.56
4112,2025-06-21 08:00:00,103.6
4113,2025-06-21 09:00:00,40.0
4114,2025-06-21 10:00:00,2.5
4115,2025-06-21 11:00:00,1.2
4116,2025-06-21 12:00:00,0.0
4117,2025-06-21 13:00:00,0.0
4118,2025-06-21 14:00:00,0.0
4119,2025-06-21 15:00:00,0.0
4120,2025-06-21 16:00:00,0.1
4121,2025-06-21 17:00:00,4.31
4122,2025-06-21 18:00:00,74.27
4123,2025-06-21 19:00:00,109.99
4124,2025-06-21 20:00:00,126.34
4125,2025-06-21 21:00:00,134.93
4126,2025-06-21 22:00:00,138.81
4127,2025-06-21 23:00:00,126.07
4128,2025-06-22 00:00:00,124.24
4129,2025-06-22 01:00:00,121.96
4130,2025-06-22 02:00:00,122.94
4131,2025-06-22 03:00:00,123.92
4132,2025-06-22 04:00:00,122.94
4133,2025-06-22 05:00:00,123.58
4134,2025-06-22 06:00:00,122.94
4135,2025-06-22 07:00:00,119.0
4136,2025-06-22 08:00:00,60.0
4137,2025-06-22 09:00:00,0.65
4138,2025-06-22 10:00:00,-0.05
4139,2025-06-22 11:00:00,-0.05
4140,2025-06-22 12:00:00,-0.1
4141,2025-06-22 13:00:00,-1.01
4142,2025-06-22 14:00:00,-0.62
4143,2025-06-22 15:00:00,-1.21
4144,2025-06-22 16:00:00,-1.1
4145,2025-06-22 17:00:00,0.0
4146,2025-06-22 18:00:00,5.0
4147,2025-06-22 19:00:00,71.14
4148,2025-06-22 20:00:00,114.12
4149,2025-06-22 21:00:00,128.76
4150,2025-06-22 22:00:00,130.78
4151,2025-06-22 23:00:00,128.76
4152,2025-06-23 00:00:00,127.73
4153,2025-06-23 01:00:00,123.58
4154,2025-06-23 02:00:00,117.78
4155,2025-06-23 03:00:00,115.2
4156,2025-06-23 04:00:00,114.72
4157,2025-06-23 05:00:00,114.96
4158,2025-06-23 06:00:00,121.85
4159,2025-06-23 07:00:00,127.0
4160,2025-06-23 08:00:00,117.05
4161,2025-06-23 09:00:00,98.86
4162,2025-06-23 10:00:00,91.75
4163,2025-06-23 11:00:00,75.48
4164,2025-06-23 12:00:00,71.27
4165,2025-06-23 13:00:00,70.75
4166,2025-06-23 14:00:00,57.42
4167,2025-06-23 15:00:00,70.75
4168,2025-06-23 16:00:00,71.4
4169,2025-06-23 17:00:00,90.0
4170,2025-06-23 18:00:00,108.0
4171,2025-06-23 19:00:00,124.72
4172,2025-06-23 20:00:00,136.43
4173,2025-06-23 21:00:00,195.77
4174,2025-06-23 22:00:00,175.14
4175,2025-06-23 23:00:00,135.82
4176,2025-06-24 00:00:00,129.82
4177,2025-06-24 01:00:00,126.84
4178,2025-06-24 02:00:00,123.94
4179,2025-06-24 03:00:00,124.92
4180,2025-06-24 04:00:00,124.92
4181,2025-06-24 05:00:00,125.21
4182,2025-06-24 06:00:00,126.1
4183,2025-06-24 07:00:00,126.73
4184,2025-06-24 08:00:00,126.9
4185,2025-06-24 09:00:00,119.04
4186,2025-06-24 10:00:00,100.47
4187,2025-06-24 11:00:00,77.69
4188,2025-06-24 12:00:00,76.75
4189,2025-06-24 13:00:00,37.28
4190,2025-06-24 14:00:00,16.23
4191,2025-06-24 15:00:00,7.5
4192,2025-06-24 16:00:00,7.5
4193,2025-06-24 17:00:00,20.06
4194,2025-06-24 18:00:00,71.95
4195,2025-06-24 19:00:00,104.61
4196,2025-06-24 20:00:00,125.4
4197,2025-06-24 21:00:00,146.03
4198,2025-06-24 22:00:00,154.52
4199,2025-06-24 23:00:00,131.81
4200,2025-06-25 00:00:00,129.8
4201,2025-06-25 01:00:00,118.37
4202,2025-06-25 02:00:00,116.76
4203,2025-06-25 03:00:00,116.46
4204,2025-06-25 04:00:00,116.46
4205,2025-06-25 05:00:00,117.14
4206,2025-06-25 06:00:00,119.44
4207,2025-06-25 07:00:00,125.21
4208,2025-06-25 08:00:00,114.8
4209,2025-06-25 09:00:00,85.23
4210,2025-06-25 10:00:00,42.63
4211,2025-06-25 11:00:00,27.98
4212,2025-06-25 12:00:00,15.0
4213,2025-06-25 13:00:00,5.79
4214,2025-06-25 14:00:00,3.52
4215,2025-06-25 15:00:00,2.44
4216,2025-06-25 16:00:00,3.52
4217,2025-06-25 17:00:00,4.9
4218,2025-06-25 18:00:00,35.0
4219,2025-06-25 19:00:00,96.0
4220,2025-06-25 20:00:00,119.26
4221,2025-06-25 21:00:00,150.0
4222,2025-06-25 22:00:00,154.52
4223,2025-06-25 23:00:00,125.21
4224,2025-06-26 00:00:00,119.95
4225,2025-06-26 01:00:00,116.43
4226,2025-06-26 02:00:00,112.0
4227,2025-06-26 03:00:00,110.0
4228,2025-06-26 04:00:00,109.57
4229,2025-06-26 05:00:00,110.55
4230,2025-06-26 06:00:00,116.43
4231,2025-06-26 07:00:00,117.05
4232,2025-06-26 08:00:00,111.53
4233,2025-06-26 09:00:00,85.0
4234,2025-06-26 10:00:00,50.24
4235,2025-06-26 11:00:00,63.0
4236,2025-06-26 12:00:00,62.59
4237,2025-06-26 13:00:00,45.64
4238,2025-06-26 14:00:00,37.39
4239,2025-06-26 15:00:00,36.2
4240,2025-06-26 16:00:00,37.39
4241,2025-06-26 17:00:00,59.13
4242,2025-06-26 18:00:00,80.09
4243,2025-06-26 19:00:00,97.81
4244,2025-06-26 20:00:00,118.33
4245,2025-06-26 21:00:00,159.62
4246,2025-06-26 22:00:00,157.0
4247,2025-06-26 23:00:00,119.77
4248,2025-06-27 00:00:00,115.98
4249,2025-06-27 01:00:00,111.91
4250,2025-06-27 02:00:00,111.38
4251,2025-06-27 03:00:00,111.57
4252,2025-06-27 04:00:00,111.01
4253,2025-06-27 05:00:00,111.91
4254,2025-06-27 06:00:00,113.21
4255,2025-06-27 07:00:00,115.11
4256,2025-06-27 08:00:00,111.25
4257,2025-06-27 09:00:00,92.91
4258,2025-06-27 10:00:00,78.73
4259,2025-06-27 11:00:00,67.45
4260,2025-06-27 12:00:00,54.6
4261,2025-06-27 13:00:00,36.95
4262,2025-06-27 14:00:00,36.95
4263,2025-06-27 15:00:00,35.0
4264,2025-06-27 16:00:00,37.2
4265,2025-06-27 17:00:00,71.87
4266,2025-06-27 18:00:00,88.27
4267,2025-06-27 19:00:00,109.29
4268,2025-06-27 20:00:00,116.83
4269,2025-06-27 21:00:00,141.05
4270,2025-06-27 22:00:00,138.56
4271,2025-06-27 23:00:00,115.31
4272,2025-06-28 00:00:00,112.96
4273,2025-06-28 01:00:00,112.92
4274,2025-06-28 02:00:00,108.5
4275,2025-06-28 03:00:00,108.25
4276,2025-06-28 04:00:00,107.04
4277,2025-06-28 05:00:00,108.0
4278,2025-06-28 06:00:00,108.0
4279,2025-06-28 07:00:00,108.0
4280,2025-06-28 08:00:00,91.0
4281,2025-06-28 09:00:00,22.22
4282,2025-06-28 10:00:00,6.0
4283,2025-06-28 11:00:00,4.31
4284,2025-06-28 12:00:00,4.31
4285,2025-06-28 13:00:00,2.2
4286,2025-06-28 14:00:00,2.0
4287,2025-06-28 15:00:00,1.88
4288,2025-06-28 16:00:00,2.12
4289,2025-06-28 17:00:00,10.26
4290,2025-06-28 18:00:00,46.0
4291,2025-06-28 19:00:00,96.26
4292,2025-06-28 20:00:00,111.38
4293,2025-06-28 21:00:00,131.33
4294,2025-06-28 22:00:00,132.65
4295,2025-06-28 23:00:00,115.0
4296,2025-06-29 00:00:00,111.38
4297,2025-06-29 01:00:00,108.02
4298,2025-06-29 02:00:00,107.0
4299,2025-06-29 03:00:00,106.06
4300,2025-06-29 04:00:00,107.0
4301,2025-06-29 05:00:00,108.02
4302,2025-06-29 06:00:00,109.98
4303,2025-06-29 07:00:00,107.04
4304,2025-06-29 08:00:00,81.0
4305,2025-06-29 09:00:00,20.0
4306,2025-06-29 10:00:00,3.5
4307,2025-06-29 11:00:00,0.85
4308,2025-06-29 12:00:00,0.85
4309,2025-06-29 13:00:00,3.5
4310,2025-06-29 14:00:00,4.31
4311,2025-06-29 15:00:00,4.31
4312,2025-06-29 16:00:00,5.0
4313,2025-06-29 17:00:00,20.0
4314,2025-06-29 18:00:00,66.27
4315,2025-06-29 19:00:00,102.14
4316,2025-06-29 20:00:00,111.98
4317,2025-06-29 21:00:00,129.45
4318,2025-06-29 22:00:00,154.52
4319,2025-06-29 23:00:00,133.61
4320,2025-06-30 00:00:00,125.5
4321,2025-06-30 01:00:00,116.18
4322,2025-06-30 02:00:00,113.18
4323,2025-06-30 03:00:00,111.74
4324,2025-06-30 04:00:00,114.89
4325,2025-06-30 05:00:00,115.0
4326,2025-06-30 06:00:00,115.0
4327,2025-06-30 07:00:00,121.0
4328,2025-06-30 08:00:00,115.0
4329,2025-06-30 09:00:00,109.63
4330,2025-06-30 10:00:00,85.0
4331,2025-06-30 11:00:00,78.27
4332,2025-06-30 12:00:00,77.75
4333,2025-06-30 13:00:00,78.01
4334,2025-06-30 14:00:00,78.4
4335,2025-06-30 15:00:00,88.18
4336,2025-06-30 16:00:00,99.32
4337,2025-06-30 17:00:00,104.1
4338,2025-06-30 18:00:00,110.1
4339,2025-06-30 19:00:00,111.38
4340,2025-06-30 20:00:00,135.0
4341,2025-06-30 21:00:00,175.01
4342,2025-06-30 22:00:00,157.0
4343,2025-06-30 23:00:00,127.86
4344,2025-07-01 00:00:00,129.98
4345,2025-07-01 01:00:00,118.32
4346,2025-07-01 02:00:00,116.7
4347,2025-07-01 03:00:00,115.98
4348,2025-07-01 04:00:00,114.8
4349,2025-07-01 05:00:00,115.98
4350,2025-07-01 06:00:00,116.22
4351,2025-07-01 07:00:00,121.4
4352,2025-07-01 08:00:00,114.74
4353,2025-07-01 09:00:00,105.0
4354,2025-07-01 10:00:00,96.91
4355,2025-07-01 11:00:00,80.7
4356,2025-07-01 12:00:00,80.0
4357,2025-07-01 13:00:00,80.0
4358,2025-07-01 14:00:00,80.19
4359,2025-07-01 15:00:00,80.4
4360,2025-07-01 16:00:00,92.0
4361,2025-07-01 17:00:00,102.65
4362,2025-07-01 18:00:00,109.91
4363,2025-07-01 19:00:00,115.5
4364,2025-07-01 20:00:00,125.0
4365,2025-07-01 21:00:00,167.0
4366,2025-07-01 22:00:00,159.66
4367,2025-07-01 23:00:00,129.78
4368,2025-07-02 00:00:00,130.14
4369,2025-07-02 01:00:00,120.0
4370,2025-07-02 02:00:00,112.13
4371,2025-07-02 03:00:00,111.63
4372,2025-07-02 04:00:00,112.13
4373,2025-07-02 05:00:00,112.92
4374,2025-07-02 06:00:00,111.0
4375,2025-07-02 07:00:00,113.55
4376,2025-07-02 08:00:00,110.45
4377,2025-07-02 09:00:00,104.1
4378,2025-07-02 10:00:00,81.79
4379,2025-07-02 11:00:00,76.39
4380,2025-07-02 12:00:00,70.64
4381,2025-07-02 13:00:00,70.64
4382,2025-07-02 14:00:00,70.64
4383,2025-07-02 15:00:00,71.57
4384,2025-07-02 16:00:00,79.73
4385,2025-07-02 17:00:00,80.0
4386,2025-07-02 18:00:00,87.68
4387,2025-07-02 19:00:00,107.04
4388,2025-07-02 20:00:00,112.92
4389,2025-07-02 21:00:00,126.16
4390,2025-07-02 22:00:00,125.1
4391,2025-07-02 23:00:00,110.25
4392,2025-07-03 00:00:00,111.96
4393,2025-07-03 01:00:00,110.0
4394,2025-07-03 02:00:00,109.12
4395,2025-07-03 03:00:00,101.9
4396,2025-07-03 04:00:00,91.21
4397,2025-07-03 05:00:00,100.18
4398,2025-07-03 06:00:00,109.81
4399,2025-07-03 07:00:00,111.51
4400,2025-07-03 08:00:00,104.9
4401,2025-07-03 09:00:00,70.58
4402,2025-07-03 10:00:00,67.42
4403,2025-07-03 11:00:00,55.58
4404,2025-07-03 12:00:00,42.16
4405,2025-07-03 13:00:00,37.2
4406,2025-07-03 14:00:00,39.63
4407,2025-07-03 15:00:00,56.67
4408,2025-07-03 16:00:00,64.71
4409,2025-07-03 17:00:00,81.0
4410,2025-07-03 18:00:00,96.34
4411,2025-07-03 19:00:00,109.0
4412,2025-07-03 20:00:00,118.8
4413,2025-07-03 21:00:00,142.59
4414,2025-07-03 22:00:00,140.34
4415,2025-07-03 23:00:00,119.35
4416,2025-07-04 00:00:00,110.62
4417,2025-07-04 01:00:00,107.9
4418,2025-07-04 02:00:00,107.26
4419,2025-07-04 03:00:00,106.76
4420,2025-07-04 04:00:00,107.02
4421,2025-07-04 05:00:00,107.83
4422,2025-07-04 06:00:00,111.04
4423,2025-07-04 07:00:00,113.37
4424,2025-07-04 08:00:00,110.0
4425,2025-07-04 09:00:00,91.15
4426,2025-07-04 10:00:00,76.14
4427,2025-07-04 11:00:00,72.0
4428,2025-07-04 12:00:00,75.0
4429,2025-07-04 13:00:00,75.58
4430,2025-07-04 14:00:00,75.88
4431,2025-07-04 15:00:00,75.88
4432,2025-07-04 16:00:00,76.14
4433,2025-07-04 17:00:00,78.98
4434,2025-07-04 18:00:00,90.19
4435,2025-07-04 19:00:00,108.5
4436,2025-07-04 20:00:00,113.85
4437,2025-07-04 21:00:00,139.26
4438,2025-07-04 22:00:00,138.03
4439,2025-07-04 23:00:00,122.72
4440,2025-07-05 00:00:00,131.56
4441,2025-07-05 01:00:00,118.8
4442,2025-07-05 02:00:00,110.0
4443,2025-07-05 03:00:00,107.02
4444,2025-07-05 04:00:00,107.0
4445,2025-07-05 05:00:00,106.69
4446,2025-07-05 06:00:00,109.42
4447,2025-07-05 07:00:00,110.62
4448,2025-07-05 08:00:00,100.0
4449,2025-07-05 09:00:00,36.8
4450,2025-07-05 10:00:00,5.76
4451,2025-07-05 11:00:00,3.52
4452,2025-07-05 12:00:00,4.31
4453,2025-07-05 13:00:00,5.0
4454,2025-07-05 14:00:00,5.0
4455,2025-07-05 15:00:00,5.0
4456,2025-07-05 16:00:00,5.0
4457,2025-07-05 17:00:00,25.44
4458,2025-07-05 18:00:00,41.25
4459,2025-07-05 19:00:00,100.0
4460,2025-07-05 20:00:00,112.8
4461,2025-07-05 21:00:00,131.33
4462,2025-07-05 22:00:00,134.0
4463,2025-07-05 23:00:00,120.0
4464,2025-07-06 00:00:00,112.17
4465,2025-07-06 01:00:00,106.01
4466,2025-07-06 02:00:00,103.6
4467,2025-07-06 03:00:00,100.58
4468,2025-07-06 04:00:00,100.1
4469,2025-07-06 05:00:00,100.82
4470,2025-07-06 06:00:00,101.3
4471,2025-07-06 07:00:00,96.98
4472,2025-07-06 08:00:00,52.0
4473,2025-07-06 09:00:00,7.4
4474,2025-07-06 10:00:00,2.0
4475,2025-07-06 11:00:00,1.0
4476,2025-07-06 12:00:00,0.85
4477,2025-07-06 13:00:00,3.52
4478,2025-07-06 14:00:00,2.99
4479,2025-07-06 15:00:00,0.65
4480,2025-07-06 16:00:00,0.65
4481,2025-07-06 17:00:00,0.65
4482,2025-07-06 18:00:00,4.31
4483,2025-07-06 19:00:00,31.53
4484,2025-07-06 20:00:00,90.0
4485,2025-07-06 21:00:00,108.21
4486,2025-07-06 22:00:00,110.62
4487,2025-07-06 23:00:00,108.68
4488,2025-07-07 00:00:00,106.65
4489,2025-07-07 01:00:00,96.18
4490,2025-07-07 02:00:00,92.25
4491,2025-07-07 03:00:00,89.01
4492,2025-07-07 04:00:00,85.01
4493,2025-07-07 05:00:00,95.0
4494,2025-07-07 06:00:00,103.5
4495,2025-07-07 07:00:00,106.65
4496,2025-07-07 08:00:00,94.0
4497,2025-07-07 09:00:00,57.5
4498,2025-07-07 10:00:00,37.5
4499,2025-07-07 11:00:00,18.01
4500,2025-07-07 12:00:00,15.01
4501,2025-07-07 13:00:00,6.0
4502,2025-07-07 14:00:00,5.79
4503,2025-07-07 15:00:00,5.0
4504,2025-07-07 16:00:00,4.31
4505,2025-07-07 17:00:00,4.31
4506,2025-07-07 18:00:00,18.01
4507,2025-07-07 19:00:00,65.06
4508,2025-07-07 20:00:00,80.0
4509,2025-07-07 21:00:00,105.75
4510,2025-07-07 22:00:00,104.48
4511,2025-07-07 23:00:00,95.1
4512,2025-07-08 00:00:00,80.1
4513,2025-07-08 01:00:00,62.4
4514,2025-07-08 02:00:00,50.0
4515,2025-07-08 03:00:00,35.1
4516,2025-07-08 04:00:00,35.1
4517,2025-07-08 05:00:00,30.1
4518,2025-07-08 06:00:00,60.73
4519,2025-07-08 07:00:00,74.99
4520,2025-07-08 08:00:00,60.0
4521,2025-07-08 09:00:00,18.01
4522,2025-07-08 10:00:00,4.31
4523,2025-07-08 11:00:00,1.72
4524,2025-07-08 12:00:00,1.72
4525,2025-07-08 13:00:00,2.99
4526,2025-07-08 14:00:00,3.52
4527,2025-07-08 15:00:00,4.31
4528,2025-07-08 16:00:00,5.79
4529,2025-07-08 17:00:00,17.1
4530,2025-07-08 18:00:00,60.73
4531,2025-07-08 19:00:00,62.19
4532,2025-07-08 20:00:00,104.5
4533,2025-07-08 21:00:00,110.69
4534,2025-07-08 22:00:00,110.62
4535,2025-07-08 23:00:00,106.06
4536,2025-07-09 00:00:00,110.62
4537,2025-07-09 01:00:00,104.01
4538,2025-07-09 02:00:00,101.42
4539,2025-07-09 03:00:00,103.32
4540,2025-07-09 04:00:00,108.6
4541,2025-07-09 05:00:00,110.37
4542,2025-07-09 06:00:00,107.27
4543,2025-07-09 07:00:00,111.82
4544,2025-07-09 08:00:00,108.75
4545,2025-07-09 09:00:00,99.5
4546,2025-07-09 10:00:00,56.91
4547,2025-07-09 11:00:00,40.0
4548,2025-07-09 12:00:00,35.1
4549,2025-07-09 13:00:00,36.2
4550,2025-07-09 14:00:00,36.2
4551,2025-07-09 15:00:00,37.55
4552,2025-07-09 16:00:00,50.0
4553,2025-07-09 17:00:00,73.55
4554,2025-07-09 18:00:00,75.4
4555,2025-07-09 19:00:00,110.41
4556,2025-07-09 20:00:00,115.04
4557,2025-07-09 21:00:00,155.75
4558,2025-07-09 22:00:00,145.01
4559,2025-07-09 23:00:00,120.0
4560,2025-07-10 00:00:00,123.51
4561,2025-07-10 01:00:00,115.5
4562,2025-07-10 02:00:00,113.02
4563,2025-07-10 03:00:00,112.38
4564,2025-07-10 04:00:00,112.38
4565,2025-07-10 05:00:00,113.53
4566,2025-07-10 06:00:00,117.89
4567,2025-07-10 07:00:00,123.51
4568,2025-07-10 08:00:00,110.66
4569,2025-07-10 09:00:00,108.1
4570,2025-07-10 10:00:00,106.5
4571,2025-07-10 11:00:00,90.01
4572,2025-07-10 12:00:00,76.98
4573,2025-07-10 13:00:00,75.57
4574,2025-07-10 14:00:00,75.44
4575,2025-07-10 15:00:00,75.0
4576,2025-07-10 16:00:00,74.0
4577,2025-07-10 17:00:00,76.73
4578,2025-07-10 18:00:00,88.08
4579,2025-07-10 19:00:00,103.99
4580,2025-07-10 20:00:00,118.65
4581,2025-07-10 21:00:00,153.75
4582,2025-07-10 22:00:00,170.0
4583,2025-07-10 23:00:00,132.0
4584,2025-07-11 00:00:00,121.74
4585,2025-07-11 01:00:00,115.46
4586,2025-07-11 02:00:00,113.85
4587,2025-07-11 03:00:00,112.73
4588,2025-07-11 04:00:00,112.73
4589,2025-07-11 05:00:00,113.33
4590,2025-07-11 06:00:00,118.47
4591,2025-07-11 07:00:00,125.0
4592,2025-07-11 08:00:00,111.07
4593,2025-07-11 09:00:00,105.34
4594,2025-07-11 10:00:00,63.1
4595,2025-07-11 11:00:00,76.75
4596,2025-07-11 12:00:00,80.0
4597,2025-07-11 13:00:00,74.01
4598,2025-07-11 14:00:00,62.19
4599,2025-07-11 15:00:00,59.9
4600,2025-07-11 16:00:00,55.4
4601,2025-07-11 17:00:00,61.98
4602,2025-07-11 18:00:00,67.0
4603,2025-07-11 19:00:00,100.0
4604,2025-07-11 20:00:00,114.23
4605,2025-07-11 21:00:00,125.67
4606,2025-07-11 22:00:00,138.16
4607,2025-07-11 23:00:00,130.0
4608,2025-07-12 00:00:00,119.78
4609,2025-07-12 01:00:00,116.62
4610,2025-07-12 02:00:00,112.18
4611,2025-07-12 03:00:00,107.53
4612,2025-07-12 04:00:00,105.42
4613,2025-07-12 05:00:00,103.79
4614,2025-07-12 06:00:00,109.85
4615,2025-07-12 07:00:00,118.99
4616,2025-07-12 08:00:00,105.42
4617,2025-07-12 09:00:00,72.95
4618,2025-07-12 10:00:00,42.1
4619,2025-07-12 11:00:00,19.0
4620,2025-07-12 12:00:00,15.0
4621,2025-07-12 13:00:00,5.76
4622,2025-07-12 14:00:00,4.31
4623,2025-07-12 15:00:00,0.85
4624,2025-07-12 16:00:00,13.68
4625,2025-07-12 17:00:00,35.0
4626,2025-07-12 18:00:00,50.08
4627,2025-07-12 19:00:00,75.4
4628,2025-07-12 20:00:00,107.75
4629,2025-07-12 21:00:00,125.67
4630,2025-07-12 22:00:00,133.0
4631,2025-07-12 23:00:00,121.74
4632,2025-07-13 00:00:00,119.36
4633,2025-07-13 01:00:00,117.06
4634,2025-07-13 02:00:00,114.11
4635,2025-07-13 03:00:00,113.99
4636,2025-07-13 04:00:00,108.67
4637,2025-07-13 05:00:00,104.64
4638,2025-07-13 06:00:00,104.64
4639,2025-07-13 07:00:00,90.0
4640,2025-07-13 08:00:00,55.0
4641,2025-07-13 09:00:00,22.5
4642,2025-07-13 10:00:00,4.28
4643,2025-07-13 11:00:00,0.05
4644,2025-07-13 12:00:00,0.0
4645,2025-07-13 13:00:00,0.0
4646,2025-07-13 14:00:00,0.0
4647,2025-07-13 15:00:00,0.0
4648,2025-07-13 16:00:00,1.0
4649,2025-07-13 17:00:00,5.79
4650,2025-07-13 18:00:00,30.39
4651,2025-07-13 19:00:00,70.1
4652,2025-07-13 20:00:00,107.69
4653,2025-07-13 21:00:00,124.5
4654,2025-07-13 22:00:00,134.62
4655,2025-07-13 23:00:00,121.74
4656,2025-07-14 00:00:00,118.1
4657,2025-07-14 01:00:00,112.45
4658,2025-07-14 02:00:00,109.86
4659,2025-07-14 03:00:00,109.23
4660,2025-07-14 04:00:00,108.9
4661,2025-07-14 05:00:00,110.1
4662,2025-07-14 06:00:00,118.06
4663,2025-07-14 07:00:00,122.72
4664,2025-07-14 08:00:00,116.0
4665,2025-07-14 09:00:00,75.19
4666,2025-07-14 10:00:00,65.0
4667,2025-07-14 11:00:00,33.72
4668,2025-07-14 12:00:00,34.06
4669,2025-07-14 13:00:00,38.8
4670,2025-07-14 14:00:00,31.49
4671,2025-07-14 15:00:00,18.21
4672,2025-07-14 16:00:00,27.09
4673,2025-07-14 17:00:00,47.5
4674,2025-07-14 18:00:00,60.0
4675,2025-07-14 19:00:00,77.76
4676,2025-07-14 20:00:00,117.06
4677,2025-07-14 21:00:00,126.64
4678,2025-07-14 22:00:00,124.68
4679,2025-07-14 23:00:00,118.26
4680,2025-07-15 00:00:00,113.16
4681,2025-07-15 01:00:00,109.48
4682,2025-07-15 02:00:00,107.41
4683,2025-07-15 03:00:00,107.22
4684,2025-07-15 04:00:00,105.43
4685,2025-07-15 05:00:00,107.38
4686,2025-07-15 06:00:00,113.16
4687,2025-07-15 07:00:00,118.81
4688,2025-07-15 08:00:00,107.4
4689,2025-07-15 09:00:00,72.97
4690,2025-07-15 10:00:00,30.5
4691,2025-07-15 11:00:00,39.87
4692,2025-07-15 12:00:00,46.2
4693,2025-07-15 13:00:00,45.0
4694,2025-07-15 14:00:00,35.0
4695,2025-07-15 15:00:00,29.95
4696,2025-07-15 16:00:00,29.95
4697,2025-07-15 17:00:00,49.0
4698,2025-07-15 18:00:00,50.08
4699,2025-07-15 19:00:00,72.84
4700,2025-07-15 20:00:00,112.92
4701,2025-07-15 21:00:00,135.87
4702,2025-07-15 22:00:00,135.05
4703,2025-07-15 23:00:00,120.05
4704,2025-07-16 00:00:00,113.31
4705,2025-07-16 01:00:00,107.85
4706,2025-07-16 02:00:00,106.83
4707,2025-07-16 03:00:00,106.83
4708,2025-07-16 04:00:00,107.22
4709,2025-07-16 05:00:00,110.68
4710,2025-07-16 06:00:00,117.61
4711,2025-07-16 07:00:00,125.67
4712,2025-07-16 08:00:00,109.5
4713,2025-07-16 09:00:00,89.0
4714,2025-07-16 10:00:00,75.0
4715,2025-07-16 11:00:00,70.1
4716,2025-07-16 12:00:00,70.1
4717,2025-07-16 13:00:00,70.1
4718,2025-07-16 14:00:00,70.0
4719,2025-07-16 15:00:00,69.84
4720,2025-07-16 16:00:00,69.95
4721,2025-07-16 17:00:00,70.1
4722,2025-07-16 18:00:00,79.1
4723,2025-07-16 19:00:00,109.62
4724,2025-07-16 20:00:00,125.0
4725,2025-07-16 21:00:00,175.49
4726,2025-07-16 22:00:00,169.2
4727,2025-07-16 23:00:00,129.36
4728,2025-07-17 00:00:00,119.78
4729,2025-07-17 01:00:00,115.13
4730,2025-07-17 02:00:00,113.84
4731,2025-07-17 03:00:00,108.62
4732,2025-07-17 04:00:00,108.62
4733,2025-07-17 05:00:00,113.46
4734,2025-07-17 06:00:00,118.36
4735,2025-07-17 07:00:00,125.0
4736,2025-07-17 08:00:00,115.45
4737,2025-07-17 09:00:00,104.27
4738,2025-07-17 10:00:00,85.0
4739,2025-07-17 11:00:00,77.07
4740,2025-07-17 12:00:00,76.8
4741,2025-07-17 13:00:00,76.68
4742,2025-07-17 14:00:00,75.2
4743,2025-07-17 15:00:00,73.0
4744,2025-07-17 16:00:00,76.81
4745,2025-07-17 17:00:00,84.36
4746,2025-07-17 18:00:00,91.52
4747,2025-07-17 19:00:00,108.66
4748,2025-07-17 20:00:00,121.41
4749,2025-07-17 21:00:00,128.67
4750,2025-07-17 22:00:00,129.85
4751,2025-07-17 23:00:00,120.76
4752,2025-07-18 00:00:00,114.0
4753,2025-07-18 01:00:00,107.61
4754,2025-07-18 02:00:00,107.22
4755,2025-07-18 03:00:00,105.9
4756,2025-07-18 04:00:00,105.0
4757,2025-07-18 05:00:00,107.17
4758,2025-07-18 06:00:00,111.55
4759,2025-07-18 07:00:00,115.14
4760,2025-07-18 08:00:00,109.39
4761,2025-07-18 09:00:00,90.64
4762,2025-07-18 10:00:00,80.0
4763,2025-07-18 11:00:00,81.58
4764,2025-07-18 12:00:00,80.0
4765,2025-07-18 13:00:00,73.02
4766,2025-07-18 14:00:00,71.2
4767,2025-07-18 15:00:00,72.68
4768,2025-07-18 16:00:00,72.81
4769,2025-07-18 17:00:00,72.8
4770,2025-07-18 18:00:00,71.08
4771,2025-07-18 19:00:00,72.8
4772,2025-07-18 20:00:00,110.0
4773,2025-07-18 21:00:00,119.39
4774,2025-07-18 22:00:00,119.19
4775,2025-07-18 23:00:00,111.65
4776,2025-07-19 00:00:00,101.72
4777,2025-07-19 01:00:00,98.25
4778,2025-07-19 02:00:00,90.0
4779,2025-07-19 03:00:00,84.99
4780,2025-07-19 04:00:00,82.5
4781,2025-07-19 05:00:00,83.74
4782,2025-07-19 06:00:00,90.0
4783,2025-07-19 07:00:00,79.3
4784,2025-07-19 08:00:00,56.62
4785,2025-07-19 09:00:00,9.83
4786,2025-07-19 10:00:00,3.52
4787,2025-07-19 11:00:00,0.65
4788,2025-07-19 12:00:00,0.0
4789,2025-07-19 13:00:00,0.0
4790,2025-07-19 14:00:00,0.0
4791,2025-07-19 15:00:00,0.0
4792,2025-07-19 16:00:00,0.0
4793,2025-07-19 17:00:00,0.65
4794,2025-07-19 18:00:00,3.52
4795,2025-07-19 19:00:00,42.32
4796,2025-07-19 20:00:00,72.92
4797,2025-07-19 21:00:00,100.28
4798,2025-07-19 22:00:00,106.8
4799,2025-07-19 23:00:00,96.25
4800,2025-07-20 00:00:00,57.73
4801,2025-07-20 01:00:00,45.0
4802,2025-07-20 02:00:00,43.94
4803,2025-07-20 03:00:00,43.81
4804,2025-07-20 04:00:00,43.81
4805,2025-07-20 05:00:00,43.81
4806,2025-07-20 06:00:00,43.94
4807,2025-07-20 07:00:00,38.3
4808,2025-07-20 08:00:00,3.6
4809,2025-07-20 09:00:00,0.65
4810,2025-07-20 10:00:00,0.0
4811,2025-07-20 11:00:00,0.0
4812,2025-07-20 12:00:00,-0.01
4813,2025-07-20 13:00:00,-0.01
4814,2025-07-20 14:00:00,-0.01
4815,2025-07-20 15:00:00,-0.66
4816,2025-07-20 16:00:00,-1.01
4817,2025-07-20 17:00:00,-0.62
4818,2025-07-20 18:00:00,0.0
4819,2025-07-20 19:00:00,3.6
4820,2025-07-20 20:00:00,43.81
4821,2025-07-20 21:00:00,75.3
4822,2025-07-20 22:00:00,92.0
4823,2025-07-20 23:00:00,76.26
4824,2025-07-21 00:00:00,64.99
4825,2025-07-21 01:00:00,51.48
4826,2025-07-21 02:00:00,45.0
4827,2025-07-21 03:00:00,40.0
4828,2025-07-21 04:00:00,17.88
4829,2025-07-21 05:00:00,50.0
4830,2025-07-21 06:00:00,75.54
4831,2025-07-21 07:00:00,107.88
4832,2025-07-21 08:00:00,80.0
4833,2025-07-21 09:00:00,40.0
4834,2025-07-21 10:00:00,5.11
4835,2025-07-21 11:00:00,6.0
4836,2025-07-21 12:00:00,15.23
4837,2025-07-21 13:00:00,22.63
4838,2025-07-21 14:00:00,17.22
4839,2025-07-21 15:00:00,16.01
4840,2025-07-21 16:00:00,8.93
4841,2025-07-21 17:00:00,30.17
4842,2025-07-21 18:00:00,43.81
4843,2025-07-21 19:00:00,75.11
4844,2025-07-21 20:00:00,115.15
4845,2025-07-21 21:00:00,169.2
4846,2025-07-21 22:00:00,165.43
4847,2025-07-21 23:00:00,119.78
4848,2025-07-22 00:00:00,116.69
4849,2025-07-22 01:00:00,112.66
4850,2025-07-22 02:00:00,100.0
4851,2025-07-22 03:00:00,100.62
4852,2025-07-22 04:00:00,99.96
4853,2025-07-22 05:00:00,107.4
4854,2025-07-22 06:00:00,114.56
4855,2025-07-22 07:00:00,120.76
4856,2025-07-22 08:00:00,105.46
4857,2025-07-22 09:00:00,69.57
4858,2025-07-22 10:00:00,38.5
4859,2025-07-22 11:00:00,35.01
4860,2025-07-22 12:00:00,35.1
4861,2025-07-22 13:00:00,35.1
4862,2025-07-22 14:00:00,34.75
4863,2025-07-22 15:00:00,31.25
4864,2025-07-22 16:00:00,31.11
4865,2025-07-22 17:00:00,35.01
4866,2025-07-22 18:00:00,51.83
4867,2025-07-22 19:00:00,86.66
4868,2025-07-22 20:00:00,113.92
4869,2025-07-22 21:00:00,138.83
4870,2025-07-22 22:00:00,135.05
4871,2025-07-22 23:00:00,115.39
4872,2025-07-23 00:00:00,112.91
4873,2025-07-23 01:00:00,106.53
4874,2025-07-23 02:00:00,100.62
4875,2025-07-23 03:00:00,100.5
4876,2025-07-23 04:00:00,101.15
4877,2025-07-23 05:00:00,101.0
4878,2025-07-23 06:00:00,105.46
4879,2025-07-23 07:00:00,113.91
4880,2025-07-23 08:00:00,96.5
4881,2025-07-23 09:00:00,83.31
4882,2025-07-23 10:00:00,76.4
4883,2025-07-23 11:00:00,68.64
4884,2025-07-23 12:00:00,61.97
4885,2025-07-23 13:00:00,51.89
4886,2025-07-23 14:00:00,44.88
4887,2025-07-23 15:00:00,46.0
4888,2025-07-23 16:00:00,47.0
4889,2025-07-23 17:00:00,51.76
4890,2025-07-23 18:00:00,52.13
4891,2025-07-23 19:00:00,75.92
4892,2025-07-23 20:00:00,105.46
4893,2025-07-23 21:00:00,112.0
4894,2025-07-23 22:00:00,109.96
4895,2025-07-23 23:00:00,100.39
4896,2025-07-24 00:00:00,95.0
4897,2025-07-24 01:00:00,85.0
4898,2025-07-24 02:00:00,81.88
4899,2025-07-24 03:00:00,71.79
4900,2025-07-24 04:00:00,63.27
4901,2025-07-24 05:00:00,80.9
4902,2025-07-24 06:00:00,85.62
4903,2025-07-24 07:00:00,90.44
4904,2025-07-24 08:00:00,60.51
4905,2025-07-24 09:00:00,35.5
4906,2025-07-24 10:00:00,5.11
4907,2025-07-24 11:00:00,3.52
4908,2025-07-24 12:00:00,2.0
4909,2025-07-24 13:00:00,3.52
4910,2025-07-24 14:00:00,3.52
4911,2025-07-24 15:00:00,1.72
4912,2025-07-24 16:00:00,1.72
4913,2025-07-24 17:00:00,1.72
4914,2025-07-24 18:00:00,3.52
4915,2025-07-24 19:00:00,29.97
4916,2025-07-24 20:00:00,50.0
4917,2025-07-24 21:00:00,90.92
4918,2025-07-24 22:00:00,90.68
4919,2025-07-24 23:00:00,71.05
4920,2025-07-25 00:00:00,73.63
4921,2025-07-25 01:00:00,65.95
4922,2025-07-25 02:00:00,62.0
4923,2025-07-25 03:00:00,58.99
4924,2025-07-25 04:00:00,51.97
4925,2025-07-25 05:00:00,63.43
4926,2025-07-25 06:00:00,65.95
4927,2025-07-25 07:00:00,76.0
4928,2025-07-25 08:00:00,58.99
4929,2025-07-25 09:00:00,12.75
4930,2025-07-25 10:00:00,2.51
4931,2025-07-25 11:00:00,0.65
4932,2025-07-25 12:00:00,0.75
4933,2025-07-25 13:00:00,0.85
4934,2025-07-25 14:00:00,1.1
4935,2025-07-25 15:00:00,2.51
4936,2025-07-25 16:00:00,4.31
4937,2025-07-25 17:00:00,0.65
4938,2025-07-25 18:00:00,4.31
4939,2025-07-25 19:00:00,30.85
4940,2025-07-25 20:00:00,85.0
4941,2025-07-25 21:00:00,104.72
4942,2025-07-25 22:00:00,101.94
4943,2025-07-25 23:00:00,79.99
4944,2025-07-26 00:00:00,96.27
4945,2025-07-26 01:00:00,77.16
4946,2025-07-26 02:00:00,66.28
4947,2025-07-26 03:00:00,56.84
4948,2025-07-26 04:00:00,46.4
4949,2025-07-26 05:00:00,50.74
4950,2025-07-26 06:00:00,57.33
4951,2025-07-26 07:00:00,55.01
4952,2025-07-26 08:00:00,41.05
4953,2025-07-26 09:00:00,3.6
4954,2025-07-26 10:00:00,0.65
4955,2025-07-26 11:00:00,0.09
4956,2025-07-26 12:00:00,0.15
4957,2025-07-26 13:00:00,0.09
4958,2025-07-26 14:00:00,0.01
4959,2025-07-26 15:00:00,0.0
4960,2025-07-26 16:00:00,0.0
4961,2025-07-26 17:00:00,0.0
4962,2025-07-26 18:00:00,0.65
4963,2025-07-26 19:00:00,23.99
4964,2025-07-26 20:00:00,65.29
4965,2025-07-26 21:00:00,92.57
4966,2025-07-26 22:00:00,100.0
4967,2025-07-26 23:00:00,90.66
4968,2025-07-27 00:00:00,72.74
4969,2025-07-27 01:00:00,62.67
4970,2025-07-27 02:00:00,63.0
4971,2025-07-27 03:00:00,62.94
4972,2025-07-27 04:00:00,56.4
4973,2025-07-27 05:00:00,56.16
4974,2025-07-27 06:00:00,56.16
4975,2025-07-27 07:00:00,50.0
4976,2025-07-27 08:00:00,32.34
4977,2025-07-27 09:00:00,3.52
4978,2025-07-27 10:00:00,0.0
4979,2025-07-27 11:00:00,-0.01
4980,2025-07-27 12:00:00,-0.01
4981,2025-07-27 13:00:00,-0.01
4982,2025-07-27 14:00:00,-0.01
4983,2025-07-27 15:00:00,-0.5
4984,2025-07-27 16:00:00,-0.6
4985,2025-07-27 17:00:00,-0.5
4986,2025-07-27 18:00:00,0.0
4987,2025-07-27 19:00:00,4.9
4988,2025-07-27 20:00:00,40.0
4989,2025-07-27 21:00:00,62.67
4990,2025-07-27 22:00:00,88.64
4991,2025-07-27 23:00:00,66.95
4992,2025-07-28 00:00:00,62.29
4993,2025-07-28 01:00:00,55.75
4994,2025-07-28 02:00:00,50.0
4995,2025-07-28 03:00:00,45.03
4996,2025-07-28 04:00:00,42.49
4997,2025-07-28 05:00:00,45.07
4998,2025-07-28 06:00:00,50.0
4999,2025-07-28 07:00:00,56.23
5000,2025-07-28 08:00:00,63.71
5001,2025-07-28 09:00:00,30.0
5002,2025-07-28 10:00:00,5.79
5003,2025-07-28 11:00:00,3.52
5004,2025-07-28 12:00:00,1.21
5005,2025-07-28 13:00:00,0.85
5006,2025-07-28 14:00:00,0.85
5007,2025-07-28 15:00:00,0.65
5008,2025-07-28 16:00:00,0.65
5009,2025-07-28 17:00:00,0.9
5010,2025-07-28 18:00:00,3.52
5011,2025-07-28 19:00:00,16.0
5012,2025-07-28 20:00:00,60.0
5013,2025-07-28 21:00:00,74.98
5014,2025-07-28 22:00:00,88.54
5015,2025-07-28 23:00:00,63.25
5016,2025-07-29 00:00:00,50.68
5017,2025-07-29 01:00:00,37.97
5018,2025-07-29 02:00:00,34.78
5019,2025-07-29 03:00:00,32.0
5020,2025-07-29 04:00:00,30.28
5021,2025-07-29 05:00:00,34.78
5022,2025-07-29 06:00:00,45.0
5023,2025-07-29 07:00:00,50.0
5024,2025-07-29 08:00:00,49.45
5025,2025-07-29 09:00:00,13.0
5026,2025-07-29 10:00:00,3.52
5027,2025-07-29 11:00:00,0.09
5028,2025-07-29 12:00:00,0.15
5029,2025-07-29 13:00:00,0.65
5030,2025-07-29 14:00:00,0.65
5031,2025-07-29 15:00:00,0.65
5032,2025-07-29 16:00:00,0.65
5033,2025-07-29 17:00:00,1.11
5034,2025-07-29 18:00:00,8.0
5035,2025-07-29 19:00:00,35.17
5036,2025-07-29 20:00:00,57.58
5037,2025-07-29 21:00:00,98.0
5038,2025-07-29 22:00:00,103.27
5039,2025-07-29 23:00:00,84.13
5040,2025-07-30 00:00:00,66.7
5041,2025-07-30 01:00:00,50.92
5042,2025-07-30 02:00:00,43.75
5043,2025-07-30 03:00:00,38.48
5044,2025-07-30 04:00:00,32.55
5045,2025-07-30 05:00:00,38.48
5046,2025-07-30 06:00:00,45.51
5047,2025-07-30 07:00:00,72.96
5048,2025-07-30 08:00:00,57.38
5049,2025-07-30 09:00:00,35.17
5050,2025-07-30 10:00:00,9.07
5051,2025-07-30 11:00:00,3.52
5052,2025-07-30 12:00:00,4.31
5053,2025-07-30 13:00:00,5.11
5054,2025-07-30 14:00:00,5.79
5055,2025-07-30 15:00:00,4.31
5056,2025-07-30 16:00:00,5.0
5057,2025-07-30 17:00:00,6.0
5058,2025-07-30 18:00:00,30.5
5059,2025-07-30 19:00:00,39.6
5060,2025-07-30 20:00:00,77.99
5061,2025-07-30 21:00:00,101.49
5062,2025-07-30 22:00:00,104.36
5063,2025-07-30 23:00:00,92.18
5064,2025-07-31 00:00:00,90.0
5065,2025-07-31 01:00:00,77.37
5066,2025-07-31 02:00:00,71.07
5067,2025-07-31 03:00:00,58.38
5068,2025-07-31 04:00:00,57.75
5069,2025-07-31 05:00:00,59.01
5070,2025-07-31 06:00:00,81.96
5071,2025-07-31 07:00:00,100.46
5072,2025-07-31 08:00:00,91.55
5073,2025-07-31 09:00:00,51.31
5074,2025-07-31 10:00:00,30.5
5075,2025-07-31 11:00:00,23.92
5076,2025-07-31 12:00:00,29.01
5077,2025-07-31 13:00:00,23.5
5078,2025-07-31 14:00:00,25.26
5079,2025-07-31 15:00:00,28.5
5080,2025-07-31 16:00:00,30.0
5081,2025-07-31 17:00:00,39.1
5082,2025-07-31 18:00:00,54.92
5083,2025-07-31 19:00:00,86.71
5084,2025-07-31 20:00:00,107.99
5085,2025-07-31 21:00:00,114.45
5086,2025-07-31 22:00:00,110.27
5087,2025-07-31 23:00:00,98.32
5088,2025-08-01 00:00:00,102.22
5089,2025-08-01 01:00:00,93.47
5090,2025-08-01 02:00:00,81.0
5091,2025-08-01 03:00:00,72.55
5092,2025-08-01 04:00:00,63.98
5093,2025-08-01 05:00:00,73.6
5094,2025-08-01 06:00:00,83.14
5095,2025-08-01 07:00:00,100.62
5096,2025-08-01 08:00:00,100.0
5097,2025-08-01 09:00:00,65.06
5098,2025-08-01 10:00:00,45.81
5099,2025-08-01 11:00:00,35.08
5100,2025-08-01 12:00:00,31.87
5101,2025-08-01 13:00:00,25.06
5102,2025-08-01 14:00:00,20.01
5103,2025-08-01 15:00:00,13.43
5104,2025-08-01 16:00:00,17.42
5105,2025-08-01 17:00:00,27.47
5106,2025-08-01 18:00:00,44.8
5107,2025-08-01 19:00:00,70.12
5108,2025-08-01 20:00:00,87.34
5109,2025-08-01 21:00:00,103.02
5110,2025-08-01 22:00:00,102.52
5111,2025-08-01 23:00:00,95.41
5112,2025-08-02 00:00:00,97.8
5113,2025-08-02 01:00:00,77.08
5114,2025-08-02 02:00:00,65.27
5115,2025-08-02 03:00:00,49.56
5116,2025-08-02 04:00:00,43.33
5117,2025-08-02 05:00:00,44.29
5118,2025-08-02 06:00:00,51.08
5119,2025-08-02 07:00:00,49.81
5120,2025-08-02 08:00:00,37.33
5121,2025-08-02 09:00:00,3.52
5122,2025-08-02 10:00:00,1.06
5123,2025-08-02 11:00:00,0.0
5124,2025-08-02 12:00:00,0.0
5125,2025-08-02 13:00:00,0.0
5126,2025-08-02 14:00:00,0.0
5127,2025-08-02 15:00:00,0.0
5128,2025-08-02 16:00:00,0.0
5129,2025-08-02 17:00:00,0.65
5130,2025-08-02 18:00:00,4.31
5131,2025-08-02 19:00:00,15.2
5132,2025-08-02 20:00:00,74.53
5133,2025-08-02 21:00:00,99.64
5134,2025-08-02 22:00:00,99.64
5135,2025-08-02 23:00:00,80.5
5136,2025-08-03 00:00:00,80.4
5137,2025-08-03 01:00:00,69.26
5138,2025-08-03 02:00:00,42.96
5139,2025-08-03 03:00:00,37.38
5140,2025-08-03 04:00:00,30.02
5141,2025-08-03 05:00:00,30.2
5142,2025-08-03 06:00:00,32.03
5143,2025-08-03 07:00:00,26.28
5144,2025-08-03 08:00:00,6.16
5145,2025-08-03 09:00:00,0.0
5146,2025-08-03 10:00:00,-1.01
5147,2025-08-03 11:00:00,-2.1
5148,2025-08-03 12:00:00,-2.0
5149,2025-08-03 13:00:00,0.0
5150,2025-08-03 14:00:00,0.0
5151,2025-08-03 15:00:00,-0.01
5152,2025-08-03 16:00:00,-1.2
5153,2025-08-03 17:00:00,0.0
5154,2025-08-03 18:00:00,0.05
5155,2025-08-03 19:00:00,27.08
5156,2025-08-03 20:00:00,78.2
5157,2025-08-03 21:00:00,96.13
5158,2025-08-03 22:00:00,97.4
5159,2025-08-03 23:00:00,85.09
5160,2025-08-04 00:00:00,80.99
5161,2025-08-04 01:00:00,80.4
5162,2025-08-04 02:00:00,80.0
5163,2025-08-04 03:00:00,80.4
5164,2025-08-04 04:00:00,85.27
5165,2025-08-04 05:00:00,85.27
5166,2025-08-04 06:00:00,95.67
5167,2025-08-04 07:00:00,106.23
5168,2025-08-04 08:00:00,97.81
5169,2025-08-04 09:00:00,52.57
5170,2025-08-04 10:00:00,30.0
5171,2025-08-04 11:00:00,13.75
5172,2025-08-04 12:00:00,6.76
5173,2025-08-04 13:00:00,4.31
5174,2025-08-04 14:00:00,4.31
5175,2025-08-04 15:00:00,4.31
5176,2025-08-04 16:00:00,5.79
5177,2025-08-04 17:00:00,26.35
5178,2025-08-04 18:00:00,38.94
5179,2025-08-04 19:00:00,70.77
5180,2025-08-04 20:00:00,103.25
5181,2025-08-04 21:00:00,168.02
5182,2025-08-04 22:00:00,138.8
5183,2025-08-04 23:00:00,115.04
5184,2025-08-05 00:00:00,140.7
5185,2025-08-05 01:00:00,107.94
5186,2025-08-05 02:00:00,95.4
5187,2025-08-05 03:00:00,95.4
5188,2025-08-05 04:00:00,94.5
5189,2025-08-05 05:00:00,91.25
5190,2025-08-05 06:00:00,101.42
5191,2025-08-05 07:00:00,106.22
5192,2025-08-05 08:00:00,80.0
5193,2025-08-05 09:00:00,30.1
5194,2025-08-05 10:00:00,18.1
5195,2025-08-05 11:00:00,1.72
5196,2025-08-05 12:00:00,0.8
5197,2025-08-05 13:00:00,0.85
5198,2025-08-05 14:00:00,1.0
5199,2025-08-05 15:00:00,1.01
5200,2025-08-05 16:00:00,1.72
5201,2025-08-05 17:00:00,0.66
5202,2025-08-05 18:00:00,18.1
5203,2025-08-05 19:00:00,56.0
5204,2025-08-05 20:00:00,84.21
5205,2025-08-05 21:00:00,102.62
5206,2025-08-05 22:00:00,98.36
5207,2025-08-05 23:00:00,83.16
5208,2025-08-06 00:00:00,81.35
5209,2025-08-06 01:00:00,80.32
5210,2025-08-06 02:00:00,80.0
5211,2025-08-06 03:00:00,80.4
5212,2025-08-06 04:00:00,85.72
5213,2025-08-06 05:00:00,97.35
5214,2025-08-06 06:00:00,94.0
5215,2025-08-06 07:00:00,104.41
5216,2025-08-06 08:00:00,97.35
5217,2025-08-06 09:00:00,76.95
5218,2025-08-06 10:00:00,51.0
5219,2025-08-06 11:00:00,27.67
5220,2025-08-06 12:00:00,28.4
5221,2025-08-06 13:00:00,27.2
5222,2025-08-06 14:00:00,27.2
5223,2025-08-06 15:00:00,27.2
5224,2025-08-06 16:00:00,28.8
5225,2025-08-06 17:00:00,52.0
5226,2025-08-06 18:00:00,80.32
5227,2025-08-06 19:00:00,106.22
5228,2025-08-06 20:00:00,114.64
5229,2025-08-06 21:00:00,170.0
5230,2025-08-06 22:00:00,150.01
5231,2025-08-06 23:00:00,115.43
5232,2025-08-07 00:00:00,116.95
5233,2025-08-07 01:00:00,108.66
5234,2025-08-07 02:00:00,105.0
5235,2025-08-07 03:00:00,108.62
5236,2025-08-07 04:00:00,107.96
5237,2025-08-07 05:00:00,108.59
5238,2025-08-07 06:00:00,114.7
5239,2025-08-07 07:00:00,119.28
5240,2025-08-07 08:00:00,119.22
5241,2025-08-07 09:00:00,80.43
5242,2025-08-07 10:00:00,50.0
5243,2025-08-07 11:00:00,26.39
5244,2025-08-07 12:00:00,26.39
5245,2025-08-07 13:00:00,28.42
5246,2025-08-07 14:00:00,27.2
5247,2025-08-07 15:00:00,26.39
5248,2025-08-07 16:00:00,27.2
5249,2025-08-07 17:00:00,48.97
5250,2025-08-07 18:00:00,70.0
5251,2025-08-07 19:00:00,101.53
5252,2025-08-07 20:00:00,115.42
5253,2025-08-07 21:00:00,145.01
5254,2025-08-07 22:00:00,125.16
5255,2025-08-07 23:00:00,110.0
5256,2025-08-08 00:00:00,106.54
5257,2025-08-08 01:00:00,103.4
5258,2025-08-08 02:00:00,104.4
5259,2025-08-08 03:00:00,103.52
5260,2025-08-08 04:00:00,102.39
5261,2025-08-08 05:00:00,104.72
5262,2025-08-08 06:00:00,105.68
5263,2025-08-08 07:00:00,110.46
5264,2025-08-08 08:00:00,104.72
5265,2025-08-08 09:00:00,68.65
5266,2025-08-08 10:00:00,41.13
5267,2025-08-08 11:00:00,20.75
5268,2025-08-08 12:00:00,20.35
5269,2025-08-08 13:00:00,6.0
5270,2025-08-08 14:00:00,5.79
5271,2025-08-08 15:00:00,20.35
5272,2025-08-08 16:00:00,20.35
5273,2025-08-08 17:00:00,69.6
5274,2025-08-08 18:00:00,68.62
5275,2025-08-08 19:00:00,104.07
5276,2025-08-08 20:00:00,109.9
5277,2025-08-08 21:00:00,136.87
5278,2025-08-08 22:00:00,115.97
5279,2025-08-08 23:00:00,109.0
5280,2025-08-09 00:00:00,105.43
5281,2025-08-09 01:00:00,105.43
5282,2025-08-09 02:00:00,105.43
5283,2025-08-09 03:00:00,105.41
5284,2025-08-09 04:00:00,104.72
5285,2025-08-09 05:00:00,104.72
5286,2025-08-09 06:00:00,110.7
5287,2025-08-09 07:00:00,113.12
5288,2025-08-09 08:00:00,102.07
5289,2025-08-09 09:00:00,43.09
5290,2025-08-09 10:00:00,0.85
5291,2025-08-09 11:00:00,0.2
5292,2025-08-09 12:00:00,0.1
5293,2025-08-09 13:00:00,0.0
5294,2025-08-09 14:00:00,0.0
5295,2025-08-09 15:00:00,0.0
5296,2025-08-09 16:00:00,0.0
5297,2025-08-09 17:00:00,3.52
5298,2025-08-09 18:00:00,28.61
5299,2025-08-09 19:00:00,69.99
5300,2025-08-09 20:00:00,94.0
5301,2025-08-09 21:00:00,100.26
5302,2025-08-09 22:00:00,96.64
5303,2025-08-09 23:00:00,94.78
5304,2025-08-10 00:00:00,104.72
5305,2025-08-10 01:00:00,85.44
5306,2025-08-10 02:00:00,79.0
5307,2025-08-10 03:00:00,68.0
5308,2025-08-10 04:00:00,85.0
5309,2025-08-10 05:00:00,90.5
5310,2025-08-10 06:00:00,96.44
5311,2025-08-10 07:00:00,90.0
5312,2025-08-10 08:00:00,49.9
5313,2025-08-10 09:00:00,0.0
5314,2025-08-10 10:00:00,-0.25
5315,2025-08-10 11:00:00,-0.25
5316,2025-08-10 12:00:00,-0.5
5317,2025-08-10 13:00:00,-0.62
5318,2025-08-10 14:00:00,-0.6
5319,2025-08-10 15:00:00,-0.6
5320,2025-08-10 16:00:00,-0.5
5321,2025-08-10 17:00:00,1.72
5322,2025-08-10 18:00:00,26.5
5323,2025-08-10 19:00:00,80.5
5324,2025-08-10 20:00:00,98.01
5325,2025-08-10 21:00:00,130.0
5326,2025-08-10 22:00:00,136.87
5327,2025-08-10 23:00:00,112.98
5328,2025-08-11 00:00:00,109.7
5329,2025-08-11 01:00:00,100.43
5330,2025-08-11 02:00:00,100.0
5331,2025-08-11 03:00:00,99.89
5332,2025-08-11 04:00:00,99.18
5333,2025-08-11 05:00:00,99.89
5334,2025-08-11 06:00:00,99.65
5335,2025-08-11 07:00:00,105.43
5336,2025-08-11 08:00:00,100.61
5337,2025-08-11 09:00:00,63.6
5338,2025-08-11 10:00:00,45.0
5339,2025-08-11 11:00:00,22.51
5340,2025-08-11 12:00:00,15.0
5341,2025-08-11 13:00:00,15.0
5342,2025-08-11 14:00:00,10.0
5343,2025-08-11 15:00:00,9.0
5344,2025-08-11 16:00:00,44.5
5345,2025-08-11 17:00:00,57.97
5346,2025-08-11 18:00:00,90.0
5347,2025-08-11 19:00:00,111.24
5348,2025-08-11 20:00:00,135.09
5349,2025-08-11 21:00:00,144.41
5350,2025-08-11 22:00:00,133.51
5351,2025-08-11 23:00:00,110.91
5352,2025-08-12 00:00:00,109.13
5353,2025-08-12 01:00:00,99.94
5354,2025-08-12 02:00:00,104.72
5355,2025-08-12 03:00:00,104.38
5356,2025-08-12 04:00:00,103.0
5357,2025-08-12 05:00:00,104.38
5358,2025-08-12 06:00:00,99.18
5359,2025-08-12 07:00:00,109.7
5360,2025-08-12 08:00:00,98.69
5361,2025-08-12 09:00:00,96.13
5362,2025-08-12 10:00:00,66.34
5363,2025-08-12 11:00:00,40.94
5364,2025-08-12 12:00:00,27.2
5365,2025-08-12 13:00:00,26.28
5366,2025-08-12 14:00:00,27.2
5367,2025-08-12 15:00:00,35.05
5368,2025-08-12 16:00:00,63.8
5369,2025-08-12 17:00:00,85.82
5370,2025-08-12 18:00:00,96.78
5371,2025-08-12 19:00:00,121.86
5372,2025-08-12 20:00:00,154.93
5373,2025-08-12 21:00:00,140.81
5374,2025-08-12 22:00:00,126.87
5375,2025-08-12 23:00:00,109.7
5376,2025-08-13 00:00:00,109.73
5377,2025-08-13 01:00:00,110.7
5378,2025-08-13 02:00:00,109.98
5379,2025-08-13 03:00:00,105.55
5380,2025-08-13 04:00:00,104.32
5381,2025-08-13 05:00:00,104.32
5382,2025-08-13 06:00:00,105.0
5383,2025-08-13 07:00:00,121.17
5384,2025-08-13 08:00:00,118.24
5385,2025-08-13 09:00:00,94.1
5386,2025-08-13 10:00:00,90.0
5387,2025-08-13 11:00:00,71.0
5388,2025-08-13 12:00:00,63.48
5389,2025-08-13 13:00:00,60.0
5390,2025-08-13 14:00:00,63.22
5391,2025-08-13 15:00:00,70.9
5392,2025-08-13 16:00:00,84.15
5393,2025-08-13 17:00:00,93.1
5394,2025-08-13 18:00:00,105.0
5395,2025-08-13 19:00:00,107.23
5396,2025-08-13 20:00:00,155.1
5397,2025-08-13 21:00:00,153.0
5398,2025-08-13 22:00:00,123.21
5399,2025-08-13 23:00:00,106.27
5400,2025-08-14 00:00:00,126.87
5401,2025-08-14 01:00:00,115.7
5402,2025-08-14 02:00:00,110.28
5403,2025-08-14 03:00:00,105.27
5404,2025-08-14 04:00:00,102.0
5405,2025-08-14 05:00:00,101.12
5406,2025-08-14 06:00:00,107.0
5407,2025-08-14 07:00:00,109.65
5408,2025-08-14 08:00:00,99.31
5409,2025-08-14 09:00:00,90.92
5410,2025-08-14 10:00:00,71.67
5411,2025-08-14 11:00:00,67.4
5412,2025-08-14 12:00:00,54.01
5413,2025-08-14 13:00:00,40.91
5414,2025-08-14 14:00:00,54.9
5415,2025-08-14 15:00:00,69.43
5416,2025-08-14 16:00:00,71.67
5417,2025-08-14 17:00:00,80.0
5418,2025-08-14 18:00:00,102.0
5419,2025-08-14 19:00:00,115.78
5420,2025-08-14 20:00:00,137.99
5421,2025-08-14 21:00:00,149.02
5422,2025-08-14 22:00:00,125.88
5423,2025-08-14 23:00:00,111.92
5424,2025-08-15 00:00:00,119.07
5425,2025-08-15 01:00:00,105.3
5426,2025-08-15 02:00:00,99.9
5427,2025-08-15 03:00:00,96.22
5428,2025-08-15 04:00:00,93.66
5429,2025-08-15 05:00:00,91.16
5430,2025-08-15 06:00:00,98.5
5431,2025-08-15 07:00:00,97.52
5432,2025-08-15 08:00:00,71.89
5433,2025-08-15 09:00:00,43.97
5434,2025-08-15 10:00:00,6.0
5435,2025-08-15 11:00:00,3.0
5436,2025-08-15 12:00:00,0.08
5437,2025-08-15 13:00:00,0.0
5438,2025-08-15 14:00:00,0.0
5439,2025-08-15 15:00:00,1.72
5440,2025-08-15 16:00:00,23.53
5441,2025-08-15 17:00:00,33.23
5442,2025-08-15 18:00:00,61.12
5443,2025-08-15 19:00:00,100.82
5444,2025-08-15 20:00:00,111.39
5445,2025-08-15 21:00:00,144.75
5446,2025-08-15 22:00:00,142.0
5447,2025-08-15 23:00:00,117.63
5448,2025-08-16 00:00:00,118.82
5449,2025-08-16 01:00:00,114.32
5450,2025-08-16 02:00:00,109.69
5451,2025-08-16 03:00:00,105.0
5452,2025-08-16 04:00:00,104.28
5453,2025-08-16 05:00:00,105.35
5454,2025-08-16 06:00:00,108.43
5455,2025-08-16 07:00:00,111.19
5456,2025-08-16 08:00:00,103.67
5457,2025-08-16 09:00:00,60.93
5458,2025-08-16 10:00:00,26.28
5459,2025-08-16 11:00:00,3.8
5460,2025-08-16 12:00:00,2.01
5461,2025-08-16 13:00:00,2.01
5462,2025-08-16 14:00:00,0.66
5463,2025-08-16 15:00:00,1.1
5464,2025-08-16 16:00:00,3.6
5465,2025-08-16 17:00:00,21.52
5466,2025-08-16 18:00:00,68.8
5467,2025-08-16 19:00:00,100.0
5468,2025-08-16 20:00:00,111.05
5469,2025-08-16 21:00:00,144.0
5470,2025-08-16 22:00:00,137.0
5471,2025-08-16 23:00:00,117.65
5472,2025-08-17 00:00:00,118.58
5473,2025-08-17 01:00:00,113.12
5474,2025-08-17 02:00:00,106.27
5475,2025-08-17 03:00:00,104.59
5476,2025-08-17 04:00:00,104.66
5477,2025-08-17 05:00:00,105.01
5478,2025-08-17 06:00:00,104.34
5479,2025-08-17 07:00:00,96.99
5480,2025-08-17 08:00:00,101.12
5481,2025-08-17 09:00:00,27.2
5482,2025-08-17 10:00:00,9.7
5483,2025-08-17 11:00:00,2.01
5484,2025-08-17 12:00:00,0.65
5485,2025-08-17 13:00:00,0.65
5486,2025-08-17 14:00:00,0.65
5487,2025-08-17 15:00:00,0.65
5488,2025-08-17 16:00:00,5.13
5489,2025-08-17 17:00:00,16.72
5490,2025-08-17 18:00:00,51.45
5491,2025-08-17 19:00:00,94.03
5492,2025-08-17 20:00:00,113.12
5493,2025-08-17 21:00:00,124.65
5494,2025-08-17 22:00:00,131.25
5495,2025-08-17 23:00:00,117.67
5496,2025-08-18 00:00:00,109.52
5497,2025-08-18 01:00:00,105.54
5498,2025-08-18 02:00:00,104.3
5499,2025-08-18 03:00:00,103.1
5500,2025-08-18 04:00:00,99.82
5501,2025-08-18 05:00:00,101.12
5502,2025-08-18 06:00:00,105.34
5503,2025-08-18 07:00:00,106.54
5504,2025-08-18 08:00:00,106.54
5505,2025-08-18 09:00:00,104.56
5506,2025-08-18 10:00:00,97.52
5507,2025-08-18 11:00:00,75.59
5508,2025-08-18 12:00:00,69.0
5509,2025-08-18 13:00:00,69.0
5510,2025-08-18 14:00:00,67.9
5511,2025-08-18 15:00:00,60.0
5512,2025-08-18 16:00:00,69.26
5513,2025-08-18 17:00:00,84.53
5514,2025-08-18 18:00:00,104.07
5515,2025-08-18 19:00:00,115.06
5516,2025-08-18 20:00:00,120.0
5517,2025-08-18 21:00:00,120.76
5518,2025-08-18 22:00:00,114.32
5519,2025-08-18 23:00:00,106.84
5520,2025-08-19 00:00:00,103.06
5521,2025-08-19 01:00:00,101.12
5522,2025-08-19 02:00:00,98.1
5523,2025-08-19 03:00:00,92.41
5524,2025-08-19 04:00:00,90.37
5525,2025-08-19 05:00:00,91.4
5526,2025-08-19 06:00:00,99.0
5527,2025-08-19 07:00:00,102.82
5528,2025-08-19 08:00:00,98.1
5529,2025-08-19 09:00:00,88.57
5530,2025-08-19 10:00:00,69.64
5531,2025-08-19 11:00:00,43.23
5532,2025-08-19 12:00:00,30.0
5533,2025-08-19 13:00:00,29.14
5534,2025-08-19 14:00:00,30.91
5535,2025-08-19 15:00:00,40.54
5536,2025-08-19 16:00:00,46.8
5537,2025-08-19 17:00:00,48.7
5538,2025-08-19 18:00:00,62.2
5539,2025-08-19 19:00:00,88.97
5540,2025-08-19 20:00:00,97.74
5541,2025-08-19 21:00:00,106.85
5542,2025-08-19 22:00:00,106.54
5543,2025-08-19 23:00:00,99.0
5544,2025-08-20 00:00:00,95.58
5545,2025-08-20 01:00:00,88.03
5546,2025-08-20 02:00:00,83.0
5547,2025-08-20 03:00:00,81.0
5548,2025-08-20 04:00:00,76.2
5549,2025-08-20 05:00:00,82.0
5550,2025-08-20 06:00:00,88.46
5551,2025-08-20 07:00:00,96.54
5552,2025-08-20 08:00:00,89.81
5553,2025-08-20 09:00:00,71.55
5554,2025-08-20 10:00:00,49.8
5555,2025-08-20 11:00:00,49.9
5556,2025-08-20 12:00:00,49.02
5557,2025-08-20 13:00:00,35.0
5558,2025-08-20 14:00:00,31.53
5559,2025-08-20 15:00:00,27.2
5560,2025-08-20 16:00:00,27.99
5561,2025-08-20 17:00:00,37.0
5562,2025-08-20 18:00:00,49.27
5563,2025-08-20 19:00:00,69.27
5564,2025-08-20 20:00:00,78.73
5565,2025-08-20 21:00:00,100.07
5566,2025-08-20 22:00:00,97.52
5567,2025-08-20 23:00:00,84.98
5568,2025-08-21 00:00:00,95.28
5569,2025-08-21 01:00:00,88.88
5570,2025-08-21 02:00:00,85.26
5571,2025-08-21 03:00:00,83.68
5572,2025-08-21 04:00:00,82.1
5573,2025-08-21 05:00:00,84.0
5574,2025-08-21 06:00:00,85.82
5575,2025-08-21 07:00:00,101.12
5576,2025-08-21 08:00:00,85.26
5577,2025-08-21 09:00:00,50.2
5578,2025-08-21 10:00:00,25.67
5579,2025-08-21 11:00:00,10.0
5580,2025-08-21 12:00:00,7.89
5581,2025-08-21 13:00:00,5.11
5582,2025-08-21 14:00:00,5.11
5583,2025-08-21 15:00:00,4.31
5584,2025-08-21 16:00:00,5.79
5585,2025-08-21 17:00:00,6.0
5586,2025-08-21 18:00:00,25.0
5587,2025-08-21 19:00:00,50.0
5588,2025-08-21 20:00:00,77.84
5589,2025-08-21 21:00:00,83.26
5590,2025-08-21 22:00:00,75.0
5591,2025-08-21 23:00:00,71.6
5592,2025-08-22 00:00:00,77.1
5593,2025-08-22 01:00:00,72.0
5594,2025-08-22 02:00:00,68.01
5595,2025-08-22 03:00:00,65.2
5596,2025-08-22 04:00:00,70.01
5597,2025-08-22 05:00:00,69.81
5598,2025-08-22 06:00:00,71.03
5599,2025-08-22 07:00:00,78.06
5600,2025-08-22 08:00:00,75.1
5601,2025-08-22 09:00:00,49.67
5602,2025-08-22 10:00:00,15.57
5603,2025-08-22 11:00:00,5.11
5604,2025-08-22 12:00:00,4.31
5605,2025-08-22 13:00:00,5.79
5606,2025-08-22 14:00:00,5.37
5607,2025-08-22 15:00:00,5.01
5608,2025-08-22 16:00:00,5.79
5609,2025-08-22 17:00:00,20.0
5610,2025-08-22 18:00:00,35.2
5611,2025-08-22 19:00:00,84.56
5612,2025-08-22 20:00:00,104.53
5613,2025-08-22 21:00:00,103.49
5614,2025-08-22 22:00:00,101.59
5615,2025-08-22 23:00:00,94.37
5616,2025-08-23 00:00:00,95.33
5617,2025-08-23 01:00:00,89.32
5618,2025-08-23 02:00:00,80.94
5619,2025-08-23 03:00:00,78.21
5620,2025-08-23 04:00:00,76.06
5621,2025-08-23 05:00:00,79.1
5622,2025-08-23 06:00:00,84.28
5623,2025-08-23 07:00:00,86.42
5624,2025-08-23 08:00:00,79.15
5625,2025-08-23 09:00:00,55.02
5626,2025-08-23 10:00:00,15.85
5627,2025-08-23 11:00:00,3.46
5628,2025-08-23 12:00:00,1.82
5629,2025-08-23 13:00:00,3.0
5630,2025-08-23 14:00:00,0.65
5631,2025-08-23 15:00:00,3.52
5632,2025-08-23 16:00:00,11.99
5633,2025-08-23 17:00:00,38.38
5634,2025-08-23 18:00:00,64.64
5635,2025-08-23 19:00:00,106.96
5636,2025-08-23 20:00:00,118.85
5637,2025-08-23 21:00:00,130.87
5638,2025-08-23 22:00:00,111.16
5639,2025-08-23 23:00:00,108.96
5640,2025-08-24 00:00:00,106.0
5641,2025-08-24 01:00:00,101.12
5642,2025-08-24 02:00:00,97.52
5643,2025-08-24 03:00:00,94.24
5644,2025-08-24 04:00:00,93.76
5645,2025-08-24 05:00:00,94.0
5646,2025-08-24 06:00:00,94.24
5647,2025-08-24 07:00:00,95.96
5648,2025-08-24 08:00:00,75.0
5649,2025-08-24 09:00:00,25.0
5650,2025-08-24 10:00:00,0.0
5651,2025-08-24 11:00:00,-0.01
5652,2025-08-24 12:00:00,-0.01
5653,2025-08-24 13:00:00,0.0
5654,2025-08-24 14:00:00,-0.01
5655,2025-08-24 15:00:00,-0.1
5656,2025-08-24 16:00:00,0.0
5657,2025-08-24 17:00:00,12.93
5658,2025-08-24 18:00:00,61.15
5659,2025-08-24 19:00:00,98.57
5660,2025-08-24 20:00:00,114.99
5661,2025-08-24 21:00:00,114.32
5662,2025-08-24 22:00:00,111.92
5663,2025-08-24 23:00:00,105.77
5664,2025-08-25 00:00:00,111.92
5665,2025-08-25 01:00:00,107.5
5666,2025-08-25 02:00:00,104.99
5667,2025-08-25 03:00:00,101.12
5668,2025-08-25 04:00:00,98.35
5669,2025-08-25 05:00:00,104.99
5670,2025-08-25 06:00:00,108.73
5671,2025-08-25 07:00:00,114.32
5672,2025-08-25 08:00:00,114.32
5673,2025-08-25 09:00:00,108.32
5674,2025-08-25 10:00:00,89.51
5675,2025-08-25 11:00:00,65.01
5676,2025-08-25 12:00:00,55.2
5677,2025-08-25 13:00:00,35.0
5678,2025-08-25 14:00:00,26.17
5679,2025-08-25 15:00:00,25.2
5680,2025-08-25 16:00:00,56.43
5681,2025-08-25 17:00:00,70.1
5682,2025-08-25 18:00:00,97.43
5683,2025-08-25 19:00:00,114.78
5684,2025-08-25 20:00:00,125.95
5685,2025-08-25 21:00:00,142.0
5686,2025-08-25 22:00:00,123.11
5687,2025-08-25 23:00:00,114.68
5688,2025-08-26 00:00:00,106.76
5689,2025-08-26 01:00:00,102.4
5690,2025-08-26 02:00:00,99.99
5691,2025-08-26 03:00:00,99.6
5692,2025-08-26 04:00:00,100.78
5693,2025-08-26 05:00:00,102.4
5694,2025-08-26 06:00:00,109.52
5695,2025-08-26 07:00:00,125.95
5696,2025-08-26 08:00:00,112.79
5697,2025-08-26 09:00:00,97.52
5698,2025-08-26 10:00:00,70.0
5699,2025-08-26 11:00:00,60.65
5700,2025-08-26 12:00:00,41.25
5701,2025-08-26 13:00:00,26.28
5702,2025-08-26 14:00:00,38.05
5703,2025-08-26 15:00:00,47.44
5704,2025-08-26 16:00:00,60.0
5705,2025-08-26 17:00:00,65.03
5706,2025-08-26 18:00:00,76.1
5707,2025-08-26 19:00:00,103.14
5708,2025-08-26 20:00:00,117.0
5709,2025-08-26 21:00:00,123.46
5710,2025-08-26 22:00:00,113.12
5711,2025-08-26 23:00:00,106.79
5712,2025-08-27 00:00:00,109.1
5713,2025-08-27 01:00:00,102.84
5714,2025-08-27 02:00:00,101.12
5715,2025-08-27 03:00:00,97.54
5716,2025-08-27 04:00:00,93.05
5717,2025-08-27 05:00:00,93.05
5718,2025-08-27 06:00:00,102.84
5719,2025-08-27 07:00:00,113.12
5720,2025-08-27 08:00:00,113.64
5721,2025-08-27 09:00:00,101.63
5722,2025-08-27 10:00:00,85.21
5723,2025-08-27 11:00:00,77.75
5724,2025-08-27 12:00:00,63.65
5725,2025-08-27 13:00:00,49.85
5726,2025-08-27 14:00:00,50.62
5727,2025-08-27 15:00:00,50.62
5728,2025-08-27 16:00:00,51.14
5729,2025-08-27 17:00:00,51.4
5730,2025-08-27 18:00:00,64.9
5731,2025-08-27 19:00:00,99.0
5732,2025-08-27 20:00:00,109.1
5733,2025-08-27 21:00:00,114.32
5734,2025-08-27 22:00:00,113.63
5735,2025-08-27 23:00:00,103.57
5736,2025-08-28 00:00:00,97.15
5737,2025-08-28 01:00:00,90.14
5738,2025-08-28 02:00:00,86.07
5739,2025-08-28 03:00:00,73.25
5740,2025-08-28 04:00:00,69.4
5741,2025-08-28 05:00:00,76.42
5742,2025-08-28 06:00:00,83.38
5743,2025-08-28 07:00:00,90.38
5744,2025-08-28 08:00:00,90.38
5745,2025-08-28 09:00:00,69.4
5746,2025-08-28 10:00:00,17.35
5747,2025-08-28 11:00:00,9.65
5748,2025-08-28 12:00:00,5.64
5749,2025-08-28 13:00:00,4.31
5750,2025-08-28 14:00:00,0.65
5751,2025-08-28 15:00:00,0.01
5752,2025-08-28 16:00:00,0.65
5753,2025-08-28 17:00:00,1.5
5754,2025-08-28 18:00:00,5.11
5755,2025-08-28 19:00:00,65.28
5756,2025-08-28 20:00:00,90.0
5757,2025-08-28 21:00:00,97.08
5758,2025-08-28 22:00:00,93.77
5759,2025-08-28 23:00:00,88.09
5760,2025-08-29 00:00:00,82.7
5761,2025-08-29 01:00:00,79.64
5762,2025-08-29 02:00:00,72.2
5763,2025-08-29 03:00:00,60.0
5764,2025-08-29 04:00:00,54.43
5765,2025-08-29 05:00:00,54.6
5766,2025-08-29 06:00:00,75.01
5767,2025-08-29 07:00:00,80.2
5768,2025-08-29 08:00:00,70.09
5769,2025-08-29 09:00:00,42.47
5770,2025-08-29 10:00:00,5.0
5771,2025-08-29 11:00:00,0.83
5772,2025-08-29 12:00:00,0.65
5773,2025-08-29 13:00:00,0.01
5774,2025-08-29 14:00:00,0.0
5775,2025-08-29 15:00:00,0.0
5776,2025-08-29 16:00:00,0.0
5777,2025-08-29 17:00:00,0.0
5778,2025-08-29 18:00:00,3.52
5779,2025-08-29 19:00:00,53.55
5780,2025-08-29 20:00:00,81.8
5781,2025-08-29 21:00:00,100.01
5782,2025-08-29 22:00:00,95.14
5783,2025-08-29 23:00:00,86.17
5784,2025-08-30 00:00:00,91.56
5785,2025-08-30 01:00:00,86.64
5786,2025-08-30 02:00:00,87.56
5787,2025-08-30 03:00:00,83.48
5788,2025-08-30 04:00:00,80.88
5789,2025-08-30 05:00:00,80.64
5790,2025-08-30 06:00:00,85.06
5791,2025-08-30 07:00:00,88.29
5792,2025-08-30 08:00:00,77.0
5793,2025-08-30 09:00:00,32.0
5794,2025-08-30 10:00:00,9.5
5795,2025-08-30 11:00:00,1.99
5796,2025-08-30 12:00:00,0.0
5797,2025-08-30 13:00:00,0.0
5798,2025-08-30 14:00:00,-0.01
5799,2025-08-30 15:00:00,0.0
5800,2025-08-30 16:00:00,0.0
5801,2025-08-30 17:00:00,0.0
5802,2025-08-30 18:00:00,8.16
5803,2025-08-30 19:00:00,57.97
5804,2025-08-30 20:00:00,89.93
5805,2025-08-30 21:00:00,107.12
5806,2025-08-30 22:00:00,101.12
5807,2025-08-30 23:00:00,95.0
5808,2025-08-31 00:00:00,81.06
5809,2025-08-31 01:00:00,75.4
5810,2025-08-31 02:00:00,70.5
5811,2025-08-31 03:00:00,67.0
5812,2025-08-31 04:00:00,70.12
5813,2025-08-31 05:00:00,70.12
5814,2025-08-31 06:00:00,70.12
5815,2025-08-31 07:00:00,75.4
5816,2025-08-31 08:00:00,45.0
5817,2025-08-31 09:00:00,3.6
5818,2025-08-31 10:00:00,0.0
5819,2025-08-31 11:00:00,-0.01
5820,2025-08-31 12:00:00,-0.08
5821,2025-08-31 13:00:00,-0.95
5822,2025-08-31 14:00:00,-0.6
5823,2025-08-31 15:00:00,-0.62
5824,2025-08-31 16:00:00,-0.98
5825,2025-08-31 17:00:00,-0.27
5826,2025-08-31 18:00:00,0.0
5827,2025-08-31 19:00:00,3.52
5828,2025-08-31 20:00:00,59.55
5829,2025-08-31 21:00:00,73.88
5830,2025-08-31 22:00:00,71.4
5831,2025-08-31 23:00:00,62.0
5832,2025-09-01 00:00:00,35.79
5833,2025-09-01 01:00:00,18.07
5834,2025-09-01 02:00:00,22.34
5835,2025-09-01 03:00:00,17.64
5836,2025-09-01 04:00:00,15.0
5837,2025-09-01 05:00:00,25.21
5838,2025-09-01 06:00:00,33.23
5839,2025-09-01 07:00:00,53.18
5840,2025-09-01 08:00:00,64.0
5841,2025-09-01 09:00:00,35.79
5842,2025-09-01 10:00:00,3.52
5843,2025-09-01 11:00:00,0.5
5844,2025-09-01 12:00:00,0.05
5845,2025-09-01 13:00:00,0.0
5846,2025-09-01 14:00:00,0.0
5847,2025-09-01 15:00:00,0.0
5848,2025-09-01 16:00:00,0.0
5849,2025-09-01 17:00:00,0.0
5850,2025-09-01 18:00:00,3.52
5851,2025-09-01 19:00:00,55.0
5852,2025-09-01 20:00:00,80.0
5853,2025-09-01 21:00:00,100.01
5854,2025-09-01 22:00:00,92.8
5855,2025-09-01 23:00:00,80.0
5856,2025-09-02 00:00:00,100.86
5857,2025-09-02 01:00:00,95.0
5858,2025-09-02 02:00:00,87.2
5859,2025-09-02 03:00:00,81.88
5860,2025-09-02 04:00:00,80.3
5861,2025-09-02 05:00:00,80.3
5862,2025-09-02 06:00:00,81.55
5863,2025-09-02 07:00:00,95.15
5864,2025-09-02 08:00:00,87.2
5865,2025-09-02 09:00:00,39.0
5866,2025-09-02 10:00:00,7.96
5867,2025-09-02 11:00:00,4.01
5868,2025-09-02 12:00:00,4.31
5869,2025-09-02 13:00:00,4.01
5870,2025-09-02 14:00:00,4.01
5871,2025-09-02 15:00:00,4.31
5872,2025-09-02 16:00:00,4.01
5873,2025-09-02 17:00:00,14.0
5874,2025-09-02 18:00:00,32.89
5875,2025-09-02 19:00:00,84.0
5876,2025-09-02 20:00:00,109.52
5877,2025-09-02 21:00:00,160.0
5878,2025-09-02 22:00:00,116.72
5879,2025-09-02 23:00:00,104.22
5880,2025-09-03 00:00:00,105.23
5881,2025-09-03 01:00:00,95.0
5882,2025-09-03 02:00:00,85.0
5883,2025-09-03 03:00:00,80.5
5884,2025-09-03 04:00:00,76.05
5885,2025-09-03 05:00:00,76.05
5886,2025-09-03 06:00:00,83.22
5887,2025-09-03 07:00:00,93.0
5888,2025-09-03 08:00:00,83.22
5889,2025-09-03 09:00:00,17.5
5890,2025-09-03 10:00:00,2.01
5891,2025-09-03 11:00:00,2.01
5892,2025-09-03 12:00:00,0.5
5893,2025-09-03 13:00:00,0.5
5894,2025-09-03 14:00:00,0.05
5895,2025-09-03 15:00:00,0.05
5896,2025-09-03 16:00:00,0.0
5897,2025-09-03 17:00:00,0.05
5898,2025-09-03 18:00:00,12.85
5899,2025-09-03 19:00:00,70.0
5900,2025-09-03 20:00:00,103.13
5901,2025-09-03 21:00:00,133.45
5902,2025-09-03 22:00:00,107.43
5903,2025-09-03 23:00:00,100.86
5904,2025-09-04 00:00:00,91.24
5905,2025-09-04 01:00:00,85.0
5906,2025-09-04 02:00:00,79.91
5907,2025-09-04 03:00:00,72.27
5908,2025-09-04 04:00:00,70.0
5909,2025-09-04 05:00:00,70.7
5910,2025-09-04 06:00:00,81.02
5911,2025-09-04 07:00:00,103.55
5912,2025-09-04 08:00:00,93.53
5913,2025-09-04 09:00:00,50.0
5914,2025-09-04 10:00:00,18.07
5915,2025-09-04 11:00:00,5.79
5916,2025-09-04 12:00:00,3.2
5917,2025-09-04 13:00:00,2.01
5918,2025-09-04 14:00:00,1.6
5919,2025-09-04 15:00:00,2.01
5920,2025-09-04 16:00:00,3.7
5921,2025-09-04 17:00:00,7.01
5922,2025-09-04 18:00:00,28.19
5923,2025-09-04 19:00:00,66.04
5924,2025-09-04 20:00:00,102.5
5925,2025-09-04 21:00:00,112.99
5926,2025-09-04 22:00:00,100.45
5927,2025-09-04 23:00:00,85.5
5928,2025-09-05 00:00:00,89.25
5929,2025-09-05 01:00:00,79.02
5930,2025-09-05 02:00:00,65.0
5931,2025-09-05 03:00:00,60.0
5932,2025-09-05 04:00:00,53.31
5933,2025-09-05 05:00:00,60.0
5934,2025-09-05 06:00:00,76.79
5935,2025-09-05 07:00:00,89.99
5936,2025-09-05 08:00:00,88.22
5937,2025-09-05 09:00:00,79.1
5938,2025-09-05 10:00:00,35.0
5939,2025-09-05 11:00:00,10.0
5940,2025-09-05 12:00:00,3.52
5941,2025-09-05 13:00:00,3.52
5942,2025-09-05 14:00:00,3.0
5943,2025-09-05 15:00:00,4.31
5944,2025-09-05 16:00:00,4.31
5945,2025-09-05 17:00:00,4.31
5946,2025-09-05 18:00:00,45.23
5947,2025-09-05 19:00:00,89.25
5948,2025-09-05 20:00:00,103.97
5949,2025-09-05 21:00:00,107.1
5950,2025-09-05 22:00:00,95.0
5951,2025-09-05 23:00:00,88.38
5952,2025-09-06 00:00:00,74.64
5953,2025-09-06 01:00:00,58.78
5954,2025-09-06 02:00:00,48.71
5955,2025-09-06 03:00:00,39.9
5956,2025-09-06 04:00:00,34.8
5957,2025-09-06 05:00:00,33.46
5958,2025-09-06 06:00:00,35.0
5959,2025-09-06 07:00:00,42.0
5960,2025-09-06 08:00:00,34.9
5961,2025-09-06 09:00:00,15.23
5962,2025-09-06 10:00:00,1.72
5963,2025-09-06 11:00:00,0.0
5964,2025-09-06 12:00:00,-0.02
5965,2025-09-06 13:00:00,-0.86
5966,2025-09-06 14:00:00,-0.99
5967,2025-09-06 15:00:00,-0.16
5968,2025-09-06 16:00:00,-0.02
5969,2025-09-06 17:00:00,0.0
5970,2025-09-06 18:00:00,0.0
5971,2025-09-06 19:00:00,24.37
5972,2025-09-06 20:00:00,42.0
5973,2025-09-06 21:00:00,58.54
5974,2025-09-06 22:00:00,55.44
5975,2025-09-06 23:00:00,39.5
5976,2025-09-07 00:00:00,23.0
5977,2025-09-07 01:00:00,14.0
5978,2025-09-07 02:00:00,25.15
5979,2025-09-07 03:00:00,21.0
5980,2025-09-07 04:00:00,18.32
5981,2025-09-07 05:00:00,26.28
5982,2025-09-07 06:00:00,14.0
5983,2025-09-07 07:00:00,19.99
5984,2025-09-07 08:00:00,26.5
5985,2025-09-07 09:00:00,25.3
5986,2025-09-07 10:00:00,4.96
5987,2025-09-07 11:00:00,0.66
5988,2025-09-07 12:00:00,0.0
5989,2025-09-07 13:00:00,0.01
5990,2025-09-07 14:00:00,0.16
5991,2025-09-07 15:00:00,0.0
5992,2025-09-07 16:00:00,0.65
5993,2025-09-07 17:00:00,6.08
5994,2025-09-07 18:00:00,47.5
5995,2025-09-07 19:00:00,79.02
5996,2025-09-07 20:00:00,98.21
5997,2025-09-07 21:00:00,111.56
5998,2025-09-07 22:00:00,104.9
5999,2025-09-07 23:00:00,97.0
6000,2025-09-08 00:00:00,104.5
6001,2025-09-08 01:00:00,94.5
6002,2025-09-08 02:00:00,91.54
6003,2025-09-08 03:00:00,85.52
6004,2025-09-08 04:00:00,80.94
6005,2025-09-08 05:00:00,81.97
6006,2025-09-08 06:00:00,92.02
6007,2025-09-08 07:00:00,104.45
6008,2025-09-08 08:00:00,108.36
6009,2025-09-08 09:00:00,98.21
6010,2025-09-08 10:00:00,85.83
6011,2025-09-08 11:00:00,63.0
6012,2025-09-08 12:00:00,52.01
6013,2025-09-08 13:00:00,38.56
6014,2025-09-08 14:00:00,27.2
6015,2025-09-08 15:00:00,27.08
6016,2025-09-08 16:00:00,27.2
6017,2025-09-08 17:00:00,48.64
6018,2025-09-08 18:00:00,73.08
6019,2025-09-08 19:00:00,91.15
6020,2025-09-08 20:00:00,98.21
6021,2025-09-08 21:00:00,95.26
6022,2025-09-08 22:00:00,90.51
6023,2025-09-08 23:00:00,73.08
6024,2025-09-09 00:00:00,63.33
6025,2025-09-09 01:00:00,63.33
6026,2025-09-09 02:00:00,61.51
6027,2025-09-09 03:00:00,61.51
6028,2025-09-09 04:00:00,61.51
6029,2025-09-09 05:00:00,69.45
6030,2025-09-09 06:00:00,83.09
6031,2025-09-09 07:00:00,96.1
6032,2025-09-09 08:00:00,96.44
6033,2025-09-09 09:00:00,80.71
6034,2025-09-09 10:00:00,54.93
6035,2025-09-09 11:00:00,30.22
6036,2025-09-09 12:00:00,26.0
6037,2025-09-09 13:00:00,19.25
6038,2025-09-09 14:00:00,17.19
6039,2025-09-09 15:00:00,8.91
6040,2025-09-09 16:00:00,16.57
6041,2025-09-09 17:00:00,30.0
6042,2025-09-09 18:00:00,56.0
6043,2025-09-09 19:00:00,90.0
6044,2025-09-09 20:00:00,111.37
6045,2025-09-09 21:00:00,120.0
6046,2025-09-09 22:00:00,110.0
6047,2025-09-09 23:00:00,98.07
6048,2025-09-10 00:00:00,89.94
6049,2025-09-10 01:00:00,83.09
6050,2025-09-10 02:00:00,83.09
6051,2025-09-10 03:00:00,81.1
6052,2025-09-10 04:00:00,72.99
6053,2025-09-10 05:00:00,66.0
6054,2025-09-10 06:00:00,77.5
6055,2025-09-10 07:00:00,84.26
6056,2025-09-10 08:00:00,75.99
6057,2025-09-10 09:00:00,45.1
6058,2025-09-10 10:00:00,8.0
6059,2025-09-10 11:00:00,0.0
6060,2025-09-10 12:00:00,0.0
6061,2025-09-10 13:00:00,0.0
6062,2025-09-10 14:00:00,0.0
6063,2025-09-10 15:00:00,0.0
6064,2025-09-10 16:00:00,0.0
6065,2025-09-10 17:00:00,4.9
6066,2025-09-10 18:00:00,23.09
6067,2025-09-10 19:00:00,62.17
6068,2025-09-10 20:00:00,96.0
6069,2025-09-10 21:00:00,105.01
6070,2025-09-10 22:00:00,96.26
6071,2025-09-10 23:00:00,83.09
6072,2025-09-11 00:00:00,85.0
6073,2025-09-11 01:00:00,78.35
6074,2025-09-11 02:00:00,67.3
6075,2025-09-11 03:00:00,67.3
6076,2025-09-11 04:00:00,70.0
6077,2025-09-11 05:00:00,74.0
6078,2025-09-11 06:00:00,78.84
6079,2025-09-11 07:00:00,98.3
6080,2025-09-11 08:00:00,88.07
6081,2025-09-11 09:00:00,45.1
6082,2025-09-11 10:00:00,0.03
6083,2025-09-11 11:00:00,4.31
6084,2025-09-11 12:00:00,1.02
6085,2025-09-11 13:00:00,0.0
6086,2025-09-11 14:00:00,0.0
6087,2025-09-11 15:00:00,1.02
6088,2025-09-11 16:00:00,0.0
6089,2025-09-11 17:00:00,0.0
6090,2025-09-11 18:00:00,7.05
6091,2025-09-11 19:00:00,88.12
6092,2025-09-11 20:00:00,106.3
6093,2025-09-11 21:00:00,140.0
6094,2025-09-11 22:00:00,111.82
6095,2025-09-11 23:00:00,100.44
6096,2025-09-12 00:00:00,105.0
6097,2025-09-12 01:00:00,95.03
6098,2025-09-12 02:00:00,93.8
6099,2025-09-12 03:00:00,93.02
6100,2025-09-12 04:00:00,93.02
6101,2025-09-12 05:00:00,95.03
6102,2025-09-12 06:00:00,105.98
6103,2025-09-12 07:00:00,143.15
6104,2025-09-12 08:00:00,115.35
6105,2025-09-12 09:00:00,93.84
6106,2025-09-12 10:00:00,60.97
6107,2025-09-12 11:00:00,19.57
6108,2025-09-12 12:00:00,5.79
6109,2025-09-12 13:00:00,5.76
6110,2025-09-12 14:00:00,4.31
6111,2025-09-12 15:00:00,5.0
6112,2025-09-12 16:00:00,4.31
6113,2025-09-12 17:00:00,19.68
6114,2025-09-12 18:00:00,46.8
6115,2025-09-12 19:00:00,93.26
6116,2025-09-12 20:00:00,123.45
6117,2025-09-12 21:00:00,143.03
6118,2025-09-12 22:00:00,105.01
6119,2025-09-12 23:00:00,97.35
6120,2025-09-13 00:00:00,102.3
6121,2025-09-13 01:00:00,99.54
6122,2025-09-13 02:00:00,97.96
6123,2025-09-13 03:00:00,97.84
6124,2025-09-13 04:00:00,96.68
6125,2025-09-13 05:00:00,92.0
6126,2025-09-13 06:00:00,94.98
6127,2025-09-13 07:00:00,100.02
6128,2025-09-13 08:00:00,99.78
6129,2025-09-13 09:00:00,69.04
6130,2025-09-13 10:00:00,9.62
6131,2025-09-13 11:00:00,2.37
6132,2025-09-13 12:00:00,0.0
6133,2025-09-13 13:00:00,0.0
6134,2025-09-13 14:00:00,0.0
6135,2025-09-13 15:00:00,0.0
6136,2025-09-13 16:00:00,0.0
6137,2025-09-13 17:00:00,0.65
6138,2025-09-13 18:00:00,14.0
6139,2025-09-13 19:00:00,82.86
6140,2025-09-13 20:00:00,100.13
6141,2025-09-13 21:00:00,106.11
6142,2025-09-13 22:00:00,99.3
6143,2025-09-13 23:00:00,95.1
6144,2025-09-14 00:00:00,75.0
6145,2025-09-14 01:00:00,66.23
6146,2025-09-14 02:00:00,65.29
6147,2025-09-14 03:00:00,65.3
6148,2025-09-14 04:00:00,65.81
6149,2025-09-14 05:00:00,71.54
6150,2025-09-14 06:00:00,71.54
6151,2025-09-14 07:00:00,77.57
6152,2025-09-14 08:00:00,66.23
6153,2025-09-14 09:00:00,23.58
6154,2025-09-14 10:00:00,5.01
6155,2025-09-14 11:00:00,0.0
6156,2025-09-14 12:00:00,0.0
6157,2025-09-14 13:00:00,0.0
6158,2025-09-14 14:00:00,-0.01
6159,2025-09-14 15:00:00,0.0
6160,2025-09-14 16:00:00,0.0
6161,2025-09-14 17:00:00,1.1
6162,2025-09-14 18:00:00,15.65
6163,2025-09-14 19:00:00,67.3
6164,2025-09-14 20:00:00,103.81
6165,2025-09-14 21:00:00,126.13
6166,2025-09-14 22:00:00,106.01
6167,2025-09-14 23:00:00,99.84
6168,2025-09-15 00:00:00,97.03
6169,2025-09-15 01:00:00,94.95
6170,2025-09-15 02:00:00,90.0
6171,2025-09-15 03:00:00,89.0
6172,2025-09-15 04:00:00,87.82
6173,2025-09-15 05:00:00,94.17
6174,2025-09-15 06:00:00,97.33
6175,2025-09-15 07:00:00,120.83
6176,2025-09-15 08:00:00,124.0
6177,2025-09-15 09:00:00,84.2
6178,2025-09-15 10:00:00,35.1
6179,2025-09-15 11:00:00,7.63
6180,2025-09-15 12:00:00,8.0
6181,2025-09-15 13:00:00,4.5
6182,2025-09-15 14:00:00,2.5
6183,2025-09-15 15:00:00,3.52
6184,2025-09-15 16:00:00,4.96
6185,2025-09-15 17:00:00,16.0
6186,2025-09-15 18:00:00,43.99
6187,2025-09-15 19:00:00,94.17
6188,2025-09-15 20:00:00,110.0
6189,2025-09-15 21:00:00,110.96
6190,2025-09-15 22:00:00,98.5
6191,2025-09-15 23:00:00,85.97
6192,2025-09-16 00:00:00,80.01
6193,2025-09-16 01:00:00,77.99
6194,2025-09-16 02:00:00,72.03
6195,2025-09-16 03:00:00,73.35
6196,2025-09-16 04:00:00,80.0
6197,2025-09-16 05:00:00,84.2
6198,2025-09-16 06:00:00,99.9
6199,2025-09-16 07:00:00,111.87
6200,2025-09-16 08:00:00,111.84
6201,2025-09-16 09:00:00,93.89
6202,2025-09-16 10:00:00,38.1
6203,2025-09-16 11:00:00,15.2
6204,2025-09-16 12:00:00,9.14
6205,2025-09-16 13:00:00,9.14
6206,2025-09-16 14:00:00,5.76
6207,2025-09-16 15:00:00,5.79
6208,2025-09-16 16:00:00,9.14
6209,2025-09-16 17:00:00,38.14
6210,2025-09-16 18:00:00,69.29
6211,2025-09-16 19:00:00,109.03
6212,2025-09-16 20:00:00,134.29
6213,2025-09-16 21:00:00,198.95
6214,2025-09-16 22:00:00,111.84
6215,2025-09-16 23:00:00,104.5
6216,2025-09-17 00:00:00,107.12
6217,2025-09-17 01:00:00,104.78
6218,2025-09-17 02:00:00,102.9
6219,2025-09-17 03:00:00,99.91
6220,2025-09-17 04:00:00,98.5
6221,2025-09-17 05:00:00,102.0
6222,2025-09-17 06:00:00,104.78
6223,2025-09-17 07:00:00,118.56
6224,2025-09-17 08:00:00,112.08
6225,2025-09-17 09:00:00,95.05
6226,2025-09-17 10:00:00,57.9
6227,2025-09-17 11:00:00,37.6
6228,2025-09-17 12:00:00,19.68
6229,2025-09-17 13:00:00,19.57
6230,2025-09-17 14:00:00,15.1
6231,2025-09-17 15:00:00,16.4
6232,2025-09-17 16:00:00,20.33
6233,2025-09-17 17:00:00,50.0
6234,2025-09-17 18:00:00,83.12
6235,2025-09-17 19:00:00,111.76
6236,2025-09-17 20:00:00,150.0
6237,2025-09-17 21:00:00,215.0
6238,2025-09-17 22:00:00,117.11
6239,2025-09-17 23:00:00,104.99
6240,2025-09-18 00:00:00,109.18
6241,2025-09-18 01:00:00,105.26
6242,2025-09-18 02:00:00,104.54
6243,2025-09-18 03:00:00,104.78
6244,2025-09-18 04:00:00,104.78
6245,2025-09-18 05:00:00,105.26
6246,2025-09-18 06:00:00,107.28
6247,2025-09-18 07:00:00,126.55
6248,2025-09-18 08:00:00,111.4
6249,2025-09-18 09:00:00,104.26
6250,2025-09-18 10:00:00,56.4
6251,2025-09-18 11:00:00,60.0
6252,2025-09-18 12:00:00,50.08
6253,2025-09-18 13:00:00,50.0
6254,2025-09-18 14:00:00,44.02
6255,2025-09-18 15:00:00,44.0
6256,2025-09-18 16:00:00,55.0
6257,2025-09-18 17:00:00,66.3
6258,2025-09-18 18:00:00,96.86
6259,2025-09-18 19:00:00,124.7
6260,2025-09-18 20:00:00,160.0
6261,2025-09-18 21:00:00,200.0
6262,2025-09-18 22:00:00,130.0
6263,2025-09-18 23:00:00,107.65
6264,2025-09-19 00:00:00,113.07
6265,2025-09-19 01:00:00,110.91
6266,2025-09-19 02:00:00,108.34
6267,2025-09-19 03:00:00,108.26
6268,2025-09-19 04:00:00,107.21
6269,2025-09-19 05:00:00,108.26
6270,2025-09-19 06:00:00,110.78
6271,2025-09-19 07:00:00,120.42
6272,2025-09-19 08:00:00,113.54
6273,2025-09-19 09:00:00,106.68
6274,2025-09-19 10:00:00,66.04
6275,2025-09-19 11:00:00,52.14
6276,2025-09-19 12:00:00,49.0
6277,2025-09-19 13:00:00,45.1
6278,2025-09-19 14:00:00,31.25
6279,2025-09-19 15:00:00,32.61
6280,2025-09-19 16:00:00,55.0
6281,2025-09-19 17:00:00,65.87
6282,2025-09-19 18:00:00,76.0
6283,2025-09-19 19:00:00,108.14
6284,2025-09-19 20:00:00,125.2
6285,2025-09-19 21:00:00,125.0
6286,2025-09-19 22:00:00,105.78
6287,2025-09-19 23:00:00,104.68
6288,2025-09-20 00:00:00,104.99
6289,2025-09-20 01:00:00,99.89
6290,2025-09-20 02:00:00,97.0
6291,2025-09-20 03:00:00,93.8
6292,2025-09-20 04:00:00,95.29
6293,2025-09-20 05:00:00,95.15
6294,2025-09-20 06:00:00,99.89
6295,2025-09-20 07:00:00,101.0
6296,2025-09-20 08:00:00,99.89
6297,2025-09-20 09:00:00,65.6
6298,2025-09-20 10:00:00,30.0
6299,2025-09-20 11:00:00,5.76
6300,2025-09-20 12:00:00,4.31
6301,2025-09-20 13:00:00,1.73
6302,2025-09-20 14:00:00,1.73
6303,2025-09-20 15:00:00,0.65
6304,2025-09-20 16:00:00,4.31
6305,2025-09-20 17:00:00,15.43
6306,2025-09-20 18:00:00,55.08
6307,2025-09-20 19:00:00,93.56
6308,2025-09-20 20:00:00,110.36
6309,2025-09-20 21:00:00,110.91
6310,2025-09-20 22:00:00,104.6
6311,2025-09-20 23:00:00,101.0
6312,2025-09-21 00:00:00,85.8
6313,2025-09-21 01:00:00,82.85
6314,2025-09-21 02:00:00,75.94
6315,2025-09-21 03:00:00,79.0
6316,2025-09-21 04:00:00,78.97
6317,2025-09-21 05:00:00,75.35
6318,2025-09-21 06:00:00,75.94
6319,2025-09-21 07:00:00,85.0
6320,2025-09-21 08:00:00,69.38
6321,2025-09-21 09:00:00,26.2
6322,2025-09-21 10:00:00,10.0
6323,2025-09-21 11:00:00,0.65
6324,2025-09-21 12:00:00,0.0
6325,2025-09-21 13:00:00,0.0
6326,2025-09-21 14:00:00,-0.01
6327,2025-09-21 15:00:00,-0.5
6328,2025-09-21 16:00:00,-0.62
6329,2025-09-21 17:00:00,-0.01
6330,2025-09-21 18:00:00,3.52
6331,2025-09-21 19:00:00,43.16
6332,2025-09-21 20:00:00,69.96
6333,2025-09-21 21:00:00,61.4
6334,2025-09-21 22:00:00,54.8
6335,2025-09-21 23:00:00,38.09
6336,2025-09-22 00:00:00,30.9
6337,2025-09-22 01:00:00,30.9
6338,2025-09-22 02:00:00,26.2
6339,2025-09-22 03:00:00,26.2
6340,2025-09-22 04:00:00,34.9
6341,2025-09-22 05:00:00,30.14
6342,2025-09-22 06:00:00,30.9
6343,2025-09-22 07:00:00,60.6
6344,2025-09-22 08:00:00,62.03
6345,2025-09-22 09:00:00,29.35
6346,2025-09-22 10:00:00,2.0
6347,2025-09-22 11:00:00,0.0
6348,2025-09-22 12:00:00,0.0
6349,2025-09-22 13:00:00,-0.01
6350,2025-09-22 14:00:00,-0.01
6351,2025-09-22 15:00:00,-0.01
6352,2025-09-22 16:00:00,-0.01
6353,2025-09-22 17:00:00,0.0
6354,2025-09-22 18:00:00,15.6
6355,2025-09-22 19:00:00,67.99
6356,2025-09-22 20:00:00,108.95
6357,2025-09-22 21:00:00,109.38
6358,2025-09-22 22:00:00,82.8
6359,2025-09-22 23:00:00,80.0
6360,2025-09-23 00:00:00,79.11
6361,2025-09-23 01:00:00,61.0
6362,2025-09-23 02:00:00,85.28
6363,2025-09-23 03:00:00,76.95
6364,2025-09-23 04:00:00,79.11
6365,2025-09-23 05:00:00,83.7
6366,2025-09-23 06:00:00,85.28
6367,2025-09-23 07:00:00,86.56
6368,2025-09-23 08:00:00,85.8
6369,2025-09-23 09:00:00,39.9
6370,2025-09-23 10:00:00,3.82
6371,2025-09-23 11:00:00,0.65
6372,2025-09-23 12:00:00,0.01
6373,2025-09-23 13:00:00,0.5
6374,2025-09-23 14:00:00,4.31
6375,2025-09-23 15:00:00,7.9
6376,2025-09-23 16:00:00,4.31
6377,2025-09-23 17:00:00,2.2
6378,2025-09-23 18:00:00,26.47
6379,2025-09-23 19:00:00,86.32
6380,2025-09-23 20:00:00,105.01
6381,2025-09-23 21:00:00,98.5
6382,2025-09-23 22:00:00,76.02
6383,2025-09-23 23:00:00,75.84
6384,2025-09-24 00:00:00,53.51
6385,2025-09-24 01:00:00,39.8
6386,2025-09-24 02:00:00,48.6
6387,2025-09-24 03:00:00,42.0
6388,2025-09-24 04:00:00,41.5
6389,2025-09-24 05:00:00,48.6
6390,2025-09-24 06:00:00,48.8
6391,2025-09-24 07:00:00,66.96
6392,2025-09-24 08:00:00,69.01
6393,2025-09-24 09:00:00,57.91
6394,2025-09-24 10:00:00,9.52
6395,2025-09-24 11:00:00,1.07
6396,2025-09-24 12:00:00,0.65
6397,2025-09-24 13:00:00,1.55
6398,2025-09-24 14:00:00,4.31
6399,2025-09-24 15:00:00,20.1
6400,2025-09-24 16:00:00,5.79
6401,2025-09-24 17:00:00,20.1
6402,2025-09-24 18:00:00,72.72
6403,2025-09-24 19:00:00,95.0
6404,2025-09-24 20:00:00,116.12
6405,2025-09-24 21:00:00,105.77
6406,2025-09-24 22:00:00,90.0
6407,2025-09-24 23:00:00,83.08
6408,2025-09-25 00:00:00,83.46
6409,2025-09-25 01:00:00,75.94
6410,2025-09-25 02:00:00,75.94
6411,2025-09-25 03:00:00,76.46
6412,2025-09-25 04:00:00,79.7
6413,2025-09-25 05:00:00,77.0
6414,2025-09-25 06:00:00,85.85
6415,2025-09-25 07:00:00,112.7
6416,2025-09-25 08:00:00,116.89
6417,2025-09-25 09:00:00,88.57
6418,2025-09-25 10:00:00,55.12
6419,2025-09-25 11:00:00,30.2
6420,2025-09-25 12:00:00,29.99
6421,2025-09-25 13:00:00,25.93
6422,2025-09-25 14:00:00,20.1
6423,2025-09-25 15:00:00,22.74
6424,2025-09-25 16:00:00,25.93
6425,2025-09-25 17:00:00,53.13
6426,2025-09-25 18:00:00,76.01
6427,2025-09-25 19:00:00,114.11
6428,2025-09-25 20:00:00,174.1
6429,2025-09-25 21:00:00,175.01
6430,2025-09-25 22:00:00,128.8
6431,2025-09-25 23:00:00,101.9
6432,2025-09-26 00:00:00,106.48
6433,2025-09-26 01:00:00,104.52
6434,2025-09-26 02:00:00,100.0
6435,2025-09-26 03:00:00,98.71
6436,2025-09-26 04:00:00,99.0
6437,2025-09-26 05:00:00,104.52
6438,2025-09-26 06:00:00,107.96
6439,2025-09-26 07:00:00,123.37
6440,2025-09-26 08:00:00,123.28
6441,2025-09-26 09:00:00,108.8
6442,2025-09-26 10:00:00,88.59
6443,2025-09-26 11:00:00,34.99
6444,2025-09-26 12:00:00,25.76
6445,2025-09-26 13:00:00,29.2
6446,2025-09-26 14:00:00,21.56
6447,2025-09-26 15:00:00,47.06
6448,2025-09-26 16:00:00,53.0
6449,2025-09-26 17:00:00,59.28
6450,2025-09-26 18:00:00,94.08
6451,2025-09-26 19:00:00,123.6
6452,2025-09-26 20:00:00,150.0
6453,2025-09-26 21:00:00,160.0
6454,2025-09-26 22:00:00,122.01
6455,2025-09-26 23:00:00,113.92
6456,2025-09-27 00:00:00,115.87
6457,2025-09-27 01:00:00,108.83
6458,2025-09-27 02:00:00,105.5
6459,2025-09-27 03:00:00,109.0
6460,2025-09-27 04:00:00,105.47
6461,2025-09-27 05:00:00,98.0
6462,2025-09-27 06:00:00,95.0
6463,2025-09-27 07:00:00,103.5
6464,2025-09-27 08:00:00,106.67
6465,2025-09-27 09:00:00,82.66
6466,2025-09-27 10:00:00,38.8
6467,2025-09-27 11:00:00,20.25
6468,2025-09-27 12:00:00,16.79
6469,2025-09-27 13:00:00,12.91
6470,2025-09-27 14:00:00,6.51
6471,2025-09-27 15:00:00,6.0
6472,2025-09-27 16:00:00,12.27
6473,2025-09-27 17:00:00,29.2
6474,2025-09-27 18:00:00,67.0
6475,2025-09-27 19:00:00,92.56
6476,2025-09-27 20:00:00,103.11
6477,2025-09-27 21:00:00,100.04
6478,2025-09-27 22:00:00,95.07
6479,2025-09-27 23:00:00,91.84
6480,2025-09-28 00:00:00,63.51
6481,2025-09-28 01:00:00,60.86
6482,2025-09-28 02:00:00,59.83
6483,2025-09-28 03:00:00,58.3
6484,2025-09-28 04:00:00,58.04
6485,2025-09-28 05:00:00,58.04
6486,2025-09-28 06:00:00,57.91
6487,2025-09-28 07:00:00,58.87
6488,2025-09-28 08:00:00,58.87
6489,2025-09-28 09:00:00,57.91
6490,2025-09-28 10:00:00,35.0
6491,2025-09-28 11:00:00,29.16
6492,2025-09-28 12:00:00,17.11
6493,2025-09-28 13:00:00,8.53
6494,2025-09-28 14:00:00,15.0
6495,2025-09-28 15:00:00,16.79
6496,2025-09-28 16:00:00,22.97
6497,2025-09-28 17:00:00,37.34
6498,2025-09-28 18:00:00,61.11
6499,2025-09-28 19:00:00,70.98
6500,2025-09-28 20:00:00,74.14
6501,2025-09-28 21:00:00,61.0
6502,2025-09-28 22:00:00,69.62
6503,2025-09-28 23:00:00,60.16
6504,2025-09-29 00:00:00,51.6
6505,2025-09-29 01:00:00,47.7
6506,2025-09-29 02:00:00,45.0
6507,2025-09-29 03:00:00,32.0
6508,2025-09-29 04:00:00,30.0
6509,2025-09-29 05:00:00,32.5
6510,2025-09-29 06:00:00,50.0
6511,2025-09-29 07:00:00,74.4
6512,2025-09-29 08:00:00,77.8
6513,2025-09-29 09:00:00,73.08
6514,2025-09-29 10:00:00,59.33
6515,2025-09-29 11:00:00,40.14
6516,2025-09-29 12:00:00,35.0
6517,2025-09-29 13:00:00,28.3
6518,2025-09-29 14:00:00,21.99
6519,2025-09-29 15:00:00,27.94
6520,2025-09-29 16:00:00,35.0
6521,2025-09-29 17:00:00,52.0
6522,2025-09-29 18:00:00,85.0
6523,2025-09-29 19:00:00,101.13
6524,2025-09-29 20:00:00,133.26
6525,2025-09-29 21:00:00,105.68
6526,2025-09-29 22:00:00,90.04
6527,2025-09-29 23:00:00,88.6
6528,2025-09-30 00:00:00,95.46
6529,2025-09-30 01:00:00,88.25
6530,2025-09-30 02:00:00,80.0
6531,2025-09-30 03:00:00,76.43
6532,2025-09-30 04:00:00,78.0
6533,2025-09-30 05:00:00,80.0
6534,2025-09-30 06:00:00,97.11
6535,2025-09-30 07:00:00,105.68
6536,2025-09-30 08:00:00,120.0
6537,2025-09-30 09:00:00,93.97
6538,2025-09-30 10:00:00,60.1
6539,2025-09-30 11:00:00,31.0
6540,2025-09-30 12:00:00,24.47
6541,2025-09-30 13:00:00,21.9
6542,2025-09-30 14:00:00,22.0
6543,2025-09-30 15:00:00,29.08
6544,2025-09-30 16:00:00,35.0
6545,2025-09-30 17:00:00,54.94
6546,2025-09-30 18:00:00,84.0
6547,2025-09-30 19:00:00,117.0
6548,2025-09-30 20:00:00,199.34
6549,2025-09-30 21:00:00,172.11
6550,2025-09-30 22:00:00,119.9
6551,2025-09-30 23:00:00,101.5
6552,2025-10-01 00:00:00,103.47
6553,2025-10-01 01:00:00,105.66
6554,2025-10-01 02:00:00,101.59
6555,2025-10-01 03:00:00,97.62
6556,2025-10-01 04:00:00,101.48
6557,2025-10-01 05:00:00,101.59
6558,2025-10-01 06:00:00,103.57
6559,2025-10-01 07:00:00,113.75
6560,2025-10-01 08:00:00,123.92
6561,2025-10-01 09:00:00,98.14
6562,2025-10-01 10:00:00,67.05
6563,2025-10-01 11:00:00,41.0
6564,2025-10-01 12:00:00,23.89
6565,2025-10-01 13:00:00,16.28
6566,2025-10-01 14:00:00,14.03
6567,2025-10-01 15:00:00,19.19
6568,2025-10-01 16:00:00,36.7
6569,2025-10-01 17:00:00,52.71
6570,2025-10-01 18:00:00,88.16
6571,2025-10-01 19:00:00,126.27
6572,2025-10-01 20:00:00,218.0
6573,2025-10-01 21:00:00,129.91
6574,2025-10-01 22:00:00,108.7
6575,2025-10-01 23:00:00,103.46
6576,2025-10-02 00:00:00,104.39
6577,2025-10-02 01:00:00,100.01
6578,2025-10-02 02:00:00,95.0
6579,2025-10-02 03:00:00,97.07
6580,2025-10-02 04:00:00,100.34
6581,2025-10-02 05:00:00,105.09
6582,2025-10-02 06:00:00,105.67
6583,2025-10-02 07:00:00,121.79
6584,2025-10-02 08:00:00,131.55
6585,2025-10-02 09:00:00,95.86
6586,2025-10-02 10:00:00,58.95
6587,2025-10-02 11:00:00,34.16
6588,2025-10-02 12:00:00,22.48
6589,2025-10-02 13:00:00,17.68
6590,2025-10-02 14:00:00,19.3
6591,2025-10-02 15:00:00,16.59
6592,2025-10-02 16:00:00,31.78
6593,2025-10-02 17:00:00,45.53
6594,2025-10-02 18:00:00,81.15
6595,2025-10-02 19:00:00,108.24
6596,2025-10-02 20:00:00,204.48
6597,2025-10-02 21:00:00,156.91
6598,2025-10-02 22:00:00,119.1
6599,2025-10-02 23:00:00,104.75
6600,2025-10-03 00:00:00,116.73
6601,2025-10-03 01:00:00,112.63
6602,2025-10-03 02:00:00,105.52
6603,2025-10-03 03:00:00,104.06
6604,2025-10-03 04:00:00,104.04
6605,2025-10-03 05:00:00,106.28
6606,2025-10-03 06:00:00,110.97
6607,2025-10-03 07:00:00,124.74
6608,2025-10-03 08:00:00,132.83
6609,2025-10-03 09:00:00,116.23
6610,2025-10-03 10:00:00,68.89
6611,2025-10-03 11:00:00,49.63
6612,2025-10-03 12:00:00,41.76
6613,2025-10-03 13:00:00,39.16
6614,2025-10-03 14:00:00,39.12
6615,2025-10-03 15:00:00,38.23
6616,2025-10-03 16:00:00,43.97
6617,2025-10-03 17:00:00,57.85
6618,2025-10-03 18:00:00,95.77
6619,2025-10-03 19:00:00,120.64
6620,2025-10-03 20:00:00,138.95
6621,2025-10-03 21:00:00,134.9
6622,2025-10-03 22:00:00,120.96
6623,2025-10-03 23:00:00,116.59
6624,2025-10-04 00:00:00,110.96
6625,2025-10-04 01:00:00,102.99
6626,2025-10-04 02:00:00,100.58
6627,2025-10-04 03:00:00,95.77
6628,2025-10-04 04:00:00,93.01
6629,2025-10-04 05:00:00,99.63
6630,2025-10-04 06:00:00,94.4
6631,2025-10-04 07:00:00,100.29
6632,2025-10-04 08:00:00,92.53
6633,2025-10-04 09:00:00,40.75
6634,2025-10-04 10:00:00,6.18
6635,2025-10-04 11:00:00,0.17
6636,2025-10-04 12:00:00,0.07
6637,2025-10-04 13:00:00,0.2
6638,2025-10-04 14:00:00,0.07
6639,2025-10-04 15:00:00,-0.01
6640,2025-10-04 16:00:00,-0.01
6641,2025-10-04 17:00:00,0.14
6642,2025-10-04 18:00:00,10.69
6643,2025-10-04 19:00:00,66.2
6644,2025-10-04 20:00:00,74.35
6645,2025-10-04 21:00:00,71.99
6646,2025-10-04 22:00:00,68.44
6647,2025-10-04 23:00:00,47.22
6648,2025-10-05 00:00:00,35.02
6649,2025-10-05 01:00:00,33.43
6650,2025-10-05 02:00:00,29.04
6651,2025-10-05 03:00:00,28.93
6652,2025-10-05 04:00:00,28.2
6653,2025-10-05 05:00:00,28.2
6654,2025-10-05 06:00:00,29.19
6655,2025-10-05 07:00:00,28.1
6656,2025-10-05 08:00:00,24.8
6657,2025-10-05 09:00:00,5.1
6658,2025-10-05 10:00:00,-0.01
6659,2025-10-05 11:00:00,-0.64
6660,2025-10-05 12:00:00,-1.12
6661,2025-10-05 13:00:00,-2.22
6662,2025-10-05 14:00:00,-2.45
6663,2025-10-05 15:00:00,-1.22
6664,2025-10-05 16:00:00,-0.63
6665,2025-10-05 17:00:00,-0.12
6666,2025-10-05 18:00:00,13.73
6667,2025-10-05 19:00:00,52.83
6668,2025-10-05 20:00:00,70.54
6669,2025-10-05 21:00:00,83.21
6670,2025-10-05 22:00:00,60.82
6671,2025-10-05 23:00:00,41.17
6672,2025-10-06 00:00:00,45.07
6673,2025-10-06 01:00:00,42.42
6674,2025-10-06 02:00:00,43.03
6675,2025-10-06 03:00:00,45.23
6676,2025-10-06 04:00:00,46.81
6677,2025-10-06 05:00:00,55.83
6678,2025-10-06 06:00:00,83.63
6679,2025-10-06 07:00:00,112.85
6680,2025-10-06 08:00:00,114.63
6681,2025-10-06 09:00:00,107.91
6682,2025-10-06 10:00:00,71.42
6683,2025-10-06 11:00:00,46.97
6684,2025-10-06 12:00:00,44.43
6685,2025-10-06 13:00:00,41.46
6686,2025-10-06 14:00:00,36.31
6687,2025-10-06 15:00:00,40.27
6688,2025-10-06 16:00:00,43.64
6689,2025-10-06 17:00:00,68.96
6690,2025-10-06 18:00:00,101.18
6691,2025-10-06 19:00:00,139.11
6692,2025-10-06 20:00:00,163.41
6693,2025-10-06 21:00:00,169.45
6694,2025-10-06 22:00:00,126.32
6695,2025-10-06 23:00:00,103.56
6696,2025-10-07 00:00:00,110.36
6697,2025-10-07 01:00:00,108.7
6698,2025-10-07 02:00:00,107.25
6699,2025-10-07 03:00:00,103.66
6700,2025-10-07 04:00:00,103.35
6701,2025-10-07 05:00:00,103.04
6702,2025-10-07 06:00:00,108.61
6703,2025-10-07 07:00:00,121.45
6704,2025-10-07 08:00:00,132.8
6705,2025-10-07 09:00:00,121.43
6706,2025-10-07 10:00:00,75.4
6707,2025-10-07 11:00:00,51.56
6708,2025-10-07 12:00:00,50.87
6709,2025-10-07 13:00:00,41.41
6710,2025-10-07 14:00:00,37.34
6711,2025-10-07 15:00:00,42.81
6712,2025-10-07 16:00:00,54.68
6713,2025-10-07 17:00:00,77.37
6714,2025-10-07 18:00:00,111.55
6715,2025-10-07 19:00:00,151.14
6716,2025-10-07 20:00:00,168.34
6717,2025-10-07 21:00:00,156.72
6718,2025-10-07 22:00:00,119.96
6719,2025-10-07 23:00:00,114.9
6720,2025-10-08 00:00:00,111.59
6721,2025-10-08 01:00:00,104.3
6722,2025-10-08 02:00:00,101.16
6723,2025-10-08 03:00:00,99.75
6724,2025-10-08 04:00:00,100.0
6725,2025-10-08 05:00:00,97.59
6726,2025-10-08 06:00:00,105.76
6727,2025-10-08 07:00:00,129.77
6728,2025-10-08 08:00:00,132.35
6729,2025-10-08 09:00:00,111.54
6730,2025-10-08 10:00:00,98.36
6731,2025-10-08 11:00:00,79.43
6732,2025-10-08 12:00:00,76.16
6733,2025-10-08 13:00:00,68.14
6734,2025-10-08 14:00:00,63.22
6735,2025-10-08 15:00:00,61.94
6736,2025-10-08 16:00:00,55.46
6737,2025-10-08 17:00:00,76.72
6738,2025-10-08 18:00:00,91.7
6739,2025-10-08 19:00:00,143.2
6740,2025-10-08 20:00:00,139.22
6741,2025-10-08 21:00:00,113.57
6742,2025-10-08 22:00:00,106.74
6743,2025-10-08 23:00:00,97.13
6744,2025-10-09 00:00:00,92.61
6745,2025-10-09 01:00:00,81.12
6746,2025-10-09 02:00:00,79.06
6747,2025-10-09 03:00:00,69.93
6748,2025-10-09 04:00:00,65.58
6749,2025-10-09 05:00:00,68.63
6750,2025-10-09 06:00:00,86.04
6751,2025-10-09 07:00:00,102.13
6752,2025-10-09 08:00:00,111.31
6753,2025-10-09 09:00:00,91.87
6754,2025-10-09 10:00:00,57.98
6755,2025-10-09 11:00:00,23.3
6756,2025-10-09 12:00:00,19.34
6757,2025-10-09 13:00:00,19.01
6758,2025-10-09 14:00:00,19.01
6759,2025-10-09 15:00:00,22.03
6760,2025-10-09 16:00:00,39.48
6761,2025-10-09 17:00:00,54.98
6762,2025-10-09 18:00:00,75.45
6763,2025-10-09 19:00:00,106.74
6764,2025-10-09 20:00:00,114.57
6765,2025-10-09 21:00:00,102.06
6766,2025-10-09 22:00:00,95.2
6767,2025-10-09 23:00:00,93.05
6768,2025-10-10 00:00:00,89.12
6769,2025-10-10 01:00:00,85.07
6770,2025-10-10 02:00:00,80.01
6771,2025-10-10 03:00:00,72.96
6772,2025-10-10 04:00:00,69.77
6773,2025-10-10 05:00:00,78.89
6774,2025-10-10 06:00:00,95.16
6775,2025-10-10 07:00:00,100.8
6776,2025-10-10 08:00:00,107.39
6777,2025-10-10 09:00:00,94.28
6778,2025-10-10 10:00:00,48.38
6779,2025-10-10 11:00:00,42.89
6780,2025-10-10 12:00:00,43.9
6781,2025-10-10 13:00:00,41.1
6782,2025-10-10 14:00:00,33.21
6783,2025-10-10 15:00:00,45.67
6784,2025-10-10 16:00:00,51.94
6785,2025-10-10 17:00:00,79.38
6786,2025-10-10 18:00:00,96.86
6787,2025-10-10 19:00:00,115.38
6788,2025-10-10 20:00:00,117.49
6789,2025-10-10 21:00:00,108.24
6790,2025-10-10 22:00:00,103.52
6791,2025-10-10 23:00:00,101.98
6792,2025-10-11 00:00:00,106.98
6793,2025-10-11 01:00:00,105.45
6794,2025-10-11 02:00:00,103.81
6795,2025-10-11 03:00:00,101.03
6796,2025-10-11 04:00:00,100.34
6797,2025-10-11 05:00:00,101.89
6798,2025-10-11 06:00:00,102.37
6799,2025-10-11 07:00:00,101.42
6800,2025-10-11 08:00:00,102.1
6801,2025-10-11 09:00:00,85.9
6802,2025-10-11 10:00:00,53.26
6803,2025-10-11 11:00:00,18.28
6804,2025-10-11 12:00:00,4.88
6805,2025-10-11 13:00:00,4.45
6806,2025-10-11 14:00:00,3.84
6807,2025-10-11 15:00:00,3.72
6808,2025-10-11 16:00:00,7.52
6809,2025-10-11 17:00:00,41.64
6810,2025-10-11 18:00:00,82.91
6811,2025-10-11 19:00:00,106.89
6812,2025-10-11 20:00:00,108.26
6813,2025-10-11 21:00:00,109.84
6814,2025-10-11 22:00:00,107.03
6815,2025-10-11 23:00:00,104.7
6816,2025-10-12 00:00:00,105.09
6817,2025-10-12 01:00:00,101.89
6818,2025-10-12 02:00:00,81.26
6819,2025-10-12 03:00:00,76.99
6820,2025-10-12 04:00:00,77.5
6821,2025-10-12 05:00:00,77.5
6822,2025-10-12 06:00:00,77.15
6823,2025-10-12 07:00:00,81.45
6824,2025-10-12 08:00:00,84.94
6825,2025-10-12 09:00:00,64.48
6826,2025-10-12 10:00:00,23.76
6827,2025-10-12 11:00:00,1.28
6828,2025-10-12 12:00:00,0.65
6829,2025-10-12 13:00:00,1.04
6830,2025-10-12 14:00:00,1.72
6831,2025-10-12 15:00:00,2.0
6832,2025-10-12 16:00:00,7.37
6833,2025-10-12 17:00:00,34.53
6834,2025-10-12 18:00:00,86.06
6835,2025-10-12 19:00:00,109.61
6836,2025-10-12 20:00:00,115.14
6837,2025-10-12 21:00:00,115.15
6838,2025-10-12 22:00:00,113.68
6839,2025-10-12 23:00:00,109.76
6840,2025-10-13 00:00:00,101.03
6841,2025-10-13 01:00:00,92.2
6842,2025-10-13 02:00:00,83.88
6843,2025-10-13 03:00:00,92.16
6844,2025-10-13 04:00:00,95.07
6845,2025-10-13 05:00:00,102.02
6846,2025-10-13 06:00:00,106.07
6847,2025-10-13 07:00:00,115.27
6848,2025-10-13 08:00:00,127.42
6849,2025-10-13 09:00:00,121.18
6850,2025-10-13 10:00:00,104.24
6851,2025-10-13 11:00:00,88.3
6852,2025-10-13 12:00:00,77.27
6853,2025-10-13 13:00:00,70.4
6854,2025-10-13 14:00:00,68.7
6855,2025-10-13 15:00:00,65.44
6856,2025-10-13 16:00:00,71.09
6857,2025-10-13 17:00:00,84.12
6858,2025-10-13 18:00:00,100.31
6859,2025-10-13 19:00:00,132.82
6860,2025-10-13 20:00:00,162.12
6861,2025-10-13 21:00:00,160.55
6862,2025-10-13 22:00:00,129.61
6863,2025-10-13 23:00:00,115.04
6864,2025-10-14 00:00:00,116.31
6865,2025-10-14 01:00:00,109.25
6866,2025-10-14 02:00:00,107.06
6867,2025-10-14 03:00:00,106.93
6868,2025-10-14 04:00:00,107.22
6869,2025-10-14 05:00:00,108.52
6870,2025-10-14 06:00:00,115.63
6871,2025-10-14 07:00:00,126.96
6872,2025-10-14 08:00:00,155.82
6873,2025-10-14 09:00:00,124.44
6874,2025-10-14 10:00:00,105.61
6875,2025-10-14 11:00:00,88.19
6876,2025-10-14 12:00:00,81.83
6877,2025-10-14 13:00:00,75.12
6878,2025-10-14 14:00:00,74.25
6879,2025-10-14 15:00:00,77.61
6880,2025-10-14 16:00:00,81.93
6881,2025-10-14 17:00:00,92.25
6882,2025-10-14 18:00:00,112.49
6883,2025-10-14 19:00:00,146.04
6884,2025-10-14 20:00:00,160.21
6885,2025-10-14 21:00:00,144.76
6886,2025-10-14 22:00:00,130.73
6887,2025-10-14 23:00:00,111.48
6888,2025-10-15 00:00:00,116.11
6889,2025-10-15 01:00:00,108.3
6890,2025-10-15 02:00:00,105.46
6891,2025-10-15 03:00:00,103.77
6892,2025-10-15 04:00:00,103.77
6893,2025-10-15 05:00:00,107.03
6894,2025-10-15 06:00:00,114.13
6895,2025-10-15 07:00:00,143.06
6896,2025-10-15 08:00:00,158.16
6897,2025-10-15 09:00:00,123.66
6898,2025-10-15 10:00:00,100.68
6899,2025-10-15 11:00:00,85.22
6900,2025-10-15 12:00:00,81.99
6901,2025-10-15 13:00:00,81.27
6902,2025-10-15 14:00:00,77.43
6903,2025-10-15 15:00:00,81.82
6904,2025-10-15 16:00:00,82.22
6905,2025-10-15 17:00:00,100.25
6906,2025-10-15 18:00:00,117.91
6907,2025-10-15 19:00:00,156.85
6908,2025-10-15 20:00:00,163.08
6909,2025-10-15 21:00:00,149.18
6910,2025-10-15 22:00:00,120.59
6911,2025-10-15 23:00:00,112.79
6912,2025-10-16 00:00:00,117.47
6913,2025-10-16 01:00:00,109.71
6914,2025-10-16 02:00:00,106.1
6915,2025-10-16 03:00:00,105.0
6916,2025-10-16 04:00:00,104.98
6917,2025-10-16 05:00:00,106.67
6918,2025-10-16 06:00:00,115.15
6919,2025-10-16 07:00:00,128.52
6920,2025-10-16 08:00:00,152.88
6921,2025-10-16 09:00:00,126.01
6922,2025-10-16 10:00:00,107.51
6923,2025-10-16 11:00:00,89.5
6924,2025-10-16 12:00:00,83.1
6925,2025-10-16 13:00:00,81.05
6926,2025-10-16 14:00:00,79.4
6927,2025-10-16 15:00:00,80.62
6928,2025-10-16 16:00:00,81.21
6929,2025-10-16 17:00:00,94.88
6930,2025-10-16 18:00:00,120.44
6931,2025-10-16 19:00:00,147.47
6932,2025-10-16 20:00:00,153.56
6933,2025-10-16 21:00:00,142.19
6934,2025-10-16 22:00:00,130.37
6935,2025-10-16 23:00:00,115.41
6936,2025-10-17 00:00:00,123.72
6937,2025-10-17 01:00:00,110.12
6938,2025-10-17 02:00:00,106.87
6939,2025-10-17 03:00:00,105.16
6940,2025-10-17 04:00:00,105.05
6941,2025-10-17 05:00:00,106.87
6942,2025-10-17 06:00:00,116.96
6943,2025-10-17 07:00:00,137.68
6944,2025-10-17 08:00:00,159.38
6945,2025-10-17 09:00:00,131.55
6946,2025-10-17 10:00:00,99.33
6947,2025-10-17 11:00:00,85.04
6948,2025-10-17 12:00:00,76.76
6949,2025-10-17 13:00:00,60.49
6950,2025-10-17 14:00:00,55.01
6951,2025-10-17 15:00:00,55.03
6952,2025-10-17 16:00:00,68.36
6953,2025-10-17 17:00:00,94.41
6954,2025-10-17 18:00:00,121.7
6955,2025-10-17 19:00:00,138.35
6956,2025-10-17 20:00:00,157.71
6957,2025-10-17 21:00:00,148.03
6958,2025-10-17 22:00:00,128.24
6959,2025-10-17 23:00:00,122.5
6960,2025-10-18 00:00:00,125.6
6961,2025-10-18 01:00:00,113.05
6962,2025-10-18 02:00:00,100.95
6963,2025-10-18 03:00:00,101.38
6964,2025-10-18 04:00:00,102.35
6965,2025-10-18 05:00:00,97.45
6966,2025-10-18 06:00:00,103.88
6967,2025-10-18 07:00:00,114.98
6968,2025-10-18 08:00:00,118.54
6969,2025-10-18 09:00:00,105.29
6970,2025-10-18 10:00:00,74.43
6971,2025-10-18 11:00:00,29.16
6972,2025-10-18 12:00:00,6.74
6973,2025-10-18 13:00:00,4.66
6974,2025-10-18 14:00:00,4.31
6975,2025-10-18 15:00:00,1.89
6976,2025-10-18 16:00:00,5.91
6977,2025-10-18 17:00:00,47.39
6978,2025-10-18 18:00:00,97.43
6979,2025-10-18 19:00:00,118.01
6980,2025-10-18 20:00:00,128.67
6981,2025-10-18 21:00:00,120.89
6982,2025-10-18 22:00:00,113.22
6983,2025-10-18 23:00:00,109.36
6984,2025-10-19 00:00:00,86.9
6985,2025-10-19 01:00:00,71.45
6986,2025-10-19 02:00:00,56.53
6987,2025-10-19 03:00:00,33.92
6988,2025-10-19 04:00:00,30.47
6989,2025-10-19 05:00:00,29.58
6990,2025-10-19 06:00:00,29.74
6991,2025-10-19 07:00:00,30.62
6992,2025-10-19 08:00:00,31.34
6993,2025-10-19 09:00:00,24.38
6994,2025-10-19 10:00:00,5.58
6995,2025-10-19 11:00:00,1.64
6996,2025-10-19 12:00:00,0.01
6997,2025-10-19 13:00:00,0.0
6998,2025-10-19 14:00:00,0.0
6999,2025-10-19 15:00:00,0.0
7000,2025-10-19 16:00:00,0.16
7001,2025-10-19 17:00:00,3.4
7002,2025-10-19 18:00:00,35.42
7003,2025-10-19 19:00:00,66.88
7004,2025-10-19 20:00:00,72.14
7005,2025-10-19 21:00:00,70.94
7006,2025-10-19 22:00:00,57.45
7007,2025-10-19 23:00:00,47.5
7008,2025-10-20 00:00:00,46.03
7009,2025-10-20 01:00:00,28.38
7010,2025-10-20 02:00:00,25.17
7011,2025-10-20 03:00:00,26.19
7012,2025-10-20 04:00:00,26.45
7013,2025-10-20 05:00:00,27.27
7014,2025-10-20 06:00:00,51.62
7015,2025-10-20 07:00:00,75.84
7016,2025-10-20 08:00:00,92.89
7017,2025-10-20 09:00:00,84.74
7018,2025-10-20 10:00:00,38.34
7019,2025-10-20 11:00:00,15.69
7020,2025-10-20 12:00:00,7.98
7021,2025-10-20 13:00:00,5.1
7022,2025-10-20 14:00:00,2.52
7023,2025-10-20 15:00:00,0.28
7024,2025-10-20 16:00:00,2.48
7025,2025-10-20 17:00:00,11.71
7026,2025-10-20 18:00:00,45.0
7027,2025-10-20 19:00:00,79.41
7028,2025-10-20 20:00:00,100.43
7029,2025-10-20 21:00:00,93.12
7030,2025-10-20 22:00:00,67.79
7031,2025-10-20 23:00:00,48.38
7032,2025-10-21 00:00:00,35.95
7033,2025-10-21 01:00:00,24.14
7034,2025-10-21 02:00:00,13.07
7035,2025-10-21 03:00:00,11.05
7036,2025-10-21 04:00:00,13.98
7037,2025-10-21 05:00:00,17.98
7038,2025-10-21 06:00:00,35.0
7039,2025-10-21 07:00:00,63.82
7040,2025-10-21 08:00:00,93.44
7041,2025-10-21 09:00:00,78.98
7042,2025-10-21 10:00:00,41.67
7043,2025-10-21 11:00:00,19.14
7044,2025-10-21 12:00:00,5.87
7045,2025-10-21 13:00:00,3.52
7046,2025-10-21 14:00:00,3.26
7047,2025-10-21 15:00:00,1.84
7048,2025-10-21 16:00:00,3.39
7049,2025-10-21 17:00:00,13.91
7050,2025-10-21 18:00:00,48.55
7051,2025-10-21 19:00:00,78.86
7052,2025-10-21 20:00:00,101.39
7053,2025-10-21 21:00:00,83.1
7054,2025-10-21 22:00:00,79.16
7055,2025-10-21 23:00:00,53.23
7056,2025-10-22 00:00:00,37.77
7057,2025-10-22 01:00:00,30.52
7058,2025-10-22 02:00:00,27.61
7059,2025-10-22 03:00:00,24.31
7060,2025-10-22 04:00:00,24.28
7061,2025-10-22 05:00:00,27.55
7062,2025-10-22 06:00:00,43.21
7063,2025-10-22 07:00:00,56.74
7064,2025-10-22 08:00:00,74.42
7065,2025-10-22 09:00:00,46.9
7066,2025-10-22 10:00:00,23.26
7067,2025-10-22 11:00:00,3.39
7068,2025-10-22 12:00:00,1.02
7069,2025-10-22 13:00:00,0.39
7070,2025-10-22 14:00:00,0.03
7071,2025-10-22 15:00:00,0.01
7072,2025-10-22 16:00:00,0.38
7073,2025-10-22 17:00:00,3.43
7074,2025-10-22 18:00:00,31.09
7075,2025-10-22 19:00:00,60.56
7076,2025-10-22 20:00:00,66.65
7077,2025-10-22 21:00:00,43.55
7078,2025-10-22 22:00:00,26.21
7079,2025-10-22 23:00:00,19.84
7080,2025-10-23 00:00:00,7.31
7081,2025-10-23 01:00:00,1.47
7082,2025-10-23 02:00:00,0.22
7083,2025-10-23 03:00:00,0.0
7084,2025-10-23 04:00:00,0.0
7085,2025-10-23 05:00:00,0.0
7086,2025-10-23 06:00:00,2.64
7087,2025-10-23 07:00:00,16.54
7088,2025-10-23 08:00:00,23.49
7089,2025-10-23 09:00:00,14.1
7090,2025-10-23 10:00:00,10.01
7091,2025-10-23 11:00:00,4.67
7092,2025-10-23 12:00:00,4.31
7093,2025-10-23 13:00:00,2.05
7094,2025-10-23 14:00:00,0.01
7095,2025-10-23 15:00:00,4.18
7096,2025-10-23 16:00:00,5.28
7097,2025-10-23 17:00:00,7.55
7098,2025-10-23 18:00:00,19.76
7099,2025-10-23 19:00:00,69.95
7100,2025-10-23 20:00:00,113.17
7101,2025-10-23 21:00:00,116.61
7102,2025-10-23 22:00:00,102.99
7103,2025-10-23 23:00:00,77.34
7104,2025-10-24 00:00:00,101.94
7105,2025-10-24 01:00:00,92.55
7106,2025-10-24 02:00:00,88.64
7107,2025-10-24 03:00:00,87.64
7108,2025-10-24 04:00:00,87.84
7109,2025-10-24 05:00:00,90.77
7110,2025-10-24 06:00:00,106.08
7111,2025-10-24 07:00:00,135.49
7112,2025-10-24 08:00:00,160.69
7113,2025-10-24 09:00:00,133.84
7114,2025-10-24 10:00:00,94.18
7115,2025-10-24 11:00:00,62.45
7116,2025-10-24 12:00:00,48.32
7117,2025-10-24 13:00:00,47.44
7118,2025-10-24 14:00:00,47.01
7119,2025-10-24 15:00:00,47.01
7120,2025-10-24 16:00:00,47.71
7121,2025-10-24 17:00:00,65.25
7122,2025-10-24 18:00:00,103.24
7123,2025-10-24 19:00:00,126.83
7124,2025-10-24 20:00:00,161.93
7125,2025-10-24 21:00:00,150.19
7126,2025-10-24 22:00:00,114.82
7127,2025-10-24 23:00:00,104.15
7128,2025-10-25 00:00:00,97.6
7129,2025-10-25 01:00:00,93.2
7130,2025-10-25 02:00:00,87.78
7131,2025-10-25 03:00:00,84.47
7132,2025-10-25 04:00:00,95.4
7133,2025-10-25 05:00:00,96.39
7134,2025-10-25 06:00:00,99.54
7135,2025-10-25 07:00:00,108.17
7136,2025-10-25 08:00:00,117.45
7137,2025-10-25 09:00:00,104.56
7138,2025-10-25 10:00:00,84.67
7139,2025-10-25 11:00:00,56.51
7140,2025-10-25 12:00:00,35.64
7141,2025-10-25 13:00:00,28.98
7142,2025-10-25 14:00:00,25.02
7143,2025-10-25 15:00:00,25.02
7144,2025-10-25 16:00:00,25.02
7145,2025-10-25 17:00:00,46.66
7146,2025-10-25 18:00:00,89.25
7147,2025-10-25 19:00:00,113.26
7148,2025-10-25 20:00:00,126.56
7149,2025-10-25 21:00:00,114.18
7150,2025-10-25 22:00:00,106.76
7151,2025-10-25 23:00:00,99.83
7152,2025-10-26 00:00:00,97.55
7153,2025-10-26 01:00:00,87.61
7154,2025-10-26 02:00:00,63.0
7155,2025-10-26 03:00:00,57.35
7156,2025-10-26 04:00:00,58.54
7157,2025-10-26 05:00:00,57.58
7158,2025-10-26 06:00:00,56.23
7159,2025-10-26 07:00:00,51.97
7160,2025-10-26 08:00:00,43.02
7161,2025-10-26 09:00:00,36.48
7162,2025-10-26 10:00:00,14.74
7163,2025-10-26 11:00:00,5.38
7164,2025-10-26 12:00:00,2.25
7165,2025-10-26 13:00:00,1.67
7166,2025-10-26 14:00:00,2.41
7167,2025-10-26 15:00:00,4.98
7168,2025-10-26 16:00:00,8.8
7169,2025-10-26 17:00:00,19.48
7170,2025-10-26 18:00:00,47.51
7171,2025-10-26 19:00:00,83.25
7172,2025-10-26 20:00:00,96.5
7173,2025-10-26 21:00:00,105.37
7174,2025-10-26 22:00:00,97.83
7175,2025-10-26 23:00:00,92.52
7176,2025-10-27 00:00:00,87.06
7177,2025-10-27 01:00:00,77.41
7178,2025-10-27 02:00:00,76.93
7179,2025-10-27 03:00:00,77.12
7180,2025-10-27 04:00:00,79.54
7181,2025-10-27 05:00:00,103.53
7182,2025-10-27 06:00:00,110.69
7183,2025-10-27 07:00:00,152.97
7184,2025-10-27 08:00:00,125.41
7185,2025-10-27 09:00:00,83.77
7186,2025-10-27 10:00:00,50.87
7187,2025-10-27 11:00:00,26.37
7188,2025-10-27 12:00:00,29.81
7189,2025-10-27 13:00:00,21.78
7190,2025-10-27 14:00:00,20.04
7191,2025-10-27 15:00:00,42.74
7192,2025-10-27 16:00:00,70.17
7193,2025-10-27 17:00:00,116.77
7194,2025-10-27 18:00:00,138.64
7195,2025-10-27 19:00:00,145.4
7196,2025-10-27 20:00:00,157.15
7197,2025-10-27 21:00:00,138.16
7198,2025-10-27 22:00:00,114.95
7199,2025-10-27 23:00:00,107.48
7200,2025-10-28 00:00:00,108.28
7201,2025-10-28 01:00:00,105.79
7202,2025-10-28 02:00:00,105.5
7203,2025-10-28 03:00:00,104.28
7204,2025-10-28 04:00:00,104.29
7205,2025-10-28 05:00:00,99.68
7206,2025-10-28 06:00:00,110.38
7207,2025-10-28 07:00:00,121.59
7208,2025-10-28 08:00:00,112.34
7209,2025-10-28 09:00:00,100.1
7210,2025-10-28 10:00:00,74.57
7211,2025-10-28 11:00:00,62.01
7212,2025-10-28 12:00:00,60.0
7213,2025-10-28 13:00:00,63.46
7214,2025-10-28 14:00:00,70.8
7215,2025-10-28 15:00:00,74.89
7216,2025-10-28 16:00:00,98.93
7217,2025-10-28 17:00:00,111.11
7218,2025-10-28 18:00:00,128.11
7219,2025-10-28 19:00:00,130.2
7220,2025-10-28 20:00:00,142.27
7221,2025-10-28 21:00:00,130.4
7222,2025-10-28 22:00:00,111.55
7223,2025-10-28 23:00:00,106.73
7224,2025-10-29 00:00:00,88.82
7225,2025-10-29 01:00:00,84.37
7226,2025-10-29 02:00:00,80.03
7227,2025-10-29 03:00:00,76.51
7228,2025-10-29 04:00:00,78.56
7229,2025-10-29 05:00:00,82.35
7230,2025-10-29 06:00:00,90.35
7231,2025-10-29 07:00:00,108.37
7232,2025-10-29 08:00:00,111.76
7233,2025-10-29 09:00:00,102.51
7234,2025-10-29 10:00:00,89.12
7235,2025-10-29 11:00:00,83.13
7236,2025-10-29 12:00:00,82.82
7237,2025-10-29 13:00:00,85.14
7238,2025-10-29 14:00:00,94.88
7239,2025-10-29 15:00:00,103.07
7240,2025-10-29 16:00:00,108.51
7241,2025-10-29 17:00:00,123.53
7242,2025-10-29 18:00:00,137.56
7243,2025-10-29 19:00:00,152.57
7244,2025-10-29 20:00:00,159.89
7245,2025-10-29 21:00:00,147.98
7246,2025-10-29 22:00:00,126.33
7247,2025-10-29 23:00:00,117.42
7248,2025-10-30 00:00:00,120.82
7249,2025-10-30 01:00:00,113.17
7250,2025-10-30 02:00:00,105.48
7251,2025-10-30 03:00:00,103.73
7252,2025-10-30 04:00:00,94.28
7253,2025-10-30 05:00:00,92.84
7254,2025-10-30 06:00:00,109.89
7255,2025-10-30 07:00:00,122.47
7256,2025-10-30 08:00:00,119.15
7257,2025-10-30 09:00:00,110.96
7258,2025-10-30 10:00:00,63.33
7259,2025-10-30 11:00:00,45.93
7260,2025-10-30 12:00:00,49.93
7261,2025-10-30 13:00:00,17.51
7262,2025-10-30 14:00:00,15.46
7263,2025-10-30 15:00:00,25.45
7264,2025-10-30 16:00:00,62.66
7265,2025-10-30 17:00:00,110.01
7266,2025-10-30 18:00:00,118.45
7267,2025-10-30 19:00:00,121.27
7268,2025-10-30 20:00:00,135.73
7269,2025-10-30 21:00:00,120.86
7270,2025-10-30 22:00:00,109.93
7271,2025-10-30 23:00:00,93.75
7272,2025-10-31 00:00:00,69.39
7273,2025-10-31 01:00:00,54.33
7274,2025-10-31 02:00:00,52.27
7275,2025-10-31 03:00:00,50.81
7276,2025-10-31 04:00:00,50.4
7277,2025-10-31 05:00:00,50.81
7278,2025-10-31 06:00:00,67.44
7279,2025-10-31 07:00:00,77.47
7280,2025-10-31 08:00:00,75.49
7281,2025-10-31 09:00:00,58.54
7282,2025-10-31 10:00:00,33.98
7283,2025-10-31 11:00:00,18.11
7284,2025-10-31 12:00:00,17.08
7285,2025-10-31 13:00:00,15.92
7286,2025-10-31 14:00:00,15.7
7287,2025-10-31 15:00:00,21.73
7288,2025-10-31 16:00:00,42.06
7289,2025-10-31 17:00:00,65.62
7290,2025-10-31 18:00:00,83.28
7291,2025-10-31 19:00:00,90.4
7292,2025-10-31 20:00:00,93.74
7293,2025-10-31 21:00:00,87.95
7294,2025-10-31 22:00:00,77.48
7295,2025-10-31 23:00:00,68.67
7296,2025-11-01 00:00:00,45.9
7297,2025-11-01 01:00:00,24.49
7298,2025-11-01 02:00:00,22.45
7299,2025-11-01 03:00:00,30.0
7300,2025-11-01 04:00:00,30.09
7301,2025-11-01 05:00:00,33.82
7302,2025-11-01 06:00:00,47.28
7303,2025-11-01 07:00:00,51.96
7304,2025-11-01 08:00:00,50.32
7305,2025-11-01 09:00:00,23.59
7306,2025-11-01 10:00:00,18.27
7307,2025-11-01 11:00:00,14.89
7308,2025-11-01 12:00:00,10.79
7309,2025-11-01 13:00:00,15.65
7310,2025-11-01 14:00:00,15.21
7311,2025-11-01 15:00:00,20.97
7312,2025-11-01 16:00:00,36.42
7313,2025-11-01 17:00:00,57.73
7314,2025-11-01 18:00:00,82.46
7315,2025-11-01 19:00:00,103.44
7316,2025-11-01 20:00:00,104.94
7317,2025-11-01 21:00:00,100.62
7318,2025-11-01 22:00:00,81.12
7319,2025-11-01 23:00:00,72.91
7320,2025-11-02 00:00:00,74.6
7321,2025-11-02 01:00:00,53.94
7322,2025-11-02 02:00:00,31.32
7323,2025-11-02 03:00:00,16.71
7324,2025-11-02 04:00:00,16.79
7325,2025-11-02 05:00:00,17.8
7326,2025-11-02 06:00:00,30.0
7327,2025-11-02 07:00:00,37.25
7328,2025-11-02 08:00:00,23.25
7329,2025-11-02 09:00:00,7.68
7330,2025-11-02 10:00:00,0.16
7331,2025-11-02 11:00:00,0.0
7332,2025-11-02 12:00:00,0.0
7333,2025-11-02 13:00:00,0.0
7334,2025-11-02 14:00:00,0.0
7335,2025-11-02 15:00:00,0.0
7336,2025-11-02 16:00:00,5.02
7337,2025-11-02 17:00:00,38.98
7338,2025-11-02 18:00:00,80.76
7339,2025-11-02 19:00:00,103.39
7340,2025-11-02 20:00:00,110.63
7341,2025-11-02 21:00:00,111.65
7342,2025-11-02 22:00:00,103.38
7343,2025-11-02 23:00:00,97.86
7344,2025-11-03 00:00:00,89.03
7345,2025-11-03 01:00:00,83.84
7346,2025-11-03 02:00:00,83.0
7347,2025-11-03 03:00:00,82.56
7348,2025-11-03 04:00:00,82.82
7349,2025-11-03 05:00:00,86.16
7350,2025-11-03 06:00:00,103.61
7351,2025-11-03 07:00:00,133.55
7352,2025-11-03 08:00:00,114.7
7353,2025-11-03 09:00:00,70.78
7354,2025-11-03 10:00:00,34.03
7355,2025-11-03 11:00:00,19.95
7356,2025-11-03 12:00:00,16.49
7357,2025-11-03 13:00:00,13.73
7358,2025-11-03 14:00:00,18.6
7359,2025-11-03 15:00:00,36.46
7360,2025-11-03 16:00:00,62.75
7361,2025-11-03 17:00:00,111.8
7362,2025-11-03 18:00:00,125.11
7363,2025-11-03 19:00:00,147.67
7364,2025-11-03 20:00:00,151.42
7365,2025-11-03 21:00:00,130.84
7366,2025-11-03 22:00:00,102.64
7367,2025-11-03 23:00:00,91.97
7368,2025-11-04 00:00:00,77.94
7369,2025-11-04 01:00:00,68.57
7370,2025-11-04 02:00:00,67.38
7371,2025-11-04 03:00:00,56.36
7372,2025-11-04 04:00:00,50.02
7373,2025-11-04 05:00:00,55.54
7374,2025-11-04 06:00:00,66.59
7375,2025-11-04 07:00:00,79.07
7376,2025-11-04 08:00:00,73.3
7377,2025-11-04 09:00:00,32.29
7378,2025-11-04 10:00:00,13.61
7379,2025-11-04 11:00:00,4.54
7380,2025-11-04 12:00:00,3.74
7381,2025-11-04 13:00:00,3.52
7382,2025-11-04 14:00:00,4.09
7383,2025-11-04 15:00:00,12.34
7384,2025-11-04 16:00:00,22.98
7385,2025-11-04 17:00:00,57.41
7386,2025-11-04 18:00:00,77.48
7387,2025-11-04 19:00:00,83.6
7388,2025-11-04 20:00:00,82.67
7389,2025-11-04 21:00:00,78.17
7390,2025-11-04 22:00:00,72.51
7391,2025-11-04 23:00:00,43.47
7392,2025-11-05 00:00:00,30.85
7393,2025-11-05 01:00:00,24.62
7394,2025-11-05 02:00:00,17.23
7395,2025-11-05 03:00:00,13.88
7396,2025-11-05 04:00:00,7.0
7397,2025-11-05 05:00:00,13.9
7398,2025-11-05 06:00:00,27.54
7399,2025-11-05 07:00:00,34.0
7400,2025-11-05 08:00:00,33.91
7401,2025-11-05 09:00:00,21.17
7402,2025-11-05 10:00:00,8.57
7403,2025-11-05 11:00:00,3.72
7404,2025-11-05 12:00:00,5.33
7405,2025-11-05 13:00:00,5.26
7406,2025-11-05 14:00:00,9.78
7407,2025-11-05 15:00:00,16.72
7408,2025-11-05 16:00:00,26.63
7409,2025-11-05 17:00:00,33.31
7410,2025-11-05 18:00:00,46.41
7411,2025-11-05 19:00:00,65.98
7412,2025-11-05 20:00:00,70.5
7413,2025-11-05 21:00:00,66.97
7414,2025-11-05 22:00:00,48.1
7415,2025-11-05 23:00:00,35.0
7416,2025-11-06 00:00:00,20.84
7417,2025-11-06 01:00:00,15.11
7418,2025-11-06 02:00:00,15.38
7419,2025-11-06 03:00:00,11.62
7420,2025-11-06 04:00:00,7.86
7421,2025-11-06 05:00:00,16.31
7422,2025-11-06 06:00:00,39.45
7423,2025-11-06 07:00:00,70.16
7424,2025-11-06 08:00:00,61.73
7425,2025-11-06 09:00:00,14.73
7426,2025-11-06 10:00:00,3.72
7427,2025-11-06 11:00:00,4.84
7428,2025-11-06 12:00:00,5.78
7429,2025-11-06 13:00:00,4.31
7430,2025-11-06 14:00:00,7.68
7431,2025-11-06 15:00:00,7.89
7432,2025-11-06 16:00:00,18.32
7433,2025-11-06 17:00:00,76.41
7434,2025-11-06 18:00:00,101.27
7435,2025-11-06 19:00:00,119.6
7436,2025-11-06 20:00:00,109.85
7437,2025-11-06 21:00:00,92.88
7438,2025-11-06 22:00:00,87.57
7439,2025-11-06 23:00:00,78.92
7440,2025-11-07 00:00:00,59.76
7441,2025-11-07 01:00:00,52.94
7442,2025-11-07 02:00:00,49.73
7443,2025-11-07 03:00:00,37.67
7444,2025-11-07 04:00:00,33.76
7445,2025-11-07 05:00:00,43.39
7446,2025-11-07 06:00:00,63.1
7447,2025-11-07 07:00:00,80.33
7448,2025-11-07 08:00:00,91.37
7449,2025-11-07 09:00:00,71.89
7450,2025-11-07 10:00:00,57.7
7451,2025-11-07 11:00:00,49.2
7452,2025-11-07 12:00:00,48.75
7453,2025-11-07 13:00:00,43.02
7454,2025-11-07 14:00:00,50.04
7455,2025-11-07 15:00:00,60.0
7456,2025-11-07 16:00:00,79.63
7457,2025-11-07 17:00:00,94.44
7458,2025-11-07 18:00:00,107.19
7459,2025-11-07 19:00:00,107.58
7460,2025-11-07 20:00:00,103.22
7461,2025-11-07 21:00:00,96.17
7462,2025-11-07 22:00:00,85.64
7463,2025-11-07 23:00:00,72.41
7464,2025-11-08 00:00:00,68.35
7465,2025-11-08 01:00:00,56.34
7466,2025-11-08 02:00:00,50.97
7467,2025-11-08 03:00:00,45.55
7468,2025-11-08 04:00:00,35.71
7469,2025-11-08 05:00:00,36.96
7470,2025-11-08 06:00:00,47.32
7471,2025-11-08 07:00:00,50.9
7472,2025-11-08 08:00:00,38.2
7473,2025-11-08 09:00:00,4.39
7474,2025-11-08 10:00:00,3.52
7475,2025-11-08 11:00:00,9.1
7476,2025-11-08 12:00:00,16.6
7477,2025-11-08 13:00:00,22.4
7478,2025-11-08 14:00:00,10.0
7479,2025-11-08 15:00:00,10.0
7480,2025-11-08 16:00:00,15.0
7481,2025-11-08 17:00:00,66.02
7482,2025-11-08 18:00:00,87.64
7483,2025-11-08 19:00:00,88.84
7484,2025-11-08 20:00:00,84.15
7485,2025-11-08 21:00:00,78.31
7486,2025-11-08 22:00:00,75.83
7487,2025-11-08 23:00:00,73.11
7488,2025-11-09 00:00:00,73.2
7489,2025-11-09 01:00:00,61.8
7490,2025-11-09 02:00:00,55.43
7491,2025-11-09 03:00:00,53.35
7492,2025-11-09 04:00:00,53.12
7493,2025-11-09 05:00:00,56.27
7494,2025-11-09 06:00:00,67.69
7495,2025-11-09 07:00:00,74.37
7496,2025-11-09 08:00:00,68.07
7497,2025-11-09 09:00:00,39.14
7498,2025-11-09 10:00:00,2.65
7499,2025-11-09 11:00:00,0.65
7500,2025-11-09 12:00:00,0.68
7501,2025-11-09 13:00:00,4.31
7502,2025-11-09 14:00:00,4.29
7503,2025-11-09 15:00:00,17.55
7504,2025-11-09 16:00:00,56.64
7505,2025-11-09 17:00:00,85.1
7506,2025-11-09 18:00:00,95.43
7507,2025-11-09 19:00:00,105.5
7508,2025-11-09 20:00:00,112.92
7509,2025-11-09 21:00:00,115.32
7510,2025-11-09 22:00:00,104.21
7511,2025-11-09 23:00:00,89.75
7512,2025-11-10 00:00:00,89.41
7513,2025-11-10 01:00:00,78.81
7514,2025-11-10 02:00:00,66.4
7515,2025-11-10 03:00:00,59.93
7516,2025-11-10 04:00:00,59.67
7517,2025-11-10 05:00:00,66.88
7518,2025-11-10 06:00:00,91.39
7519,2025-11-10 07:00:00,110.23
7520,2025-11-10 08:00:00,111.84
7521,2025-11-10 09:00:00,72.6
7522,2025-11-10 10:00:00,44.06
7523,2025-11-10 11:00:00,35.68
7524,2025-11-10 12:00:00,37.72
7525,2025-11-10 13:00:00,31.01
7526,2025-11-10 14:00:00,32.78
7527,2025-11-10 15:00:00,47.76
7528,2025-11-10 16:00:00,70.06
7529,2025-11-10 17:00:00,111.65
7530,2025-11-10 18:00:00,131.69
7531,2025-11-10 19:00:00,143.76
7532,2025-11-10 20:00:00,136.88
7533,2025-11-10 21:00:00,131.49
7534,2025-11-10 22:00:00,107.34
7535,2025-11-10 23:00:00,94.03
7536,2025-11-11 00:00:00,91.33
7537,2025-11-11 01:00:00,88.66
7538,2025-11-11 02:00:00,89.22
7539,2025-11-11 03:00:00,88.95
7540,2025-11-11 04:00:00,88.71
7541,2025-11-11 05:00:00,88.44
7542,2025-11-11 06:00:00,89.68
7543,2025-11-11 07:00:00,95.0
7544,2025-11-11 08:00:00,93.63
7545,2025-11-11 09:00:00,51.28
7546,2025-11-11 10:00:00,12.91
7547,2025-11-11 11:00:00,10.69
7548,2025-11-11 12:00:00,12.95
7549,2025-11-11 13:00:00,8.66
7550,2025-11-11 14:00:00,5.66
7551,2025-11-11 15:00:00,12.81
7552,2025-11-11 16:00:00,41.47
7553,2025-11-11 17:00:00,80.42
7554,2025-11-11 18:00:00,95.86
7555,2025-11-11 19:00:00,102.49
7556,2025-11-11 20:00:00,102.63
7557,2025-11-11 21:00:00,96.35
7558,2025-11-11 22:00:00,88.0
7559,2025-11-11 23:00:00,70.85
7560,2025-11-12 00:00:00,37.07
7561,2025-11-12 01:00:00,18.7
7562,2025-11-12 02:00:00,15.74
7563,2025-11-12 03:00:00,12.27
7564,2025-11-12 04:00:00,9.21
7565,2025-11-12 05:00:00,14.48
7566,2025-11-12 06:00:00,37.73
7567,2025-11-12 07:00:00,52.36
7568,2025-11-12 08:00:00,45.49
7569,2025-11-12 09:00:00,11.29
7570,2025-11-12 10:00:00,2.08
7571,2025-11-12 11:00:00,0.0
7572,2025-11-12 12:00:00,1.34
7573,2025-11-12 13:00:00,0.79
7574,2025-11-12 14:00:00,1.15
7575,2025-11-12 15:00:00,3.24
7576,2025-11-12 16:00:00,15.95
7577,2025-11-12 17:00:00,46.41
7578,2025-11-12 18:00:00,55.32
7579,2025-11-12 19:00:00,63.55
7580,2025-11-12 20:00:00,71.58
7581,2025-11-12 21:00:00,65.82
7582,2025-11-12 22:00:00,52.02
7583,2025-11-12 23:00:00,33.51
7584,2025-11-13 00:00:00,24.6
7585,2025-11-13 01:00:00,21.5
7586,2025-11-13 02:00:00,17.26
7587,2025-11-13 03:00:00,14.23
7588,2025-11-13 04:00:00,13.9
7589,2025-11-13 05:00:00,16.97
7590,2025-11-13 06:00:00,30.28
7591,2025-11-13 07:00:00,45.98
7592,2025-11-13 08:00:00,50.05
7593,2025-11-13 09:00:00,43.14
7594,2025-11-13 10:00:00,30.37
7595,2025-11-13 11:00:00,21.68
7596,2025-11-13 12:00:00,22.26
7597,2025-11-13 13:00:00,20.99
7598,2025-11-13 14:00:00,21.79
7599,2025-11-13 15:00:00,30.12
7600,2025-11-13 16:00:00,38.86
7601,2025-11-13 17:00:00,45.13
7602,2025-11-13 18:00:00,54.03
7603,2025-11-13 19:00:00,53.13
7604,2025-11-13 20:00:00,49.21
7605,2025-11-13 21:00:00,44.57
7606,2025-11-13 22:00:00,33.44
7607,2025-11-13 23:00:00,22.74
7608,2025-11-14 00:00:00,19.43
7609,2025-11-14 01:00:00,19.46
7610,2025-11-14 02:00:00,12.74
7611,2025-11-14 03:00:00,8.93
7612,2025-11-14 04:00:00,5.31
7613,2025-11-14 05:00:00,11.35
7614,2025-11-14 06:00:00,16.15
7615,2025-11-14 07:00:00,41.86
7616,2025-11-14 08:00:00,50.58
7617,2025-11-14 09:00:00,34.74
7618,2025-11-14 10:00:00,14.63
7619,2025-11-14 11:00:00,18.93
7620,2025-11-14 12:00:00,21.03
7621,2025-11-14 13:00:00,17.08
7622,2025-11-14 14:00:00,20.8
7623,2025-11-14 15:00:00,23.86
7624,2025-11-14 16:00:00,29.53
7625,2025-11-14 17:00:00,47.71
7626,2025-11-14 18:00:00,55.05
7627,2025-11-14 19:00:00,57.99
7628,2025-11-14 20:00:00,55.07
7629,2025-11-14 21:00:00,49.43
7630,2025-11-14 22:00:00,41.4
7631,2025-11-14 23:00:00,33.35
7632,2025-11-15 00:00:00,23.04
7633,2025-11-15 01:00:00,19.77
7634,2025-11-15 02:00:00,17.6
7635,2025-11-15 03:00:00,16.88
7636,2025-11-15 04:00:00,16.49
7637,2025-11-15 05:00:00,17.1
7638,2025-11-15 06:00:00,19.64
7639,2025-11-15 07:00:00,21.31
7640,2025-11-15 08:00:00,30.7
7641,2025-11-15 09:00:00,28.8
7642,2025-11-15 10:00:00,24.3
7643,2025-11-15 11:00:00,18.16
7644,2025-11-15 12:00:00,23.05
7645,2025-11-15 13:00:00,24.57
7646,2025-11-15 14:00:00,31.73
7647,2025-11-15 15:00:00,36.12
7648,2025-11-15 16:00:00,40.84
7649,2025-11-15 17:00:00,48.5
7650,2025-11-15 18:00:00,65.21
7651,2025-11-15 19:00:00,58.64
7652,2025-11-15 20:00:00,48.31
7653,2025-11-15 21:00:00,45.34
7654,2025-11-15 22:00:00,41.22
7655,2025-11-15 23:00:00,38.62
7656,2025-11-16 00:00:00,35.78
7657,2025-11-16 01:00:00,29.52
7658,2025-11-16 02:00:00,25.78
7659,2025-11-16 03:00:00,23.57
7660,2025-11-16 04:00:00,22.95
7661,2025-11-16 05:00:00,23.08
7662,2025-11-16 06:00:00,24.08
7663,2025-11-16 07:00:00,31.09
7664,2025-11-16 08:00:00,22.96
7665,2025-11-16 09:00:00,15.65
7666,2025-11-16 10:00:00,3.02
7667,2025-11-16 11:00:00,0.24
7668,2025-11-16 12:00:00,0.0
7669,2025-11-16 13:00:00,0.01
7670,2025-11-16 14:00:00,0.25
7671,2025-11-16 15:00:00,3.63
7672,2025-11-16 16:00:00,19.88
7673,2025-11-16 17:00:00,53.02
7674,2025-11-16 18:00:00,72.78
7675,2025-11-16 19:00:00,82.44
7676,2025-11-16 20:00:00,91.58
7677,2025-11-16 21:00:00,96.22
7678,2025-11-16 22:00:00,78.41
7679,2025-11-16 23:00:00,64.9
7680,2025-11-17 00:00:00,77.7
7681,2025-11-17 01:00:00,70.1
7682,2025-11-17 02:00:00,66.24
7683,2025-11-17 03:00:00,65.36
7684,2025-11-17 04:00:00,65.92
7685,2025-11-17 05:00:00,74.51
7686,2025-11-17 06:00:00,92.22
7687,2025-11-17 07:00:00,126.23
7688,2025-11-17 08:00:00,136.25
7689,2025-11-17 09:00:00,82.94
7690,2025-11-17 10:00:00,67.04
7691,2025-11-17 11:00:00,57.23
7692,2025-11-17 12:00:00,50.95
7693,2025-11-17 13:00:00,39.09
7694,2025-11-17 14:00:00,37.62
7695,2025-11-17 15:00:00,46.5
7696,2025-11-17 16:00:00,69.77
7697,2025-11-17 17:00:00,92.87
7698,2025-11-17 18:00:00,112.91
7699,2025-11-17 19:00:00,110.75
7700,2025-11-17 20:00:00,103.81
7701,2025-11-17 21:00:00,90.26
7702,2025-11-17 22:00:00,87.51
7703,2025-11-17 23:00:00,80.44
7704,2025-11-18 00:00:00,79.29
7705,2025-11-18 01:00:00,75.52
7706,2025-11-18 02:00:00,71.54
7707,2025-11-18 03:00:00,69.45
7708,2025-11-18 04:00:00,68.71
7709,2025-11-18 05:00:00,68.92
7710,2025-11-18 06:00:00,90.42
7711,2025-11-18 07:00:00,103.48
7712,2025-11-18 08:00:00,103.9
7713,2025-11-18 09:00:00,76.13
7714,2025-11-18 10:00:00,42.03
7715,2025-11-18 11:00:00,13.96
7716,2025-11-18 12:00:00,16.26
7717,2025-11-18 13:00:00,19.62
7718,2025-11-18 14:00:00,25.68
7719,2025-11-18 15:00:00,48.76
7720,2025-11-18 16:00:00,82.75
7721,2025-11-18 17:00:00,106.69
7722,2025-11-18 18:00:00,131.79
7723,2025-11-18 19:00:00,133.05
7724,2025-11-18 20:00:00,134.39
7725,2025-11-18 21:00:00,134.55
7726,2025-11-18 22:00:00,112.86
7727,2025-11-18 23:00:00,97.98
7728,2025-11-19 00:00:00,119.48
7729,2025-11-19 01:00:00,105.08
7730,2025-11-19 02:00:00,97.02
7731,2025-11-19 03:00:00,96.92
7732,2025-11-19 04:00:00,95.58
7733,2025-11-19 05:00:00,97.99
7734,2025-11-19 06:00:00,113.4
7735,2025-11-19 07:00:00,114.38
7736,2025-11-19 08:00:00,116.79
7737,2025-11-19 09:00:00,99.7
7738,2025-11-19 10:00:00,92.17
7739,2025-11-19 11:00:00,74.89
7740,2025-11-19 12:00:00,70.96
7741,2025-11-19 13:00:00,67.01
7742,2025-11-19 14:00:00,69.07
7743,2025-11-19 15:00:00,82.24
7744,2025-11-19 16:00:00,89.69
7745,2025-11-19 17:00:00,114.82
7746,2025-11-19 18:00:00,120.09
7747,2025-11-19 19:00:00,124.09
7748,2025-11-19 20:00:00,129.25
7749,2025-11-19 21:00:00,114.86
7750,2025-11-19 22:00:00,104.56
7751,2025-11-19 23:00:00,97.06
7752,2025-11-20 00:00:00,83.74
7753,2025-11-20 01:00:00,75.78
7754,2025-11-20 02:00:00,74.2
7755,2025-11-20 03:00:00,72.42
7756,2025-11-20 04:00:00,72.9
7757,2025-11-20 05:00:00,83.6
7758,2025-11-20 06:00:00,94.91
7759,2025-11-20 07:00:00,106.55
7760,2025-11-20 08:00:00,116.85
7761,2025-11-20 09:00:00,91.51
7762,2025-11-20 10:00:00,70.07
7763,2025-11-20 11:00:00,62.71
7764,2025-11-20 12:00:00,56.15
7765,2025-11-20 13:00:00,46.36
7766,2025-11-20 14:00:00,34.87
7767,2025-11-20 15:00:00,45.09
7768,2025-11-20 16:00:00,77.15
7769,2025-11-20 17:00:00,103.24
7770,2025-11-20 18:00:00,116.74
7771,2025-11-20 19:00:00,124.4
7772,2025-11-20 20:00:00,125.14
7773,2025-11-20 21:00:00,105.76
7774,2025-11-20 22:00:00,101.04
7775,2025-11-20 23:00:00,89.48
7776,2025-11-21 00:00:00,73.56
7777,2025-11-21 01:00:00,64.49
7778,2025-11-21 02:00:00,62.37
7779,2025-11-21 03:00:00,58.58
7780,2025-11-21 04:00:00,58.28
7781,2025-11-21 05:00:00,52.98
7782,2025-11-21 06:00:00,59.47
7783,2025-11-21 07:00:00,72.3
7784,2025-11-21 08:00:00,73.99
7785,2025-11-21 09:00:00,27.44
7786,2025-11-21 10:00:00,0.31
7787,2025-11-21 11:00:00,0.8
7788,2025-11-21 12:00:00,6.43
7789,2025-11-21 13:00:00,7.1
7790,2025-11-21 14:00:00,21.58
7791,2025-11-21 15:00:00,43.32
7792,2025-11-21 16:00:00,60.22
7793,2025-11-21 17:00:00,91.55
7794,2025-11-21 18:00:00,113.56
7795,2025-11-21 19:00:00,147.52
7796,2025-11-21 20:00:00,135.58
7797,2025-11-21 21:00:00,104.36
7798,2025-11-21 22:00:00,99.28
7799,2025-11-21 23:00:00,92.53
7800,2025-11-22 00:00:00,89.84
7801,2025-11-22 01:00:00,79.32
7802,2025-11-22 02:00:00,75.58
7803,2025-11-22 03:00:00,70.06
7804,2025-11-22 04:00:00,67.22
7805,2025-11-22 05:00:00,67.22
7806,2025-11-22 06:00:00,74.5
7807,2025-11-22 07:00:00,83.8
7808,2025-11-22 08:00:00,77.26
7809,2025-11-22 09:00:00,33.62
7810,2025-11-22 10:00:00,2.12
7811,2025-11-22 11:00:00,0.53
7812,2025-11-22 12:00:00,0.65
7813,2025-11-22 13:00:00,0.69
7814,2025-11-22 14:00:00,0.79
7815,2025-11-22 15:00:00,2.78
7816,2025-11-22 16:00:00,42.65
7817,2025-11-22 17:00:00,90.88
7818,2025-11-22 18:00:00,98.94
7819,2025-11-22 19:00:00,102.88
7820,2025-11-22 20:00:00,91.16
7821,2025-11-22 21:00:00,92.32
7822,2025-11-22 22:00:00,90.33
7823,2025-11-22 23:00:00,83.46
7824,2025-11-23 00:00:00,73.37
7825,2025-11-23 01:00:00,62.4
7826,2025-11-23 02:00:00,41.92
7827,2025-11-23 03:00:00,39.41
7828,2025-11-23 04:00:00,34.62
7829,2025-11-23 05:00:00,42.09
7830,2025-11-23 06:00:00,47.43
7831,2025-11-23 07:00:00,64.23
7832,2025-11-23 08:00:00,57.86
7833,2025-11-23 09:00:00,16.29
7834,2025-11-23 10:00:00,1.63
7835,2025-11-23 11:00:00,0.02
7836,2025-11-23 12:00:00,0.0
7837,2025-11-23 13:00:00,0.0
7838,2025-11-23 14:00:00,0.0
7839,2025-11-23 15:00:00,0.28
7840,2025-11-23 16:00:00,14.13
7841,2025-11-23 17:00:00,59.17
7842,2025-11-23 18:00:00,68.78
7843,2025-11-23 19:00:00,73.52
7844,2025-11-23 20:00:00,79.15
7845,2025-11-23 21:00:00,72.77
7846,2025-11-23 22:00:00,65.31
7847,2025-11-23 23:00:00,43.25
7848,2025-11-24 00:00:00,27.68
7849,2025-11-24 01:00:00,10.84
7850,2025-11-24 02:00:00,3.91
7851,2025-11-24 03:00:00,3.52
7852,2025-11-24 04:00:00,3.52
7853,2025-11-24 05:00:00,3.52
7854,2025-11-24 06:00:00,16.04
7855,2025-11-24 07:00:00,47.13
7856,2025-11-24 08:00:00,61.3
7857,2025-11-24 09:00:00,47.85
7858,2025-11-24 10:00:00,39.18
7859,2025-11-24 11:00:00,31.47
7860,2025-11-24 12:00:00,28.12
7861,2025-11-24 13:00:00,34.17
7862,2025-11-24 14:00:00,38.67
7863,2025-11-24 15:00:00,45.24
7864,2025-11-24 16:00:00,55.86
7865,2025-11-24 17:00:00,61.81
7866,2025-11-24 18:00:00,73.12
7867,2025-11-24 19:00:00,74.86
7868,2025-11-24 20:00:00,82.08
7869,2025-11-24 21:00:00,77.97
7870,2025-11-24 22:00:00,71.27
7871,2025-11-24 23:00:00,64.39
7872,2025-11-25 00:00:00,42.94
7873,2025-11-25 01:00:00,39.75
7874,2025-11-25 02:00:00,29.92
7875,2025-11-25 03:00:00,21.5
7876,2025-11-25 04:00:00,16.7
7877,2025-11-25 05:00:00,31.71
7878,2025-11-25 06:00:00,60.06
7879,2025-11-25 07:00:00,78.01
7880,2025-11-25 08:00:00,82.11
7881,2025-11-25 09:00:00,58.0
7882,2025-11-25 10:00:00,13.76
7883,2025-11-25 11:00:00,3.24
7884,2025-11-25 12:00:00,0.96
7885,2025-11-25 13:00:00,0.66
7886,2025-11-25 14:00:00,0.65
7887,2025-11-25 15:00:00,2.74
7888,2025-11-25 16:00:00,28.03
7889,2025-11-25 17:00:00,89.81
7890,2025-11-25 18:00:00,100.0
7891,2025-11-25 19:00:00,102.11
7892,2025-11-25 20:00:00,96.29
7893,2025-11-25 21:00:00,90.36
7894,2025-11-25 22:00:00,88.62
7895,2025-11-25 23:00:00,80.54
7896,2025-11-26 00:00:00,78.4
7897,2025-11-26 01:00:00,69.06
7898,2025-11-26 02:00:00,62.43
7899,2025-11-26 03:00:00,63.11
7900,2025-11-26 04:00:00,61.99
7901,2025-11-26 05:00:00,74.13
7902,2025-11-26 06:00:00,81.25
7903,2025-11-26 07:00:00,94.88
7904,2025-11-26 08:00:00,104.93
7905,2025-11-26 09:00:00,69.11
7906,2025-11-26 10:00:00,34.05
7907,2025-11-26 11:00:00,19.55
7908,2025-11-26 12:00:00,29.77
7909,2025-11-26 13:00:00,29.13
7910,2025-11-26 14:00:00,29.84
7911,2025-11-26 15:00:00,32.49
7912,2025-11-26 16:00:00,70.5
7913,2025-11-26 17:00:00,98.12
7914,2025-11-26 18:00:00,120.68
7915,2025-11-26 19:00:00,142.02
7916,2025-11-26 20:00:00,125.06
7917,2025-11-26 21:00:00,100.38
7918,2025-11-26 22:00:00,91.92
7919,2025-11-26 23:00:00,89.13
7920,2025-11-27 00:00:00,89.11
7921,2025-11-27 01:00:00,81.57
7922,2025-11-27 02:00:00,73.85
7923,2025-11-27 03:00:00,68.42
7924,2025-11-27 04:00:00,66.38
7925,2025-11-27 05:00:00,68.99
7926,2025-11-27 06:00:00,77.81
7927,2025-11-27 07:00:00,96.84
7928,2025-11-27 08:00:00,100.01
7929,2025-11-27 09:00:00,84.65
7930,2025-11-27 10:00:00,55.41
7931,2025-11-27 11:00:00,45.3
7932,2025-11-27 12:00:00,45.91
7933,2025-11-27 13:00:00,51.58
7934,2025-11-27 14:00:00,55.48
7935,2025-11-27 15:00:00,63.75
7936,2025-11-27 16:00:00,84.33
7937,2025-11-27 17:00:00,102.11
7938,2025-11-27 18:00:00,114.74
7939,2025-11-27 19:00:00,119.06
7940,2025-11-27 20:00:00,147.44
7941,2025-11-27 21:00:00,156.25
7942,2025-11-27 22:00:00,116.03
7943,2025-11-27 23:00:00,102.44
7944,2025-11-28 00:00:00,91.81
7945,2025-11-28 01:00:00,87.15
7946,2025-11-28 02:00:00,90.72
7947,2025-11-28 03:00:00,88.9
7948,2025-11-28 04:00:00,88.8
7949,2025-11-28 05:00:00,92.22
7950,2025-11-28 06:00:00,97.58
7951,2025-11-28 07:00:00,129.25
7952,2025-11-28 08:00:00,134.38
7953,2025-11-28 09:00:00,102.4
7954,2025-11-28 10:00:00,88.18
7955,2025-11-28 11:00:00,77.9
7956,2025-11-28 12:00:00,77.35
7957,2025-11-28 13:00:00,71.76
7958,2025-11-28 14:00:00,69.04
7959,2025-11-28 15:00:00,74.87
7960,2025-11-28 16:00:00,87.44
7961,2025-11-28 17:00:00,105.88
7962,2025-11-28 18:00:00,120.08
7963,2025-11-28 19:00:00,128.21
7964,2025-11-28 20:00:00,143.08
7965,2025-11-28 21:00:00,123.64
7966,2025-11-28 22:00:00,102.77
7967,2025-11-28 23:00:00,99.12
7968,2025-11-29 00:00:00,105.82
7969,2025-11-29 01:00:00,99.61
7970,2025-11-29 02:00:00,97.14
7971,2025-11-29 03:00:00,94.43
7972,2025-11-29 04:00:00,84.65
7973,2025-11-29 05:00:00,83.26
7974,2025-11-29 06:00:00,85.65
7975,2025-11-29 07:00:00,92.05
7976,2025-11-29 08:00:00,93.8
7977,2025-11-29 09:00:00,80.78
7978,2025-11-29 10:00:00,62.74
7979,2025-11-29 11:00:00,50.02
7980,2025-11-29 12:00:00,50.52
7981,2025-11-29 13:00:00,44.39
7982,2025-11-29 14:00:00,47.6
7983,2025-11-29 15:00:00,56.84
7984,2025-11-29 16:00:00,72.27
7985,2025-11-29 17:00:00,96.45
7986,2025-11-29 18:00:00,97.8
7987,2025-11-29 19:00:00,100.24
7988,2025-11-29 20:00:00,100.56
7989,2025-11-29 21:00:00,99.65
7990,2025-11-29 22:00:00,92.04
7991,2025-11-29 23:00:00,86.81
7992,2025-11-30 00:00:00,77.0
7993,2025-11-30 01:00:00,70.76
7994,2025-11-30 02:00:00,68.49
7995,2025-11-30 03:00:00,66.4
7996,2025-11-30 04:00:00,65.96
7997,2025-11-30 05:00:00,66.45
7998,2025-11-30 06:00:00,65.2
7999,2025-11-30 07:00:00,69.37
8000,2025-11-30 08:00:00,73.87
8001,2025-11-30 09:00:00,77.69
8002,2025-11-30 10:00:00,67.91
8003,2025-11-30 11:00:00,56.15
8004,2025-11-30 12:00:00,41.54
8005,2025-11-30 13:00:00,48.78
8006,2025-11-30 14:00:00,51.47
8007,2025-11-30 15:00:00,60.43
8008,2025-11-30 16:00:00,80.53
8009,2025-11-30 17:00:00,99.3
8010,2025-11-30 18:00:00,105.44
8011,2025-11-30 19:00:00,106.81
8012,2025-11-30 20:00:00,101.43
8013,2025-11-30 21:00:00,96.07
8014,2025-11-30 22:00:00,93.72
8015,2025-11-30 23:00:00,87.74
8016,2025-12-01 00:00:00,87.23
8017,2025-12-01 01:00:00,75.9
8018,2025-12-01 02:00:00,70.5
8019,2025-12-01 03:00:00,70.15
8020,2025-12-01 04:00:00,77.31
8021,2025-12-01 05:00:00,88.9
8022,2025-12-01 06:00:00,99.89
8023,2025-12-01 07:00:00,108.55
8024,2025-12-01 08:00:00,113.66
8025,2025-12-01 09:00:00,96.35
8026,2025-12-01 10:00:00,75.12
8027,2025-12-01 11:00:00,68.19
8028,2025-12-01 12:00:00,70.79
8029,2025-12-01 13:00:00,69.57
8030,2025-12-01 14:00:00,69.88
8031,2025-12-01 15:00:00,73.34
8032,2025-12-01 16:00:00,86.16
8033,2025-12-01 17:00:00,95.48
8034,2025-12-01 18:00:00,104.94
8035,2025-12-01 19:00:00,122.99
8036,2025-12-01 20:00:00,137.9
8037,2025-12-01 21:00:00,138.65
8038,2025-12-01 22:00:00,109.26
8039,2025-12-01 23:00:00,96.03
8040,2025-12-02 00:00:00,79.14
8041,2025-12-02 01:00:00,76.41
8042,2025-12-02 02:00:00,72.23
8043,2025-12-02 03:00:00,68.78
8044,2025-12-02 04:00:00,67.96
8045,2025-12-02 05:00:00,70.06
8046,2025-12-02 06:00:00,81.31
8047,2025-12-02 07:00:00,90.61
8048,2025-12-02 08:00:00,95.49
8049,2025-12-02 09:00:00,91.57
8050,2025-12-02 10:00:00,85.03
8051,2025-12-02 11:00:00,82.56
8052,2025-12-02 12:00:00,80.31
8053,2025-12-02 13:00:00,73.9
8054,2025-12-02 14:00:00,72.42
8055,2025-12-02 15:00:00,84.6
8056,2025-12-02 16:00:00,87.93
8057,2025-12-02 17:00:00,111.94
8058,2025-12-02 18:00:00,126.25
8059,2025-12-02 19:00:00,126.31
8060,2025-12-02 20:00:00,120.32
8061,2025-12-02 21:00:00,103.35
8062,2025-12-02 22:00:00,94.17
8063,2025-12-02 23:00:00,87.86
8064,2025-12-03 00:00:00,85.3
8065,2025-12-03 01:00:00,79.39
8066,2025-12-03 02:00:00,74.57
8067,2025-12-03 03:00:00,68.16
8068,2025-12-03 04:00:00,67.14
8069,2025-12-03 05:00:00,72.22
8070,2025-12-03 06:00:00,78.15
8071,2025-12-03 07:00:00,93.13
8072,2025-12-03 08:00:00,99.85
8073,2025-12-03 09:00:00,84.23
8074,2025-12-03 10:00:00,67.45
8075,2025-12-03 11:00:00,38.1
8076,2025-12-03 12:00:00,20.64
8077,2025-12-03 13:00:00,15.45
8078,2025-12-03 14:00:00,14.59
8079,2025-12-03 15:00:00,31.08
8080,2025-12-03 16:00:00,64.85
8081,2025-12-03 17:00:00,88.57
8082,2025-12-03 18:00:00,102.6
8083,2025-12-03 19:00:00,99.22
8084,2025-12-03 20:00:00,96.9
8085,2025-12-03 21:00:00,88.82
8086,2025-12-03 22:00:00,85.54
8087,2025-12-03 23:00:00,76.41
8088,2025-12-04 00:00:00,61.25
8089,2025-12-04 01:00:00,55.99
8090,2025-12-04 02:00:00,47.78
8091,2025-12-04 03:00:00,42.99
8092,2025-12-04 04:00:00,35.7
8093,2025-12-04 05:00:00,46.46
8094,2025-12-04 06:00:00,61.69
8095,2025-12-04 07:00:00,77.43
8096,2025-12-04 08:00:00,84.44
8097,2025-12-04 09:00:00,77.96
8098,2025-12-04 10:00:00,66.11
8099,2025-12-04 11:00:00,57.98
8100,2025-12-04 12:00:00,51.6
8101,2025-12-04 13:00:00,47.94
8102,2025-12-04 14:00:00,47.32
8103,2025-12-04 15:00:00,53.29
8104,2025-12-04 16:00:00,65.78
8105,2025-12-04 17:00:00,79.22
8106,2025-12-04 18:00:00,85.59
8107,2025-12-04 19:00:00,88.98
8108,2025-12-04 20:00:00,88.87
8109,2025-12-04 21:00:00,85.46
8110,2025-12-04 22:00:00,80.32
8111,2025-12-04 23:00:00,65.64
8112,2025-12-05 00:00:00,73.93
8113,2025-12-05 01:00:00,62.68
8114,2025-12-05 02:00:00,56.61
8115,2025-12-05 03:00:00,55.32
8116,2025-12-05 04:00:00,54.75
8117,2025-12-05 05:00:00,59.42
8118,2025-12-05 06:00:00,71.2
8119,2025-12-05 07:00:00,80.09
8120,2025-12-05 08:00:00,88.02
8121,2025-12-05 09:00:00,84.89
8122,2025-12-05 10:00:00,82.14
8123,2025-12-05 11:00:00,74.77
8124,2025-12-05 12:00:00,65.24
8125,2025-12-05 13:00:00,55.42
8126,2025-12-05 14:00:00,54.85
8127,2025-12-05 15:00:00,67.9
8128,2025-12-05 16:00:00,78.37
8129,2025-12-05 17:00:00,84.36
8130,2025-12-05 18:00:00,87.16
8131,2025-12-05 19:00:00,83.0
8132,2025-12-05 20:00:00,79.2
8133,2025-12-05 21:00:00,71.89
8134,2025-12-05 22:00:00,67.98
8135,2025-12-05 23:00:00,56.64
8136,2025-12-06 00:00:00,34.06
8137,2025-12-06 01:00:00,22.83
8138,2025-12-06 02:00:00,19.31
8139,2025-12-06 03:00:00,15.15
8140,2025-12-06 04:00:00,12.7
8141,2025-12-06 05:00:00,13.67
8142,2025-12-06 06:00:00,17.62
8143,2025-12-06 07:00:00,23.36
8144,2025-12-06 08:00:00,25.1
8145,2025-12-06 09:00:00,30.12
8146,2025-12-06 10:00:00,26.2
8147,2025-12-06 11:00:00,17.59
8148,2025-12-06 12:00:00,18.57
8149,2025-12-06 13:00:00,15.32
8150,2025-12-06 14:00:00,16.6
8151,2025-12-06 15:00:00,19.46
8152,2025-12-06 16:00:00,30.35
8153,2025-12-06 17:00:00,52.11
8154,2025-12-06 18:00:00,61.17
8155,2025-12-06 19:00:00,64.97
8156,2025-12-06 20:00:00,69.91
8157,2025-12-06 21:00:00,68.71
8158,2025-12-06 22:00:00,67.16
8159,2025-12-06 23:00:00,52.44
8160,2025-12-07 00:00:00,33.34
8161,2025-12-07 01:00:00,24.03
8162,2025-12-07 02:00:00,22.73
8163,2025-12-07 03:00:00,17.67
8164,2025-12-07 04:00:00,11.01
8165,2025-12-07 05:00:00,14.53
8166,2025-12-07 06:00:00,18.36
8167,2025-12-07 07:00:00,19.0
8168,2025-12-07 08:00:00,19.87
8169,2025-12-07 09:00:00,16.22
8170,2025-12-07 10:00:00,11.06
8171,2025-12-07 11:00:00,6.26
8172,2025-12-07 12:00:00,0.74
8173,2025-12-07 13:00:00,0.5
8174,2025-12-07 14:00:00,0.8
8175,2025-12-07 15:00:00,4.54
8176,2025-12-07 16:00:00,14.89
8177,2025-12-07 17:00:00,50.76
8178,2025-12-07 18:00:00,73.73
8179,2025-12-07 19:00:00,83.06
8180,2025-12-07 20:00:00,89.59
8181,2025-12-07 21:00:00,91.2
8182,2025-12-07 22:00:00,80.38
8183,2025-12-07 23:00:00,71.65
8184,2025-12-08 00:00:00,71.35
8185,2025-12-08 01:00:00,65.67
8186,2025-12-08 02:00:00,52.47
8187,2025-12-08 03:00:00,50.0
8188,2025-12-08 04:00:00,47.46
8189,2025-12-08 05:00:00,50.18
8190,2025-12-08 06:00:00,52.12
8191,2025-12-08 07:00:00,67.49
8192,2025-12-08 08:00:00,64.23
8193,2025-12-08 09:00:00,45.13
8194,2025-12-08 10:00:00,27.56
8195,2025-12-08 11:00:00,23.02
8196,2025-12-08 12:00:00,20.92
8197,2025-12-08 13:00:00,14.12
8198,2025-12-08 14:00:00,15.53
8199,2025-12-08 15:00:00,24.73
8200,2025-12-08 16:00:00,39.4
8201,2025-12-08 17:00:00,76.39
8202,2025-12-08 18:00:00,83.39
8203,2025-12-08 19:00:00,91.1
8204,2025-12-08 20:00:00,96.27
8205,2025-12-08 21:00:00,95.34
8206,2025-12-08 22:00:00,81.61
8207,2025-12-08 23:00:00,72.97
8208,2025-12-09 00:00:00,55.77
8209,2025-12-09 01:00:00,47.18
8210,2025-12-09 02:00:00,43.72
8211,2025-12-09 03:00:00,40.0
8212,2025-12-09 04:00:00,36.61
8213,2025-12-09 05:00:00,42.13
8214,2025-12-09 06:00:00,57.24
8215,2025-12-09 07:00:00,79.87
8216,2025-12-09 08:00:00,85.74
8217,2025-12-09 09:00:00,62.65
8218,2025-12-09 10:00:00,36.46
8219,2025-12-09 11:00:00,11.59
8220,2025-12-09 12:00:00,11.17
8221,2025-12-09 13:00:00,11.6
8222,2025-12-09 14:00:00,16.77
8223,2025-12-09 15:00:00,38.6
8224,2025-12-09 16:00:00,70.18
8225,2025-12-09 17:00:00,92.91
8226,2025-12-09 18:00:00,104.33
8227,2025-12-09 19:00:00,117.62
8228,2025-12-09 20:00:00,126.47
8229,2025-12-09 21:00:00,130.3
8230,2025-12-09 22:00:00,104.49
8231,2025-12-09 23:00:00,94.59
8232,2025-12-10 00:00:00,97.28
8233,2025-12-10 01:00:00,87.54
8234,2025-12-10 02:00:00,85.47
8235,2025-12-10 03:00:00,81.8
8236,2025-12-10 04:00:00,84.1
8237,2025-12-10 05:00:00,87.47
8238,2025-12-10 06:00:00,96.78
8239,2025-12-10 07:00:00,108.52
8240,2025-12-10 08:00:00,114.44
8241,2025-12-10 09:00:00,108.54
8242,2025-12-10 10:00:00,104.29
8243,2025-12-10 11:00:00,100.66
8244,2025-12-10 12:00:00,98.43
8245,2025-12-10 13:00:00,97.42
8246,2025-12-10 14:00:00,98.47
8247,2025-12-10 15:00:00,101.11
8248,2025-12-10 16:00:00,108.48
8249,2025-12-10 17:00:00,115.2
8250,2025-12-10 18:00:00,118.3
8251,2025-12-10 19:00:00,119.94
8252,2025-12-10 20:00:00,124.67
8253,2025-12-10 21:00:00,119.94
8254,2025-12-10 22:00:00,112.34
8255,2025-12-10 23:00:00,102.23
8256,2025-12-11 00:00:00,103.81
8257,2025-12-11 01:00:00,94.01
8258,2025-12-11 02:00:00,92.43
8259,2025-12-11 03:00:00,82.85
8260,2025-12-11 04:00:00,80.46
8261,2025-12-11 05:00:00,82.3
8262,2025-12-11 06:00:00,95.46
8263,2025-12-11 07:00:00,113.25
8264,2025-12-11 08:00:00,118.5
8265,2025-12-11 09:00:00,105.48
8266,2025-12-11 10:00:00,85.73
8267,2025-12-11 11:00:00,78.73
8268,2025-12-11 12:00:00,76.54
8269,2025-12-11 13:00:00,75.02
8270,2025-12-11 14:00:00,75.15
8271,2025-12-11 15:00:00,77.8
8272,2025-12-11 16:00:00,93.56
8273,2025-12-11 17:00:00,113.06
8274,2025-12-11 18:00:00,111.04
8275,2025-12-11 19:00:00,115.61
8276,2025-12-11 20:00:00,124.52
8277,2025-12-11 21:00:00,118.06
8278,2025-12-11 22:00:00,103.49
8279,2025-12-11 23:00:00,94.91
8280,2025-12-12 00:00:00,94.25
8281,2025-12-12 01:00:00,79.05
8282,2025-12-12 02:00:00,76.77
8283,2025-12-12 03:00:00,75.24
8284,2025-12-12 04:00:00,75.71
8285,2025-12-12 05:00:00,82.2
8286,2025-12-12 06:00:00,94.73
8287,2025-12-12 07:00:00,104.57
8288,2025-12-12 08:00:00,119.19
8289,2025-12-12 09:00:00,110.27
8290,2025-12-12 10:00:00,102.99
8291,2025-12-12 11:00:00,103.67
8292,2025-12-12 12:00:00,100.2
8293,2025-12-12 13:00:00,98.15
8294,2025-12-12 14:00:00,99.12
8295,2025-12-12 15:00:00,94.5
8296,2025-12-12 16:00:00,97.46
8297,2025-12-12 17:00:00,105.2
8298,2025-12-12 18:00:00,113.01
8299,2025-12-12 19:00:00,109.44
8300,2025-12-12 20:00:00,108.99
8301,2025-12-12 21:00:00,104.9
8302,2025-12-12 22:00:00,96.29
8303,2025-12-12 23:00:00,88.5
8304,2025-12-13 00:00:00,90.94
8305,2025-12-13 01:00:00,81.22
8306,2025-12-13 02:00:00,74.39
8307,2025-12-13 03:00:00,68.95
8308,2025-12-13 04:00:00,65.74
8309,2025-12-13 05:00:00,67.13
8310,2025-12-13 06:00:00,70.58
8311,2025-12-13 07:00:00,78.36
8312,2025-12-13 08:00:00,84.96
8313,2025-12-13 09:00:00,80.72
8314,2025-12-13 10:00:00,72.4
8315,2025-12-13 11:00:00,67.64
8316,2025-12-13 12:00:00,65.53
8317,2025-12-13 13:00:00,59.31
8318,2025-12-13 14:00:00,59.97
8319,2025-12-13 15:00:00,66.4
8320,2025-12-13 16:00:00,76.64
8321,2025-12-13 17:00:00,92.17
8322,2025-12-13 18:00:00,99.47
8323,2025-12-13 19:00:00,96.28
8324,2025-12-13 20:00:00,97.9
8325,2025-12-13 21:00:00,98.65
8326,2025-12-13 22:00:00,98.28
8327,2025-12-13 23:00:00,87.98
8328,2025-12-14 00:00:00,87.23
8329,2025-12-14 01:00:00,76.07
8330,2025-12-14 02:00:00,70.74
8331,2025-12-14 03:00:00,68.49
8332,2025-12-14 04:00:00,65.07
8333,2025-12-14 05:00:00,66.01
8334,2025-12-14 06:00:00,70.76
8335,2025-12-14 07:00:00,72.53
8336,2025-12-14 08:00:00,73.44
8337,2025-12-14 09:00:00,72.23
8338,2025-12-14 10:00:00,67.83
8339,2025-12-14 11:00:00,61.64
8340,2025-12-14 12:00:00,62.29
8341,2025-12-14 13:00:00,59.0
8342,2025-12-14 14:00:00,59.1
8343,2025-12-14 15:00:00,63.32
8344,2025-12-14 16:00:00,74.78
8345,2025-12-14 17:00:00,93.5
8346,2025-12-14 18:00:00,106.02
8347,2025-12-14 19:00:00,105.95
8348,2025-12-14 20:00:00,106.68
8349,2025-12-14 21:00:00,106.07
8350,2025-12-14 22:00:00,102.21
8351,2025-12-14 23:00:00,95.22
8352,2025-12-15 00:00:00,83.6
8353,2025-12-15 01:00:00,71.71
8354,2025-12-15 02:00:00,71.18
8355,2025-12-15 03:00:00,70.12
8356,2025-12-15 04:00:00,67.01
8357,2025-12-15 05:00:00,70.98
8358,2025-12-15 06:00:00,83.41
8359,2025-12-15 07:00:00,97.02
8360,2025-12-15 08:00:00,106.1
8361,2025-12-15 09:00:00,101.43
8362,2025-12-15 10:00:00,95.72
8363,2025-12-15 11:00:00,88.6
8364,2025-12-15 12:00:00,84.65
8365,2025-12-15 13:00:00,85.44
8366,2025-12-15 14:00:00,91.27
8367,2025-12-15 15:00:00,99.44
8368,2025-12-15 16:00:00,104.53
8369,2025-12-15 17:00:00,104.28
8370,2025-12-15 18:00:00,102.57
8371,2025-12-15 19:00:00,105.43
8372,2025-12-15 20:00:00,115.04
8373,2025-12-15 21:00:00,112.64
8374,2025-12-15 22:00:00,109.93
8375,2025-12-15 23:00:00,99.22
8376,2025-12-16 00:00:00,95.88
8377,2025-12-16 01:00:00,86.18
8378,2025-12-16 02:00:00,81.52
8379,2025-12-16 03:00:00,76.45
8380,2025-12-16 04:00:00,74.5
8381,2025-12-16 05:00:00,76.14
8382,2025-12-16 06:00:00,87.77
8383,2025-12-16 07:00:00,93.28
8384,2025-12-16 08:00:00,99.26
8385,2025-12-16 09:00:00,99.08
8386,2025-12-16 10:00:00,92.78
8387,2025-12-16 11:00:00,89.44
8388,2025-12-16 12:00:00,88.5
8389,2025-12-16 13:00:00,85.9
8390,2025-12-16 14:00:00,88.52
8391,2025-12-16 15:00:00,95.79
8392,2025-12-16 16:00:00,99.55
8393,2025-12-16 17:00:00,107.93
8394,2025-12-16 18:00:00,122.72
8395,2025-12-16 19:00:00,132.92
8396,2025-12-16 20:00:00,115.49
8397,2025-12-16 21:00:00,102.17
8398,2025-12-16 22:00:00,93.79
8399,2025-12-16 23:00:00,85.2
8400,2025-12-17 00:00:00,83.23
8401,2025-12-17 01:00:00,82.32
8402,2025-12-17 02:00:00,81.26
8403,2025-12-17 03:00:00,77.53
8404,2025-12-17 04:00:00,76.52
8405,2025-12-17 05:00:00,78.61
8406,2025-12-17 06:00:00,98.12
8407,2025-12-17 07:00:00,114.04
8408,2025-12-17 08:00:00,136.32
8409,2025-12-17 09:00:00,114.92
8410,2025-12-17 10:00:00,98.72
8411,2025-12-17 11:00:00,90.74
8412,2025-12-17 12:00:00,87.86
8413,2025-12-17 13:00:00,84.39
8414,2025-12-17 14:00:00,86.25
8415,2025-12-17 15:00:00,94.09
8416,2025-12-17 16:00:00,110.26
8417,2025-12-17 17:00:00,112.48
8418,2025-12-17 18:00:00,124.31
8419,2025-12-17 19:00:00,123.12
8420,2025-12-17 20:00:00,136.18
8421,2025-12-17 21:00:00,123.7
8422,2025-12-17 22:00:00,115.15
8423,2025-12-17 23:00:00,105.87
8424,2025-12-18 00:00:00,109.54
8425,2025-12-18 01:00:00,99.7
8426,2025-12-18 02:00:00,97.4
8427,2025-12-18 03:00:00,87.8
8428,2025-12-18 04:00:00,84.25
8429,2025-12-18 05:00:00,84.84
8430,2025-12-18 06:00:00,93.66
8431,2025-12-18 07:00:00,98.77
8432,2025-12-18 08:00:00,105.38
8433,2025-12-18 09:00:00,92.2
8434,2025-12-18 10:00:00,76.06
8435,2025-12-18 11:00:00,46.07
8436,2025-12-18 12:00:00,40.64
8437,2025-12-18 13:00:00,30.47
8438,2025-12-18 14:00:00,32.44
8439,2025-12-18 15:00:00,60.82
8440,2025-12-18 16:00:00,79.88
8441,2025-12-18 17:00:00,99.69
8442,2025-12-18 18:00:00,103.67
8443,2025-12-18 19:00:00,108.63
8444,2025-12-18 20:00:00,110.85
8445,2025-12-18 21:00:00,109.25
8446,2025-12-18 22:00:00,98.47
8447,2025-12-18 23:00:00,92.42
8448,2025-12-19 00:00:00,89.62
8449,2025-12-19 01:00:00,86.58
8450,2025-12-19 02:00:00,83.33
8451,2025-12-19 03:00:00,81.4
8452,2025-12-19 04:00:00,83.16
8453,2025-12-19 05:00:00,88.46
8454,2025-12-19 06:00:00,99.33
8455,2025-12-19 07:00:00,113.6
8456,2025-12-19 08:00:00,113.66
8457,2025-12-19 09:00:00,109.1
8458,2025-12-19 10:00:00,105.14
8459,2025-12-19 11:00:00,104.54
8460,2025-12-19 12:00:00,103.43
8461,2025-12-19 13:00:00,104.3
8462,2025-12-19 14:00:00,107.24
8463,2025-12-19 15:00:00,107.82
8464,2025-12-19 16:00:00,103.12
8465,2025-12-19 17:00:00,103.89
8466,2025-12-19 18:00:00,113.83
8467,2025-12-19 19:00:00,116.1
8468,2025-12-19 20:00:00,117.51
8469,2025-12-19 21:00:00,115.57
8470,2025-12-19 22:00:00,111.07
8471,2025-12-19 23:00:00,106.04
8472,2025-12-20 00:00:00,93.12
8473,2025-12-20 01:00:00,83.56
8474,2025-12-20 02:00:00,77.75
8475,2025-12-20 03:00:00,68.31
8476,2025-12-20 04:00:00,67.62
8477,2025-12-20 05:00:00,67.08
8478,2025-12-20 06:00:00,73.19
8479,2025-12-20 07:00:00,75.56
8480,2025-12-20 08:00:00,79.25
8481,2025-12-20 09:00:00,80.73
8482,2025-12-20 10:00:00,74.89
8483,2025-12-20 11:00:00,65.07
8484,2025-12-20 12:00:00,59.83
8485,2025-12-20 13:00:00,49.86
8486,2025-12-20 14:00:00,52.52
8487,2025-12-20 15:00:00,54.89
8488,2025-12-20 16:00:00,63.75
8489,2025-12-20 17:00:00,74.61
8490,2025-12-20 18:00:00,76.51
8491,2025-12-20 19:00:00,77.53
8492,2025-12-20 20:00:00,73.28
8493,2025-12-20 21:00:00,69.47
8494,2025-12-20 22:00:00,73.17
8495,2025-12-20 23:00:00,67.3
8496,2025-12-21 00:00:00,49.79
8497,2025-12-21 01:00:00,56.57
8498,2025-12-21 02:00:00,51.53
8499,2025-12-21 03:00:00,46.57
8500,2025-12-21 04:00:00,42.64
8501,2025-12-21 05:00:00,41.71
8502,2025-12-21 06:00:00,48.96
8503,2025-12-21 07:00:00,55.76
8504,2025-12-21 08:00:00,63.68
8505,2025-12-21 09:00:00,64.7
8506,2025-12-21 10:00:00,61.51
8507,2025-12-21 11:00:00,60.79
8508,2025-12-21 12:00:00,63.24
8509,2025-12-21 13:00:00,58.73
8510,2025-12-21 14:00:00,56.45
8511,2025-12-21 15:00:00,59.35
8512,2025-12-21 16:00:00,62.52
8513,2025-12-21 17:00:00,67.26
8514,2025-12-21 18:00:00,76.7
8515,2025-12-21 19:00:00,82.34
8516,2025-12-21 20:00:00,81.52
8517,2025-12-21 21:00:00,75.6
8518,2025-12-21 22:00:00,76.87
8519,2025-12-21 23:00:00,71.11
8520,2025-12-22 00:00:00,56.1
8521,2025-12-22 01:00:00,46.48
8522,2025-12-22 02:00:00,43.72
8523,2025-12-22 03:00:00,37.62
8524,2025-12-22 04:00:00,26.09
8525,2025-12-22 05:00:00,36.37
8526,2025-12-22 06:00:00,58.5
8527,2025-12-22 07:00:00,79.86
8528,2025-12-22 08:00:00,87.27
8529,2025-12-22 09:00:00,88.44
8530,2025-12-22 10:00:00,85.24
8531,2025-12-22 11:00:00,72.5
8532,2025-12-22 12:00:00,66.73
8533,2025-12-22 13:00:00,59.92
8534,2025-12-22 14:00:00,62.03
8535,2025-12-22 15:00:00,69.66
8536,2025-12-22 16:00:00,85.12
8537,2025-12-22 17:00:00,95.46
8538,2025-12-22 18:00:00,101.59
8539,2025-12-22 19:00:00,97.92
8540,2025-12-22 20:00:00,91.78
8541,2025-12-22 21:00:00,85.34
8542,2025-12-22 22:00:00,84.19
8543,2025-12-22 23:00:00,78.19
8544,2025-12-23 00:00:00,71.27
8545,2025-12-23 01:00:00,62.09
8546,2025-12-23 02:00:00,61.36
8547,2025-12-23 03:00:00,59.41
8548,2025-12-23 04:00:00,56.65
8549,2025-12-23 05:00:00,60.85
8550,2025-12-23 06:00:00,70.61
8551,2025-12-23 07:00:00,81.41
8552,2025-12-23 08:00:00,87.3
8553,2025-12-23 09:00:00,88.84
8554,2025-12-23 10:00:00,85.24
8555,2025-12-23 11:00:00,83.4
8556,2025-12-23 12:00:00,84.18
8557,2025-12-23 13:00:00,81.17
8558,2025-12-23 14:00:00,80.67
8559,2025-12-23 15:00:00,84.39
8560,2025-12-23 16:00:00,82.89
8561,2025-12-23 17:00:00,86.06
8562,2025-12-23 18:00:00,87.46
8563,2025-12-23 19:00:00,86.09
8564,2025-12-23 20:00:00,89.97
8565,2025-12-23 21:00:00,89.11
8566,2025-12-23 22:00:00,81.54
8567,2025-12-23 23:00:00,70.08
8568,2025-12-24 00:00:00,70.78
8569,2025-12-24 01:00:00,48.85
8570,2025-12-24 02:00:00,31.44
8571,2025-12-24 03:00:00,30.87
8572,2025-12-24 04:00:00,26.21
8573,2025-12-24 05:00:00,25.43
8574,2025-12-24 06:00:00,23.53
8575,2025-12-24 07:00:00,35.77
8576,2025-12-24 08:00:00,58.67
8577,2025-12-24 09:00:00,50.63
8578,2025-12-24 10:00:00,39.39
8579,2025-12-24 11:00:00,25.26
8580,2025-12-24 12:00:00,17.87
8581,2025-12-24 13:00:00,16.65
8582,2025-12-24 14:00:00,17.45
8583,2025-12-24 15:00:00,23.62
8584,2025-12-24 16:00:00,36.02
8585,2025-12-24 17:00:00,54.06
8586,2025-12-24 18:00:00,72.88
8587,2025-12-24 19:00:00,69.06
8588,2025-12-24 20:00:00,63.33
8589,2025-12-24 21:00:00,55.68
8590,2025-12-24 22:00:00,43.88
8591,2025-12-24 23:00:00,38.5
8592,2025-12-25 00:00:00,33.16
8593,2025-12-25 01:00:00,30.23
8594,2025-12-25 02:00:00,23.49
8595,2025-12-25 03:00:00,15.33
8596,2025-12-25 04:00:00,10.62
8597,2025-12-25 05:00:00,15.97
8598,2025-12-25 06:00:00,21.87
8599,2025-12-25 07:00:00,37.99
8600,2025-12-25 08:00:00,42.67
8601,2025-12-25 09:00:00,38.87
8602,2025-12-25 10:00:00,30.67
8603,2025-12-25 11:00:00,24.27
8604,2025-12-25 12:00:00,31.48
8605,2025-12-25 13:00:00,30.98
8606,2025-12-25 14:00:00,23.18
8607,2025-12-25 15:00:00,35.51
8608,2025-12-25 16:00:00,63.87
8609,2025-12-25 17:00:00,89.79
8610,2025-12-25 18:00:00,95.83
8611,2025-12-25 19:00:00,93.3
8612,2025-12-25 20:00:00,97.05
8613,2025-12-25 21:00:00,99.19
8614,2025-12-25 22:00:00,94.02
8615,2025-12-25 23:00:00,90.61
8616,2025-12-26 00:00:00,97.62
8617,2025-12-26 01:00:00,91.18
8618,2025-12-26 02:00:00,85.24
8619,2025-12-26 03:00:00,80.32
8620,2025-12-26 04:00:00,72.34
8621,2025-12-26 05:00:00,73.1
8622,2025-12-26 06:00:00,83.02
8623,2025-12-26 07:00:00,90.95
8624,2025-12-26 08:00:00,93.0
8625,2025-12-26 09:00:00,93.27
8626,2025-12-26 10:00:00,89.4
8627,2025-12-26 11:00:00,85.0
8628,2025-12-26 12:00:00,82.32
8629,2025-12-26 13:00:00,80.33
8630,2025-12-26 14:00:00,77.54
8631,2025-12-26 15:00:00,78.19
8632,2025-12-26 16:00:00,85.06
8633,2025-12-26 17:00:00,93.78
8634,2025-12-26 18:00:00,100.04
8635,2025-12-26 19:00:00,100.46
8636,2025-12-26 20:00:00,111.62
8637,2025-12-26 21:00:00,109.66
8638,2025-12-26 22:00:00,98.52
8639,2025-12-26 23:00:00,91.32
8640,2025-12-27 00:00:00,92.68
8641,2025-12-27 01:00:00,88.16
8642,2025-12-27 02:00:00,80.82
8643,2025-12-27 03:00:00,70.9
8644,2025-12-27 04:00:00,69.35
8645,2025-12-27 05:00:00,68.94
8646,2025-12-27 06:00:00,69.17
8647,2025-12-27 07:00:00,72.5
8648,2025-12-27 08:00:00,86.81
8649,2025-12-27 09:00:00,88.3
8650,2025-12-27 10:00:00,75.37
8651,2025-12-27 11:00:00,69.25
8652,2025-12-27 12:00:00,68.85
8653,2025-12-27 13:00:00,69.13
8654,2025-12-27 14:00:00,69.35
8655,2025-12-27 15:00:00,69.96
8656,2025-12-27 16:00:00,82.25
8657,2025-12-27 17:00:00,91.22
8658,2025-12-27 18:00:00,96.61
8659,2025-12-27 19:00:00,98.42
8660,2025-12-27 20:00:00,91.77
8661,2025-12-27 21:00:00,86.72
8662,2025-12-27 22:00:00,86.63
8663,2025-12-27 23:00:00,80.95
8664,2025-12-28 00:00:00,62.57
8665,2025-12-28 01:00:00,63.81
8666,2025-12-28 02:00:00,54.51
8667,2025-12-28 03:00:00,48.86
8668,2025-12-28 04:00:00,51.84
8669,2025-12-28 05:00:00,55.17
8670,2025-12-28 06:00:00,65.89
8671,2025-12-28 07:00:00,70.31
8672,2025-12-28 08:00:00,79.65
8673,2025-12-28 09:00:00,83.09
8674,2025-12-28 10:00:00,79.19
8675,2025-12-28 11:00:00,72.37
8676,2025-12-28 12:00:00,79.31
8677,2025-12-28 13:00:00,76.15
8678,2025-12-28 14:00:00,78.1
8679,2025-12-28 15:00:00,82.46
8680,2025-12-28 16:00:00,91.54
8681,2025-12-28 17:00:00,98.64
8682,2025-12-28 18:00:00,103.24
8683,2025-12-28 19:00:00,105.23
8684,2025-12-28 20:00:00,105.07
8685,2025-12-28 21:00:00,99.51
8686,2025-12-28 22:00:00,98.34
8687,2025-12-28 23:00:00,90.87
8688,2025-12-29 00:00:00,99.71
8689,2025-12-29 01:00:00,91.45
8690,2025-12-29 02:00:00,89.79
8691,2025-12-29 03:00:00,88.04
8692,2025-12-29 04:00:00,89.99
8693,2025-12-29 05:00:00,92.23
8694,2025-12-29 06:00:00,101.48
8695,2025-12-29 07:00:00,117.18
8696,2025-12-29 08:00:00,127.23
8697,2025-12-29 09:00:00,114.13
8698,2025-12-29 10:00:00,103.19
8699,2025-12-29 11:00:00,93.37
8700,2025-12-29 12:00:00,89.76
8701,2025-12-29 13:00:00,89.6
8702,2025-12-29 14:00:00,95.27
8703,2025-12-29 15:00:00,95.88
8704,2025-12-29 16:00:00,103.1
8705,2025-12-29 17:00:00,113.25
8706,2025-12-29 18:00:00,123.95
8707,2025-12-29 19:00:00,125.04
8708,2025-12-29 20:00:00,158.14
8709,2025-12-29 21:00:00,147.79
8710,2025-12-29 22:00:00,121.08
8711,2025-12-29 23:00:00,104.75
8712,2025-12-30 00:00:00,104.92
8713,2025-12-30 01:00:00,98.01
8714,2025-12-30 02:00:00,87.53
8715,2025-12-30 03:00:00,85.54
8716,2025-12-30 04:00:00,82.1
8717,2025-12-30 05:00:00,82.36
8718,2025-12-30 06:00:00,84.34
8719,2025-12-30 07:00:00,90.5
8720,2025-12-30 08:00:00,99.64
8721,2025-12-30 09:00:00,95.39
8722,2025-12-30 10:00:00,85.93
8723,2025-12-30 11:00:00,79.29
8724,2025-12-30 12:00:00,76.15
8725,2025-12-30 13:00:00,73.04
8726,2025-12-30 14:00:00,73.02
8727,2025-12-30 15:00:00,75.74
8728,2025-12-30 16:00:00,87.29
8729,2025-12-30 17:00:00,99.99
8730,2025-12-30 18:00:00,104.97
8731,2025-12-30 19:00:00,105.77
8732,2025-12-30 20:00:00,105.27
8733,2025-12-30 21:00:00,106.55
8734,2025-12-30 22:00:00,104.84
8735,2025-12-30 23:00:00,103.87
8736,2025-12-31 00:00:00,100.7
8737,2025-12-31 01:00:00,85.47
8738,2025-12-31 02:00:00,81.51
8739,2025-12-31 03:00:00,76.61
8740,2025-12-31 04:00:00,75.15
8741,2025-12-31 05:00:00,77.4
8742,2025-12-31 06:00:00,83.7
8743,2025-12-31 07:00:00,95.45
8744,2025-12-31 08:00:00,105.97
8745,2025-12-31 09:00:00,102.36
8746,2025-12-31 10:00:00,97.46
8747,2025-12-31 11:00:00,84.45
8748,2025-12-31 12:00:00,83.06
8749,2025-12-31 13:00:00,85.17
8750,2025-12-31 14:00:00,87.64
8751,2025-12-31 15:00:00,94.58
8752,2025-12-31 16:00:00,104.57
8753,2025-12-31 17:00:00,112.11
8754,2025-12-31 18:00:00,129.44
8755,2025-12-31 19:00:00,135.46
8756,2025-12-31 20:00:00,131.14
8757,2025-12-31 21:00:00,113.77
8758,2025-12-31 22:00:00,105.91
8759,2025-12-31 23:00:00,101.08
