index,power_MW
2025-01-01 00:00:00,0.0
2025-01-01 01:00:00,0.0
2025-01-01 02:00:00,0.0
2025-01-01 03:00:00,0.0
2025-01-01 04:00:00,0.0
2025-01-01 05:00:00,0.0
2025-01-01 06:00:00,0.0
2025-01-01 07:00:00,0.0
2025-01-01 08:00:00,0.07336616
2025-01-01 09:00:00,1.57389604
2025-01-01 10:00:00,2.24129176
2025-01-01 11:00:00,1.70321572
2025-01-01 12:00:00,2.04783432
2025-01-01 13:00:00,2.71919324
2025-01-01 14:00:00,1.2813122799999999
2025-01-01 15:00:00,1.3641544399999999
2025-01-01 16:00:00,0.9828454
2025-01-01 17:00:00,0.0
2025-01-01 18:00:00,0.0
2025-01-01 19:00:00,0.0
2025-01-01 20:00:00,0.0
2025-01-01 21:00:00,0.0
2025-01-01 22:00:00,0.0
2025-01-01 23:00:00,0.0
2025-01-02 00:00:00,0.0
2025-01-02 01:00:00,0.0
2025-01-02 02:00:00,0.0
2025-01-02 03:00:00,0.0
2025-01-02 04:00:00,0.0
2025-01-02 05:00:00,0.0
2025-01-02 06:00:00,0.0
2025-01-02 07:00:00,0.0
2025-01-02 08:00:00,0.42327728
2025-01-02 09:00:00,1.48472508
2025-01-02 10:00:00,2.1438394
2025-01-02 11:00:00,2.51456844
2025-01-02 12:00:00,2.6237284000000005
2025-01-02 13:00:00,2.54358868
2025-01-02 14:00:00,2.23063704
2025-01-02 15:00:00,1.7113287200000002
2025-01-02 16:00:00,0.9047866400000001
2025-01-02 17:00:00,0.0
2025-01-02 18:00:00,0.0
2025-01-02 19:00:00,0.0
2025-01-02 20:00:00,0.0
2025-01-02 21:00:00,0.0
2025-01-02 22:00:00,0.0
2025-01-02 23:00:00,0.0
2025-01-03 00:00:00,0.0
2025-01-03 01:00:00,0.0
2025-01-03 02:00:00,0.0
2025-01-03 03:00:00,0.0
2025-01-03 04:00:00,0.0
2025-01-03 05:00:00,0.0
2025-01-03 06:00:00,0.0
2025-01-03 07:00:00,0.0
2025-01-03 08:00:00,0.39231864
2025-01-03 09:00:00,1.4389166800000002
2025-01-03 10:00:00,2.1022465599999998
2025-01-03 11:00:00,2.47384488
2025-01-03 12:00:00,2.6315358399999997
2025-01-03 13:00:00,2.5648766
2025-01-03 14:00:00,2.2818644800000003
2025-01-03 15:00:00,1.7515791200000002
2025-01-03 16:00:00,0.94734336
2025-01-03 17:00:00,0.0
2025-01-03 18:00:00,0.0
2025-01-03 19:00:00,0.0
2025-01-03 20:00:00,0.0
2025-01-03 21:00:00,0.0
2025-01-03 22:00:00,0.0
2025-01-03 23:00:00,0.0
2025-01-04 00:00:00,0.0
2025-01-04 01:00:00,0.0
2025-01-04 02:00:00,0.0
2025-01-04 03:00:00,0.0
2025-01-04 04:00:00,0.0
2025-01-04 05:00:00,0.0
2025-01-04 06:00:00,0.0
2025-01-04 07:00:00,0.0
2025-01-04 08:00:00,0.38297396
2025-01-04 09:00:00,0.018890280000000002
2025-01-04 10:00:00,0.04775224000000001
2025-01-04 11:00:00,0.29992736000000003
2025-01-04 12:00:00,0.05947892
2025-01-04 13:00:00,1.19763544
2025-01-04 14:00:00,2.4921710800000003
2025-01-04 15:00:00,1.86726
2025-01-04 16:00:00,0.23483576000000003
2025-01-04 17:00:00,0.0
2025-01-04 18:00:00,0.0
2025-01-04 19:00:00,0.0
2025-01-04 20:00:00,0.0
2025-01-04 21:00:00,0.0
2025-01-04 22:00:00,0.0
2025-01-04 23:00:00,0.0
2025-01-05 00:00:00,0.0
2025-01-05 01:00:00,0.0
2025-01-05 02:00:00,0.0
2025-01-05 03:00:00,0.0
2025-01-05 04:00:00,0.0
2025-01-05 05:00:00,0.0
2025-01-05 06:00:00,0.0
2025-01-05 07:00:00,0.0
2025-01-05 08:00:00,0.44856480000000004
2025-01-05 09:00:00,1.5262610800000003
2025-01-05 10:00:00,2.22052028
2025-01-05 11:00:00,1.22202072
2025-01-05 12:00:00,2.7970087599999998
2025-01-05 13:00:00,2.7434975199999996
2025-01-05 14:00:00,0.90145864
2025-01-05 15:00:00,0.27369416
2025-01-05 16:00:00,1.01639868
2025-01-05 17:00:00,0.0
2025-01-05 18:00:00,0.0
2025-01-05 19:00:00,0.0
2025-01-05 20:00:00,0.0
2025-01-05 21:00:00,0.0
2025-01-05 22:00:00,0.0
2025-01-05 23:00:00,0.0
2025-01-06 00:00:00,0.0
2025-01-06 01:00:00,0.0
2025-01-06 02:00:00,0.0
2025-01-06 03:00:00,0.0
2025-01-06 04:00:00,0.0
2025-01-06 05:00:00,0.0
2025-01-06 06:00:00,0.0
2025-01-06 07:00:00,0.0
2025-01-06 08:00:00,0.49256072
2025-01-06 09:00:00,1.6116974400000001
2025-01-06 10:00:00,2.3153782
2025-01-06 11:00:00,2.73444984
2025-01-06 12:00:00,2.9086410799999998
2025-01-06 13:00:00,2.8227098800000006
2025-01-06 14:00:00,2.50551212
2025-01-06 15:00:00,1.94891984
2025-01-06 16:00:00,1.1007145600000001
2025-01-06 17:00:00,0.029725320000000003
2025-01-06 18:00:00,0.0
2025-01-06 19:00:00,0.0
2025-01-06 20:00:00,0.0
2025-01-06 21:00:00,0.0
2025-01-06 22:00:00,0.0
2025-01-06 23:00:00,0.0
2025-01-07 00:00:00,0.0
2025-01-07 01:00:00,0.0
2025-01-07 02:00:00,0.0
2025-01-07 03:00:00,0.0
2025-01-07 04:00:00,0.0
2025-01-07 05:00:00,0.0
2025-01-07 06:00:00,0.0
2025-01-07 07:00:00,0.0
2025-01-07 08:00:00,0.47820456
2025-01-07 09:00:00,0.36882936
2025-01-07 10:00:00,2.3403205600000003
2025-01-07 11:00:00,2.7863996
2025-01-07 12:00:00,2.9533264000000004
2025-01-07 13:00:00,2.86517648
2025-01-07 14:00:00,2.54008648
2025-01-07 15:00:00,1.9893409599999998
2025-01-07 16:00:00,1.1288562
2025-01-07 17:00:00,0.0295976
2025-01-07 18:00:00,0.0
2025-01-07 19:00:00,0.0
2025-01-07 20:00:00,0.0
2025-01-07 21:00:00,0.0
2025-01-07 22:00:00,0.0
2025-01-07 23:00:00,0.0
2025-01-08 00:00:00,0.0
2025-01-08 01:00:00,0.0
2025-01-08 02:00:00,0.0
2025-01-08 03:00:00,0.0
2025-01-08 04:00:00,0.0
2025-01-08 05:00:00,0.0
2025-01-08 06:00:00,0.0
2025-01-08 07:00:00,0.0
2025-01-08 08:00:00,0.5513183600000001
2025-01-08 09:00:00,1.72161676
2025-01-08 10:00:00,2.42239488
2025-01-08 11:00:00,2.84012484
2025-01-08 12:00:00,2.9925648799999998
2025-01-08 13:00:00,2.9097559600000005
2025-01-08 14:00:00,2.5935578400000003
2025-01-08 15:00:00,2.0331088
2025-01-08 16:00:00,1.1984656
2025-01-08 17:00:00,0.15482404
2025-01-08 18:00:00,0.0
2025-01-08 19:00:00,0.0
2025-01-08 20:00:00,0.0
2025-01-08 21:00:00,0.0
2025-01-08 22:00:00,0.0
2025-01-08 23:00:00,0.0
2025-01-09 00:00:00,0.0
2025-01-09 01:00:00,0.0
2025-01-09 02:00:00,0.0
2025-01-09 03:00:00,0.0
2025-01-09 04:00:00,0.0
2025-01-09 05:00:00,0.0
2025-01-09 06:00:00,0.0
2025-01-09 07:00:00,0.0
2025-01-09 08:00:00,0.53567432
2025-01-09 09:00:00,1.68193056
2025-01-09 10:00:00,2.3866704800000003
2025-01-09 11:00:00,2.82961836
2025-01-09 12:00:00,2.9538152399999995
2025-01-09 13:00:00,2.8705106800000006
2025-01-09 14:00:00,2.5509852
2025-01-09 15:00:00,2.00740688
2025-01-09 16:00:00,1.1442572800000002
2025-01-09 17:00:00,0.13494328
2025-01-09 18:00:00,0.0
2025-01-09 19:00:00,0.0
2025-01-09 20:00:00,0.0
2025-01-09 21:00:00,0.0
2025-01-09 22:00:00,0.0
2025-01-09 23:00:00,0.0
2025-01-10 00:00:00,0.0
2025-01-10 01:00:00,0.0
2025-01-10 02:00:00,0.0
2025-01-10 03:00:00,0.0
2025-01-10 04:00:00,0.0
2025-01-10 05:00:00,0.0
2025-01-10 06:00:00,0.0
2025-01-10 07:00:00,0.0
2025-01-10 08:00:00,0.49647604
2025-01-10 09:00:00,0.021988479999999998
2025-01-10 10:00:00,0.29134296
2025-01-10 11:00:00,0.50158056
2025-01-10 12:00:00,1.17441288
2025-01-10 13:00:00,2.80727004
2025-01-10 14:00:00,0.36193844
2025-01-10 15:00:00,0.38439132
2025-01-10 16:00:00,0.15950944
2025-01-10 17:00:00,0.13832964
2025-01-10 18:00:00,0.0
2025-01-10 19:00:00,0.0
2025-01-10 20:00:00,0.0
2025-01-10 21:00:00,0.0
2025-01-10 22:00:00,0.0
2025-01-10 23:00:00,0.0
2025-01-11 00:00:00,0.0
2025-01-11 01:00:00,0.0
2025-01-11 02:00:00,0.0
2025-01-11 03:00:00,0.0
2025-01-11 04:00:00,0.0
2025-01-11 05:00:00,0.0
2025-01-11 06:00:00,0.0
2025-01-11 07:00:00,0.0
2025-01-11 08:00:00,0.03234592
2025-01-11 09:00:00,0.30064228
2025-01-11 10:00:00,0.89140308
2025-01-11 11:00:00,1.49594964
2025-01-11 12:00:00,2.879312
2025-01-11 13:00:00,2.0769756
2025-01-11 14:00:00,2.5081716800000002
2025-01-11 15:00:00,1.9529390400000002
2025-01-11 16:00:00,1.13561436
2025-01-11 17:00:00,0.14555432000000001
2025-01-11 18:00:00,0.0
2025-01-11 19:00:00,0.0
2025-01-11 20:00:00,0.0
2025-01-11 21:00:00,0.0
2025-01-11 22:00:00,0.0
2025-01-11 23:00:00,0.0
2025-01-12 00:00:00,0.0
2025-01-12 01:00:00,0.0
2025-01-12 02:00:00,0.0
2025-01-12 03:00:00,0.0
2025-01-12 04:00:00,0.0
2025-01-12 05:00:00,0.0
2025-01-12 06:00:00,0.0
2025-01-12 07:00:00,0.0
2025-01-12 08:00:00,0.46054256000000005
2025-01-12 09:00:00,1.5386342400000002
2025-01-12 10:00:00,2.255796
2025-01-12 11:00:00,2.68314348
2025-01-12 12:00:00,2.87998024
2025-01-12 13:00:00,2.81353208
2025-01-12 14:00:00,2.5297126800000003
2025-01-12 15:00:00,1.9767816000000002
2025-01-12 16:00:00,1.14823724
2025-01-12 17:00:00,0.14640308000000002
2025-01-12 18:00:00,0.0
2025-01-12 19:00:00,0.0
2025-01-12 20:00:00,0.0
2025-01-12 21:00:00,0.0
2025-01-12 22:00:00,0.0
2025-01-12 23:00:00,0.0
2025-01-13 00:00:00,0.0
2025-01-13 01:00:00,0.0
2025-01-13 02:00:00,0.0
2025-01-13 03:00:00,0.0
2025-01-13 04:00:00,0.0
2025-01-13 05:00:00,0.0
2025-01-13 06:00:00,0.0
2025-01-13 07:00:00,0.0
2025-01-13 08:00:00,0.46726148
2025-01-13 09:00:00,1.59878844
2025-01-13 10:00:00,2.342423
2025-01-13 11:00:00,2.78554344
2025-01-13 12:00:00,2.97872196
2025-01-13 13:00:00,2.89541828
2025-01-13 14:00:00,2.58908964
2025-01-13 15:00:00,2.0145566
2025-01-13 16:00:00,1.16598208
2025-01-13 17:00:00,0.13810544
2025-01-13 18:00:00,0.0
2025-01-13 19:00:00,0.0
2025-01-13 20:00:00,0.0
2025-01-13 21:00:00,0.0
2025-01-13 22:00:00,0.0
2025-01-13 23:00:00,0.0
2025-01-14 00:00:00,0.0
2025-01-14 01:00:00,0.0
2025-01-14 02:00:00,0.0
2025-01-14 03:00:00,0.0
2025-01-14 04:00:00,0.0
2025-01-14 05:00:00,0.0
2025-01-14 06:00:00,0.0
2025-01-14 07:00:00,0.0
2025-01-14 08:00:00,0.452259
2025-01-14 09:00:00,1.5463224400000002
2025-01-14 10:00:00,2.2691304399999996
2025-01-14 11:00:00,2.72475372
2025-01-14 12:00:00,2.905055
2025-01-14 13:00:00,2.85092552
2025-01-14 14:00:00,2.54040284
2025-01-14 15:00:00,1.96592376
2025-01-14 16:00:00,1.15319316
2025-01-14 17:00:00,0.14160984000000001
2025-01-14 18:00:00,0.0
2025-01-14 19:00:00,0.0
2025-01-14 20:00:00,0.0
2025-01-14 21:00:00,0.0
2025-01-14 22:00:00,0.0
2025-01-14 23:00:00,0.0
2025-01-15 00:00:00,0.0
2025-01-15 01:00:00,0.0
2025-01-15 02:00:00,0.0
2025-01-15 03:00:00,0.0
2025-01-15 04:00:00,0.0
2025-01-15 05:00:00,0.0
2025-01-15 06:00:00,0.0
2025-01-15 07:00:00,0.0
2025-01-15 08:00:00,0.02406792
2025-01-15 09:00:00,1.48555748
2025-01-15 10:00:00,2.19570816
2025-01-15 11:00:00,2.64434548
2025-01-15 12:00:00,2.8317406800000002
2025-01-15 13:00:00,2.7593404400000003
2025-01-15 14:00:00,2.43411576
2025-01-15 15:00:00,1.91110032
2025-01-15 16:00:00,1.1214440399999999
2025-01-15 17:00:00,0.14075764
2025-01-15 18:00:00,0.0
2025-01-15 19:00:00,0.0
2025-01-15 20:00:00,0.0
2025-01-15 21:00:00,0.0
2025-01-15 22:00:00,0.0
2025-01-15 23:00:00,0.0
2025-01-16 00:00:00,0.0
2025-01-16 01:00:00,0.0
2025-01-16 02:00:00,0.0
2025-01-16 03:00:00,0.0
2025-01-16 04:00:00,0.0
2025-01-16 05:00:00,0.0
2025-01-16 06:00:00,0.0
2025-01-16 07:00:00,0.0
2025-01-16 08:00:00,0.33983016000000005
2025-01-16 09:00:00,1.3770781200000002
2025-01-16 10:00:00,2.11628372
2025-01-16 11:00:00,2.56819116
2025-01-16 12:00:00,2.7590397600000007
2025-01-16 13:00:00,2.70723952
2025-01-16 14:00:00,2.41323508
2025-01-16 15:00:00,1.87826824
2025-01-16 16:00:00,1.09168692
2025-01-16 17:00:00,0.12580952
2025-01-16 18:00:00,0.0
2025-01-16 19:00:00,0.0
2025-01-16 20:00:00,0.0
2025-01-16 21:00:00,0.0
2025-01-16 22:00:00,0.0
2025-01-16 23:00:00,0.0
2025-01-17 00:00:00,0.0
2025-01-17 01:00:00,0.0
2025-01-17 02:00:00,0.0
2025-01-17 03:00:00,0.0
2025-01-17 04:00:00,0.0
2025-01-17 05:00:00,0.0
2025-01-17 06:00:00,0.0
2025-01-17 07:00:00,0.0
2025-01-17 08:00:00,0.55695728
2025-01-17 09:00:00,1.6573689999999999
2025-01-17 10:00:00,2.34040332
2025-01-17 11:00:00,2.7467111999999996
2025-01-17 12:00:00,2.88807728
2025-01-17 13:00:00,2.8347174
2025-01-17 14:00:00,2.5611142800000004
2025-01-17 15:00:00,2.04688712
2025-01-17 16:00:00,1.23557348
2025-01-17 17:00:00,0.18585852
2025-01-17 18:00:00,0.0
2025-01-17 19:00:00,0.0
2025-01-17 20:00:00,0.0
2025-01-17 21:00:00,0.0
2025-01-17 22:00:00,0.0
2025-01-17 23:00:00,0.0
2025-01-18 00:00:00,0.0
2025-01-18 01:00:00,0.0
2025-01-18 02:00:00,0.0
2025-01-18 03:00:00,0.0
2025-01-18 04:00:00,0.0
2025-01-18 05:00:00,0.0
2025-01-18 06:00:00,0.0
2025-01-18 07:00:00,0.0
2025-01-18 08:00:00,0.11711360000000001
2025-01-18 09:00:00,1.03696068
2025-01-18 10:00:00,1.70786012
2025-01-18 11:00:00,2.07296148
2025-01-18 12:00:00,1.98312288
2025-01-18 13:00:00,1.6299714000000003
2025-01-18 14:00:00,1.55595848
2025-01-18 15:00:00,1.11658856
2025-01-18 16:00:00,0.43848956
2025-01-18 17:00:00,0.053195
2025-01-18 18:00:00,0.0
2025-01-18 19:00:00,0.0
2025-01-18 20:00:00,0.0
2025-01-18 21:00:00,0.0
2025-01-18 22:00:00,0.0
2025-01-18 23:00:00,0.0
2025-01-19 00:00:00,0.0
2025-01-19 01:00:00,0.0
2025-01-19 02:00:00,0.0
2025-01-19 03:00:00,0.0
2025-01-19 04:00:00,0.0
2025-01-19 05:00:00,0.0
2025-01-19 06:00:00,0.0
2025-01-19 07:00:00,0.0
2025-01-19 08:00:00,0.18530192
2025-01-19 09:00:00,1.0523017600000002
2025-01-19 10:00:00,1.9181256
2025-01-19 11:00:00,2.52870436
2025-01-19 12:00:00,2.7493559999999997
2025-01-19 13:00:00,2.6851372399999995
2025-01-19 14:00:00,2.37795392
2025-01-19 15:00:00,1.82278368
2025-01-19 16:00:00,1.01372472
2025-01-19 17:00:00,0.11268684000000001
2025-01-19 18:00:00,0.0
2025-01-19 19:00:00,0.0
2025-01-19 20:00:00,0.0
2025-01-19 21:00:00,0.0
2025-01-19 22:00:00,0.0
2025-01-19 23:00:00,0.0
2025-01-20 00:00:00,0.0
2025-01-20 01:00:00,0.0
2025-01-20 02:00:00,0.0
2025-01-20 03:00:00,0.0
2025-01-20 04:00:00,0.0
2025-01-20 05:00:00,0.0
2025-01-20 06:00:00,0.0
2025-01-20 07:00:00,0.0
2025-01-20 08:00:00,0.56972412
2025-01-20 09:00:00,1.6547070800000003
2025-01-20 10:00:00,2.35253764
2025-01-20 11:00:00,2.80463848
2025-01-20 12:00:00,2.9794388400000003
2025-01-20 13:00:00,2.92431848
2025-01-20 14:00:00,2.6310055599999997
2025-01-20 15:00:00,2.08753776
2025-01-20 16:00:00,1.27695096
2025-01-20 17:00:00,0.20536168000000005
2025-01-20 18:00:00,0.0
2025-01-20 19:00:00,0.0
2025-01-20 20:00:00,0.0
2025-01-20 21:00:00,0.0
2025-01-20 22:00:00,0.0
2025-01-20 23:00:00,0.0
2025-01-21 00:00:00,0.0
2025-01-21 01:00:00,0.0
2025-01-21 02:00:00,0.0
2025-01-21 03:00:00,0.0
2025-01-21 04:00:00,0.0
2025-01-21 05:00:00,0.0
2025-01-21 06:00:00,0.0
2025-01-21 07:00:00,0.0
2025-01-21 08:00:00,0.6149106400000001
2025-01-21 09:00:00,1.68036988
2025-01-21 10:00:00,2.36730264
2025-01-21 11:00:00,2.8016741600000006
2025-01-21 12:00:00,2.96647132
2025-01-21 13:00:00,2.91586548
2025-01-21 14:00:00,2.62254548
2025-01-21 15:00:00,2.0960148000000003
2025-01-21 16:00:00,1.3000660400000001
2025-01-21 17:00:00,0.21895556000000002
2025-01-21 18:00:00,0.0
2025-01-21 19:00:00,0.0
2025-01-21 20:00:00,0.0
2025-01-21 21:00:00,0.0
2025-01-21 22:00:00,0.0
2025-01-21 23:00:00,0.0
2025-01-22 00:00:00,0.0
2025-01-22 01:00:00,0.0
2025-01-22 02:00:00,0.0
2025-01-22 03:00:00,0.0
2025-01-22 04:00:00,0.0
2025-01-22 05:00:00,0.0
2025-01-22 06:00:00,0.0
2025-01-22 07:00:00,0.0
2025-01-22 08:00:00,0.08704504000000002
2025-01-22 09:00:00,0.49604388
2025-01-22 10:00:00,1.6991522000000001
2025-01-22 11:00:00,2.4978981200000003
2025-01-22 12:00:00,2.6060819200000003
2025-01-22 13:00:00,2.41196788
2025-01-22 14:00:00,2.0263454000000003
2025-01-22 15:00:00,1.4408092000000001
2025-01-22 16:00:00,0.77302568
2025-01-22 17:00:00,0.09240724
2025-01-22 18:00:00,0.0
2025-01-22 19:00:00,0.0
2025-01-22 20:00:00,0.0
2025-01-22 21:00:00,0.0
2025-01-22 22:00:00,0.0
2025-01-22 23:00:00,0.0
2025-01-23 00:00:00,0.0
2025-01-23 01:00:00,0.0
2025-01-23 02:00:00,0.0
2025-01-23 03:00:00,0.0
2025-01-23 04:00:00,0.0
2025-01-23 05:00:00,0.0
2025-01-23 06:00:00,0.0
2025-01-23 07:00:00,0.0
2025-01-23 08:00:00,0.07962152
2025-01-23 09:00:00,0.30217036
2025-01-23 10:00:00,0.56127664
2025-01-23 11:00:00,1.0233288
2025-01-23 12:00:00,1.4155208
2025-01-23 13:00:00,1.54540436
2025-01-23 14:00:00,1.3975961600000002
2025-01-23 15:00:00,1.05834372
2025-01-23 16:00:00,0.59437916
2025-01-23 17:00:00,0.10502768
2025-01-23 18:00:00,0.0
2025-01-23 19:00:00,0.0
2025-01-23 20:00:00,0.0
2025-01-23 21:00:00,0.0
2025-01-23 22:00:00,0.0
2025-01-23 23:00:00,0.0
2025-01-24 00:00:00,0.0
2025-01-24 01:00:00,0.0
2025-01-24 02:00:00,0.0
2025-01-24 03:00:00,0.0
2025-01-24 04:00:00,0.0
2025-01-24 05:00:00,0.0
2025-01-24 06:00:00,0.0
2025-01-24 07:00:00,0.0
2025-01-24 08:00:00,0.059037
2025-01-24 09:00:00,0.28659976
2025-01-24 10:00:00,0.54009788
2025-01-24 11:00:00,0.7049189200000001
2025-01-24 12:00:00,0.73369764
2025-01-24 13:00:00,0.72011464
2025-01-24 14:00:00,0.6427480799999999
2025-01-24 15:00:00,0.47392392
2025-01-24 16:00:00,0.25906264
2025-01-24 17:00:00,0.03867924
2025-01-24 18:00:00,0.0
2025-01-24 19:00:00,0.0
2025-01-24 20:00:00,0.0
2025-01-24 21:00:00,0.0
2025-01-24 22:00:00,0.0
2025-01-24 23:00:00,0.0
2025-01-25 00:00:00,0.0
2025-01-25 01:00:00,0.0
2025-01-25 02:00:00,0.0
2025-01-25 03:00:00,0.0
2025-01-25 04:00:00,0.0
2025-01-25 05:00:00,0.0
2025-01-25 06:00:00,0.0
2025-01-25 07:00:00,0.0
2025-01-25 08:00:00,0.02716108
2025-01-25 09:00:00,0.1313608
2025-01-25 10:00:00,2.07569468
2025-01-25 11:00:00,1.3523204800000002
2025-01-25 12:00:00,0.62546304
2025-01-25 13:00:00,0.30458831999999997
2025-01-25 14:00:00,0.257597
2025-01-25 15:00:00,0.17825132000000005
2025-01-25 16:00:00,0.11085075999999999
2025-01-25 17:00:00,0.02257548
2025-01-25 18:00:00,0.0
2025-01-25 19:00:00,0.0
2025-01-25 20:00:00,0.0
2025-01-25 21:00:00,0.0
2025-01-25 22:00:00,0.0
2025-01-25 23:00:00,0.0
2025-01-26 00:00:00,0.0
2025-01-26 01:00:00,0.0
2025-01-26 02:00:00,0.0
2025-01-26 03:00:00,0.0
2025-01-26 04:00:00,0.0
2025-01-26 05:00:00,0.0
2025-01-26 06:00:00,0.0
2025-01-26 07:00:00,0.0
2025-01-26 08:00:00,0.38545412
2025-01-26 09:00:00,0.15643652000000002
2025-01-26 10:00:00,0.24864632
2025-01-26 11:00:00,0.17441388
2025-01-26 12:00:00,0.13710652
2025-01-26 13:00:00,0.18313788000000003
2025-01-26 14:00:00,0.21511831999999997
2025-01-26 15:00:00,0.12359644000000002
2025-01-26 16:00:00,0.05392668
2025-01-26 17:00:00,0.014735239999999998
2025-01-26 18:00:00,0.0
2025-01-26 19:00:00,0.0
2025-01-26 20:00:00,0.0
2025-01-26 21:00:00,0.0
2025-01-26 22:00:00,0.0
2025-01-26 23:00:00,0.0
2025-01-27 00:00:00,0.0
2025-01-27 01:00:00,0.0
2025-01-27 02:00:00,0.0
2025-01-27 03:00:00,0.0
2025-01-27 04:00:00,0.0
2025-01-27 05:00:00,0.0
2025-01-27 06:00:00,0.0
2025-01-27 07:00:00,0.0
2025-01-27 08:00:00,0.28490648
2025-01-27 09:00:00,1.235273
2025-01-27 10:00:00,1.7956368799999998
2025-01-27 11:00:00,2.3473948800000004
2025-01-27 12:00:00,1.68779908
2025-01-27 13:00:00,0.60837948
2025-01-27 14:00:00,0.4646288
2025-01-27 15:00:00,0.38495556000000003
2025-01-27 16:00:00,0.16106836000000002
2025-01-27 17:00:00,0.022512559999999997
2025-01-27 18:00:00,0.0
2025-01-27 19:00:00,0.0
2025-01-27 20:00:00,0.0
2025-01-27 21:00:00,0.0
2025-01-27 22:00:00,0.0
2025-01-27 23:00:00,0.0
2025-01-28 00:00:00,0.0
2025-01-28 01:00:00,0.0
2025-01-28 02:00:00,0.0
2025-01-28 03:00:00,0.0
2025-01-28 04:00:00,0.0
2025-01-28 05:00:00,0.0
2025-01-28 06:00:00,0.0
2025-01-28 07:00:00,0.0
2025-01-28 08:00:00,0.48510539999999996
2025-01-28 09:00:00,1.50373116
2025-01-28 10:00:00,2.2407267199999996
2025-01-28 11:00:00,2.6994057199999997
2025-01-28 12:00:00,2.95025468
2025-01-28 13:00:00,2.89838656
2025-01-28 14:00:00,2.5939077200000002
2025-01-28 15:00:00,2.05755736
2025-01-28 16:00:00,0.96589968
2025-01-28 17:00:00,0.16286087999999999
2025-01-28 18:00:00,0.0
2025-01-28 19:00:00,0.0
2025-01-28 20:00:00,0.0
2025-01-28 21:00:00,0.0
2025-01-28 22:00:00,0.0
2025-01-28 23:00:00,0.0
2025-01-29 00:00:00,0.0
2025-01-29 01:00:00,0.0
2025-01-29 02:00:00,0.0
2025-01-29 03:00:00,0.0
2025-01-29 04:00:00,0.0
2025-01-29 05:00:00,0.0
2025-01-29 06:00:00,0.0
2025-01-29 07:00:00,0.0
2025-01-29 08:00:00,0.17787904
2025-01-29 09:00:00,0.6208044400000001
2025-01-29 10:00:00,1.25733756
2025-01-29 11:00:00,1.71734336
2025-01-29 12:00:00,2.09576288
2025-01-29 13:00:00,2.13158684
2025-01-29 14:00:00,1.8684306800000001
2025-01-29 15:00:00,1.45437396
2025-01-29 16:00:00,0.9311025599999999
2025-01-29 17:00:00,0.14064016000000001
2025-01-29 18:00:00,0.0
2025-01-29 19:00:00,0.0
2025-01-29 20:00:00,0.0
2025-01-29 21:00:00,0.0
2025-01-29 22:00:00,0.0
2025-01-29 23:00:00,0.0
2025-01-30 00:00:00,0.0
2025-01-30 01:00:00,0.0
2025-01-30 02:00:00,0.0
2025-01-30 03:00:00,0.0
2025-01-30 04:00:00,0.0
2025-01-30 05:00:00,0.0
2025-01-30 06:00:00,0.0
2025-01-30 07:00:00,0.0
2025-01-30 08:00:00,0.06249436
2025-01-30 09:00:00,0.17538512
2025-01-30 10:00:00,0.30527328
2025-01-30 11:00:00,0.55840772
2025-01-30 12:00:00,0.8494641199999999
2025-01-30 13:00:00,1.26300092
2025-01-30 14:00:00,1.60526152
2025-01-30 15:00:00,1.46474256
2025-01-30 16:00:00,0.95114248
2025-01-30 17:00:00,0.15573208000000002
2025-01-30 18:00:00,0.0
2025-01-30 19:00:00,0.0
2025-01-30 20:00:00,0.0
2025-01-30 21:00:00,0.0
2025-01-30 22:00:00,0.0
2025-01-30 23:00:00,0.0
2025-01-31 00:00:00,0.0
2025-01-31 01:00:00,0.0
2025-01-31 02:00:00,0.0
2025-01-31 03:00:00,0.0
2025-01-31 04:00:00,0.0
2025-01-31 05:00:00,0.0
2025-01-31 06:00:00,0.0
2025-01-31 07:00:00,0.0
2025-01-31 08:00:00,0.14376972
2025-01-31 09:00:00,1.0619204
2025-01-31 10:00:00,1.7724062
2025-01-31 11:00:00,2.2577682
2025-01-31 12:00:00,2.65534104
2025-01-31 13:00:00,2.5981127200000005
2025-01-31 14:00:00,2.3139598
2025-01-31 15:00:00,1.7372029999999998
2025-01-31 16:00:00,1.027821
2025-01-31 17:00:00,0.21050004
2025-01-31 18:00:00,0.0
2025-01-31 19:00:00,0.0
2025-01-31 20:00:00,0.0
2025-01-31 21:00:00,0.0
2025-01-31 22:00:00,0.0
2025-01-31 23:00:00,0.0
2025-02-01 00:00:00,0.0
2025-02-01 01:00:00,0.0
2025-02-01 02:00:00,0.0
2025-02-01 03:00:00,0.0
2025-02-01 04:00:00,0.0
2025-02-01 05:00:00,0.0
2025-02-01 06:00:00,0.0
2025-02-01 07:00:00,0.0
2025-02-01 08:00:00,0.03305848
2025-02-01 09:00:00,0.0879954
2025-02-01 10:00:00,0.10847203999999999
2025-02-01 11:00:00,0.10454568
2025-02-01 12:00:00,0.08314764000000001
2025-02-01 13:00:00,0.07725944
2025-02-01 14:00:00,0.0686282
2025-02-01 15:00:00,0.04824084
2025-02-01 16:00:00,0.02487228
2025-02-01 17:00:00,0.00601
2025-02-01 18:00:00,0.0
2025-02-01 19:00:00,0.0
2025-02-01 20:00:00,0.0
2025-02-01 21:00:00,0.0
2025-02-01 22:00:00,0.0
2025-02-01 23:00:00,0.0
2025-02-02 00:00:00,0.0
2025-02-02 01:00:00,0.0
2025-02-02 02:00:00,0.0
2025-02-02 03:00:00,0.0
2025-02-02 04:00:00,0.0
2025-02-02 05:00:00,0.0
2025-02-02 06:00:00,0.0
2025-02-02 07:00:00,0.0
2025-02-02 08:00:00,0.03635248
2025-02-02 09:00:00,0.14150476
2025-02-02 10:00:00,0.24687144
2025-02-02 11:00:00,0.32615432
2025-02-02 12:00:00,0.41801568000000006
2025-02-02 13:00:00,0.49089204000000003
2025-02-02 14:00:00,0.39159544
2025-02-02 15:00:00,0.22142424
2025-02-02 16:00:00,0.09725216000000002
2025-02-02 17:00:00,0.02500152
2025-02-02 18:00:00,0.0
2025-02-02 19:00:00,0.0
2025-02-02 20:00:00,0.0
2025-02-02 21:00:00,0.0
2025-02-02 22:00:00,0.0
2025-02-02 23:00:00,0.0
2025-02-03 00:00:00,0.0
2025-02-03 01:00:00,0.0
2025-02-03 02:00:00,0.0
2025-02-03 03:00:00,0.0
2025-02-03 04:00:00,0.0
2025-02-03 05:00:00,0.0
2025-02-03 06:00:00,0.0
2025-02-03 07:00:00,0.0
2025-02-03 08:00:00,0.21643464
2025-02-03 09:00:00,1.8450567999999998
2025-02-03 10:00:00,2.5646036
2025-02-03 11:00:00,3.0112591600000003
2025-02-03 12:00:00,3.20631368
2025-02-03 13:00:00,3.1522014
2025-02-03 14:00:00,2.8592548399999997
2025-02-03 15:00:00,2.31353144
2025-02-03 16:00:00,1.54263468
2025-02-03 17:00:00,0.46102311999999995
2025-02-03 18:00:00,0.0
2025-02-03 19:00:00,0.0
2025-02-03 20:00:00,0.0
2025-02-03 21:00:00,0.0
2025-02-03 22:00:00,0.0
2025-02-03 23:00:00,0.0
2025-02-04 00:00:00,0.0
2025-02-04 01:00:00,0.0
2025-02-04 02:00:00,0.0
2025-02-04 03:00:00,0.0
2025-02-04 04:00:00,0.0
2025-02-04 05:00:00,0.0
2025-02-04 06:00:00,0.0
2025-02-04 07:00:00,0.0
2025-02-04 08:00:00,0.7703177999999999
2025-02-04 09:00:00,1.8153454400000002
2025-02-04 10:00:00,2.49086692
2025-02-04 11:00:00,2.92489784
2025-02-04 12:00:00,3.11415512
2025-02-04 13:00:00,3.05012252
2025-02-04 14:00:00,2.7619148
2025-02-04 15:00:00,2.246825
2025-02-04 16:00:00,1.48687568
2025-02-04 17:00:00,0.21289372
2025-02-04 18:00:00,0.0
2025-02-04 19:00:00,0.0
2025-02-04 20:00:00,0.0
2025-02-04 21:00:00,0.0
2025-02-04 22:00:00,0.0
2025-02-04 23:00:00,0.0
2025-02-05 00:00:00,0.0
2025-02-05 01:00:00,0.0
2025-02-05 02:00:00,0.0
2025-02-05 03:00:00,0.0
2025-02-05 04:00:00,0.0
2025-02-05 05:00:00,0.0
2025-02-05 06:00:00,0.0
2025-02-05 07:00:00,0.0
2025-02-05 08:00:00,0.74413452
2025-02-05 09:00:00,1.7666254399999999
2025-02-05 10:00:00,2.43038116
2025-02-05 11:00:00,2.83732612
2025-02-05 12:00:00,2.9964855200000007
2025-02-05 13:00:00,2.93500248
2025-02-05 14:00:00,2.6660619199999998
2025-02-05 15:00:00,2.1954916399999997
2025-02-05 16:00:00,1.47314616
2025-02-05 17:00:00,0.482361
2025-02-05 18:00:00,0.0
2025-02-05 19:00:00,0.0
2025-02-05 20:00:00,0.0
2025-02-05 21:00:00,0.0
2025-02-05 22:00:00,0.0
2025-02-05 23:00:00,0.0
2025-02-06 00:00:00,0.0
2025-02-06 01:00:00,0.0
2025-02-06 02:00:00,0.0
2025-02-06 03:00:00,0.0
2025-02-06 04:00:00,0.0
2025-02-06 05:00:00,0.0
2025-02-06 06:00:00,0.0
2025-02-06 07:00:00,0.0
2025-02-06 08:00:00,0.1810282
2025-02-06 09:00:00,1.3183870800000002
2025-02-06 10:00:00,1.61281384
2025-02-06 11:00:00,2.7768287600000003
2025-02-06 12:00:00,2.9608450400000006
2025-02-06 13:00:00,2.95458956
2025-02-06 14:00:00,2.10367748
2025-02-06 15:00:00,1.61655544
2025-02-06 16:00:00,0.8962254799999999
2025-02-06 17:00:00,0.09079424000000001
2025-02-06 18:00:00,0.0
2025-02-06 19:00:00,0.0
2025-02-06 20:00:00,0.0
2025-02-06 21:00:00,0.0
2025-02-06 22:00:00,0.0
2025-02-06 23:00:00,0.0
2025-02-07 00:00:00,0.0
2025-02-07 01:00:00,0.0
2025-02-07 02:00:00,0.0
2025-02-07 03:00:00,0.0
2025-02-07 04:00:00,0.0
2025-02-07 05:00:00,0.0
2025-02-07 06:00:00,0.0
2025-02-07 07:00:00,0.0
2025-02-07 08:00:00,0.72203788
2025-02-07 09:00:00,1.7987011600000002
2025-02-07 10:00:00,2.54027528
2025-02-07 11:00:00,2.9739272800000003
2025-02-07 12:00:00,3.1641776000000004
2025-02-07 13:00:00,3.0882470400000006
2025-02-07 14:00:00,2.80522196
2025-02-07 15:00:00,2.29957968
2025-02-07 16:00:00,1.5327022
2025-02-07 17:00:00,0.52515024
2025-02-07 18:00:00,0.0
2025-02-07 19:00:00,0.0
2025-02-07 20:00:00,0.0
2025-02-07 21:00:00,0.0
2025-02-07 22:00:00,0.0
2025-02-07 23:00:00,0.0
2025-02-08 00:00:00,0.0
2025-02-08 01:00:00,0.0
2025-02-08 02:00:00,0.0
2025-02-08 03:00:00,0.0
2025-02-08 04:00:00,0.0
2025-02-08 05:00:00,0.0
2025-02-08 06:00:00,0.0
2025-02-08 07:00:00,0.0
2025-02-08 08:00:00,0.7663966000000001
2025-02-08 09:00:00,1.7800289200000001
2025-02-08 10:00:00,2.46755872
2025-02-08 11:00:00,2.88940308
2025-02-08 12:00:00,3.0736477200000003
2025-02-08 13:00:00,3.02937952
2025-02-08 14:00:00,2.7590619199999997
2025-02-08 15:00:00,2.27742984
2025-02-08 16:00:00,1.54671164
2025-02-08 17:00:00,0.55101628
2025-02-08 18:00:00,0.0
2025-02-08 19:00:00,0.0
2025-02-08 20:00:00,0.0
2025-02-08 21:00:00,0.0
2025-02-08 22:00:00,0.0
2025-02-08 23:00:00,0.0
2025-02-09 00:00:00,0.0
2025-02-09 01:00:00,0.0
2025-02-09 02:00:00,0.0
2025-02-09 03:00:00,0.0
2025-02-09 04:00:00,0.0
2025-02-09 05:00:00,0.0
2025-02-09 06:00:00,0.0
2025-02-09 07:00:00,0.0
2025-02-09 08:00:00,0.15404888000000003
2025-02-09 09:00:00,0.12837016
2025-02-09 10:00:00,0.49594459999999996
2025-02-09 11:00:00,1.14359508
2025-02-09 12:00:00,3.0130712
2025-02-09 13:00:00,3.02967152
2025-02-09 14:00:00,2.79901752
2025-02-09 15:00:00,2.30282396
2025-02-09 16:00:00,0.36127964
2025-02-09 17:00:00,0.009918719999999999
2025-02-09 18:00:00,0.0
2025-02-09 19:00:00,0.0
2025-02-09 20:00:00,0.0
2025-02-09 21:00:00,0.0
2025-02-09 22:00:00,0.0
2025-02-09 23:00:00,0.0
2025-02-10 00:00:00,0.0
2025-02-10 01:00:00,0.0
2025-02-10 02:00:00,0.0
2025-02-10 03:00:00,0.0
2025-02-10 04:00:00,0.0
2025-02-10 05:00:00,0.0
2025-02-10 06:00:00,0.0
2025-02-10 07:00:00,0.0
2025-02-10 08:00:00,0.80436204
2025-02-10 09:00:00,1.79271764
2025-02-10 10:00:00,1.6207202799999998
2025-02-10 11:00:00,2.6295936800000006
2025-02-10 12:00:00,1.5296129600000001
2025-02-10 13:00:00,3.0410620799999997
2025-02-10 14:00:00,0.28200688
2025-02-10 15:00:00,0.47974368000000006
2025-02-10 16:00:00,0.23084380000000004
2025-02-10 17:00:00,0.0370064
2025-02-10 18:00:00,0.0
2025-02-10 19:00:00,0.0
2025-02-10 20:00:00,0.0
2025-02-10 21:00:00,0.0
2025-02-10 22:00:00,0.0
2025-02-10 23:00:00,0.0
2025-02-11 00:00:00,0.0
2025-02-11 01:00:00,0.0
2025-02-11 02:00:00,0.0
2025-02-11 03:00:00,0.0
2025-02-11 04:00:00,0.0
2025-02-11 05:00:00,0.0
2025-02-11 06:00:00,0.0
2025-02-11 07:00:00,0.0
2025-02-11 08:00:00,0.8151817600000001
2025-02-11 09:00:00,1.8151046
2025-02-11 10:00:00,2.49506148
2025-02-11 11:00:00,2.93010192
2025-02-11 12:00:00,3.1180174800000002
2025-02-11 13:00:00,3.0842531600000003
2025-02-11 14:00:00,2.8204599999999997
2025-02-11 15:00:00,2.3181280799999997
2025-02-11 16:00:00,1.6013059200000002
2025-02-11 17:00:00,0.59418492
2025-02-11 18:00:00,0.0
2025-02-11 19:00:00,0.0
2025-02-11 20:00:00,0.0
2025-02-11 21:00:00,0.0
2025-02-11 22:00:00,0.0
2025-02-11 23:00:00,0.0
2025-02-12 00:00:00,0.0
2025-02-12 01:00:00,0.0
2025-02-12 02:00:00,0.0
2025-02-12 03:00:00,0.0
2025-02-12 04:00:00,0.0
2025-02-12 05:00:00,0.0
2025-02-12 06:00:00,0.0
2025-02-12 07:00:00,0.0
2025-02-12 08:00:00,0.851577
2025-02-12 09:00:00,1.854351
2025-02-12 10:00:00,2.52319884
2025-02-12 11:00:00,2.96598588
2025-02-12 12:00:00,3.1312468
2025-02-12 13:00:00,3.07894948
2025-02-12 14:00:00,2.8102074400000006
2025-02-12 15:00:00,2.2871173199999997
2025-02-12 16:00:00,1.5413658
2025-02-12 17:00:00,0.55671344
2025-02-12 18:00:00,0.0
2025-02-12 19:00:00,0.0
2025-02-12 20:00:00,0.0
2025-02-12 21:00:00,0.0
2025-02-12 22:00:00,0.0
2025-02-12 23:00:00,0.0
2025-02-13 00:00:00,0.0
2025-02-13 01:00:00,0.0
2025-02-13 02:00:00,0.0
2025-02-13 03:00:00,0.0
2025-02-13 04:00:00,0.0
2025-02-13 05:00:00,0.0
2025-02-13 06:00:00,0.0
2025-02-13 07:00:00,0.0
2025-02-13 08:00:00,0.8277817999999999
2025-02-13 09:00:00,1.8393678800000002
2025-02-13 10:00:00,2.5377962
2025-02-13 11:00:00,2.9972936
2025-02-13 12:00:00,3.19158148
2025-02-13 13:00:00,3.1449232400000007
2025-02-13 14:00:00,2.8592030800000003
2025-02-13 15:00:00,2.34641772
2025-02-13 16:00:00,1.5855662000000001
2025-02-13 17:00:00,0.59141716
2025-02-13 18:00:00,0.0
2025-02-13 19:00:00,0.0
2025-02-13 20:00:00,0.0
2025-02-13 21:00:00,0.0
2025-02-13 22:00:00,0.0
2025-02-13 23:00:00,0.0
2025-02-14 00:00:00,0.0
2025-02-14 01:00:00,0.0
2025-02-14 02:00:00,0.0
2025-02-14 03:00:00,0.0
2025-02-14 04:00:00,0.0
2025-02-14 05:00:00,0.0
2025-02-14 06:00:00,0.0
2025-02-14 07:00:00,0.0
2025-02-14 08:00:00,0.8361067999999999
2025-02-14 09:00:00,1.8460344800000001
2025-02-14 10:00:00,2.5776946400000003
2025-02-14 11:00:00,3.0215496
2025-02-14 12:00:00,3.2299909600000003
2025-02-14 13:00:00,3.1710344799999994
2025-02-14 14:00:00,2.8997646
2025-02-14 15:00:00,2.3751657600000002
2025-02-14 16:00:00,1.6039182399999998
2025-02-14 17:00:00,0.57904204
2025-02-14 18:00:00,0.0
2025-02-14 19:00:00,0.0
2025-02-14 20:00:00,0.0
2025-02-14 21:00:00,0.0
2025-02-14 22:00:00,0.0
2025-02-14 23:00:00,0.0
2025-02-15 00:00:00,0.0
2025-02-15 01:00:00,0.0
2025-02-15 02:00:00,0.0
2025-02-15 03:00:00,0.0
2025-02-15 04:00:00,0.0
2025-02-15 05:00:00,0.0
2025-02-15 06:00:00,0.0
2025-02-15 07:00:00,0.0
2025-02-15 08:00:00,0.019120440000000002
2025-02-15 09:00:00,1.04805904
2025-02-15 10:00:00,1.68334364
2025-02-15 11:00:00,1.9691884400000002
2025-02-15 12:00:00,2.37933668
2025-02-15 13:00:00,3.05428752
2025-02-15 14:00:00,2.19954048
2025-02-15 15:00:00,1.64270804
2025-02-15 16:00:00,0.97661168
2025-02-15 17:00:00,0.16421191999999998
2025-02-15 18:00:00,0.0
2025-02-15 19:00:00,0.0
2025-02-15 20:00:00,0.0
2025-02-15 21:00:00,0.0
2025-02-15 22:00:00,0.0
2025-02-15 23:00:00,0.0
2025-02-16 00:00:00,0.0
2025-02-16 01:00:00,0.0
2025-02-16 02:00:00,0.0
2025-02-16 03:00:00,0.0
2025-02-16 04:00:00,0.0
2025-02-16 05:00:00,0.0
2025-02-16 06:00:00,0.0
2025-02-16 07:00:00,0.0
2025-02-16 08:00:00,0.07538132
2025-02-16 09:00:00,1.7415913200000004
2025-02-16 10:00:00,1.8844744
2025-02-16 11:00:00,2.94699656
2025-02-16 12:00:00,3.1825286399999997
2025-02-16 13:00:00,3.12873968
2025-02-16 14:00:00,2.83247156
2025-02-16 15:00:00,1.72583152
2025-02-16 16:00:00,0.9594777999999999
2025-02-16 17:00:00,0.5626504400000001
2025-02-16 18:00:00,0.0
2025-02-16 19:00:00,0.0
2025-02-16 20:00:00,0.0
2025-02-16 21:00:00,0.0
2025-02-16 22:00:00,0.0
2025-02-16 23:00:00,0.0
2025-02-17 00:00:00,0.0
2025-02-17 01:00:00,0.0
2025-02-17 02:00:00,0.0
2025-02-17 03:00:00,0.0
2025-02-17 04:00:00,0.0
2025-02-17 05:00:00,0.0
2025-02-17 06:00:00,0.0
2025-02-17 07:00:00,0.0
2025-02-17 08:00:00,0.01342724
2025-02-17 09:00:00,0.17421028
2025-02-17 10:00:00,0.35730767999999996
2025-02-17 11:00:00,0.62142428
2025-02-17 12:00:00,0.57173096
2025-02-17 13:00:00,0.5927595999999999
2025-02-17 14:00:00,0.46924580000000005
2025-02-17 15:00:00,0.67725916
2025-02-17 16:00:00,0.42715596
2025-02-17 17:00:00,0.04078036
2025-02-17 18:00:00,0.0
2025-02-17 19:00:00,0.0
2025-02-17 20:00:00,0.0
2025-02-17 21:00:00,0.0
2025-02-17 22:00:00,0.0
2025-02-17 23:00:00,0.0
2025-02-18 00:00:00,0.0
2025-02-18 01:00:00,0.0
2025-02-18 02:00:00,0.0
2025-02-18 03:00:00,0.0
2025-02-18 04:00:00,0.0
2025-02-18 05:00:00,0.0
2025-02-18 06:00:00,0.0
2025-02-18 07:00:00,0.0
2025-02-18 08:00:00,0.010646560000000001
2025-02-18 09:00:00,0.01633484
2025-02-18 10:00:00,0.38445044
2025-02-18 11:00:00,0.7961323200000001
2025-02-18 12:00:00,1.13770876
2025-02-18 13:00:00,1.18507452
2025-02-18 14:00:00,0.76483048
2025-02-18 15:00:00,0.65538004
2025-02-18 16:00:00,0.44583604
2025-02-18 17:00:00,0.058680600000000006
2025-02-18 18:00:00,0.0
2025-02-18 19:00:00,0.0
2025-02-18 20:00:00,0.0
2025-02-18 21:00:00,0.0
2025-02-18 22:00:00,0.0
2025-02-18 23:00:00,0.0
2025-02-19 00:00:00,0.0
2025-02-19 01:00:00,0.0
2025-02-19 02:00:00,0.0
2025-02-19 03:00:00,0.0
2025-02-19 04:00:00,0.0
2025-02-19 05:00:00,0.0
2025-02-19 06:00:00,0.0
2025-02-19 07:00:00,0.0
2025-02-19 08:00:00,0.52367744
2025-02-19 09:00:00,1.4190837600000001
2025-02-19 10:00:00,2.09465652
2025-02-19 11:00:00,2.54969244
2025-02-19 12:00:00,1.10068204
2025-02-19 13:00:00,0.55066532
2025-02-19 14:00:00,1.4729503200000003
2025-02-19 15:00:00,2.1081628400000003
2025-02-19 16:00:00,1.39642548
2025-02-19 17:00:00,0.52419872
2025-02-19 18:00:00,0.0
2025-02-19 19:00:00,0.0
2025-02-19 20:00:00,0.0
2025-02-19 21:00:00,0.0
2025-02-19 22:00:00,0.0
2025-02-19 23:00:00,0.0
2025-02-20 00:00:00,0.0
2025-02-20 01:00:00,0.0
2025-02-20 02:00:00,0.0
2025-02-20 03:00:00,0.0
2025-02-20 04:00:00,0.0
2025-02-20 05:00:00,0.0
2025-02-20 06:00:00,0.0
2025-02-20 07:00:00,0.0
2025-02-20 08:00:00,0.6439453199999999
2025-02-20 09:00:00,0.52279324
2025-02-20 10:00:00,1.26617524
2025-02-20 11:00:00,1.6951996400000002
2025-02-20 12:00:00,1.30959772
2025-02-20 13:00:00,2.9693242
2025-02-20 14:00:00,2.6948321999999996
2025-02-20 15:00:00,2.10208672
2025-02-20 16:00:00,1.38684964
2025-02-20 17:00:00,0.5213972
2025-02-20 18:00:00,0.0
2025-02-20 19:00:00,0.0
2025-02-20 20:00:00,0.0
2025-02-20 21:00:00,0.0
2025-02-20 22:00:00,0.0
2025-02-20 23:00:00,0.0
2025-02-21 00:00:00,0.0
2025-02-21 01:00:00,0.0
2025-02-21 02:00:00,0.0
2025-02-21 03:00:00,0.0
2025-02-21 04:00:00,0.0
2025-02-21 05:00:00,0.0
2025-02-21 06:00:00,0.0
2025-02-21 07:00:00,0.0
2025-02-21 08:00:00,0.11554236000000001
2025-02-21 09:00:00,0.7871587200000001
2025-02-21 10:00:00,1.6425039600000002
2025-02-21 11:00:00,1.7342665200000003
2025-02-21 12:00:00,3.01713836
2025-02-21 13:00:00,2.992459
2025-02-21 14:00:00,2.72506532
2025-02-21 15:00:00,1.462916
2025-02-21 16:00:00,1.48829916
2025-02-21 17:00:00,0.1984378
2025-02-21 18:00:00,0.0
2025-02-21 19:00:00,0.0
2025-02-21 20:00:00,0.0
2025-02-21 21:00:00,0.0
2025-02-21 22:00:00,0.0
2025-02-21 23:00:00,0.0
2025-02-22 00:00:00,0.0
2025-02-22 01:00:00,0.0
2025-02-22 02:00:00,0.0
2025-02-22 03:00:00,0.0
2025-02-22 04:00:00,0.0
2025-02-22 05:00:00,0.0
2025-02-22 06:00:00,0.0
2025-02-22 07:00:00,0.0
2025-02-22 08:00:00,0.29014976000000003
2025-02-22 09:00:00,1.3042917200000002
2025-02-22 10:00:00,2.5513746800000003
2025-02-22 11:00:00,2.4047774
2025-02-22 12:00:00,3.15088368
2025-02-22 13:00:00,3.0978069599999998
2025-02-22 14:00:00,2.79186856
2025-02-22 15:00:00,2.26274712
2025-02-22 16:00:00,1.03217748
2025-02-22 17:00:00,0.12767904000000002
2025-02-22 18:00:00,0.0
2025-02-22 19:00:00,0.0
2025-02-22 20:00:00,0.0
2025-02-22 21:00:00,0.0
2025-02-22 22:00:00,0.0
2025-02-22 23:00:00,0.0
2025-02-23 00:00:00,0.0
2025-02-23 01:00:00,0.0
2025-02-23 02:00:00,0.0
2025-02-23 03:00:00,0.0
2025-02-23 04:00:00,0.0
2025-02-23 05:00:00,0.0
2025-02-23 06:00:00,0.0
2025-02-23 07:00:00,0.0
2025-02-23 08:00:00,0.160395
2025-02-23 09:00:00,1.11324572
2025-02-23 10:00:00,1.5462550000000002
2025-02-23 11:00:00,2.0661501199999996
2025-02-23 12:00:00,2.62086272
2025-02-23 13:00:00,2.1617284800000003
2025-02-23 14:00:00,2.17344084
2025-02-23 15:00:00,1.48059064
2025-02-23 16:00:00,0.9275564800000001
2025-02-23 17:00:00,0.45621728000000006
2025-02-23 18:00:00,0.0
2025-02-23 19:00:00,0.0
2025-02-23 20:00:00,0.0
2025-02-23 21:00:00,0.0
2025-02-23 22:00:00,0.0
2025-02-23 23:00:00,0.0
2025-02-24 00:00:00,0.0
2025-02-24 01:00:00,0.0
2025-02-24 02:00:00,0.0
2025-02-24 03:00:00,0.0
2025-02-24 04:00:00,0.0
2025-02-24 05:00:00,0.0
2025-02-24 06:00:00,0.0
2025-02-24 07:00:00,0.0
2025-02-24 08:00:00,0.9407382799999999
2025-02-24 09:00:00,1.93900516
2025-02-24 10:00:00,2.61248268
2025-02-24 11:00:00,3.0125787600000002
2025-02-24 12:00:00,3.19538392
2025-02-24 13:00:00,3.1573726
2025-02-24 14:00:00,2.9107579599999998
2025-02-24 15:00:00,2.41615064
2025-02-24 16:00:00,1.68068072
2025-02-24 17:00:00,0.69268824
2025-02-24 18:00:00,0.0
2025-02-24 19:00:00,0.0
2025-02-24 20:00:00,0.0
2025-02-24 21:00:00,0.0
2025-02-24 22:00:00,0.0
2025-02-24 23:00:00,0.0
2025-02-25 00:00:00,0.0
2025-02-25 01:00:00,0.0
2025-02-25 02:00:00,0.0
2025-02-25 03:00:00,0.0
2025-02-25 04:00:00,0.0
2025-02-25 05:00:00,0.0
2025-02-25 06:00:00,0.0
2025-02-25 07:00:00,0.0
2025-02-25 08:00:00,1.01029316
2025-02-25 09:00:00,2.00635612
2025-02-25 10:00:00,2.7266889199999995
2025-02-25 11:00:00,3.1707102399999996
2025-02-25 12:00:00,3.3654992
2025-02-25 13:00:00,3.31545464
2025-02-25 14:00:00,3.0156399200000004
2025-02-25 15:00:00,2.49680196
2025-02-25 16:00:00,1.75101336
2025-02-25 17:00:00,0.7418831600000001
2025-02-25 18:00:00,0.0
2025-02-25 19:00:00,0.0
2025-02-25 20:00:00,0.0
2025-02-25 21:00:00,0.0
2025-02-25 22:00:00,0.0
2025-02-25 23:00:00,0.0
2025-02-26 00:00:00,0.0
2025-02-26 01:00:00,0.0
2025-02-26 02:00:00,0.0
2025-02-26 03:00:00,0.0
2025-02-26 04:00:00,0.0
2025-02-26 05:00:00,0.0
2025-02-26 06:00:00,0.0
2025-02-26 07:00:00,0.0
2025-02-26 08:00:00,0.46433792
2025-02-26 09:00:00,1.42198
2025-02-26 10:00:00,2.1316167999999998
2025-02-26 11:00:00,2.8350615999999995
2025-02-26 12:00:00,2.43236708
2025-02-26 13:00:00,3.3131717599999995
2025-02-26 14:00:00,2.37822864
2025-02-26 15:00:00,1.4338137599999998
2025-02-26 16:00:00,0.69507092
2025-02-26 17:00:00,0.17210584
2025-02-26 18:00:00,0.0
2025-02-26 19:00:00,0.0
2025-02-26 20:00:00,0.0
2025-02-26 21:00:00,0.0
2025-02-26 22:00:00,0.0
2025-02-26 23:00:00,0.0
2025-02-27 00:00:00,0.0
2025-02-27 01:00:00,0.0
2025-02-27 02:00:00,0.0
2025-02-27 03:00:00,0.0
2025-02-27 04:00:00,0.0
2025-02-27 05:00:00,0.0
2025-02-27 06:00:00,0.0
2025-02-27 07:00:00,0.04207228
2025-02-27 08:00:00,0.22410011999999999
2025-02-27 09:00:00,0.8939328000000001
2025-02-27 10:00:00,1.55299632
2025-02-27 11:00:00,2.08958792
2025-02-27 12:00:00,2.14787188
2025-02-27 13:00:00,2.27041832
2025-02-27 14:00:00,1.81704772
2025-02-27 15:00:00,1.8086706000000001
2025-02-27 16:00:00,1.1427602000000001
2025-02-27 17:00:00,0.19916708
2025-02-27 18:00:00,0.0
2025-02-27 19:00:00,0.0
2025-02-27 20:00:00,0.0
2025-02-27 21:00:00,0.0
2025-02-27 22:00:00,0.0
2025-02-27 23:00:00,0.0
2025-02-28 00:00:00,0.0
2025-02-28 01:00:00,0.0
2025-02-28 02:00:00,0.0
2025-02-28 03:00:00,0.0
2025-02-28 04:00:00,0.0
2025-02-28 05:00:00,0.0
2025-02-28 06:00:00,0.0
2025-02-28 07:00:00,0.04747308
2025-02-28 08:00:00,0.99949152
2025-02-28 09:00:00,1.94235448
2025-02-28 10:00:00,2.60610656
2025-02-28 11:00:00,3.0078528000000007
2025-02-28 12:00:00,2.5498756
2025-02-28 13:00:00,2.48983856
2025-02-28 14:00:00,2.30588552
2025-02-28 15:00:00,1.7595274
2025-02-28 16:00:00,1.69212896
2025-02-28 17:00:00,0.32868699999999995
2025-02-28 18:00:00,0.0
2025-02-28 19:00:00,0.0
2025-02-28 20:00:00,0.0
2025-02-28 21:00:00,0.0
2025-02-28 22:00:00,0.0
2025-02-28 23:00:00,0.0
2025-03-01 00:00:00,0.0
2025-03-01 01:00:00,0.0
2025-03-01 02:00:00,0.0
2025-03-01 03:00:00,0.0
2025-03-01 04:00:00,0.0
2025-03-01 05:00:00,0.0
2025-03-01 06:00:00,0.0
2025-03-01 07:00:00,0.09389444
2025-03-01 08:00:00,1.0786499600000001
2025-03-01 09:00:00,1.998215
2025-03-01 10:00:00,2.6217886
2025-03-01 11:00:00,3.01705076
2025-03-01 12:00:00,3.18017176
2025-03-01 13:00:00,3.1132956000000003
2025-03-01 14:00:00,1.5287465199999999
2025-03-01 15:00:00,1.21163592
2025-03-01 16:00:00,1.7028495600000002
2025-03-01 17:00:00,0.75150724
2025-03-01 18:00:00,0.0
2025-03-01 19:00:00,0.0
2025-03-01 20:00:00,0.0
2025-03-01 21:00:00,0.0
2025-03-01 22:00:00,0.0
2025-03-01 23:00:00,0.0
2025-03-02 00:00:00,0.0
2025-03-02 01:00:00,0.0
2025-03-02 02:00:00,0.0
2025-03-02 03:00:00,0.0
2025-03-02 04:00:00,0.0
2025-03-02 05:00:00,0.0
2025-03-02 06:00:00,0.0
2025-03-02 07:00:00,0.11454244000000001
2025-03-02 08:00:00,1.1059911199999999
2025-03-02 09:00:00,2.02476688
2025-03-02 10:00:00,2.6410002
2025-03-02 11:00:00,2.99992236
2025-03-02 12:00:00,3.15668608
2025-03-02 13:00:00,3.137473
2025-03-02 14:00:00,2.8981394
2025-03-02 15:00:00,2.4379772
2025-03-02 16:00:00,1.7333577199999999
2025-03-02 17:00:00,0.7663028
2025-03-02 18:00:00,0.0
2025-03-02 19:00:00,0.0
2025-03-02 20:00:00,0.0
2025-03-02 21:00:00,0.0
2025-03-02 22:00:00,0.0
2025-03-02 23:00:00,0.0
2025-03-03 00:00:00,0.0
2025-03-03 01:00:00,0.0
2025-03-03 02:00:00,0.0
2025-03-03 03:00:00,0.0
2025-03-03 04:00:00,0.0
2025-03-03 05:00:00,0.0
2025-03-03 06:00:00,0.0
2025-03-03 07:00:00,0.01166872
2025-03-03 08:00:00,0.01922764
2025-03-03 09:00:00,0.36123224
2025-03-03 10:00:00,0.6242590800000001
2025-03-03 11:00:00,2.26818456
2025-03-03 12:00:00,2.08186856
2025-03-03 13:00:00,3.34968752
2025-03-03 14:00:00,1.89468364
2025-03-03 15:00:00,0.94058256
2025-03-03 16:00:00,0.55463284
2025-03-03 17:00:00,0.72210572
2025-03-03 18:00:00,0.0
2025-03-03 19:00:00,0.0
2025-03-03 20:00:00,0.0
2025-03-03 21:00:00,0.0
2025-03-03 22:00:00,0.0
2025-03-03 23:00:00,0.0
2025-03-04 00:00:00,0.0
2025-03-04 01:00:00,0.0
2025-03-04 02:00:00,0.0
2025-03-04 03:00:00,0.0
2025-03-04 04:00:00,0.0
2025-03-04 05:00:00,0.0
2025-03-04 06:00:00,0.0
2025-03-04 07:00:00,0.01698608
2025-03-04 08:00:00,0.04536188
2025-03-04 09:00:00,0.12928064
2025-03-04 10:00:00,0.35932791999999997
2025-03-04 11:00:00,1.5898976000000002
2025-03-04 12:00:00,1.8535776800000001
2025-03-04 13:00:00,2.12148804
2025-03-04 14:00:00,3.02747436
2025-03-04 15:00:00,2.52386908
2025-03-04 16:00:00,1.77566812
2025-03-04 17:00:00,0.7793022400000001
2025-03-04 18:00:00,0.0
2025-03-04 19:00:00,0.0
2025-03-04 20:00:00,0.0
2025-03-04 21:00:00,0.0
2025-03-04 22:00:00,0.0
2025-03-04 23:00:00,0.0
2025-03-05 00:00:00,0.0
2025-03-05 01:00:00,0.0
2025-03-05 02:00:00,0.0
2025-03-05 03:00:00,0.0
2025-03-05 04:00:00,0.0
2025-03-05 05:00:00,0.0
2025-03-05 06:00:00,0.0
2025-03-05 07:00:00,0.00707972
2025-03-05 08:00:00,0.01895144
2025-03-05 09:00:00,0.18066616000000002
2025-03-05 10:00:00,0.44812012
2025-03-05 11:00:00,0.6201475200000001
2025-03-05 12:00:00,1.5576444800000002
2025-03-05 13:00:00,0.45377767999999996
2025-03-05 14:00:00,0.7915103599999999
2025-03-05 15:00:00,1.3138053600000001
2025-03-05 16:00:00,1.7020645199999997
2025-03-05 17:00:00,0.74528636
2025-03-05 18:00:00,0.007337440000000001
2025-03-05 19:00:00,0.0
2025-03-05 20:00:00,0.0
2025-03-05 21:00:00,0.0
2025-03-05 22:00:00,0.0
2025-03-05 23:00:00,0.0
2025-03-06 00:00:00,0.0
2025-03-06 01:00:00,0.0
2025-03-06 02:00:00,0.0
2025-03-06 03:00:00,0.0
2025-03-06 04:00:00,0.0
2025-03-06 05:00:00,0.0
2025-03-06 06:00:00,0.0
2025-03-06 07:00:00,0.01502256
2025-03-06 08:00:00,0.31231096
2025-03-06 09:00:00,1.50227512
2025-03-06 10:00:00,2.1487654000000003
2025-03-06 11:00:00,3.1167948
2025-03-06 12:00:00,2.65346812
2025-03-06 13:00:00,2.46594984
2025-03-06 14:00:00,2.08601704
2025-03-06 15:00:00,1.8391123999999999
2025-03-06 16:00:00,1.6870823199999998
2025-03-06 17:00:00,0.74266072
2025-03-06 18:00:00,0.01119936
2025-03-06 19:00:00,0.0
2025-03-06 20:00:00,0.0
2025-03-06 21:00:00,0.0
2025-03-06 22:00:00,0.0
2025-03-06 23:00:00,0.0
2025-03-07 00:00:00,0.0
2025-03-07 01:00:00,0.0
2025-03-07 02:00:00,0.0
2025-03-07 03:00:00,0.0
2025-03-07 04:00:00,0.0
2025-03-07 05:00:00,0.0
2025-03-07 06:00:00,0.0
2025-03-07 07:00:00,0.03994716
2025-03-07 08:00:00,1.2199217999999998
2025-03-07 09:00:00,2.13591052
2025-03-07 10:00:00,2.7788000400000006
2025-03-07 11:00:00,3.1715813600000002
2025-03-07 12:00:00,3.3294491999999996
2025-03-07 13:00:00,3.2520469199999997
2025-03-07 14:00:00,2.963216
2025-03-07 15:00:00,2.46654452
2025-03-07 16:00:00,1.76993116
2025-03-07 17:00:00,0.79989192
2025-03-07 18:00:00,0.04383015999999999
2025-03-07 19:00:00,0.0
2025-03-07 20:00:00,0.0
2025-03-07 21:00:00,0.0
2025-03-07 22:00:00,0.0
2025-03-07 23:00:00,0.0
2025-03-08 00:00:00,0.0
2025-03-08 01:00:00,0.0
2025-03-08 02:00:00,0.0
2025-03-08 03:00:00,0.0
2025-03-08 04:00:00,0.0
2025-03-08 05:00:00,0.0
2025-03-08 06:00:00,0.0
2025-03-08 07:00:00,0.228646
2025-03-08 08:00:00,1.27321792
2025-03-08 09:00:00,2.17839436
2025-03-08 10:00:00,2.8150892800000005
2025-03-08 11:00:00,3.1966450400000004
2025-03-08 12:00:00,3.3583649600000003
2025-03-08 13:00:00,3.30270736
2025-03-08 14:00:00,3.0136609200000004
2025-03-08 15:00:00,2.49906988
2025-03-08 16:00:00,1.79215136
2025-03-08 17:00:00,0.81553152
2025-03-08 18:00:00,0.046313120000000006
2025-03-08 19:00:00,0.0
2025-03-08 20:00:00,0.0
2025-03-08 21:00:00,0.0
2025-03-08 22:00:00,0.0
2025-03-08 23:00:00,0.0
2025-03-09 00:00:00,0.0
2025-03-09 01:00:00,0.0
2025-03-09 02:00:00,0.0
2025-03-09 03:00:00,0.0
2025-03-09 04:00:00,0.0
2025-03-09 05:00:00,0.0
2025-03-09 06:00:00,0.0
2025-03-09 07:00:00,0.23808464000000001
2025-03-09 08:00:00,1.27808144
2025-03-09 09:00:00,2.19353932
2025-03-09 10:00:00,2.8582007199999997
2025-03-09 11:00:00,3.28377452
2025-03-09 12:00:00,3.4692226400000004
2025-03-09 13:00:00,3.4076196800000003
2025-03-09 14:00:00,3.1038407599999998
2025-03-09 15:00:00,2.56922436
2025-03-09 16:00:00,1.8331391200000002
2025-03-09 17:00:00,0.8351890799999999
2025-03-09 18:00:00,0.047092039999999995
2025-03-09 19:00:00,0.0
2025-03-09 20:00:00,0.0
2025-03-09 21:00:00,0.0
2025-03-09 22:00:00,0.0
2025-03-09 23:00:00,0.0
2025-03-10 00:00:00,0.0
2025-03-10 01:00:00,0.0
2025-03-10 02:00:00,0.0
2025-03-10 03:00:00,0.0
2025-03-10 04:00:00,0.0
2025-03-10 05:00:00,0.0
2025-03-10 06:00:00,0.0
2025-03-10 07:00:00,0.23837228
2025-03-10 08:00:00,1.23898468
2025-03-10 09:00:00,2.12974504
2025-03-10 10:00:00,2.73872948
2025-03-10 11:00:00,3.1217032000000002
2025-03-10 12:00:00,3.27929136
2025-03-10 13:00:00,3.20510788
2025-03-10 14:00:00,2.91072868
2025-03-10 15:00:00,2.4328326000000002
2025-03-10 16:00:00,1.7355587599999998
2025-03-10 17:00:00,0.79611424
2025-03-10 18:00:00,0.05020536
2025-03-10 19:00:00,0.0
2025-03-10 20:00:00,0.0
2025-03-10 21:00:00,0.0
2025-03-10 22:00:00,0.0
2025-03-10 23:00:00,0.0
2025-03-11 00:00:00,0.0
2025-03-11 01:00:00,0.0
2025-03-11 02:00:00,0.0
2025-03-11 03:00:00,0.0
2025-03-11 04:00:00,0.0
2025-03-11 05:00:00,0.0
2025-03-11 06:00:00,0.0
2025-03-11 07:00:00,0.21926459999999998
2025-03-11 08:00:00,1.17042912
2025-03-11 09:00:00,1.40410924
2025-03-11 10:00:00,2.62098168
2025-03-11 11:00:00,3.02378444
2025-03-11 12:00:00,3.18856092
2025-03-11 13:00:00,2.5627454800000002
2025-03-11 14:00:00,1.70741476
2025-03-11 15:00:00,1.6602462400000002
2025-03-11 16:00:00,1.6505131599999998
2025-03-11 17:00:00,0.7411674800000001
2025-03-11 18:00:00,0.05538904000000001
2025-03-11 19:00:00,0.0
2025-03-11 20:00:00,0.0
2025-03-11 21:00:00,0.0
2025-03-11 22:00:00,0.0
2025-03-11 23:00:00,0.0
2025-03-12 00:00:00,0.0
2025-03-12 01:00:00,0.0
2025-03-12 02:00:00,0.0
2025-03-12 03:00:00,0.0
2025-03-12 04:00:00,0.0
2025-03-12 05:00:00,0.0
2025-03-12 06:00:00,0.0
2025-03-12 07:00:00,0.08354252000000001
2025-03-12 08:00:00,0.7275698799999999
2025-03-12 09:00:00,2.21624348
2025-03-12 10:00:00,2.88203468
2025-03-12 11:00:00,3.3133103999999998
2025-03-12 12:00:00,3.49353016
2025-03-12 13:00:00,3.42970404
2025-03-12 14:00:00,3.11933084
2025-03-12 15:00:00,2.59437608
2025-03-12 16:00:00,1.85293032
2025-03-12 17:00:00,0.8529688
2025-03-12 18:00:00,0.057202
2025-03-12 19:00:00,0.0
2025-03-12 20:00:00,0.0
2025-03-12 21:00:00,0.0
2025-03-12 22:00:00,0.0
2025-03-12 23:00:00,0.0
2025-03-13 00:00:00,0.0
2025-03-13 01:00:00,0.0
2025-03-13 02:00:00,0.0
2025-03-13 03:00:00,0.0
2025-03-13 04:00:00,0.0
2025-03-13 05:00:00,0.0
2025-03-13 06:00:00,0.0
2025-03-13 07:00:00,0.295342
2025-03-13 08:00:00,1.3552500800000002
2025-03-13 09:00:00,2.27583008
2025-03-13 10:00:00,2.94696476
2025-03-13 11:00:00,3.37384724
2025-03-13 12:00:00,3.5306230800000002
2025-03-13 13:00:00,3.45371936
2025-03-13 14:00:00,3.1316110800000003
2025-03-13 15:00:00,1.6699662400000002
2025-03-13 16:00:00,1.82527692
2025-03-13 17:00:00,0.82949916
2025-03-13 18:00:00,0.05538076
2025-03-13 19:00:00,0.0
2025-03-13 20:00:00,0.0
2025-03-13 21:00:00,0.0
2025-03-13 22:00:00,0.0
2025-03-13 23:00:00,0.0
2025-03-14 00:00:00,0.0
2025-03-14 01:00:00,0.0
2025-03-14 02:00:00,0.0
2025-03-14 03:00:00,0.0
2025-03-14 04:00:00,0.0
2025-03-14 05:00:00,0.0
2025-03-14 06:00:00,0.0
2025-03-14 07:00:00,0.28823236
2025-03-14 08:00:00,0.47641632
2025-03-14 09:00:00,0.25401768
2025-03-14 10:00:00,2.2165850000000002
2025-03-14 11:00:00,2.27715624
2025-03-14 12:00:00,2.12139184
2025-03-14 13:00:00,1.09546364
2025-03-14 14:00:00,1.17975232
2025-03-14 15:00:00,2.5404893200000003
2025-03-14 16:00:00,1.8051691200000002
2025-03-14 17:00:00,0.8212908400000001
2025-03-14 18:00:00,0.058145119999999995
2025-03-14 19:00:00,0.0
2025-03-14 20:00:00,0.0
2025-03-14 21:00:00,0.0
2025-03-14 22:00:00,0.0
2025-03-14 23:00:00,0.0
2025-03-15 00:00:00,0.0
2025-03-15 01:00:00,0.0
2025-03-15 02:00:00,0.0
2025-03-15 03:00:00,0.0
2025-03-15 04:00:00,0.0
2025-03-15 05:00:00,0.0
2025-03-15 06:00:00,0.0
2025-03-15 07:00:00,0.02722336
2025-03-15 08:00:00,0.02206428
2025-03-15 09:00:00,0.8819145200000001
2025-03-15 10:00:00,1.8769278
2025-03-15 11:00:00,2.1249458
2025-03-15 12:00:00,2.37605016
2025-03-15 13:00:00,1.76737224
2025-03-15 14:00:00,1.78320864
2025-03-15 15:00:00,1.44848972
2025-03-15 16:00:00,0.23529268000000003
2025-03-15 17:00:00,0.027561
2025-03-15 18:00:00,0.02541792
2025-03-15 19:00:00,0.0
2025-03-15 20:00:00,0.0
2025-03-15 21:00:00,0.0
2025-03-15 22:00:00,0.0
2025-03-15 23:00:00,0.0
2025-03-16 00:00:00,0.0
2025-03-16 01:00:00,0.0
2025-03-16 02:00:00,0.0
2025-03-16 03:00:00,0.0
2025-03-16 04:00:00,0.0
2025-03-16 05:00:00,0.0
2025-03-16 06:00:00,0.0
2025-03-16 07:00:00,0.010492000000000001
2025-03-16 08:00:00,0.03695244
2025-03-16 09:00:00,0.28017532
2025-03-16 10:00:00,0.38925964
2025-03-16 11:00:00,0.26481848
2025-03-16 12:00:00,0.35102580000000005
2025-03-16 13:00:00,1.12986316
2025-03-16 14:00:00,0.30409128
2025-03-16 15:00:00,0.14285040000000002
2025-03-16 16:00:00,0.3018664
2025-03-16 17:00:00,0.010517319999999998
2025-03-16 18:00:00,0.013244240000000001
2025-03-16 19:00:00,0.0
2025-03-16 20:00:00,0.0
2025-03-16 21:00:00,0.0
2025-03-16 22:00:00,0.0
2025-03-16 23:00:00,0.0
2025-03-17 00:00:00,0.0
2025-03-17 01:00:00,0.0
2025-03-17 02:00:00,0.0
2025-03-17 03:00:00,0.0
2025-03-17 04:00:00,0.0
2025-03-17 05:00:00,0.0
2025-03-17 06:00:00,0.0
2025-03-17 07:00:00,0.01613464
2025-03-17 08:00:00,0.054799600000000004
2025-03-17 09:00:00,1.40477168
2025-03-17 10:00:00,2.03279416
2025-03-17 11:00:00,2.43458944
2025-03-17 12:00:00,2.3593258
2025-03-17 13:00:00,3.2161181599999997
2025-03-17 14:00:00,2.9022200400000004
2025-03-17 15:00:00,2.33473084
2025-03-17 16:00:00,1.5854235600000002
2025-03-17 17:00:00,0.7079761599999999
2025-03-17 18:00:00,0.0659188
2025-03-17 19:00:00,0.0
2025-03-17 20:00:00,0.0
2025-03-17 21:00:00,0.0
2025-03-17 22:00:00,0.0
2025-03-17 23:00:00,0.0
2025-03-18 00:00:00,0.0
2025-03-18 01:00:00,0.0
2025-03-18 02:00:00,0.0
2025-03-18 03:00:00,0.0
2025-03-18 04:00:00,0.0
2025-03-18 05:00:00,0.0
2025-03-18 06:00:00,0.0
2025-03-18 07:00:00,0.18470936000000002
2025-03-18 08:00:00,1.0448056
2025-03-18 09:00:00,1.90678896
2025-03-18 10:00:00,2.5938316
2025-03-18 11:00:00,3.0250696000000006
2025-03-18 12:00:00,3.23778772
2025-03-18 13:00:00,3.1669078
2025-03-18 14:00:00,2.8707401600000004
2025-03-18 15:00:00,2.3891293200000003
2025-03-18 16:00:00,1.68487852
2025-03-18 17:00:00,0.7781225599999999
2025-03-18 18:00:00,0.07108176000000001
2025-03-18 19:00:00,0.0
2025-03-18 20:00:00,0.0
2025-03-18 21:00:00,0.0
2025-03-18 22:00:00,0.0
2025-03-18 23:00:00,0.0
2025-03-19 00:00:00,0.0
2025-03-19 01:00:00,0.0
2025-03-19 02:00:00,0.0
2025-03-19 03:00:00,0.0
2025-03-19 04:00:00,0.0
2025-03-19 05:00:00,0.0
2025-03-19 06:00:00,0.0
2025-03-19 07:00:00,0.32072444
2025-03-19 08:00:00,1.3090360799999998
2025-03-19 09:00:00,2.15764072
2025-03-19 10:00:00,2.7652788799999994
2025-03-19 11:00:00,3.1388741600000003
2025-03-19 12:00:00,3.32008816
2025-03-19 13:00:00,3.2412395600000004
2025-03-19 14:00:00,2.9633492800000005
2025-03-19 15:00:00,2.473015
2025-03-19 16:00:00,1.7971734400000003
2025-03-19 17:00:00,0.8519166800000001
2025-03-19 18:00:00,0.06631756
2025-03-19 19:00:00,0.0
2025-03-19 20:00:00,0.0
2025-03-19 21:00:00,0.0
2025-03-19 22:00:00,0.0
2025-03-19 23:00:00,0.0
2025-03-20 00:00:00,0.0
2025-03-20 01:00:00,0.0
2025-03-20 02:00:00,0.0
2025-03-20 03:00:00,0.0
2025-03-20 04:00:00,0.0
2025-03-20 05:00:00,0.0
2025-03-20 06:00:00,0.0
2025-03-20 07:00:00,0.11443312
2025-03-20 08:00:00,0.57156392
2025-03-20 09:00:00,0.9617123200000001
2025-03-20 10:00:00,2.8858514399999997
2025-03-20 11:00:00,3.28660752
2025-03-20 12:00:00,2.35428604
2025-03-20 13:00:00,2.28137148
2025-03-20 14:00:00,3.07175544
2025-03-20 15:00:00,2.5489130400000004
2025-03-20 16:00:00,1.81768544
2025-03-20 17:00:00,0.8504358000000001
2025-03-20 18:00:00,0.07197584
2025-03-20 19:00:00,0.0
2025-03-20 20:00:00,0.0
2025-03-20 21:00:00,0.0
2025-03-20 22:00:00,0.0
2025-03-20 23:00:00,0.0
2025-03-21 00:00:00,0.0
2025-03-21 01:00:00,0.0
2025-03-21 02:00:00,0.0
2025-03-21 03:00:00,0.0
2025-03-21 04:00:00,0.0
2025-03-21 05:00:00,0.0
2025-03-21 06:00:00,0.0
2025-03-21 07:00:00,0.01604812
2025-03-21 08:00:00,0.09663292
2025-03-21 09:00:00,1.66842716
2025-03-21 10:00:00,0.6790225599999999
2025-03-21 11:00:00,1.91552984
2025-03-21 12:00:00,1.4563338000000001
2025-03-21 13:00:00,0.8541422
2025-03-21 14:00:00,0.63750364
2025-03-21 15:00:00,1.4596874400000002
2025-03-21 16:00:00,1.84009008
2025-03-21 17:00:00,0.8749716000000001
2025-03-21 18:00:00,0.07033952
2025-03-21 19:00:00,0.0
2025-03-21 20:00:00,0.0
2025-03-21 21:00:00,0.0
2025-03-21 22:00:00,0.0
2025-03-21 23:00:00,0.0
2025-03-22 00:00:00,0.0
2025-03-22 01:00:00,0.0
2025-03-22 02:00:00,0.0
2025-03-22 03:00:00,0.0
2025-03-22 04:00:00,0.0
2025-03-22 05:00:00,0.0
2025-03-22 06:00:00,0.0
2025-03-22 07:00:00,0.054147600000000004
2025-03-22 08:00:00,0.25283252
2025-03-22 09:00:00,0.9867511600000001
2025-03-22 10:00:00,0.62539824
2025-03-22 11:00:00,0.54155592
2025-03-22 12:00:00,1.71877184
2025-03-22 13:00:00,1.04995604
2025-03-22 14:00:00,0.93576672
2025-03-22 15:00:00,0.5905524400000001
2025-03-22 16:00:00,0.59184744
2025-03-22 17:00:00,0.054688320000000006
2025-03-22 18:00:00,0.04605228
2025-03-22 19:00:00,0.0
2025-03-22 20:00:00,0.0
2025-03-22 21:00:00,0.0
2025-03-22 22:00:00,0.0
2025-03-22 23:00:00,0.0
2025-03-23 00:00:00,0.0
2025-03-23 01:00:00,0.0
2025-03-23 02:00:00,0.0
2025-03-23 03:00:00,0.0
2025-03-23 04:00:00,0.0
2025-03-23 05:00:00,0.0
2025-03-23 06:00:00,0.0
2025-03-23 07:00:00,0.0339108
2025-03-23 08:00:00,0.013671520000000001
2025-03-23 09:00:00,1.6541507199999999
2025-03-23 10:00:00,2.954067
2025-03-23 11:00:00,3.35904904
2025-03-23 12:00:00,3.55440392
2025-03-23 13:00:00,1.99352432
2025-03-23 14:00:00,3.17089424
2025-03-23 15:00:00,2.6077174000000003
2025-03-23 16:00:00,1.48151308
2025-03-23 17:00:00,0.02818988
2025-03-23 18:00:00,0.033045120000000004
2025-03-23 19:00:00,0.0
2025-03-23 20:00:00,0.0
2025-03-23 21:00:00,0.0
2025-03-23 22:00:00,0.0
2025-03-23 23:00:00,0.0
2025-03-24 00:00:00,0.0
2025-03-24 01:00:00,0.0
2025-03-24 02:00:00,0.0
2025-03-24 03:00:00,0.0
2025-03-24 04:00:00,0.0
2025-03-24 05:00:00,0.0
2025-03-24 06:00:00,0.0
2025-03-24 07:00:00,0.0460832
2025-03-24 08:00:00,1.4097134400000002
2025-03-24 09:00:00,2.26022472
2025-03-24 10:00:00,2.86962288
2025-03-24 11:00:00,2.1429266800000004
2025-03-24 12:00:00,1.3909429199999999
2025-03-24 13:00:00,1.96808944
2025-03-24 14:00:00,1.7793505600000001
2025-03-24 15:00:00,1.03059128
2025-03-24 16:00:00,1.1033920000000002
2025-03-24 17:00:00,0.21797567999999998
2025-03-24 18:00:00,0.01108592
2025-03-24 19:00:00,0.0
2025-03-24 20:00:00,0.0
2025-03-24 21:00:00,0.0
2025-03-24 22:00:00,0.0
2025-03-24 23:00:00,0.0
2025-03-25 00:00:00,0.0
2025-03-25 01:00:00,0.0
2025-03-25 02:00:00,0.0
2025-03-25 03:00:00,0.0
2025-03-25 04:00:00,0.0
2025-03-25 05:00:00,0.0
2025-03-25 06:00:00,0.0
2025-03-25 07:00:00,0.05733668
2025-03-25 08:00:00,0.03967264
2025-03-25 09:00:00,1.64431164
2025-03-25 10:00:00,1.4058784400000002
2025-03-25 11:00:00,1.6319276000000003
2025-03-25 12:00:00,1.7463432399999999
2025-03-25 13:00:00,1.57410208
2025-03-25 14:00:00,3.1063478000000004
2025-03-25 15:00:00,2.57347708
2025-03-25 16:00:00,1.1601208
2025-03-25 17:00:00,0.33798084
2025-03-25 18:00:00,0.030800960000000002
2025-03-25 19:00:00,0.0
2025-03-25 20:00:00,0.0
2025-03-25 21:00:00,0.0
2025-03-25 22:00:00,0.0
2025-03-25 23:00:00,0.0
2025-03-26 00:00:00,0.0
2025-03-26 01:00:00,0.0
2025-03-26 02:00:00,0.0
2025-03-26 03:00:00,0.0
2025-03-26 04:00:00,0.0
2025-03-26 05:00:00,0.0
2025-03-26 06:00:00,0.0
2025-03-26 07:00:00,0.048165000000000006
2025-03-26 08:00:00,0.38351683999999997
2025-03-26 09:00:00,0.74358648
2025-03-26 10:00:00,0.52164568
2025-03-26 11:00:00,0.34515372000000005
2025-03-26 12:00:00,0.56982336
2025-03-26 13:00:00,0.58111812
2025-03-26 14:00:00,0.42157452
2025-03-26 15:00:00,0.2242844
2025-03-26 16:00:00,0.14261796000000002
2025-03-26 17:00:00,0.18207184
2025-03-26 18:00:00,0.01685056
2025-03-26 19:00:00,0.0
2025-03-26 20:00:00,0.0
2025-03-26 21:00:00,0.0
2025-03-26 22:00:00,0.0
2025-03-26 23:00:00,0.0
2025-03-27 00:00:00,0.0
2025-03-27 01:00:00,0.0
2025-03-27 02:00:00,0.0
2025-03-27 03:00:00,0.0
2025-03-27 04:00:00,0.0
2025-03-27 05:00:00,0.0
2025-03-27 06:00:00,0.0
2025-03-27 07:00:00,0.4202722
2025-03-27 08:00:00,0.5205168800000001
2025-03-27 09:00:00,0.9871478400000001
2025-03-27 10:00:00,1.9516705200000002
2025-03-27 11:00:00,1.64583976
2025-03-27 12:00:00,0.8939503999999999
2025-03-27 13:00:00,1.44896716
2025-03-27 14:00:00,0.95443436
2025-03-27 15:00:00,1.52799236
2025-03-27 16:00:00,1.17590976
2025-03-27 17:00:00,0.6015686800000001
2025-03-27 18:00:00,0.028481640000000003
2025-03-27 19:00:00,0.0
2025-03-27 20:00:00,0.0
2025-03-27 21:00:00,0.0
2025-03-27 22:00:00,0.0
2025-03-27 23:00:00,0.0
2025-03-28 00:00:00,0.0
2025-03-28 01:00:00,0.0
2025-03-28 02:00:00,0.0
2025-03-28 03:00:00,0.0
2025-03-28 04:00:00,0.0
2025-03-28 05:00:00,0.0
2025-03-28 06:00:00,0.0
2025-03-28 07:00:00,0.48399472000000004
2025-03-28 08:00:00,1.4734158
2025-03-28 09:00:00,2.26716592
2025-03-28 10:00:00,2.8498846
2025-03-28 11:00:00,3.1986490000000005
2025-03-28 12:00:00,1.5550502
2025-03-28 13:00:00,0.32576923999999996
2025-03-28 14:00:00,2.96354108
2025-03-28 15:00:00,2.4697826000000003
2025-03-28 16:00:00,0.9735424
2025-03-28 17:00:00,0.8678034800000001
2025-03-28 18:00:00,0.07941652
2025-03-28 19:00:00,0.0
2025-03-28 20:00:00,0.0
2025-03-28 21:00:00,0.0
2025-03-28 22:00:00,0.0
2025-03-28 23:00:00,0.0
2025-03-29 00:00:00,0.0
2025-03-29 01:00:00,0.0
2025-03-29 02:00:00,0.0
2025-03-29 03:00:00,0.0
2025-03-29 04:00:00,0.0
2025-03-29 05:00:00,0.0
2025-03-29 06:00:00,0.0
2025-03-29 07:00:00,0.50934568
2025-03-29 08:00:00,1.5201259200000001
2025-03-29 09:00:00,2.32600236
2025-03-29 10:00:00,2.9136688000000004
2025-03-29 11:00:00,3.27112152
2025-03-29 12:00:00,2.92234736
2025-03-29 13:00:00,3.3286073200000006
2025-03-29 14:00:00,3.03328544
2025-03-29 15:00:00,2.50859648
2025-03-29 16:00:00,1.7971546
2025-03-29 17:00:00,0.86522164
2025-03-29 18:00:00,0.08664976
2025-03-29 19:00:00,0.0
2025-03-29 20:00:00,0.0
2025-03-29 21:00:00,0.0
2025-03-29 22:00:00,0.0
2025-03-29 23:00:00,0.0
2025-03-30 00:00:00,0.0
2025-03-30 01:00:00,0.0
2025-03-30 02:00:00,0.0
2025-03-30 03:00:00,0.0
2025-03-30 04:00:00,0.0
2025-03-30 05:00:00,0.0
2025-03-30 06:00:00,0.0
2025-03-30 07:00:00,0.157713
2025-03-30 08:00:00,1.06811504
2025-03-30 09:00:00,1.78181644
2025-03-30 10:00:00,2.35937052
2025-03-30 11:00:00,2.5931141600000003
2025-03-30 12:00:00,3.3790704
2025-03-30 13:00:00,3.27357796
2025-03-30 14:00:00,2.47375488
2025-03-30 15:00:00,2.46565968
2025-03-30 16:00:00,1.7578788399999998
2025-03-30 17:00:00,0.60121912
2025-03-30 18:00:00,0.10401352000000001
2025-03-30 19:00:00,0.0
2025-03-30 20:00:00,0.0
2025-03-30 21:00:00,0.0
2025-03-30 22:00:00,0.0
2025-03-30 23:00:00,0.0
2025-03-31 00:00:00,0.0
2025-03-31 01:00:00,0.0
2025-03-31 02:00:00,0.0
2025-03-31 03:00:00,0.0
2025-03-31 04:00:00,0.0
2025-03-31 05:00:00,0.0
2025-03-31 06:00:00,0.0
2025-03-31 07:00:00,0.51871204
2025-03-31 08:00:00,1.4998959200000002
2025-03-31 09:00:00,2.28879968
2025-03-31 10:00:00,2.87278836
2025-03-31 11:00:00,3.2657278400000003
2025-03-31 12:00:00,3.4465992
2025-03-31 13:00:00,3.3942319199999997
2025-03-31 14:00:00,3.11352816
2025-03-31 15:00:00,2.57689752
2025-03-31 16:00:00,1.8668068
2025-03-31 17:00:00,0.90389616
2025-03-31 18:00:00,0.09412132
2025-03-31 19:00:00,0.0
2025-03-31 20:00:00,0.0
2025-03-31 21:00:00,0.0
2025-03-31 22:00:00,0.0
2025-03-31 23:00:00,0.0
2025-04-01 00:00:00,0.0
2025-04-01 01:00:00,0.0
2025-04-01 02:00:00,0.0
2025-04-01 03:00:00,0.0
2025-04-01 04:00:00,0.0
2025-04-01 05:00:00,0.0
2025-04-01 06:00:00,0.0
2025-04-01 07:00:00,0.5620436400000001
2025-04-01 08:00:00,1.57709688
2025-04-01 09:00:00,2.3493504400000003
2025-04-01 10:00:00,2.8836258399999997
2025-04-01 11:00:00,3.19603332
2025-04-01 12:00:00,3.29174908
2025-04-01 13:00:00,3.1963099200000005
2025-04-01 14:00:00,2.9200932
2025-04-01 15:00:00,2.44328536
2025-04-01 16:00:00,1.79290488
2025-04-01 17:00:00,0.87788192
2025-04-01 18:00:00,0.09468652000000001
2025-04-01 19:00:00,0.0
2025-04-01 20:00:00,0.0
2025-04-01 21:00:00,0.0
2025-04-01 22:00:00,0.0
2025-04-01 23:00:00,0.0
2025-04-02 00:00:00,0.0
2025-04-02 01:00:00,0.0
2025-04-02 02:00:00,0.0
2025-04-02 03:00:00,0.0
2025-04-02 04:00:00,0.0
2025-04-02 05:00:00,0.0
2025-04-02 06:00:00,0.0
2025-04-02 07:00:00,0.1086666
2025-04-02 08:00:00,1.53383604
2025-04-02 09:00:00,2.34036804
2025-04-02 10:00:00,2.9210937599999998
2025-04-02 11:00:00,3.29014652
2025-04-02 12:00:00,3.4285087599999997
2025-04-02 13:00:00,3.3321846799999997
2025-04-02 14:00:00,2.64864648
2025-04-02 15:00:00,1.9548740400000002
2025-04-02 16:00:00,1.59272976
2025-04-02 17:00:00,0.8734350399999999
2025-04-02 18:00:00,0.14549959999999998
2025-04-02 19:00:00,0.0
2025-04-02 20:00:00,0.0
2025-04-02 21:00:00,0.0
2025-04-02 22:00:00,0.0
2025-04-02 23:00:00,0.0
2025-04-03 00:00:00,0.0
2025-04-03 01:00:00,0.0
2025-04-03 02:00:00,0.0
2025-04-03 03:00:00,0.0
2025-04-03 04:00:00,0.0
2025-04-03 05:00:00,0.0
2025-04-03 06:00:00,0.0
2025-04-03 07:00:00,0.15308755999999998
2025-04-03 08:00:00,0.7943806800000001
2025-04-03 09:00:00,1.22399324
2025-04-03 10:00:00,2.5180975599999997
2025-04-03 11:00:00,2.59294292
2025-04-03 12:00:00,2.4031979999999997
2025-04-03 13:00:00,1.9885920800000003
2025-04-03 14:00:00,2.3483946400000004
2025-04-03 15:00:00,1.6847881599999999
2025-04-03 16:00:00,1.3745099200000002
2025-04-03 17:00:00,0.55705248
2025-04-03 18:00:00,0.08360476
2025-04-03 19:00:00,0.0
2025-04-03 20:00:00,0.0
2025-04-03 21:00:00,0.0
2025-04-03 22:00:00,0.0
2025-04-03 23:00:00,0.0
2025-04-04 00:00:00,0.0
2025-04-04 01:00:00,0.0
2025-04-04 02:00:00,0.0
2025-04-04 03:00:00,0.0
2025-04-04 04:00:00,0.0
2025-04-04 05:00:00,0.0
2025-04-04 06:00:00,0.0
2025-04-04 07:00:00,0.53496116
2025-04-04 08:00:00,0.9276122800000001
2025-04-04 09:00:00,2.16961008
2025-04-04 10:00:00,1.8400028400000001
2025-04-04 11:00:00,2.37149548
2025-04-04 12:00:00,1.53013508
2025-04-04 13:00:00,3.0576644400000004
2025-04-04 14:00:00,2.20917044
2025-04-04 15:00:00,2.06135928
2025-04-04 16:00:00,1.20149784
2025-04-04 17:00:00,0.22311540000000002
2025-04-04 18:00:00,0.15806132
2025-04-04 19:00:00,0.0
2025-04-04 20:00:00,0.0
2025-04-04 21:00:00,0.0
2025-04-04 22:00:00,0.0
2025-04-04 23:00:00,0.0
2025-04-05 00:00:00,0.0
2025-04-05 01:00:00,0.0
2025-04-05 02:00:00,0.0
2025-04-05 03:00:00,0.0
2025-04-05 04:00:00,0.0
2025-04-05 05:00:00,0.0
2025-04-05 06:00:00,0.0
2025-04-05 07:00:00,0.00777088
2025-04-05 08:00:00,0.07735152
2025-04-05 09:00:00,0.8969578800000001
2025-04-05 10:00:00,1.7004312400000001
2025-04-05 11:00:00,2.19470924
2025-04-05 12:00:00,2.6156561199999997
2025-04-05 13:00:00,0.8618292
2025-04-05 14:00:00,0.8255301200000001
2025-04-05 15:00:00,0.5037119999999999
2025-04-05 16:00:00,0.8062917600000001
2025-04-05 17:00:00,0.22611628
2025-04-05 18:00:00,0.04646476
2025-04-05 19:00:00,0.0
2025-04-05 20:00:00,0.0
2025-04-05 21:00:00,0.0
2025-04-05 22:00:00,0.0
2025-04-05 23:00:00,0.0
2025-04-06 00:00:00,0.0
2025-04-06 01:00:00,0.0
2025-04-06 02:00:00,0.0
2025-04-06 03:00:00,0.0
2025-04-06 04:00:00,0.0
2025-04-06 05:00:00,0.0
2025-04-06 06:00:00,0.0
2025-04-06 07:00:00,0.49402696000000007
2025-04-06 08:00:00,1.3653956
2025-04-06 09:00:00,1.00546056
2025-04-06 10:00:00,0.6410818400000001
2025-04-06 11:00:00,0.27313244000000003
2025-04-06 12:00:00,0.36311032
2025-04-06 13:00:00,0.56225404
2025-04-06 14:00:00,0.80881688
2025-04-06 15:00:00,2.34031956
2025-04-06 16:00:00,1.0300609600000001
2025-04-06 17:00:00,0.69302968
2025-04-06 18:00:00,0.03983004
2025-04-06 19:00:00,0.0
2025-04-06 20:00:00,0.0
2025-04-06 21:00:00,0.0
2025-04-06 22:00:00,0.0
2025-04-06 23:00:00,0.0
2025-04-07 00:00:00,0.0
2025-04-07 01:00:00,0.0
2025-04-07 02:00:00,0.0
2025-04-07 03:00:00,0.0
2025-04-07 04:00:00,0.0
2025-04-07 05:00:00,0.0
2025-04-07 06:00:00,0.0
2025-04-07 07:00:00,0.1314888
2025-04-07 08:00:00,0.63769528
2025-04-07 09:00:00,1.35948036
2025-04-07 10:00:00,1.9973019200000002
2025-04-07 11:00:00,2.7409394799999998
2025-04-07 12:00:00,2.8156805200000004
2025-04-07 13:00:00,2.7257800799999994
2025-04-07 14:00:00,2.5350866
2025-04-07 15:00:00,1.96717888
2025-04-07 16:00:00,0.65010796
2025-04-07 17:00:00,0.396274
2025-04-07 18:00:00,0.15962192
2025-04-07 19:00:00,0.0
2025-04-07 20:00:00,0.0
2025-04-07 21:00:00,0.0
2025-04-07 22:00:00,0.0
2025-04-07 23:00:00,0.0
2025-04-08 00:00:00,0.0
2025-04-08 01:00:00,0.0
2025-04-08 02:00:00,0.0
2025-04-08 03:00:00,0.0
2025-04-08 04:00:00,0.0
2025-04-08 05:00:00,0.0
2025-04-08 06:00:00,0.0
2025-04-08 07:00:00,0.01626384
2025-04-08 08:00:00,0.0422382
2025-04-08 09:00:00,0.16199971999999999
2025-04-08 10:00:00,0.28657776
2025-04-08 11:00:00,0.9372512000000001
2025-04-08 12:00:00,0.59824764
2025-04-08 13:00:00,0.25960520000000004
2025-04-08 14:00:00,0.24175252
2025-04-08 15:00:00,0.44866708000000005
2025-04-08 16:00:00,0.34473208
2025-04-08 17:00:00,0.15171856
2025-04-08 18:00:00,0.04107724
2025-04-08 19:00:00,0.0
2025-04-08 20:00:00,0.0
2025-04-08 21:00:00,0.0
2025-04-08 22:00:00,0.0
2025-04-08 23:00:00,0.0
2025-04-09 00:00:00,0.0
2025-04-09 01:00:00,0.0
2025-04-09 02:00:00,0.0
2025-04-09 03:00:00,0.0
2025-04-09 04:00:00,0.0
2025-04-09 05:00:00,0.0
2025-04-09 06:00:00,0.00524216
2025-04-09 07:00:00,0.24601012
2025-04-09 08:00:00,0.56768996
2025-04-09 09:00:00,1.25530432
2025-04-09 10:00:00,1.3323170400000002
2025-04-09 11:00:00,1.6831496799999999
2025-04-09 12:00:00,3.42252252
2025-04-09 13:00:00,2.17034528
2025-04-09 14:00:00,3.04537476
2025-04-09 15:00:00,2.5223956000000003
2025-04-09 16:00:00,1.82190188
2025-04-09 17:00:00,0.892367
2025-04-09 18:00:00,0.13135507999999999
2025-04-09 19:00:00,0.0
2025-04-09 20:00:00,0.0
2025-04-09 21:00:00,0.0
2025-04-09 22:00:00,0.0
2025-04-09 23:00:00,0.0
2025-04-10 00:00:00,0.0
2025-04-10 01:00:00,0.0
2025-04-10 02:00:00,0.0
2025-04-10 03:00:00,0.0
2025-04-10 04:00:00,0.0
2025-04-10 05:00:00,0.0
2025-04-10 06:00:00,0.0037130399999999995
2025-04-10 07:00:00,0.00780076
2025-04-10 08:00:00,0.49027571999999997
2025-04-10 09:00:00,0.6763789200000001
2025-04-10 10:00:00,1.97959588
2025-04-10 11:00:00,1.0332374
2025-04-10 12:00:00,0.9107831200000001
2025-04-10 13:00:00,1.3091504799999998
2025-04-10 14:00:00,1.63650128
2025-04-10 15:00:00,1.32718972
2025-04-10 16:00:00,0.7126306
2025-04-10 17:00:00,0.8461866800000002
2025-04-10 18:00:00,0.16332788
2025-04-10 19:00:00,0.0
2025-04-10 20:00:00,0.0
2025-04-10 21:00:00,0.0
2025-04-10 22:00:00,0.0
2025-04-10 23:00:00,0.0
2025-04-11 00:00:00,0.0
2025-04-11 01:00:00,0.0
2025-04-11 02:00:00,0.0
2025-04-11 03:00:00,0.0
2025-04-11 04:00:00,0.0
2025-04-11 05:00:00,0.0
2025-04-11 06:00:00,0.027007040000000003
2025-04-11 07:00:00,0.5882209199999999
2025-04-11 08:00:00,1.5100273199999998
2025-04-11 09:00:00,2.27069908
2025-04-11 10:00:00,2.8142773599999997
2025-04-11 11:00:00,3.14499728
2025-04-11 12:00:00,3.27646632
2025-04-11 13:00:00,3.17755996
2025-04-11 14:00:00,1.987655
2025-04-11 15:00:00,1.48908408
2025-04-11 16:00:00,0.9931245600000002
2025-04-11 17:00:00,0.8698036400000001
2025-04-11 18:00:00,0.00967248
2025-04-11 19:00:00,0.0
2025-04-11 20:00:00,0.0
2025-04-11 21:00:00,0.0
2025-04-11 22:00:00,0.0
2025-04-11 23:00:00,0.0
2025-04-12 00:00:00,0.0
2025-04-12 01:00:00,0.0
2025-04-12 02:00:00,0.0
2025-04-12 03:00:00,0.0
2025-04-12 04:00:00,0.0
2025-04-12 05:00:00,0.0
2025-04-12 06:00:00,0.030894760000000004
2025-04-12 07:00:00,0.595242
2025-04-12 08:00:00,1.5114185599999999
2025-04-12 09:00:00,2.274583
2025-04-12 10:00:00,2.8377381600000002
2025-04-12 11:00:00,3.19167868
2025-04-12 12:00:00,3.3710502399999998
2025-04-12 13:00:00,3.2596268800000003
2025-04-12 14:00:00,2.93973372
2025-04-12 15:00:00,0.7059922800000001
2025-04-12 16:00:00,1.74077536
2025-04-12 17:00:00,0.86068484
2025-04-12 18:00:00,0.15840412
2025-04-12 19:00:00,0.0
2025-04-12 20:00:00,0.0
2025-04-12 21:00:00,0.0
2025-04-12 22:00:00,0.0
2025-04-12 23:00:00,0.0
2025-04-13 00:00:00,0.0
2025-04-13 01:00:00,0.0
2025-04-13 02:00:00,0.0
2025-04-13 03:00:00,0.0
2025-04-13 04:00:00,0.0
2025-04-13 05:00:00,0.0
2025-04-13 06:00:00,0.03543712
2025-04-13 07:00:00,0.6294176
2025-04-13 08:00:00,1.57002708
2025-04-13 09:00:00,2.3516656
2025-04-13 10:00:00,2.94100704
2025-04-13 11:00:00,3.28903104
2025-04-13 12:00:00,3.45547376
2025-04-13 13:00:00,3.3632762400000003
2025-04-13 14:00:00,3.0528708399999998
2025-04-13 15:00:00,2.5411538
2025-04-13 16:00:00,1.8209231599999998
2025-04-13 17:00:00,0.8996649600000001
2025-04-13 18:00:00,0.15558636
2025-04-13 19:00:00,0.0
2025-04-13 20:00:00,0.0
2025-04-13 21:00:00,0.0
2025-04-13 22:00:00,0.0
2025-04-13 23:00:00,0.0
2025-04-14 00:00:00,0.0
2025-04-14 01:00:00,0.0
2025-04-14 02:00:00,0.0
2025-04-14 03:00:00,0.0
2025-04-14 04:00:00,0.0
2025-04-14 05:00:00,0.0
2025-04-14 06:00:00,0.006931520000000001
2025-04-14 07:00:00,0.010562960000000001
2025-04-14 08:00:00,1.4517706000000001
2025-04-14 09:00:00,0.41381596000000004
2025-04-14 10:00:00,1.49810128
2025-04-14 11:00:00,1.9105188000000002
2025-04-14 12:00:00,1.98770164
2025-04-14 13:00:00,2.05585116
2025-04-14 14:00:00,0.63190972
2025-04-14 15:00:00,2.3845088800000003
2025-04-14 16:00:00,1.7172026000000002
2025-04-14 17:00:00,0.4228823200000001
2025-04-14 18:00:00,0.06502172
2025-04-14 19:00:00,0.0
2025-04-14 20:00:00,0.0
2025-04-14 21:00:00,0.0
2025-04-14 22:00:00,0.0
2025-04-14 23:00:00,0.0
2025-04-15 00:00:00,0.0
2025-04-15 01:00:00,0.0
2025-04-15 02:00:00,0.0
2025-04-15 03:00:00,0.0
2025-04-15 04:00:00,0.0
2025-04-15 05:00:00,0.0
2025-04-15 06:00:00,0.022400439999999997
2025-04-15 07:00:00,0.03333788
2025-04-15 08:00:00,0.48056684000000005
2025-04-15 09:00:00,2.35764512
2025-04-15 10:00:00,1.8846428800000001
2025-04-15 11:00:00,1.906141
2025-04-15 12:00:00,2.01040836
2025-04-15 13:00:00,2.04891668
2025-04-15 14:00:00,1.92696784
2025-04-15 15:00:00,1.57287936
2025-04-15 16:00:00,1.7811059599999999
2025-04-15 17:00:00,0.8863629199999999
2025-04-15 18:00:00,0.15680372
2025-04-15 19:00:00,0.0
2025-04-15 20:00:00,0.0
2025-04-15 21:00:00,0.0
2025-04-15 22:00:00,0.0
2025-04-15 23:00:00,0.0
2025-04-16 00:00:00,0.0
2025-04-16 01:00:00,0.0
2025-04-16 02:00:00,0.0
2025-04-16 03:00:00,0.0
2025-04-16 04:00:00,0.0
2025-04-16 05:00:00,0.0
2025-04-16 06:00:00,0.04962224
2025-04-16 07:00:00,0.6895840799999999
2025-04-16 08:00:00,1.6256673600000002
2025-04-16 09:00:00,2.36100752
2025-04-16 10:00:00,2.88767088
2025-04-16 11:00:00,3.2198818800000004
2025-04-16 12:00:00,1.57217884
2025-04-16 13:00:00,1.65604096
2025-04-16 14:00:00,2.03775644
2025-04-16 15:00:00,1.6784852799999999
2025-04-16 16:00:00,1.2013814
2025-04-16 17:00:00,0.78916792
2025-04-16 18:00:00,0.16007784
2025-04-16 19:00:00,0.0
2025-04-16 20:00:00,0.0
2025-04-16 21:00:00,0.0
2025-04-16 22:00:00,0.0
2025-04-16 23:00:00,0.0
2025-04-17 00:00:00,0.0
2025-04-17 01:00:00,0.0
2025-04-17 02:00:00,0.0
2025-04-17 03:00:00,0.0
2025-04-17 04:00:00,0.0
2025-04-17 05:00:00,0.0
2025-04-17 06:00:00,0.023146720000000003
2025-04-17 07:00:00,0.42819496
2025-04-17 08:00:00,1.17181792
2025-04-17 09:00:00,1.6231135200000002
2025-04-17 10:00:00,2.8230738000000004
2025-04-17 11:00:00,2.52028624
2025-04-17 12:00:00,2.55704784
2025-04-17 13:00:00,2.5464496
2025-04-17 14:00:00,2.91037124
2025-04-17 15:00:00,2.451401
2025-04-17 16:00:00,1.79049476
2025-04-17 17:00:00,0.9067444
2025-04-17 18:00:00,0.2072212
2025-04-17 19:00:00,0.0
2025-04-17 20:00:00,0.0
2025-04-17 21:00:00,0.0
2025-04-17 22:00:00,0.0
2025-04-17 23:00:00,0.0
2025-04-18 00:00:00,0.0
2025-04-18 01:00:00,0.0
2025-04-18 02:00:00,0.0
2025-04-18 03:00:00,0.0
2025-04-18 04:00:00,0.0
2025-04-18 05:00:00,0.0
2025-04-18 06:00:00,0.048623599999999996
2025-04-18 07:00:00,0.44495716
2025-04-18 08:00:00,1.7067240799999999
2025-04-18 09:00:00,2.4406681199999998
2025-04-18 10:00:00,2.9823375600000004
2025-04-18 11:00:00,3.33961292
2025-04-18 12:00:00,3.4706194
2025-04-18 13:00:00,3.40586632
2025-04-18 14:00:00,3.10456088
2025-04-18 15:00:00,2.59695748
2025-04-18 16:00:00,1.49235488
2025-04-18 17:00:00,0.94568876
2025-04-18 18:00:00,0.15292364
2025-04-18 19:00:00,0.0
2025-04-18 20:00:00,0.0
2025-04-18 21:00:00,0.0
2025-04-18 22:00:00,0.0
2025-04-18 23:00:00,0.0
2025-04-19 00:00:00,0.0
2025-04-19 01:00:00,0.0
2025-04-19 02:00:00,0.0
2025-04-19 03:00:00,0.0
2025-04-19 04:00:00,0.0
2025-04-19 05:00:00,0.0
2025-04-19 06:00:00,0.043379919999999995
2025-04-19 07:00:00,0.33689991999999996
2025-04-19 08:00:00,1.38716544
2025-04-19 09:00:00,2.45997052
2025-04-19 10:00:00,2.9937018
2025-04-19 11:00:00,3.3077944400000003
2025-04-19 12:00:00,3.40774044
2025-04-19 13:00:00,3.3191496000000003
2025-04-19 14:00:00,3.02379496
2025-04-19 15:00:00,2.51609892
2025-04-19 16:00:00,1.49691888
2025-04-19 17:00:00,0.9236349199999999
2025-04-19 18:00:00,0.14901444
2025-04-19 19:00:00,0.0
2025-04-19 20:00:00,0.0
2025-04-19 21:00:00,0.0
2025-04-19 22:00:00,0.0
2025-04-19 23:00:00,0.0
2025-04-20 00:00:00,0.0
2025-04-20 01:00:00,0.0
2025-04-20 02:00:00,0.0
2025-04-20 03:00:00,0.0
2025-04-20 04:00:00,0.0
2025-04-20 05:00:00,0.0
2025-04-20 06:00:00,0.04373196
2025-04-20 07:00:00,0.7775755200000001
2025-04-20 08:00:00,1.73570224
2025-04-20 09:00:00,2.4592777200000002
2025-04-20 10:00:00,2.94775224
2025-04-20 11:00:00,3.19787148
2025-04-20 12:00:00,3.2562628
2025-04-20 13:00:00,3.1465724800000006
2025-04-20 14:00:00,2.42204188
2025-04-20 15:00:00,1.8526369200000001
2025-04-20 16:00:00,1.4627742000000001
2025-04-20 17:00:00,0.61973172
2025-04-20 18:00:00,0.20887376
2025-04-20 19:00:00,0.0
2025-04-20 20:00:00,0.0
2025-04-20 21:00:00,0.0
2025-04-20 22:00:00,0.0
2025-04-20 23:00:00,0.0
2025-04-21 00:00:00,0.0
2025-04-21 01:00:00,0.0
2025-04-21 02:00:00,0.0
2025-04-21 03:00:00,0.0
2025-04-21 04:00:00,0.0
2025-04-21 05:00:00,0.0
2025-04-21 06:00:00,0.08385536
2025-04-21 07:00:00,0.23792204000000003
2025-04-21 08:00:00,1.04784308
2025-04-21 09:00:00,1.91610272
2025-04-21 10:00:00,2.37644164
2025-04-21 11:00:00,3.2860317200000004
2025-04-21 12:00:00,2.76605792
2025-04-21 13:00:00,1.80175424
2025-04-21 14:00:00,2.9669126
2025-04-21 15:00:00,1.5264184
2025-04-21 16:00:00,0.8774577600000001
2025-04-21 17:00:00,0.46659148
2025-04-21 18:00:00,0.1987462
2025-04-21 19:00:00,0.0
2025-04-21 20:00:00,0.0
2025-04-21 21:00:00,0.0
2025-04-21 22:00:00,0.0
2025-04-21 23:00:00,0.0
2025-04-22 00:00:00,0.0
2025-04-22 01:00:00,0.0
2025-04-22 02:00:00,0.0
2025-04-22 03:00:00,0.0
2025-04-22 04:00:00,0.0
2025-04-22 05:00:00,0.0
2025-04-22 06:00:00,0.063208
2025-04-22 07:00:00,0.21838252
2025-04-22 08:00:00,1.0229186
2025-04-22 09:00:00,1.4806292
2025-04-22 10:00:00,2.9147165200000003
2025-04-22 11:00:00,3.2398434000000003
2025-04-22 12:00:00,3.30243052
2025-04-22 13:00:00,3.25396424
2025-04-22 14:00:00,2.9882075199999996
2025-04-22 15:00:00,2.51393652
2025-04-22 16:00:00,1.82943724
2025-04-22 17:00:00,0.92435424
2025-04-22 18:00:00,0.16324964
2025-04-22 19:00:00,0.0
2025-04-22 20:00:00,0.0
2025-04-22 21:00:00,0.0
2025-04-22 22:00:00,0.0
2025-04-22 23:00:00,0.0
2025-04-23 00:00:00,0.0
2025-04-23 01:00:00,0.0
2025-04-23 02:00:00,0.0
2025-04-23 03:00:00,0.0
2025-04-23 04:00:00,0.0
2025-04-23 05:00:00,0.0
2025-04-23 06:00:00,0.01028136
2025-04-23 07:00:00,0.5566334
2025-04-23 08:00:00,1.2122918399999998
2025-04-23 09:00:00,2.3853623600000002
2025-04-23 10:00:00,2.8302170799999997
2025-04-23 11:00:00,3.1232824400000005
2025-04-23 12:00:00,3.2479826800000002
2025-04-23 13:00:00,3.20324572
2025-04-23 14:00:00,2.9429674800000005
2025-04-23 15:00:00,2.4781632
2025-04-23 16:00:00,1.4490432800000002
2025-04-23 17:00:00,0.77987776
2025-04-23 18:00:00,0.24458672
2025-04-23 19:00:00,0.0
2025-04-23 20:00:00,0.0
2025-04-23 21:00:00,0.0
2025-04-23 22:00:00,0.0
2025-04-23 23:00:00,0.0
2025-04-24 00:00:00,0.0
2025-04-24 01:00:00,0.0
2025-04-24 02:00:00,0.0
2025-04-24 03:00:00,0.0
2025-04-24 04:00:00,0.0
2025-04-24 05:00:00,0.0
2025-04-24 06:00:00,0.07009936
2025-04-24 07:00:00,0.36703564
2025-04-24 08:00:00,0.9637620800000001
2025-04-24 09:00:00,0.80352884
2025-04-24 10:00:00,1.53094368
2025-04-24 11:00:00,1.44535736
2025-04-24 12:00:00,1.64428548
2025-04-24 13:00:00,1.8174529199999998
2025-04-24 14:00:00,1.2322292400000001
2025-04-24 15:00:00,1.0347161599999999
2025-04-24 16:00:00,0.63332148
2025-04-24 17:00:00,0.8910501200000001
2025-04-24 18:00:00,0.18335408
2025-04-24 19:00:00,0.0
2025-04-24 20:00:00,0.0
2025-04-24 21:00:00,0.0
2025-04-24 22:00:00,0.0
2025-04-24 23:00:00,0.0
2025-04-25 00:00:00,0.0
2025-04-25 01:00:00,0.0
2025-04-25 02:00:00,0.0
2025-04-25 03:00:00,0.0
2025-04-25 04:00:00,0.0
2025-04-25 05:00:00,0.0
2025-04-25 06:00:00,0.012868079999999999
2025-04-25 07:00:00,0.12917372
2025-04-25 08:00:00,0.4576814
2025-04-25 09:00:00,0.93529436
2025-04-25 10:00:00,0.8577241999999999
2025-04-25 11:00:00,0.87738272
2025-04-25 12:00:00,2.27751036
2025-04-25 13:00:00,2.030265
2025-04-25 14:00:00,2.09746028
2025-04-25 15:00:00,1.7513743200000003
2025-04-25 16:00:00,1.1920295200000002
2025-04-25 17:00:00,0.72853648
2025-04-25 18:00:00,0.10125084000000001
2025-04-25 19:00:00,0.0
2025-04-25 20:00:00,0.0
2025-04-25 21:00:00,0.0
2025-04-25 22:00:00,0.0
2025-04-25 23:00:00,0.0
2025-04-26 00:00:00,0.0
2025-04-26 01:00:00,0.0
2025-04-26 02:00:00,0.0
2025-04-26 03:00:00,0.0
2025-04-26 04:00:00,0.0
2025-04-26 05:00:00,0.0
2025-04-26 06:00:00,0.08664092
2025-04-26 07:00:00,0.0245348
2025-04-26 08:00:00,0.44801055999999995
2025-04-26 09:00:00,2.5085816800000003
2025-04-26 10:00:00,3.0789474800000005
2025-04-26 11:00:00,1.75886792
2025-04-26 12:00:00,3.5183139600000004
2025-04-26 13:00:00,1.80920088
2025-04-26 14:00:00,3.0983562399999998
2025-04-26 15:00:00,2.5589986
2025-04-26 16:00:00,0.35564972000000006
2025-04-26 17:00:00,0.9318754
2025-04-26 18:00:00,0.015600560000000001
2025-04-26 19:00:00,0.0
2025-04-26 20:00:00,0.0
2025-04-26 21:00:00,0.0
2025-04-26 22:00:00,0.0
2025-04-26 23:00:00,0.0
2025-04-27 00:00:00,0.0
2025-04-27 01:00:00,0.0
2025-04-27 02:00:00,0.0
2025-04-27 03:00:00,0.0
2025-04-27 04:00:00,0.0
2025-04-27 05:00:00,0.0
2025-04-27 06:00:00,0.03537696
2025-04-27 07:00:00,0.03333152
2025-04-27 08:00:00,1.7450884400000002
2025-04-27 09:00:00,2.46350008
2025-04-27 10:00:00,1.5584441599999999
2025-04-27 11:00:00,1.21779404
2025-04-27 12:00:00,1.58736984
2025-04-27 13:00:00,2.2661863600000003
2025-04-27 14:00:00,3.04476968
2025-04-27 15:00:00,1.7109663200000003
2025-04-27 16:00:00,1.57035516
2025-04-27 17:00:00,0.8234660000000001
2025-04-27 18:00:00,0.17756655999999998
2025-04-27 19:00:00,0.0
2025-04-27 20:00:00,0.0
2025-04-27 21:00:00,0.0
2025-04-27 22:00:00,0.0
2025-04-27 23:00:00,0.0
2025-04-28 00:00:00,0.0
2025-04-28 01:00:00,0.0
2025-04-28 02:00:00,0.0
2025-04-28 03:00:00,0.0
2025-04-28 04:00:00,0.0
2025-04-28 05:00:00,0.0
2025-04-28 06:00:00,0.09760479999999999
2025-04-28 07:00:00,0.82164948
2025-04-28 08:00:00,1.73352204
2025-04-28 09:00:00,2.40768172
2025-04-28 10:00:00,2.88146628
2025-04-28 11:00:00,3.1606547999999997
2025-04-28 12:00:00,3.2448286
2025-04-28 13:00:00,3.1741769599999996
2025-04-28 14:00:00,2.9254890000000002
2025-04-28 15:00:00,2.47278392
2025-04-28 16:00:00,1.04478852
2025-04-28 17:00:00,0.83028552
2025-04-28 18:00:00,0.16105376
2025-04-28 19:00:00,0.0
2025-04-28 20:00:00,0.0
2025-04-28 21:00:00,0.0
2025-04-28 22:00:00,0.0
2025-04-28 23:00:00,0.0
2025-04-29 00:00:00,0.0
2025-04-29 01:00:00,0.0
2025-04-29 02:00:00,0.0
2025-04-29 03:00:00,0.0
2025-04-29 04:00:00,0.0
2025-04-29 05:00:00,0.0
2025-04-29 06:00:00,0.10138076
2025-04-29 07:00:00,0.8213939200000001
2025-04-29 08:00:00,1.73839884
2025-04-29 09:00:00,2.42924588
2025-04-29 10:00:00,2.9347107599999998
2025-04-29 11:00:00,3.2299826400000002
2025-04-29 12:00:00,3.3361847600000005
2025-04-29 13:00:00,2.36604732
2025-04-29 14:00:00,2.4608711199999997
2025-04-29 15:00:00,2.0549652
2025-04-29 16:00:00,1.53511228
2025-04-29 17:00:00,0.7730136400000001
2025-04-29 18:00:00,0.24937056000000002
2025-04-29 19:00:00,0.0
2025-04-29 20:00:00,0.0
2025-04-29 21:00:00,0.0
2025-04-29 22:00:00,0.0
2025-04-29 23:00:00,0.0
2025-04-30 00:00:00,0.0
2025-04-30 01:00:00,0.0
2025-04-30 02:00:00,0.0
2025-04-30 03:00:00,0.0
2025-04-30 04:00:00,0.0
2025-04-30 05:00:00,0.0
2025-04-30 06:00:00,0.09756691999999999
2025-04-30 07:00:00,0.83008716
2025-04-30 08:00:00,1.7379278
2025-04-30 09:00:00,2.4151455600000005
2025-04-30 10:00:00,2.8970085600000006
2025-04-30 11:00:00,3.17720332
2025-04-30 12:00:00,3.2695567999999997
2025-04-30 13:00:00,3.16037648
2025-04-30 14:00:00,2.88804236
2025-04-30 15:00:00,2.42977428
2025-04-30 16:00:00,1.7828679600000001
2025-04-30 17:00:00,0.9102158800000001
2025-04-30 18:00:00,0.1650252
2025-04-30 19:00:00,0.0
2025-04-30 20:00:00,0.0
2025-04-30 21:00:00,0.0
2025-04-30 22:00:00,0.0
2025-04-30 23:00:00,0.0
2025-05-01 00:00:00,0.0
2025-05-01 01:00:00,0.0
2025-05-01 02:00:00,0.0
2025-05-01 03:00:00,0.0
2025-05-01 04:00:00,0.0
2025-05-01 05:00:00,0.0
2025-05-01 06:00:00,0.11182216
2025-05-01 07:00:00,0.8339892
2025-05-01 08:00:00,1.7314151999999998
2025-05-01 09:00:00,2.38939316
2025-05-01 10:00:00,2.8796302399999996
2025-05-01 11:00:00,3.17394544
2025-05-01 12:00:00,3.2825299599999997
2025-05-01 13:00:00,3.1920893599999998
2025-05-01 14:00:00,2.90686104
2025-05-01 15:00:00,2.44466236
2025-05-01 16:00:00,1.7797112400000001
2025-05-01 17:00:00,0.9225802800000001
2025-05-01 18:00:00,0.19367259999999997
2025-05-01 19:00:00,0.0
2025-05-01 20:00:00,0.0
2025-05-01 21:00:00,0.0
2025-05-01 22:00:00,0.0
2025-05-01 23:00:00,0.0
2025-05-02 00:00:00,0.0
2025-05-02 01:00:00,0.0
2025-05-02 02:00:00,0.0
2025-05-02 03:00:00,0.0
2025-05-02 04:00:00,0.0
2025-05-02 05:00:00,0.0
2025-05-02 06:00:00,0.12160764
2025-05-02 07:00:00,0.8182619199999999
2025-05-02 08:00:00,1.68846024
2025-05-02 09:00:00,1.6338029600000001
2025-05-02 10:00:00,2.08113484
2025-05-02 11:00:00,2.2887724
2025-05-02 12:00:00,2.39891704
2025-05-02 13:00:00,2.5966406
2025-05-02 14:00:00,2.43433628
2025-05-02 15:00:00,1.86838584
2025-05-02 16:00:00,1.41990956
2025-05-02 17:00:00,0.8440690399999999
2025-05-02 18:00:00,0.27798448
2025-05-02 19:00:00,0.0
2025-05-02 20:00:00,0.0
2025-05-02 21:00:00,0.0
2025-05-02 22:00:00,0.0
2025-05-02 23:00:00,0.0
2025-05-03 00:00:00,0.0
2025-05-03 01:00:00,0.0
2025-05-03 02:00:00,0.0
2025-05-03 03:00:00,0.0
2025-05-03 04:00:00,0.0
2025-05-03 05:00:00,0.0
2025-05-03 06:00:00,0.035719440000000005
2025-05-03 07:00:00,0.81439396
2025-05-03 08:00:00,0.57696908
2025-05-03 09:00:00,1.04853288
2025-05-03 10:00:00,1.09221968
2025-05-03 11:00:00,0.46872008
2025-05-03 12:00:00,0.26319119999999996
2025-05-03 13:00:00,1.0342228
2025-05-03 14:00:00,1.6815587600000002
2025-05-03 15:00:00,1.5192407600000002
2025-05-03 16:00:00,0.4093690400000001
2025-05-03 17:00:00,0.42202343999999997
2025-05-03 18:00:00,0.007563680000000001
2025-05-03 19:00:00,0.0
2025-05-03 20:00:00,0.0
2025-05-03 21:00:00,0.0
2025-05-03 22:00:00,0.0
2025-05-03 23:00:00,0.0
2025-05-04 00:00:00,0.0
2025-05-04 01:00:00,0.0
2025-05-04 02:00:00,0.0
2025-05-04 03:00:00,0.0
2025-05-04 04:00:00,0.0
2025-05-04 05:00:00,0.0
2025-05-04 06:00:00,0.13094164
2025-05-04 07:00:00,0.83800092
2025-05-04 08:00:00,1.73522192
2025-05-04 09:00:00,2.4281708
2025-05-04 10:00:00,2.9235511200000004
2025-05-04 11:00:00,3.2347326000000005
2025-05-04 12:00:00,3.3607845600000004
2025-05-04 13:00:00,1.9061251199999998
2025-05-04 14:00:00,1.98375924
2025-05-04 15:00:00,1.4404854
2025-05-04 16:00:00,1.838798
2025-05-04 17:00:00,0.9481428
2025-05-04 18:00:00,0.1799178
2025-05-04 19:00:00,0.0
2025-05-04 20:00:00,0.0
2025-05-04 21:00:00,0.0
2025-05-04 22:00:00,0.0
2025-05-04 23:00:00,0.0
2025-05-05 00:00:00,0.0
2025-05-05 01:00:00,0.0
2025-05-05 02:00:00,0.0
2025-05-05 03:00:00,0.0
2025-05-05 04:00:00,0.0
2025-05-05 05:00:00,0.0
2025-05-05 06:00:00,0.13148864
2025-05-05 07:00:00,0.8739267600000001
2025-05-05 08:00:00,1.78750092
2025-05-05 09:00:00,2.4820942
2025-05-05 10:00:00,2.37573784
2025-05-05 11:00:00,3.27513908
2025-05-05 12:00:00,3.3796779599999995
2025-05-05 13:00:00,3.2773338
2025-05-05 14:00:00,2.98512048
2025-05-05 15:00:00,2.49102332
2025-05-05 16:00:00,1.8282211600000002
2025-05-05 17:00:00,0.94076332
2025-05-05 18:00:00,0.19248012
2025-05-05 19:00:00,0.0
2025-05-05 20:00:00,0.0
2025-05-05 21:00:00,0.0
2025-05-05 22:00:00,0.0
2025-05-05 23:00:00,0.0
2025-05-06 00:00:00,0.0
2025-05-06 01:00:00,0.0
2025-05-06 02:00:00,0.0
2025-05-06 03:00:00,0.0
2025-05-06 04:00:00,0.0
2025-05-06 05:00:00,0.0
2025-05-06 06:00:00,0.13813056
2025-05-06 07:00:00,0.60751432
2025-05-06 08:00:00,1.7618592000000002
2025-05-06 09:00:00,2.44916016
2025-05-06 10:00:00,2.9168770400000006
2025-05-06 11:00:00,3.2017026799999995
2025-05-06 12:00:00,3.29286044
2025-05-06 13:00:00,3.1842476
2025-05-06 14:00:00,2.2577079999999996
2025-05-06 15:00:00,1.60304056
2025-05-06 16:00:00,1.4619464000000002
2025-05-06 17:00:00,0.93670952
2025-05-06 18:00:00,0.189438
2025-05-06 19:00:00,0.0
2025-05-06 20:00:00,0.0
2025-05-06 21:00:00,0.0
2025-05-06 22:00:00,0.0
2025-05-06 23:00:00,0.0
2025-05-07 00:00:00,0.0
2025-05-07 01:00:00,0.0
2025-05-07 02:00:00,0.0
2025-05-07 03:00:00,0.0
2025-05-07 04:00:00,0.0
2025-05-07 05:00:00,0.0
2025-05-07 06:00:00,0.13930064
2025-05-07 07:00:00,0.8861429600000001
2025-05-07 08:00:00,1.8073080799999999
2025-05-07 09:00:00,2.51549672
2025-05-07 10:00:00,3.0078351199999998
2025-05-07 11:00:00,3.2987979999999997
2025-05-07 12:00:00,3.38139592
2025-05-07 13:00:00,3.28182492
2025-05-07 14:00:00,2.98103204
2025-05-07 15:00:00,2.49396704
2025-05-07 16:00:00,1.8191986
2025-05-07 17:00:00,0.59613824
2025-05-07 18:00:00,0.20521472000000002
2025-05-07 19:00:00,0.0
2025-05-07 20:00:00,0.0
2025-05-07 21:00:00,0.0
2025-05-07 22:00:00,0.0
2025-05-07 23:00:00,0.0
2025-05-08 00:00:00,0.0
2025-05-08 01:00:00,0.0
2025-05-08 02:00:00,0.0
2025-05-08 03:00:00,0.0
2025-05-08 04:00:00,0.0
2025-05-08 05:00:00,0.0
2025-05-08 06:00:00,0.03322092
2025-05-08 07:00:00,0.43722444000000005
2025-05-08 08:00:00,1.7684831599999997
2025-05-08 09:00:00,2.44250752
2025-05-08 10:00:00,2.9351550799999995
2025-05-08 11:00:00,3.2199183600000003
2025-05-08 12:00:00,3.30798696
2025-05-08 13:00:00,2.75059912
2025-05-08 14:00:00,2.5200931200000003
2025-05-08 15:00:00,2.43197168
2025-05-08 16:00:00,1.7783552799999998
2025-05-08 17:00:00,0.75486488
2025-05-08 18:00:00,0.28488816
2025-05-08 19:00:00,0.0
2025-05-08 20:00:00,0.0
2025-05-08 21:00:00,0.0
2025-05-08 22:00:00,0.0
2025-05-08 23:00:00,0.0
2025-05-09 00:00:00,0.0
2025-05-09 01:00:00,0.0
2025-05-09 02:00:00,0.0
2025-05-09 03:00:00,0.0
2025-05-09 04:00:00,0.0
2025-05-09 05:00:00,0.0
2025-05-09 06:00:00,0.14031336
2025-05-09 07:00:00,0.89497488
2025-05-09 08:00:00,0.856002
2025-05-09 09:00:00,2.02609268
2025-05-09 10:00:00,2.91973104
2025-05-09 11:00:00,3.20049528
2025-05-09 12:00:00,3.27496964
2025-05-09 13:00:00,3.17039244
2025-05-09 14:00:00,2.8703965600000005
2025-05-09 15:00:00,2.4004520400000002
2025-05-09 16:00:00,1.7712620800000003
2025-05-09 17:00:00,0.83694644
2025-05-09 18:00:00,0.26488656
2025-05-09 19:00:00,0.0
2025-05-09 20:00:00,0.0
2025-05-09 21:00:00,0.0
2025-05-09 22:00:00,0.0
2025-05-09 23:00:00,0.0
2025-05-10 00:00:00,0.0
2025-05-10 01:00:00,0.0
2025-05-10 02:00:00,0.0
2025-05-10 03:00:00,0.0
2025-05-10 04:00:00,0.0
2025-05-10 05:00:00,0.0
2025-05-10 06:00:00,0.14107392000000002
2025-05-10 07:00:00,0.8672799600000001
2025-05-10 08:00:00,1.280813
2025-05-10 09:00:00,2.39549188
2025-05-10 10:00:00,2.8746574400000005
2025-05-10 11:00:00,3.15439236
2025-05-10 12:00:00,3.22873524
2025-05-10 13:00:00,3.1091362
2025-05-10 14:00:00,2.8262316
2025-05-10 15:00:00,2.01954296
2025-05-10 16:00:00,1.4761270400000002
2025-05-10 17:00:00,0.9061286
2025-05-10 18:00:00,0.26056164000000004
2025-05-10 19:00:00,0.02458116
2025-05-10 20:00:00,0.0
2025-05-10 21:00:00,0.0
2025-05-10 22:00:00,0.0
2025-05-10 23:00:00,0.0
2025-05-11 00:00:00,0.0
2025-05-11 01:00:00,0.0
2025-05-11 02:00:00,0.0
2025-05-11 03:00:00,0.0
2025-05-11 04:00:00,0.0
2025-05-11 05:00:00,0.0
2025-05-11 06:00:00,0.06464560000000001
2025-05-11 07:00:00,0.07074176
2025-05-11 08:00:00,1.6406566800000002
2025-05-11 09:00:00,2.2624512
2025-05-11 10:00:00,2.2587602799999997
2025-05-11 11:00:00,2.6448055200000002
2025-05-11 12:00:00,3.11830416
2025-05-11 13:00:00,3.0717776000000003
2025-05-11 14:00:00,2.8105694400000005
2025-05-11 15:00:00,2.39425368
2025-05-11 16:00:00,1.7587663599999999
2025-05-11 17:00:00,0.9255031600000001
2025-05-11 18:00:00,0.20503548
2025-05-11 19:00:00,0.03072412
2025-05-11 20:00:00,0.0
2025-05-11 21:00:00,0.0
2025-05-11 22:00:00,0.0
2025-05-11 23:00:00,0.0
2025-05-12 00:00:00,0.0
2025-05-12 01:00:00,0.0
2025-05-12 02:00:00,0.0
2025-05-12 03:00:00,0.0
2025-05-12 04:00:00,0.0
2025-05-12 05:00:00,0.0
2025-05-12 06:00:00,0.15598624
2025-05-12 07:00:00,0.8602209200000001
2025-05-12 08:00:00,1.27920568
2025-05-12 09:00:00,1.8892751199999998
2025-05-12 10:00:00,2.24838468
2025-05-12 11:00:00,1.50102772
2025-05-12 12:00:00,3.03576908
2025-05-12 13:00:00,2.6961974800000004
2025-05-12 14:00:00,2.75017828
2025-05-12 15:00:00,2.35290204
2025-05-12 16:00:00,1.7339464
2025-05-12 17:00:00,0.9273238400000001
2025-05-12 18:00:00,0.21840859999999998
2025-05-12 19:00:00,0.034584720000000006
2025-05-12 20:00:00,0.0
2025-05-12 21:00:00,0.0
2025-05-12 22:00:00,0.0
2025-05-12 23:00:00,0.0
2025-05-13 00:00:00,0.0
2025-05-13 01:00:00,0.0
2025-05-13 02:00:00,0.0
2025-05-13 03:00:00,0.0
2025-05-13 04:00:00,0.0
2025-05-13 05:00:00,0.0
2025-05-13 06:00:00,0.16310100000000002
2025-05-13 07:00:00,0.86816184
2025-05-13 08:00:00,1.7105592800000002
2025-05-13 09:00:00,2.35053616
2025-05-13 10:00:00,2.38159252
2025-05-13 11:00:00,2.6479321199999997
2025-05-13 12:00:00,2.52028812
2025-05-13 13:00:00,2.654731
2025-05-13 14:00:00,2.4262066
2025-05-13 15:00:00,1.90022412
2025-05-13 16:00:00,1.77063756
2025-05-13 17:00:00,0.9347192400000001
2025-05-13 18:00:00,0.1968394
2025-05-13 19:00:00,0.03655884
2025-05-13 20:00:00,0.0
2025-05-13 21:00:00,0.0
2025-05-13 22:00:00,0.0
2025-05-13 23:00:00,0.0
2025-05-14 00:00:00,0.0
2025-05-14 01:00:00,0.0
2025-05-14 02:00:00,0.0
2025-05-14 03:00:00,0.0
2025-05-14 04:00:00,0.0
2025-05-14 05:00:00,0.0
2025-05-14 06:00:00,0.1676322
2025-05-14 07:00:00,0.68724028
2025-05-14 08:00:00,1.67788308
2025-05-14 09:00:00,2.3064658
2025-05-14 10:00:00,2.76278748
2025-05-14 11:00:00,2.6595809200000002
2025-05-14 12:00:00,2.74167556
2025-05-14 13:00:00,2.5171356400000002
2025-05-14 14:00:00,2.158713
2025-05-14 15:00:00,1.8090164000000002
2025-05-14 16:00:00,1.02059708
2025-05-14 17:00:00,0.7493462
2025-05-14 18:00:00,0.26229112
2025-05-14 19:00:00,0.03674756
2025-05-14 20:00:00,0.0
2025-05-14 21:00:00,0.0
2025-05-14 22:00:00,0.0
2025-05-14 23:00:00,0.0
2025-05-15 00:00:00,0.0
2025-05-15 01:00:00,0.0
2025-05-15 02:00:00,0.0
2025-05-15 03:00:00,0.0
2025-05-15 04:00:00,0.0
2025-05-15 05:00:00,0.0
2025-05-15 06:00:00,0.174333
2025-05-15 07:00:00,0.85973996
2025-05-15 08:00:00,1.67121004
2025-05-15 09:00:00,1.93243108
2025-05-15 10:00:00,2.72482804
2025-05-15 11:00:00,2.55925292
2025-05-15 12:00:00,2.52211004
2025-05-15 13:00:00,2.426139
2025-05-15 14:00:00,2.2954918400000004
2025-05-15 15:00:00,1.96045164
2025-05-15 16:00:00,1.1868052
2025-05-15 17:00:00,0.76538072
2025-05-15 18:00:00,0.3481458
2025-05-15 19:00:00,0.01859752
2025-05-15 20:00:00,0.0
2025-05-15 21:00:00,0.0
2025-05-15 22:00:00,0.0
2025-05-15 23:00:00,0.0
2025-05-16 00:00:00,0.0
2025-05-16 01:00:00,0.0
2025-05-16 02:00:00,0.0
2025-05-16 03:00:00,0.0
2025-05-16 04:00:00,0.0
2025-05-16 05:00:00,0.0
2025-05-16 06:00:00,0.18089388
2025-05-16 07:00:00,0.8294318799999999
2025-05-16 08:00:00,1.64289364
2025-05-16 09:00:00,1.8773316800000002
2025-05-16 10:00:00,1.88310216
2025-05-16 11:00:00,2.9860199599999997
2025-05-16 12:00:00,2.64382764
2025-05-16 13:00:00,2.60838444
2025-05-16 14:00:00,2.2114518000000003
2025-05-16 15:00:00,2.20397076
2025-05-16 16:00:00,1.60343344
2025-05-16 17:00:00,0.88263188
2025-05-16 18:00:00,0.29719856
2025-05-16 19:00:00,0.024223400000000003
2025-05-16 20:00:00,0.0
2025-05-16 21:00:00,0.0
2025-05-16 22:00:00,0.0
2025-05-16 23:00:00,0.0
2025-05-17 00:00:00,0.0
2025-05-17 01:00:00,0.0
2025-05-17 02:00:00,0.0
2025-05-17 03:00:00,0.0
2025-05-17 04:00:00,0.0
2025-05-17 05:00:00,0.0
2025-05-17 06:00:00,0.01015952
2025-05-17 07:00:00,0.7269084800000001
2025-05-17 08:00:00,0.7767707199999999
2025-05-17 09:00:00,0.37606048000000003
2025-05-17 10:00:00,0.30761776
2025-05-17 11:00:00,1.8853008400000002
2025-05-17 12:00:00,2.45325896
2025-05-17 13:00:00,2.4328214000000004
2025-05-17 14:00:00,2.5402782800000003
2025-05-17 15:00:00,1.8829820000000002
2025-05-17 16:00:00,1.3449761600000003
2025-05-17 17:00:00,0.8325057600000001
2025-05-17 18:00:00,0.25678532
2025-05-17 19:00:00,0.02817684
2025-05-17 20:00:00,0.0
2025-05-17 21:00:00,0.0
2025-05-17 22:00:00,0.0
2025-05-17 23:00:00,0.0
2025-05-18 00:00:00,0.0
2025-05-18 01:00:00,0.0
2025-05-18 02:00:00,0.0
2025-05-18 03:00:00,0.0
2025-05-18 04:00:00,0.0
2025-05-18 05:00:00,0.0
2025-05-18 06:00:00,0.007587
2025-05-18 07:00:00,0.26698108000000004
2025-05-18 08:00:00,0.45972724
2025-05-18 09:00:00,1.03744992
2025-05-18 10:00:00,1.7341907600000002
2025-05-18 11:00:00,2.45795212
2025-05-18 12:00:00,2.71488184
2025-05-18 13:00:00,3.23128084
2025-05-18 14:00:00,2.65103356
2025-05-18 15:00:00,2.24786952
2025-05-18 16:00:00,1.5364126800000002
2025-05-18 17:00:00,0.5409339200000001
2025-05-18 18:00:00,0.16440864000000002
2025-05-18 19:00:00,0.036617199999999996
2025-05-18 20:00:00,0.0
2025-05-18 21:00:00,0.0
2025-05-18 22:00:00,0.0
2025-05-18 23:00:00,0.0
2025-05-19 00:00:00,0.0
2025-05-19 01:00:00,0.0
2025-05-19 02:00:00,0.0
2025-05-19 03:00:00,0.0
2025-05-19 04:00:00,0.0
2025-05-19 05:00:00,0.0
2025-05-19 06:00:00,0.16273711999999999
2025-05-19 07:00:00,0.96814972
2025-05-19 08:00:00,1.8900514000000002
2025-05-19 09:00:00,2.58717244
2025-05-19 10:00:00,3.0869704799999997
2025-05-19 11:00:00,3.3829827600000004
2025-05-19 12:00:00,3.4415489200000002
2025-05-19 13:00:00,3.34030752
2025-05-19 14:00:00,3.02770952
2025-05-19 15:00:00,2.5258642
2025-05-19 16:00:00,1.85681952
2025-05-19 17:00:00,0.99051876
2025-05-19 18:00:00,0.2117982
2025-05-19 19:00:00,0.0445356
2025-05-19 20:00:00,0.0
2025-05-19 21:00:00,0.0
2025-05-19 22:00:00,0.0
2025-05-19 23:00:00,0.0
2025-05-20 00:00:00,0.0
2025-05-20 01:00:00,0.0
2025-05-20 02:00:00,0.0
2025-05-20 03:00:00,0.0
2025-05-20 04:00:00,0.0
2025-05-20 05:00:00,0.0
2025-05-20 06:00:00,0.16634432
2025-05-20 07:00:00,0.931131
2025-05-20 08:00:00,1.8000947600000001
2025-05-20 09:00:00,1.9790488000000002
2025-05-20 10:00:00,2.9476198800000004
2025-05-20 11:00:00,3.2262118400000004
2025-05-20 12:00:00,3.25695624
2025-05-20 13:00:00,2.1463894000000003
2025-05-20 14:00:00,2.38610264
2025-05-20 15:00:00,2.35585532
2025-05-20 16:00:00,1.51150824
2025-05-20 17:00:00,0.9394858400000001
2025-05-20 18:00:00,0.35380588
2025-05-20 19:00:00,0.04660275999999999
2025-05-20 20:00:00,0.0
2025-05-20 21:00:00,0.0
2025-05-20 22:00:00,0.0
2025-05-20 23:00:00,0.0
2025-05-21 00:00:00,0.0
2025-05-21 01:00:00,0.0
2025-05-21 02:00:00,0.0
2025-05-21 03:00:00,0.0
2025-05-21 04:00:00,0.0
2025-05-21 05:00:00,0.0
2025-05-21 06:00:00,0.0076588
2025-05-21 07:00:00,0.08843168
2025-05-21 08:00:00,1.08541008
2025-05-21 09:00:00,2.0439794
2025-05-21 10:00:00,2.4618762000000003
2025-05-21 11:00:00,2.71212472
2025-05-21 12:00:00,3.2961327600000003
2025-05-21 13:00:00,3.22276868
2025-05-21 14:00:00,2.5661458400000003
2025-05-21 15:00:00,2.53090608
2025-05-21 16:00:00,1.8809625200000002
2025-05-21 17:00:00,1.00310324
2025-05-21 18:00:00,0.2277974
2025-05-21 19:00:00,0.05134600000000001
2025-05-21 20:00:00,0.0
2025-05-21 21:00:00,0.0
2025-05-21 22:00:00,0.0
2025-05-21 23:00:00,0.0
2025-05-22 00:00:00,0.0
2025-05-22 01:00:00,0.0
2025-05-22 02:00:00,0.0
2025-05-22 03:00:00,0.0
2025-05-22 04:00:00,0.0
2025-05-22 05:00:00,0.0
2025-05-22 06:00:00,0.01882932
2025-05-22 07:00:00,0.14386108
2025-05-22 08:00:00,0.59378328
2025-05-22 09:00:00,1.7194366399999998
2025-05-22 10:00:00,1.69432096
2025-05-22 11:00:00,1.80696188
2025-05-22 12:00:00,3.42010136
2025-05-22 13:00:00,3.32735796
2025-05-22 14:00:00,3.0246105200000004
2025-05-22 15:00:00,2.5364868
2025-05-22 16:00:00,1.8805889199999999
2025-05-22 17:00:00,1.00224032
2025-05-22 18:00:00,0.21205704
2025-05-22 19:00:00,0.04716332
2025-05-22 20:00:00,0.0
2025-05-22 21:00:00,0.0
2025-05-22 22:00:00,0.0
2025-05-22 23:00:00,0.0
2025-05-23 00:00:00,0.0
2025-05-23 01:00:00,0.0
2025-05-23 02:00:00,0.0
2025-05-23 03:00:00,0.0
2025-05-23 04:00:00,0.0
2025-05-23 05:00:00,0.0
2025-05-23 06:00:00,0.16734716000000002
2025-05-23 07:00:00,0.9659604
2025-05-23 08:00:00,1.8771082000000001
2025-05-23 09:00:00,2.5811594
2025-05-23 10:00:00,3.0909998400000003
2025-05-23 11:00:00,3.39354732
2025-05-23 12:00:00,3.4738388799999997
2025-05-23 13:00:00,3.35094576
2025-05-23 14:00:00,3.04905004
2025-05-23 15:00:00,2.55341012
2025-05-23 16:00:00,1.88883164
2025-05-23 17:00:00,1.00777768
2025-05-23 18:00:00,0.213122
2025-05-23 19:00:00,0.04708536000000001
2025-05-23 20:00:00,0.0
2025-05-23 21:00:00,0.0
2025-05-23 22:00:00,0.0
2025-05-23 23:00:00,0.0
2025-05-24 00:00:00,0.0
2025-05-24 01:00:00,0.0
2025-05-24 02:00:00,0.0
2025-05-24 03:00:00,0.0
2025-05-24 04:00:00,0.0
2025-05-24 05:00:00,0.0
2025-05-24 06:00:00,0.16884803999999998
2025-05-24 07:00:00,0.96654904
2025-05-24 08:00:00,1.85977192
2025-05-24 09:00:00,2.51502656
2025-05-24 10:00:00,2.96616664
2025-05-24 11:00:00,3.2393232400000005
2025-05-24 12:00:00,3.3031169599999997
2025-05-24 13:00:00,3.18851808
2025-05-24 14:00:00,2.90576132
2025-05-24 15:00:00,2.44212328
2025-05-24 16:00:00,1.81168216
2025-05-24 17:00:00,0.98249696
2025-05-24 18:00:00,0.21798891999999997
2025-05-24 19:00:00,0.048677200000000004
2025-05-24 20:00:00,0.0
2025-05-24 21:00:00,0.0
2025-05-24 22:00:00,0.0
2025-05-24 23:00:00,0.0
2025-05-25 00:00:00,0.0
2025-05-25 01:00:00,0.0
2025-05-25 02:00:00,0.0
2025-05-25 03:00:00,0.0
2025-05-25 04:00:00,0.0
2025-05-25 05:00:00,0.0
2025-05-25 06:00:00,0.17312519999999998
2025-05-25 07:00:00,0.93382148
2025-05-25 08:00:00,1.7923147599999998
2025-05-25 09:00:00,2.44093456
2025-05-25 10:00:00,2.9201354
2025-05-25 11:00:00,3.21233716
2025-05-25 12:00:00,3.2855486799999998
2025-05-25 13:00:00,3.18820896
2025-05-25 14:00:00,2.38751872
2025-05-25 15:00:00,1.87988308
2025-05-25 16:00:00,1.7894002
2025-05-25 17:00:00,0.7676817600000001
2025-05-25 18:00:00,0.26049419999999995
2025-05-25 19:00:00,0.05681084
2025-05-25 20:00:00,0.0
2025-05-25 21:00:00,0.0
2025-05-25 22:00:00,0.0
2025-05-25 23:00:00,0.0
2025-05-26 00:00:00,0.0
2025-05-26 01:00:00,0.0
2025-05-26 02:00:00,0.0
2025-05-26 03:00:00,0.0
2025-05-26 04:00:00,0.0
2025-05-26 05:00:00,0.0
2025-05-26 06:00:00,0.01311376
2025-05-26 07:00:00,0.8464448399999999
2025-05-26 08:00:00,1.6422584
2025-05-26 09:00:00,2.29121252
2025-05-26 10:00:00,2.37026252
2025-05-26 11:00:00,3.0581335999999997
2025-05-26 12:00:00,3.2376296
2025-05-26 13:00:00,3.13196792
2025-05-26 14:00:00,2.84571956
2025-05-26 15:00:00,1.82948084
2025-05-26 16:00:00,1.7381724
2025-05-26 17:00:00,0.9436802
2025-05-26 18:00:00,0.26458504
2025-05-26 19:00:00,0.05663596
2025-05-26 20:00:00,0.0
2025-05-26 21:00:00,0.0
2025-05-26 22:00:00,0.0
2025-05-26 23:00:00,0.0
2025-05-27 00:00:00,0.0
2025-05-27 01:00:00,0.0
2025-05-27 02:00:00,0.0
2025-05-27 03:00:00,0.0
2025-05-27 04:00:00,0.0
2025-05-27 05:00:00,0.0
2025-05-27 06:00:00,0.0075442
2025-05-27 07:00:00,0.5219305200000001
2025-05-27 08:00:00,1.3939730799999999
2025-05-27 09:00:00,1.96888328
2025-05-27 10:00:00,2.45447388
2025-05-27 11:00:00,2.58828548
2025-05-27 12:00:00,3.10694768
2025-05-27 13:00:00,2.17045068
2025-05-27 14:00:00,2.7078590000000005
2025-05-27 15:00:00,1.77460948
2025-05-27 16:00:00,1.45567952
2025-05-27 17:00:00,0.9247073200000001
2025-05-27 18:00:00,0.29905571999999997
2025-05-27 19:00:00,0.054327200000000006
2025-05-27 20:00:00,0.0
2025-05-27 21:00:00,0.0
2025-05-27 22:00:00,0.0
2025-05-27 23:00:00,0.0
2025-05-28 00:00:00,0.0
2025-05-28 01:00:00,0.0
2025-05-28 02:00:00,0.0
2025-05-28 03:00:00,0.0
2025-05-28 04:00:00,0.0
2025-05-28 05:00:00,0.0
2025-05-28 06:00:00,0.21019459999999998
2025-05-28 07:00:00,0.7968980000000001
2025-05-28 08:00:00,1.55820068
2025-05-28 09:00:00,2.19653948
2025-05-28 10:00:00,2.6851264
2025-05-28 11:00:00,2.96903888
2025-05-28 12:00:00,3.0913032799999995
2025-05-28 13:00:00,2.9995198
2025-05-28 14:00:00,2.7122883200000003
2025-05-28 15:00:00,2.25286652
2025-05-28 16:00:00,1.65872496
2025-05-28 17:00:00,0.91313624
2025-05-28 18:00:00,0.27873264
2025-05-28 19:00:00,0.05960764
2025-05-28 20:00:00,0.0
2025-05-28 21:00:00,0.0
2025-05-28 22:00:00,0.0
2025-05-28 23:00:00,0.0
2025-05-29 00:00:00,0.0
2025-05-29 01:00:00,0.0
2025-05-29 02:00:00,0.0
2025-05-29 03:00:00,0.0
2025-05-29 04:00:00,0.0
2025-05-29 05:00:00,0.0
2025-05-29 06:00:00,0.19866868000000001
2025-05-29 07:00:00,0.81492012
2025-05-29 08:00:00,1.5855485200000001
2025-05-29 09:00:00,2.2016135200000004
2025-05-29 10:00:00,2.6527437600000003
2025-05-29 11:00:00,2.92994944
2025-05-29 12:00:00,3.05501972
2025-05-29 13:00:00,2.96845152
2025-05-29 14:00:00,2.70653696
2025-05-29 15:00:00,2.2636534
2025-05-29 16:00:00,1.67889676
2025-05-29 17:00:00,0.93101736
2025-05-29 18:00:00,0.27452472000000006
2025-05-29 19:00:00,0.06016636000000001
2025-05-29 20:00:00,0.0
2025-05-29 21:00:00,0.0
2025-05-29 22:00:00,0.0
2025-05-29 23:00:00,0.0
2025-05-30 00:00:00,0.0
2025-05-30 01:00:00,0.0
2025-05-30 02:00:00,0.0
2025-05-30 03:00:00,0.0
2025-05-30 04:00:00,0.0
2025-05-30 05:00:00,0.0
2025-05-30 06:00:00,0.21003143999999999
2025-05-30 07:00:00,0.8073124800000001
2025-05-30 08:00:00,1.5633700799999999
2025-05-30 09:00:00,0.32255132000000003
2025-05-30 10:00:00,0.32257604
2025-05-30 11:00:00,0.49363536
2025-05-30 12:00:00,0.5259742399999999
2025-05-30 13:00:00,0.40679712
2025-05-30 14:00:00,0.59945192
2025-05-30 15:00:00,0.6781917999999999
2025-05-30 16:00:00,0.27403560000000005
2025-05-30 17:00:00,0.9366467200000002
2025-05-30 18:00:00,0.33926084
2025-05-30 19:00:00,0.05891604
2025-05-30 20:00:00,0.0
2025-05-30 21:00:00,0.0
2025-05-30 22:00:00,0.0
2025-05-30 23:00:00,0.0
2025-05-31 00:00:00,0.0
2025-05-31 01:00:00,0.0
2025-05-31 02:00:00,0.0
2025-05-31 03:00:00,0.0
2025-05-31 04:00:00,0.0
2025-05-31 05:00:00,0.0
2025-05-31 06:00:00,0.21639632000000003
2025-05-31 07:00:00,0.032532519999999995
2025-05-31 08:00:00,0.41407456
2025-05-31 09:00:00,0.7288211199999999
2025-05-31 10:00:00,0.8082601600000001
2025-05-31 11:00:00,1.0750318
2025-05-31 12:00:00,1.33415588
2025-05-31 13:00:00,1.3441366
2025-05-31 14:00:00,1.5065176000000002
2025-05-31 15:00:00,0.9581331600000002
2025-05-31 16:00:00,0.4998818
2025-05-31 17:00:00,0.5482468
2025-05-31 18:00:00,0.32044580000000006
2025-05-31 19:00:00,0.0693616
2025-05-31 20:00:00,0.0
2025-05-31 21:00:00,0.0
2025-05-31 22:00:00,0.0
2025-05-31 23:00:00,0.0
2025-06-01 00:00:00,0.0
2025-06-01 01:00:00,0.0
2025-06-01 02:00:00,0.0
2025-06-01 03:00:00,0.0
2025-06-01 04:00:00,0.0
2025-06-01 05:00:00,0.0
2025-06-01 06:00:00,0.013097360000000002
2025-06-01 07:00:00,0.34721620000000003
2025-06-01 08:00:00,0.40357188
2025-06-01 09:00:00,0.6180148000000001
2025-06-01 10:00:00,0.90803292
2025-06-01 11:00:00,0.5291857200000001
2025-06-01 12:00:00,0.5616772
2025-06-01 13:00:00,0.64629756
2025-06-01 14:00:00,0.92178764
2025-06-01 15:00:00,1.44738792
2025-06-01 16:00:00,1.8484814399999998
2025-06-01 17:00:00,1.01425568
2025-06-01 18:00:00,0.23360176
2025-06-01 19:00:00,0.05382284
2025-06-01 20:00:00,0.0
2025-06-01 21:00:00,0.0
2025-06-01 22:00:00,0.0
2025-06-01 23:00:00,0.0
2025-06-02 00:00:00,0.0
2025-06-02 01:00:00,0.0
2025-06-02 02:00:00,0.0
2025-06-02 03:00:00,0.0
2025-06-02 04:00:00,0.0
2025-06-02 05:00:00,0.0
2025-06-02 06:00:00,0.17261636
2025-06-02 07:00:00,0.9221346799999999
2025-06-02 08:00:00,1.76041508
2025-06-02 09:00:00,2.3763288
2025-06-02 10:00:00,2.8365657600000005
2025-06-02 11:00:00,3.1225552000000003
2025-06-02 12:00:00,3.233533
2025-06-02 13:00:00,3.1798606800000004
2025-06-02 14:00:00,2.9130774400000004
2025-06-02 15:00:00,2.45841472
2025-06-02 16:00:00,1.8357676800000002
2025-06-02 17:00:00,1.00884196
2025-06-02 18:00:00,0.2453314
2025-06-02 19:00:00,0.06102024
2025-06-02 20:00:00,0.0
2025-06-02 21:00:00,0.0
2025-06-02 22:00:00,0.0
2025-06-02 23:00:00,0.0
2025-06-03 00:00:00,0.0
2025-06-03 01:00:00,0.0
2025-06-03 02:00:00,0.0
2025-06-03 03:00:00,0.0
2025-06-03 04:00:00,0.0
2025-06-03 05:00:00,0.0
2025-06-03 06:00:00,0.18307832
2025-06-03 07:00:00,0.9077807200000001
2025-06-03 08:00:00,1.7541338400000002
2025-06-03 09:00:00,2.38089092
2025-06-03 10:00:00,2.8173050799999997
2025-06-03 11:00:00,3.07221248
2025-06-03 12:00:00,3.20461028
2025-06-03 13:00:00,3.15160952
2025-06-03 14:00:00,2.9068525199999997
2025-06-03 15:00:00,2.45169452
2025-06-03 16:00:00,1.8432944800000002
2025-06-03 17:00:00,1.01680284
2025-06-03 18:00:00,0.24302872
2025-06-03 19:00:00,0.0578418
2025-06-03 20:00:00,0.0
2025-06-03 21:00:00,0.0
2025-06-03 22:00:00,0.0
2025-06-03 23:00:00,0.0
2025-06-04 00:00:00,0.0
2025-06-04 01:00:00,0.0
2025-06-04 02:00:00,0.0
2025-06-04 03:00:00,0.0
2025-06-04 04:00:00,0.0
2025-06-04 05:00:00,0.0
2025-06-04 06:00:00,0.1752066
2025-06-04 07:00:00,0.95049952
2025-06-04 08:00:00,1.82671652
2025-06-04 09:00:00,2.47674304
2025-06-04 10:00:00,2.9206692800000003
2025-06-04 11:00:00,3.1685626
2025-06-04 12:00:00,3.22098004
2025-06-04 13:00:00,3.1334684399999997
2025-06-04 14:00:00,2.88313344
2025-06-04 15:00:00,2.45325848
2025-06-04 16:00:00,1.84941024
2025-06-04 17:00:00,1.02241108
2025-06-04 18:00:00,0.23583764
2025-06-04 19:00:00,0.054442920000000006
2025-06-04 20:00:00,0.0
2025-06-04 21:00:00,0.0
2025-06-04 22:00:00,0.0
2025-06-04 23:00:00,0.0
2025-06-05 00:00:00,0.0
2025-06-05 01:00:00,0.0
2025-06-05 02:00:00,0.0
2025-06-05 03:00:00,0.0
2025-06-05 04:00:00,0.0
2025-06-05 05:00:00,0.0
2025-06-05 06:00:00,0.18322752
2025-06-05 07:00:00,0.89068416
2025-06-05 08:00:00,1.7062354400000002
2025-06-05 09:00:00,2.28580348
2025-06-05 10:00:00,2.6815155200000005
2025-06-05 11:00:00,2.9745365200000005
2025-06-05 12:00:00,3.124483
2025-06-05 13:00:00,3.07417568
2025-06-05 14:00:00,2.8320341200000003
2025-06-05 15:00:00,2.3854148800000003
2025-06-05 16:00:00,1.79032408
2025-06-05 17:00:00,0.9963402000000001
2025-06-05 18:00:00,0.25467883999999996
2025-06-05 19:00:00,0.06148932
2025-06-05 20:00:00,0.0
2025-06-05 21:00:00,0.0
2025-06-05 22:00:00,0.0
2025-06-05 23:00:00,0.0
2025-06-06 00:00:00,0.0
2025-06-06 01:00:00,0.0
2025-06-06 02:00:00,0.0
2025-06-06 03:00:00,0.0
2025-06-06 04:00:00,0.0
2025-06-06 05:00:00,0.0
2025-06-06 06:00:00,0.17692668
2025-06-06 07:00:00,0.89742012
2025-06-06 08:00:00,1.7038242000000003
2025-06-06 09:00:00,2.26914264
2025-06-06 10:00:00,2.6748456400000005
2025-06-06 11:00:00,2.9321843199999993
2025-06-06 12:00:00,3.06860164
2025-06-06 13:00:00,3.0429715600000002
2025-06-06 14:00:00,2.82188544
2025-06-06 15:00:00,2.40499088
2025-06-06 16:00:00,1.81300972
2025-06-06 17:00:00,1.0101628
2025-06-06 18:00:00,0.23628228
2025-06-06 19:00:00,0.05293184
2025-06-06 20:00:00,0.0
2025-06-06 21:00:00,0.0
2025-06-06 22:00:00,0.0
2025-06-06 23:00:00,0.0
2025-06-07 00:00:00,0.0
2025-06-07 01:00:00,0.0
2025-06-07 02:00:00,0.0
2025-06-07 03:00:00,0.0
2025-06-07 04:00:00,0.0
2025-06-07 05:00:00,0.0
2025-06-07 06:00:00,0.16963016
2025-06-07 07:00:00,0.8965092800000001
2025-06-07 08:00:00,1.6979860000000002
2025-06-07 09:00:00,2.27346752
2025-06-07 10:00:00,2.6953243600000003
2025-06-07 11:00:00,2.9511935600000005
2025-06-07 12:00:00,3.0559016
2025-06-07 13:00:00,2.99633848
2025-06-07 14:00:00,2.77115844
2025-06-07 15:00:00,2.35513392
2025-06-07 16:00:00,1.78069908
2025-06-07 17:00:00,0.99838724
2025-06-07 18:00:00,0.24231508000000002
2025-06-07 19:00:00,0.0570928
2025-06-07 20:00:00,0.0
2025-06-07 21:00:00,0.0
2025-06-07 22:00:00,0.0
2025-06-07 23:00:00,0.0
2025-06-08 00:00:00,0.0
2025-06-08 01:00:00,0.0
2025-06-08 02:00:00,0.0
2025-06-08 03:00:00,0.0
2025-06-08 04:00:00,0.0
2025-06-08 05:00:00,0.0
2025-06-08 06:00:00,0.16976384
2025-06-08 07:00:00,0.9018582
2025-06-08 08:00:00,1.7264915600000001
2025-06-08 09:00:00,2.30588468
2025-06-08 10:00:00,2.71010624
2025-06-08 11:00:00,2.9459335200000005
2025-06-08 12:00:00,3.03682096
2025-06-08 13:00:00,2.97571384
2025-06-08 14:00:00,2.7585908
2025-06-08 15:00:00,2.3444824
2025-06-08 16:00:00,1.7713564000000002
2025-06-08 17:00:00,0.84190616
2025-06-08 18:00:00,0.35459864
2025-06-08 19:00:00,0.07184904
2025-06-08 20:00:00,0.0
2025-06-08 21:00:00,0.0
2025-06-08 22:00:00,0.0
2025-06-08 23:00:00,0.0
2025-06-09 00:00:00,0.0
2025-06-09 01:00:00,0.0
2025-06-09 02:00:00,0.0
2025-06-09 03:00:00,0.0
2025-06-09 04:00:00,0.0
2025-06-09 05:00:00,0.0
2025-06-09 06:00:00,0.07924355999999999
2025-06-09 07:00:00,0.39546312
2025-06-09 08:00:00,0.98865772
2025-06-09 09:00:00,1.82298068
2025-06-09 10:00:00,2.65690092
2025-06-09 11:00:00,2.89956424
2025-06-09 12:00:00,3.0215696399999996
2025-06-09 13:00:00,3.00856668
2025-06-09 14:00:00,2.8000164
2025-06-09 15:00:00,2.3828502
2025-06-09 16:00:00,1.7819886400000002
2025-06-09 17:00:00,0.9979209200000001
2025-06-09 18:00:00,0.2984212
2025-06-09 19:00:00,0.06403584000000001
2025-06-09 20:00:00,0.0
2025-06-09 21:00:00,0.0
2025-06-09 22:00:00,0.0
2025-06-09 23:00:00,0.0
2025-06-10 00:00:00,0.0
2025-06-10 01:00:00,0.0
2025-06-10 02:00:00,0.0
2025-06-10 03:00:00,0.0
2025-06-10 04:00:00,0.0
2025-06-10 05:00:00,0.0
2025-06-10 06:00:00,0.20179332
2025-06-10 07:00:00,0.8391767600000002
2025-06-10 08:00:00,1.5937256
2025-06-10 09:00:00,2.17237856
2025-06-10 10:00:00,2.62119876
2025-06-10 11:00:00,2.89504812
2025-06-10 12:00:00,3.0167751600000003
2025-06-10 13:00:00,2.9902052
2025-06-10 14:00:00,2.7722186800000004
2025-06-10 15:00:00,2.36539892
2025-06-10 16:00:00,1.782851
2025-06-10 17:00:00,1.00551692
2025-06-10 18:00:00,0.27884204
2025-06-10 19:00:00,0.06059532
2025-06-10 20:00:00,0.0
2025-06-10 21:00:00,0.0
2025-06-10 22:00:00,0.0
2025-06-10 23:00:00,0.0
2025-06-11 00:00:00,0.0
2025-06-11 01:00:00,0.0
2025-06-11 02:00:00,0.0
2025-06-11 03:00:00,0.0
2025-06-11 04:00:00,0.0
2025-06-11 05:00:00,0.0
2025-06-11 06:00:00,0.18507616000000002
2025-06-11 07:00:00,0.8721072000000001
2025-06-11 08:00:00,1.6843733600000002
2025-06-11 09:00:00,2.2803535999999998
2025-06-11 10:00:00,2.68357192
2025-06-11 11:00:00,2.9476228000000004
2025-06-11 12:00:00,3.07815316
2025-06-11 13:00:00,3.02728244
2025-06-11 14:00:00,2.78388552
2025-06-11 15:00:00,2.3716176800000004
2025-06-11 16:00:00,1.7756216800000002
2025-06-11 17:00:00,1.0009360799999998
2025-06-11 18:00:00,0.29113524
2025-06-11 19:00:00,0.06485204
2025-06-11 20:00:00,0.0
2025-06-11 21:00:00,0.0
2025-06-11 22:00:00,0.0
2025-06-11 23:00:00,0.0
2025-06-12 00:00:00,0.0
2025-06-12 01:00:00,0.0
2025-06-12 02:00:00,0.0
2025-06-12 03:00:00,0.0
2025-06-12 04:00:00,0.0
2025-06-12 05:00:00,0.0
2025-06-12 06:00:00,0.19310860000000002
2025-06-12 07:00:00,0.8381306399999999
2025-06-12 08:00:00,1.6339854399999998
2025-06-12 09:00:00,2.2618537599999997
2025-06-12 10:00:00,2.7406342
2025-06-12 11:00:00,2.1371919200000002
2025-06-12 12:00:00,1.97873292
2025-06-12 13:00:00,2.4368506
2025-06-12 14:00:00,1.18984128
2025-06-12 15:00:00,1.8516818000000002
2025-06-12 16:00:00,1.75187508
2025-06-12 17:00:00,1.00040652
2025-06-12 18:00:00,0.30431404
2025-06-12 19:00:00,0.06432648
2025-06-12 20:00:00,0.0
2025-06-12 21:00:00,0.0
2025-06-12 22:00:00,0.0
2025-06-12 23:00:00,0.0
2025-06-13 00:00:00,0.0
2025-06-13 01:00:00,0.0
2025-06-13 02:00:00,0.0
2025-06-13 03:00:00,0.0
2025-06-13 04:00:00,0.0
2025-06-13 05:00:00,0.0
2025-06-13 06:00:00,0.19747348000000003
2025-06-13 07:00:00,0.82993072
2025-06-13 08:00:00,0.42872596
2025-06-13 09:00:00,2.2427938800000002
2025-06-13 10:00:00,1.4253964000000001
2025-06-13 11:00:00,3.02629244
2025-06-13 12:00:00,3.15252496
2025-06-13 13:00:00,3.0822412000000003
2025-06-13 14:00:00,2.8185557599999997
2025-06-13 15:00:00,2.3903844000000003
2025-06-13 16:00:00,1.79530156
2025-06-13 17:00:00,1.00916556
2025-06-13 18:00:00,0.26854644
2025-06-13 19:00:00,0.06338524000000001
2025-06-13 20:00:00,0.0
2025-06-13 21:00:00,0.0
2025-06-13 22:00:00,0.0
2025-06-13 23:00:00,0.0
2025-06-14 00:00:00,0.0
2025-06-14 01:00:00,0.0
2025-06-14 02:00:00,0.0
2025-06-14 03:00:00,0.0
2025-06-14 04:00:00,0.0
2025-06-14 05:00:00,0.0
2025-06-14 06:00:00,0.18426508000000003
2025-06-14 07:00:00,0.8401338800000001
2025-06-14 08:00:00,1.6076017999999999
2025-06-14 09:00:00,2.19792248
2025-06-14 10:00:00,2.63776532
2025-06-14 11:00:00,2.9393675200000002
2025-06-14 12:00:00,3.0980143599999996
2025-06-14 13:00:00,3.05001216
2025-06-14 14:00:00,2.80830768
2025-06-14 15:00:00,2.369707
2025-06-14 16:00:00,1.79070864
2025-06-14 17:00:00,1.00753564
2025-06-14 18:00:00,0.27248975999999997
2025-06-14 19:00:00,0.0568086
2025-06-14 20:00:00,0.0
2025-06-14 21:00:00,0.0
2025-06-14 22:00:00,0.0
2025-06-14 23:00:00,0.0
2025-06-15 00:00:00,0.0
2025-06-15 01:00:00,0.0
2025-06-15 02:00:00,0.0
2025-06-15 03:00:00,0.0
2025-06-15 04:00:00,0.0
2025-06-15 05:00:00,0.0
2025-06-15 06:00:00,0.12350280000000001
2025-06-15 07:00:00,0.11881780000000002
2025-06-15 08:00:00,0.7888337200000001
2025-06-15 09:00:00,1.7546816800000002
2025-06-15 10:00:00,2.6335096399999998
2025-06-15 11:00:00,2.95481884
2025-06-15 12:00:00,2.41161992
2025-06-15 13:00:00,2.95534036
2025-06-15 14:00:00,2.71551556
2025-06-15 15:00:00,2.3744334400000002
2025-06-15 16:00:00,1.7749632800000001
2025-06-15 17:00:00,1.0107937200000001
2025-06-15 18:00:00,0.304315
2025-06-15 19:00:00,0.066886
2025-06-15 20:00:00,0.0
2025-06-15 21:00:00,0.0
2025-06-15 22:00:00,0.0
2025-06-15 23:00:00,0.0
2025-06-16 00:00:00,0.0
2025-06-16 01:00:00,0.0
2025-06-16 02:00:00,0.0
2025-06-16 03:00:00,0.0
2025-06-16 04:00:00,0.0
2025-06-16 05:00:00,0.0
2025-06-16 06:00:00,0.13028552
2025-06-16 07:00:00,0.344575
2025-06-16 08:00:00,0.6387382
2025-06-16 09:00:00,0.5646660400000001
2025-06-16 10:00:00,0.75999088
2025-06-16 11:00:00,1.5119626800000001
2025-06-16 12:00:00,1.6730864799999998
2025-06-16 13:00:00,1.68681408
2025-06-16 14:00:00,1.46444068
2025-06-16 15:00:00,1.5624371200000002
2025-06-16 16:00:00,0.9882846400000002
2025-06-16 17:00:00,0.62937132
2025-06-16 18:00:00,0.30811723999999996
2025-06-16 19:00:00,0.06520904000000001
2025-06-16 20:00:00,0.0
2025-06-16 21:00:00,0.0
2025-06-16 22:00:00,0.0
2025-06-16 23:00:00,0.0
2025-06-17 00:00:00,0.0
2025-06-17 01:00:00,0.0
2025-06-17 02:00:00,0.0
2025-06-17 03:00:00,0.0
2025-06-17 04:00:00,0.0
2025-06-17 05:00:00,0.0
2025-06-17 06:00:00,0.007586119999999999
2025-06-17 07:00:00,0.11774536
2025-06-17 08:00:00,0.1577452
2025-06-17 09:00:00,0.26923412
2025-06-17 10:00:00,0.5496403200000001
2025-06-17 11:00:00,0.6620836400000001
2025-06-17 12:00:00,1.02418404
2025-06-17 13:00:00,1.1656732
2025-06-17 14:00:00,1.1788707999999999
2025-06-17 15:00:00,2.41691172
2025-06-17 16:00:00,1.8117242800000002
2025-06-17 17:00:00,1.02930144
2025-06-17 18:00:00,0.29379364
2025-06-17 19:00:00,0.061514759999999995
2025-06-17 20:00:00,0.0
2025-06-17 21:00:00,0.0
2025-06-17 22:00:00,0.0
2025-06-17 23:00:00,0.0
2025-06-18 00:00:00,0.0
2025-06-18 01:00:00,0.0
2025-06-18 02:00:00,0.0
2025-06-18 03:00:00,0.0
2025-06-18 04:00:00,0.0
2025-06-18 05:00:00,0.0
2025-06-18 06:00:00,0.013151600000000001
2025-06-18 07:00:00,0.3567592
2025-06-18 08:00:00,1.6756553600000001
2025-06-18 09:00:00,2.3195494
2025-06-18 10:00:00,2.0990525200000003
2025-06-18 11:00:00,1.00597904
2025-06-18 12:00:00,0.95698604
2025-06-18 13:00:00,3.2226388000000004
2025-06-18 14:00:00,1.8459958
2025-06-18 15:00:00,0.44906532
2025-06-18 16:00:00,1.8889799600000001
2025-06-18 17:00:00,1.0695846
2025-06-18 18:00:00,0.29335056000000004
2025-06-18 19:00:00,0.0638912
2025-06-18 20:00:00,0.0
2025-06-18 21:00:00,0.0
2025-06-18 22:00:00,0.0
2025-06-18 23:00:00,0.0
2025-06-19 00:00:00,0.0
2025-06-19 01:00:00,0.0
2025-06-19 02:00:00,0.0
2025-06-19 03:00:00,0.0
2025-06-19 04:00:00,0.0
2025-06-19 05:00:00,0.0
2025-06-19 06:00:00,0.18729020000000002
2025-06-19 07:00:00,0.84516076
2025-06-19 08:00:00,1.6720728
2025-06-19 09:00:00,0.9183217200000001
2025-06-19 10:00:00,0.75499572
2025-06-19 11:00:00,0.9870715200000001
2025-06-19 12:00:00,1.20718392
2025-06-19 13:00:00,1.1363864
2025-06-19 14:00:00,1.30329296
2025-06-19 15:00:00,1.64583876
2025-06-19 16:00:00,1.3046811600000001
2025-06-19 17:00:00,1.06296976
2025-06-19 18:00:00,0.29271476
2025-06-19 19:00:00,0.06770968
2025-06-19 20:00:00,0.0
2025-06-19 21:00:00,0.0
2025-06-19 22:00:00,0.0
2025-06-19 23:00:00,0.0
2025-06-20 00:00:00,0.0
2025-06-20 01:00:00,0.0
2025-06-20 02:00:00,0.0
2025-06-20 03:00:00,0.0
2025-06-20 04:00:00,0.0
2025-06-20 05:00:00,0.0
2025-06-20 06:00:00,0.1548132
2025-06-20 07:00:00,0.03278668
2025-06-20 08:00:00,0.25870348000000004
2025-06-20 09:00:00,0.29756
2025-06-20 10:00:00,2.8308923599999996
2025-06-20 11:00:00,0.52306396
2025-06-20 12:00:00,0.53104868
2025-06-20 13:00:00,0.3758426
2025-06-20 14:00:00,2.9376041600000002
2025-06-20 15:00:00,0.90442252
2025-06-20 16:00:00,0.46260951999999994
2025-06-20 17:00:00,1.07322964
2025-06-20 18:00:00,0.27829948000000004
2025-06-20 19:00:00,0.06263992
2025-06-20 20:00:00,0.0
2025-06-20 21:00:00,0.0
2025-06-20 22:00:00,0.0
2025-06-20 23:00:00,0.0
2025-06-21 00:00:00,0.0
2025-06-21 01:00:00,0.0
2025-06-21 02:00:00,0.0
2025-06-21 03:00:00,0.0
2025-06-21 04:00:00,0.0
2025-06-21 05:00:00,0.0
2025-06-21 06:00:00,0.013106600000000001
2025-06-21 07:00:00,0.10327688
2025-06-21 08:00:00,0.4427044
2025-06-21 09:00:00,0.22993676000000002
2025-06-21 10:00:00,0.4494769600000001
2025-06-21 11:00:00,1.33491924
2025-06-21 12:00:00,0.8721334000000001
2025-06-21 13:00:00,1.0036182
2025-06-21 14:00:00,1.4695795999999999
2025-06-21 15:00:00,1.3429950800000001
2025-06-21 16:00:00,1.88054548
2025-06-21 17:00:00,1.074587
2025-06-21 18:00:00,0.28071567999999997
2025-06-21 19:00:00,0.06239684
2025-06-21 20:00:00,0.0
2025-06-21 21:00:00,0.0
2025-06-21 22:00:00,0.0
2025-06-21 23:00:00,0.0
2025-06-22 00:00:00,0.0
2025-06-22 01:00:00,0.0
2025-06-22 02:00:00,0.0
2025-06-22 03:00:00,0.0
2025-06-22 04:00:00,0.0
2025-06-22 05:00:00,0.0
2025-06-22 06:00:00,0.15448468
2025-06-22 07:00:00,0.8709489599999999
2025-06-22 08:00:00,0.63180872
2025-06-22 09:00:00,1.33612688
2025-06-22 10:00:00,2.82745248
2025-06-22 11:00:00,3.1238746399999995
2025-06-22 12:00:00,3.2443573599999995
2025-06-22 13:00:00,3.18729168
2025-06-22 14:00:00,2.9231874400000004
2025-06-22 15:00:00,2.49083976
2025-06-22 16:00:00,1.87830648
2025-06-22 17:00:00,1.06869372
2025-06-22 18:00:00,0.2838874
2025-06-22 19:00:00,0.06191792
2025-06-22 20:00:00,0.0
2025-06-22 21:00:00,0.0
2025-06-22 22:00:00,0.0
2025-06-22 23:00:00,0.0
2025-06-23 00:00:00,0.0
2025-06-23 01:00:00,0.0
2025-06-23 02:00:00,0.0
2025-06-23 03:00:00,0.0
2025-06-23 04:00:00,0.0
2025-06-23 05:00:00,0.0
2025-06-23 06:00:00,0.15001688
2025-06-23 07:00:00,0.8626439200000001
2025-06-23 08:00:00,1.69036
2025-06-23 09:00:00,2.28823536
2025-06-23 10:00:00,2.7097665600000003
2025-06-23 11:00:00,2.94872412
2025-06-23 12:00:00,3.0797000800000003
2025-06-23 13:00:00,3.04754056
2025-06-23 14:00:00,2.8355148
2025-06-23 15:00:00,2.4249166399999997
2025-06-23 16:00:00,1.84983704
2025-06-23 17:00:00,1.05650092
2025-06-23 18:00:00,0.27646331999999996
2025-06-23 19:00:00,0.062006000000000006
2025-06-23 20:00:00,0.0
2025-06-23 21:00:00,0.0
2025-06-23 22:00:00,0.0
2025-06-23 23:00:00,0.0
2025-06-24 00:00:00,0.0
2025-06-24 01:00:00,0.0
2025-06-24 02:00:00,0.0
2025-06-24 03:00:00,0.0
2025-06-24 04:00:00,0.0
2025-06-24 05:00:00,0.0
2025-06-24 06:00:00,0.14324096
2025-06-24 07:00:00,0.8445936
2025-06-24 08:00:00,1.67408816
2025-06-24 09:00:00,2.30517524
2025-06-24 10:00:00,2.77233456
2025-06-24 11:00:00,3.05124344
2025-06-24 12:00:00,3.14341344
2025-06-24 13:00:00,3.05264852
2025-06-24 14:00:00,2.79562376
2025-06-24 15:00:00,2.37569184
2025-06-24 16:00:00,1.8109207999999999
2025-06-24 17:00:00,1.04279484
2025-06-24 18:00:00,0.27364580000000005
2025-06-24 19:00:00,0.05983136000000001
2025-06-24 20:00:00,0.0
2025-06-24 21:00:00,0.0
2025-06-24 22:00:00,0.0
2025-06-24 23:00:00,0.0
2025-06-25 00:00:00,0.0
2025-06-25 01:00:00,0.0
2025-06-25 02:00:00,0.0
2025-06-25 03:00:00,0.0
2025-06-25 04:00:00,0.0
2025-06-25 05:00:00,0.0
2025-06-25 06:00:00,0.14681683999999998
2025-06-25 07:00:00,0.83893264
2025-06-25 08:00:00,1.6737048800000003
2025-06-25 09:00:00,2.30961184
2025-06-25 10:00:00,2.7839094400000004
2025-06-25 11:00:00,3.0741783199999997
2025-06-25 12:00:00,3.1744474400000002
2025-06-25 13:00:00,3.08876212
2025-06-25 14:00:00,2.83147172
2025-06-25 15:00:00,2.4104487199999998
2025-06-25 16:00:00,1.83056104
2025-06-25 17:00:00,1.05146552
2025-06-25 18:00:00,0.2799552
2025-06-25 19:00:00,0.0627284
2025-06-25 20:00:00,0.0
2025-06-25 21:00:00,0.0
2025-06-25 22:00:00,0.0
2025-06-25 23:00:00,0.0
2025-06-26 00:00:00,0.0
2025-06-26 01:00:00,0.0
2025-06-26 02:00:00,0.0
2025-06-26 03:00:00,0.0
2025-06-26 04:00:00,0.0
2025-06-26 05:00:00,0.0
2025-06-26 06:00:00,0.14688943999999998
2025-06-26 07:00:00,0.81910968
2025-06-26 08:00:00,1.61483036
2025-06-26 09:00:00,2.2229455600000003
2025-06-26 10:00:00,2.67978684
2025-06-26 11:00:00,2.9787723200000005
2025-06-26 12:00:00,3.1161877600000003
2025-06-26 13:00:00,3.06484832
2025-06-26 14:00:00,2.8335066799999997
2025-06-26 15:00:00,2.41995248
2025-06-26 16:00:00,1.8434159200000002
2025-06-26 17:00:00,1.06493696
2025-06-26 18:00:00,0.28052624000000004
2025-06-26 19:00:00,0.06102048
2025-06-26 20:00:00,0.0
2025-06-26 21:00:00,0.0
2025-06-26 22:00:00,0.0
2025-06-26 23:00:00,0.0
2025-06-27 00:00:00,0.0
2025-06-27 01:00:00,0.0
2025-06-27 02:00:00,0.0
2025-06-27 03:00:00,0.0
2025-06-27 04:00:00,0.0
2025-06-27 05:00:00,0.0
2025-06-27 06:00:00,0.15052088
2025-06-27 07:00:00,0.8564944800000001
2025-06-27 08:00:00,1.7092507600000002
2025-06-27 09:00:00,2.34848308
2025-06-27 10:00:00,2.8252772800000003
2025-06-27 11:00:00,3.11650944
2025-06-27 12:00:00,3.24129608
2025-06-27 13:00:00,3.18680776
2025-06-27 14:00:00,2.9440290000000005
2025-06-27 15:00:00,2.50469856
2025-06-27 16:00:00,1.8994522800000002
2025-06-27 17:00:00,1.08471464
2025-06-27 18:00:00,0.28319116
2025-06-27 19:00:00,0.05679232
2025-06-27 20:00:00,0.0
2025-06-27 21:00:00,0.0
2025-06-27 22:00:00,0.0
2025-06-27 23:00:00,0.0
2025-06-28 00:00:00,0.0
2025-06-28 01:00:00,0.0
2025-06-28 02:00:00,0.0
2025-06-28 03:00:00,0.0
2025-06-28 04:00:00,0.0
2025-06-28 05:00:00,0.0
2025-06-28 06:00:00,0.14553404
2025-06-28 07:00:00,0.87060804
2025-06-28 08:00:00,1.7582298
2025-06-28 09:00:00,2.42331188
2025-06-28 10:00:00,2.92157632
2025-06-28 11:00:00,3.2234185600000007
2025-06-28 12:00:00,3.33888244
2025-06-28 13:00:00,3.2677938400000004
2025-06-28 14:00:00,3.0050405999999996
2025-06-28 15:00:00,2.5351242000000003
2025-06-28 16:00:00,1.9217954
2025-06-28 17:00:00,1.10400652
2025-06-28 18:00:00,0.2906064
2025-06-28 19:00:00,0.06436928
2025-06-28 20:00:00,0.0
2025-06-28 21:00:00,0.0
2025-06-28 22:00:00,0.0
2025-06-28 23:00:00,0.0
2025-06-29 00:00:00,0.0
2025-06-29 01:00:00,0.0
2025-06-29 02:00:00,0.0
2025-06-29 03:00:00,0.0
2025-06-29 04:00:00,0.0
2025-06-29 05:00:00,0.0
2025-06-29 06:00:00,0.14258888
2025-06-29 07:00:00,0.86795768
2025-06-29 08:00:00,1.73179956
2025-06-29 09:00:00,2.37357044
2025-06-29 10:00:00,2.8276396399999997
2025-06-29 11:00:00,3.0993088
2025-06-29 12:00:00,3.2071220799999995
2025-06-29 13:00:00,3.15606404
2025-06-29 14:00:00,2.93163968
2025-06-29 15:00:00,2.50803544
2025-06-29 16:00:00,1.9050300000000002
2025-06-29 17:00:00,1.0986044000000001
2025-06-29 18:00:00,0.2939364
2025-06-29 19:00:00,0.06187856
2025-06-29 20:00:00,0.0
2025-06-29 21:00:00,0.0
2025-06-29 22:00:00,0.0
2025-06-29 23:00:00,0.0
2025-06-30 00:00:00,0.0
2025-06-30 01:00:00,0.0
2025-06-30 02:00:00,0.0
2025-06-30 03:00:00,0.0
2025-06-30 04:00:00,0.0
2025-06-30 05:00:00,0.0
2025-06-30 06:00:00,0.13936568
2025-06-30 07:00:00,0.86408336
2025-06-30 08:00:00,1.7207552799999999
2025-06-30 09:00:00,2.33537828
2025-06-30 10:00:00,2.7515809200000003
2025-06-30 11:00:00,3.0365516400000003
2025-06-30 12:00:00,3.18493304
2025-06-30 13:00:00,3.14575284
2025-06-30 14:00:00,2.91259244
2025-06-30 15:00:00,2.4767938800000002
2025-06-30 16:00:00,1.89153968
2025-06-30 17:00:00,1.09524732
2025-06-30 18:00:00,0.29012024000000003
2025-06-30 19:00:00,0.058824440000000006
2025-06-30 20:00:00,0.0
2025-06-30 21:00:00,0.0
2025-06-30 22:00:00,0.0
2025-06-30 23:00:00,0.0
2025-07-01 00:00:00,0.0
2025-07-01 01:00:00,0.0
2025-07-01 02:00:00,0.0
2025-07-01 03:00:00,0.0
2025-07-01 04:00:00,0.0
2025-07-01 05:00:00,0.0
2025-07-01 06:00:00,0.13739948
2025-07-01 07:00:00,0.864731
2025-07-01 08:00:00,1.75032724
2025-07-01 09:00:00,2.42108868
2025-07-01 10:00:00,2.9116658
2025-07-01 11:00:00,3.2109020000000004
2025-07-01 12:00:00,3.30004996
2025-07-01 13:00:00,3.20073296
2025-07-01 14:00:00,2.91643708
2025-07-01 15:00:00,2.46642944
2025-07-01 16:00:00,1.87393056
2025-07-01 17:00:00,1.0844980000000002
2025-07-01 18:00:00,0.290619
2025-07-01 19:00:00,0.05809748
2025-07-01 20:00:00,0.0
2025-07-01 21:00:00,0.0
2025-07-01 22:00:00,0.0
2025-07-01 23:00:00,0.0
2025-07-02 00:00:00,0.0
2025-07-02 01:00:00,0.0
2025-07-02 02:00:00,0.0
2025-07-02 03:00:00,0.0
2025-07-02 04:00:00,0.0
2025-07-02 05:00:00,0.0
2025-07-02 06:00:00,0.13048247999999998
2025-07-02 07:00:00,0.84117628
2025-07-02 08:00:00,1.70139312
2025-07-02 09:00:00,2.36131884
2025-07-02 10:00:00,2.84035592
2025-07-02 11:00:00,3.1437402000000003
2025-07-02 12:00:00,3.24814568
2025-07-02 13:00:00,3.1614562800000003
2025-07-02 14:00:00,2.8949806800000006
2025-07-02 15:00:00,2.4590012
2025-07-02 16:00:00,1.869769
2025-07-02 17:00:00,1.0807824400000001
2025-07-02 18:00:00,0.28696404
2025-07-02 19:00:00,0.057668080000000004
2025-07-02 20:00:00,0.0
2025-07-02 21:00:00,0.0
2025-07-02 22:00:00,0.0
2025-07-02 23:00:00,0.0
2025-07-03 00:00:00,0.0
2025-07-03 01:00:00,0.0
2025-07-03 02:00:00,0.0
2025-07-03 03:00:00,0.0
2025-07-03 04:00:00,0.0
2025-07-03 05:00:00,0.0
2025-07-03 06:00:00,0.12809436
2025-07-03 07:00:00,0.8321411999999999
2025-07-03 08:00:00,1.69300708
2025-07-03 09:00:00,2.3539482
2025-07-03 10:00:00,2.84796392
2025-07-03 11:00:00,3.15292132
2025-07-03 12:00:00,3.2737540000000003
2025-07-03 13:00:00,3.19709252
2025-07-03 14:00:00,2.9339540000000004
2025-07-03 15:00:00,2.46514716
2025-07-03 16:00:00,1.86974028
2025-07-03 17:00:00,1.0793629200000001
2025-07-03 18:00:00,0.30631688
2025-07-03 19:00:00,0.06357984
2025-07-03 20:00:00,0.0
2025-07-03 21:00:00,0.0
2025-07-03 22:00:00,0.0
2025-07-03 23:00:00,0.0
2025-07-04 00:00:00,0.0
2025-07-04 01:00:00,0.0
2025-07-04 02:00:00,0.0
2025-07-04 03:00:00,0.0
2025-07-04 04:00:00,0.0
2025-07-04 05:00:00,0.0
2025-07-04 06:00:00,0.14190344
2025-07-04 07:00:00,0.79679064
2025-07-04 08:00:00,1.6395952
2025-07-04 09:00:00,2.2886562400000003
2025-07-04 10:00:00,2.7827361600000002
2025-07-04 11:00:00,3.085406
2025-07-04 12:00:00,3.2079658
2025-07-04 13:00:00,3.13518968
2025-07-04 14:00:00,2.87003344
2025-07-04 15:00:00,2.4335085999999997
2025-07-04 16:00:00,1.84687016
2025-07-04 17:00:00,1.07238312
2025-07-04 18:00:00,0.31605252
2025-07-04 19:00:00,0.06551051999999999
2025-07-04 20:00:00,0.0
2025-07-04 21:00:00,0.0
2025-07-04 22:00:00,0.0
2025-07-04 23:00:00,0.0
2025-07-05 00:00:00,0.0
2025-07-05 01:00:00,0.0
2025-07-05 02:00:00,0.0
2025-07-05 03:00:00,0.0
2025-07-05 04:00:00,0.0
2025-07-05 05:00:00,0.0
2025-07-05 06:00:00,0.15259124
2025-07-05 07:00:00,0.7823406800000001
2025-07-05 08:00:00,1.57705644
2025-07-05 09:00:00,2.17262156
2025-07-05 10:00:00,2.63863952
2025-07-05 11:00:00,2.9801584
2025-07-05 12:00:00,3.15381348
2025-07-05 13:00:00,3.1208650799999997
2025-07-05 14:00:00,2.89449328
2025-07-05 15:00:00,2.4454063600000002
2025-07-05 16:00:00,1.8681407199999998
2025-07-05 17:00:00,1.0863610000000001
2025-07-05 18:00:00,0.42063236
2025-07-05 19:00:00,0.0646246
2025-07-05 20:00:00,0.0
2025-07-05 21:00:00,0.0
2025-07-05 22:00:00,0.0
2025-07-05 23:00:00,0.0
2025-07-06 00:00:00,0.0
2025-07-06 01:00:00,0.0
2025-07-06 02:00:00,0.0
2025-07-06 03:00:00,0.0
2025-07-06 04:00:00,0.0
2025-07-06 05:00:00,0.0
2025-07-06 06:00:00,0.1270016
2025-07-06 07:00:00,0.8070398
2025-07-06 08:00:00,1.65820416
2025-07-06 09:00:00,2.3039684
2025-07-06 10:00:00,2.7949190000000006
2025-07-06 11:00:00,1.8219420000000002
2025-07-06 12:00:00,1.90066616
2025-07-06 13:00:00,1.8821278000000001
2025-07-06 14:00:00,2.9662003200000004
2025-07-06 15:00:00,2.51227688
2025-07-06 16:00:00,1.90462996
2025-07-06 17:00:00,1.10143104
2025-07-06 18:00:00,0.29550608
2025-07-06 19:00:00,0.05439088
2025-07-06 20:00:00,0.0
2025-07-06 21:00:00,0.0
2025-07-06 22:00:00,0.0
2025-07-06 23:00:00,0.0
2025-07-07 00:00:00,0.0
2025-07-07 01:00:00,0.0
2025-07-07 02:00:00,0.0
2025-07-07 03:00:00,0.0
2025-07-07 04:00:00,0.0
2025-07-07 05:00:00,0.0
2025-07-07 06:00:00,0.13214440000000002
2025-07-07 07:00:00,0.7828763200000001
2025-07-07 08:00:00,1.62004796
2025-07-07 09:00:00,2.2723756400000004
2025-07-07 10:00:00,2.7701587599999997
2025-07-07 11:00:00,3.07826636
2025-07-07 12:00:00,3.22414984
2025-07-07 13:00:00,3.17416916
2025-07-07 14:00:00,2.9289941600000002
2025-07-07 15:00:00,2.48662564
2025-07-07 16:00:00,1.8771804
2025-07-07 17:00:00,1.0812925199999999
2025-07-07 18:00:00,0.3320812799999999
2025-07-07 19:00:00,0.07034204
2025-07-07 20:00:00,0.0
2025-07-07 21:00:00,0.0
2025-07-07 22:00:00,0.0
2025-07-07 23:00:00,0.0
2025-07-08 00:00:00,0.0
2025-07-08 01:00:00,0.0
2025-07-08 02:00:00,0.0
2025-07-08 03:00:00,0.0
2025-07-08 04:00:00,0.0
2025-07-08 05:00:00,0.0
2025-07-08 06:00:00,0.14833872
2025-07-08 07:00:00,0.7539839200000001
2025-07-08 08:00:00,0.44410328
2025-07-08 09:00:00,0.9436580400000001
2025-07-08 10:00:00,2.64448084
2025-07-08 11:00:00,2.9378935999999998
2025-07-08 12:00:00,3.10982084
2025-07-08 13:00:00,3.0698328000000004
2025-07-08 14:00:00,2.8352774
2025-07-08 15:00:00,2.41823868
2025-07-08 16:00:00,1.83466868
2025-07-08 17:00:00,1.0604962
2025-07-08 18:00:00,0.32538464
2025-07-08 19:00:00,0.06808696
2025-07-08 20:00:00,0.0
2025-07-08 21:00:00,0.0
2025-07-08 22:00:00,0.0
2025-07-08 23:00:00,0.0
2025-07-09 00:00:00,0.0
2025-07-09 01:00:00,0.0
2025-07-09 02:00:00,0.0
2025-07-09 03:00:00,0.0
2025-07-09 04:00:00,0.0
2025-07-09 05:00:00,0.0
2025-07-09 06:00:00,0.13982316
2025-07-09 07:00:00,0.77920584
2025-07-09 08:00:00,1.6129818
2025-07-09 09:00:00,2.2613849600000004
2025-07-09 10:00:00,2.74319656
2025-07-09 11:00:00,3.05371776
2025-07-09 12:00:00,3.1774370400000005
2025-07-09 13:00:00,3.1227764399999995
2025-07-09 14:00:00,2.890022
2025-07-09 15:00:00,2.4751133999999997
2025-07-09 16:00:00,1.89243656
2025-07-09 17:00:00,1.0992852800000001
2025-07-09 18:00:00,0.29322296
2025-07-09 19:00:00,0.0570818
2025-07-09 20:00:00,0.0
2025-07-09 21:00:00,0.0
2025-07-09 22:00:00,0.0
2025-07-09 23:00:00,0.0
2025-07-10 00:00:00,0.0
2025-07-10 01:00:00,0.0
2025-07-10 02:00:00,0.0
2025-07-10 03:00:00,0.0
2025-07-10 04:00:00,0.0
2025-07-10 05:00:00,0.0
2025-07-10 06:00:00,0.12174276
2025-07-10 07:00:00,0.82015264
2025-07-10 08:00:00,1.70154752
2025-07-10 09:00:00,2.36431616
2025-07-10 10:00:00,2.84715744
2025-07-10 11:00:00,3.1380258000000003
2025-07-10 12:00:00,3.2478260800000003
2025-07-10 13:00:00,3.17708636
2025-07-10 14:00:00,2.9290184000000004
2025-07-10 15:00:00,2.4896156
2025-07-10 16:00:00,1.8971138399999998
2025-07-10 17:00:00,1.10030592
2025-07-10 18:00:00,0.2953388
2025-07-10 19:00:00,0.0613342
2025-07-10 20:00:00,0.0
2025-07-10 21:00:00,0.0
2025-07-10 22:00:00,0.0
2025-07-10 23:00:00,0.0
2025-07-11 00:00:00,0.0
2025-07-11 01:00:00,0.0
2025-07-11 02:00:00,0.0
2025-07-11 03:00:00,0.0
2025-07-11 04:00:00,0.0
2025-07-11 05:00:00,0.0
2025-07-11 06:00:00,0.12119484
2025-07-11 07:00:00,0.8199704400000001
2025-07-11 08:00:00,1.6855056
2025-07-11 09:00:00,2.31658992
2025-07-11 10:00:00,2.7146541600000003
2025-07-11 11:00:00,2.9115462400000003
2025-07-11 12:00:00,3.0356938
2025-07-11 13:00:00,3.02764348
2025-07-11 14:00:00,2.8264484800000003
2025-07-11 15:00:00,2.43343512
2025-07-11 16:00:00,1.8673315599999998
2025-07-11 17:00:00,1.08320744
2025-07-11 18:00:00,0.29253692000000003
2025-07-11 19:00:00,0.05608092
2025-07-11 20:00:00,0.0
2025-07-11 21:00:00,0.0
2025-07-11 22:00:00,0.0
2025-07-11 23:00:00,0.0
2025-07-12 00:00:00,0.0
2025-07-12 01:00:00,0.0
2025-07-12 02:00:00,0.0
2025-07-12 03:00:00,0.0
2025-07-12 04:00:00,0.0
2025-07-12 05:00:00,0.0
2025-07-12 06:00:00,0.14174184
2025-07-12 07:00:00,0.74218732
2025-07-12 08:00:00,1.5131471599999997
2025-07-12 09:00:00,2.1021378
2025-07-12 10:00:00,2.52761376
2025-07-12 11:00:00,2.47660072
2025-07-12 12:00:00,2.92548816
2025-07-12 13:00:00,2.8873042800000004
2025-07-12 14:00:00,2.4026013600000002
2025-07-12 15:00:00,2.23362604
2025-07-12 16:00:00,1.6692521599999999
2025-07-12 17:00:00,0.9979597199999999
2025-07-12 18:00:00,0.44307724
2025-07-12 19:00:00,0.06593288
2025-07-12 20:00:00,0.0
2025-07-12 21:00:00,0.0
2025-07-12 22:00:00,0.0
2025-07-12 23:00:00,0.0
2025-07-13 00:00:00,0.0
2025-07-13 01:00:00,0.0
2025-07-13 02:00:00,0.0
2025-07-13 03:00:00,0.0
2025-07-13 04:00:00,0.0
2025-07-13 05:00:00,0.0
2025-07-13 06:00:00,0.16680612
2025-07-13 07:00:00,0.69756224
2025-07-13 08:00:00,1.4265472
2025-07-13 09:00:00,2.0303406400000004
2025-07-13 10:00:00,2.50867116
2025-07-13 11:00:00,2.81155972
2025-07-13 12:00:00,2.97600976
2025-07-13 13:00:00,2.93269468
2025-07-13 14:00:00,2.7064970799999997
2025-07-13 15:00:00,2.2866766000000003
2025-07-13 16:00:00,1.7316145600000001
2025-07-13 17:00:00,1.02246468
2025-07-13 18:00:00,0.34378532
2025-07-13 19:00:00,0.06661128
2025-07-13 20:00:00,0.0
2025-07-13 21:00:00,0.0
2025-07-13 22:00:00,0.0
2025-07-13 23:00:00,0.0
2025-07-14 00:00:00,0.0
2025-07-14 01:00:00,0.0
2025-07-14 02:00:00,0.0
2025-07-14 03:00:00,0.0
2025-07-14 04:00:00,0.0
2025-07-14 05:00:00,0.0
2025-07-14 06:00:00,0.1447244
2025-07-14 07:00:00,0.7298475999999999
2025-07-14 08:00:00,1.51094036
2025-07-14 09:00:00,2.09887728
2025-07-14 10:00:00,2.508661
2025-07-14 11:00:00,2.8401458
2025-07-14 12:00:00,2.9924441600000007
2025-07-14 13:00:00,2.96666924
2025-07-14 14:00:00,2.74974688
2025-07-14 15:00:00,2.3601246000000002
2025-07-14 16:00:00,1.7999505199999999
2025-07-14 17:00:00,1.05411496
2025-07-14 18:00:00,0.31761128000000005
2025-07-14 19:00:00,0.06266432
2025-07-14 20:00:00,0.0
2025-07-14 21:00:00,0.0
2025-07-14 22:00:00,0.0
2025-07-14 23:00:00,0.0
2025-07-15 00:00:00,0.0
2025-07-15 01:00:00,0.0
2025-07-15 02:00:00,0.0
2025-07-15 03:00:00,0.0
2025-07-15 04:00:00,0.0
2025-07-15 05:00:00,0.0
2025-07-15 06:00:00,0.13074644000000002
2025-07-15 07:00:00,0.75582488
2025-07-15 08:00:00,1.5584385999999997
2025-07-15 09:00:00,2.1684985200000004
2025-07-15 10:00:00,2.6349913199999997
2025-07-15 11:00:00,2.9560956400000005
2025-07-15 12:00:00,3.07979048
2025-07-15 13:00:00,3.0510997200000003
2025-07-15 14:00:00,2.824985
2025-07-15 15:00:00,2.42931976
2025-07-15 16:00:00,1.85250076
2025-07-15 17:00:00,1.08590344
2025-07-15 18:00:00,0.3079708
2025-07-15 19:00:00,0.06479172
2025-07-15 20:00:00,0.0
2025-07-15 21:00:00,0.0
2025-07-15 22:00:00,0.0
2025-07-15 23:00:00,0.0
2025-07-16 00:00:00,0.0
2025-07-16 01:00:00,0.0
2025-07-16 02:00:00,0.0
2025-07-16 03:00:00,0.0
2025-07-16 04:00:00,0.0
2025-07-16 05:00:00,0.0
2025-07-16 06:00:00,0.15710152
2025-07-16 07:00:00,0.7136676799999999
2025-07-16 08:00:00,1.4946889199999998
2025-07-16 09:00:00,2.12744832
2025-07-16 10:00:00,2.5926578
2025-07-16 11:00:00,2.8802071999999996
2025-07-16 12:00:00,2.9888338
2025-07-16 13:00:00,2.935359
2025-07-16 14:00:00,2.6949807600000004
2025-07-16 15:00:00,2.28925456
2025-07-16 16:00:00,1.7202946
2025-07-16 17:00:00,0.9908453200000001
2025-07-16 18:00:00,0.38144972000000005
2025-07-16 19:00:00,0.06262756
2025-07-16 20:00:00,0.0
2025-07-16 21:00:00,0.0
2025-07-16 22:00:00,0.0
2025-07-16 23:00:00,0.0
2025-07-17 00:00:00,0.0
2025-07-17 01:00:00,0.0
2025-07-17 02:00:00,0.0
2025-07-17 03:00:00,0.0
2025-07-17 04:00:00,0.0
2025-07-17 05:00:00,0.0
2025-07-17 06:00:00,0.16040736000000003
2025-07-17 07:00:00,0.6473176
2025-07-17 08:00:00,1.34328256
2025-07-17 09:00:00,1.97018964
2025-07-17 10:00:00,2.2061567600000003
2025-07-17 11:00:00,2.8110426400000006
2025-07-17 12:00:00,2.93374076
2025-07-17 13:00:00,2.87784072
2025-07-17 14:00:00,2.6345059200000005
2025-07-17 15:00:00,2.2306274
2025-07-17 16:00:00,1.6824882399999999
2025-07-17 17:00:00,1.00728672
2025-07-17 18:00:00,0.37875767999999993
2025-07-17 19:00:00,0.062492200000000005
2025-07-17 20:00:00,0.0
2025-07-17 21:00:00,0.0
2025-07-17 22:00:00,0.0
2025-07-17 23:00:00,0.0
2025-07-18 00:00:00,0.0
2025-07-18 01:00:00,0.0
2025-07-18 02:00:00,0.0
2025-07-18 03:00:00,0.0
2025-07-18 04:00:00,0.0
2025-07-18 05:00:00,0.0
2025-07-18 06:00:00,0.16112576
2025-07-18 07:00:00,0.674602
2025-07-18 08:00:00,1.3942071200000001
2025-07-18 09:00:00,1.9961856400000002
2025-07-18 10:00:00,2.44530716
2025-07-18 11:00:00,2.31704716
2025-07-18 12:00:00,2.9561476799999995
2025-07-18 13:00:00,2.94673888
2025-07-18 14:00:00,2.3390112
2025-07-18 15:00:00,2.0888725200000002
2025-07-18 16:00:00,1.6032852400000002
2025-07-18 17:00:00,0.99685512
2025-07-18 18:00:00,0.40536068000000003
2025-07-18 19:00:00,0.07054184000000001
2025-07-18 20:00:00,0.0
2025-07-18 21:00:00,0.0
2025-07-18 22:00:00,0.0
2025-07-18 23:00:00,0.0
2025-07-19 00:00:00,0.0
2025-07-19 01:00:00,0.0
2025-07-19 02:00:00,0.0
2025-07-19 03:00:00,0.0
2025-07-19 04:00:00,0.0
2025-07-19 05:00:00,0.0
2025-07-19 06:00:00,0.10139147999999999
2025-07-19 07:00:00,0.7480386
2025-07-19 08:00:00,1.5978056400000002
2025-07-19 09:00:00,2.24853988
2025-07-19 10:00:00,2.73720016
2025-07-19 11:00:00,3.05468132
2025-07-19 12:00:00,3.22136984
2025-07-19 13:00:00,3.18132032
2025-07-19 14:00:00,2.94278952
2025-07-19 15:00:00,2.4985733999999997
2025-07-19 16:00:00,1.9018635200000003
2025-07-19 17:00:00,1.1017006
2025-07-19 18:00:00,0.29455096000000003
2025-07-19 19:00:00,0.0576908
2025-07-19 20:00:00,0.0
2025-07-19 21:00:00,0.0
2025-07-19 22:00:00,0.0
2025-07-19 23:00:00,0.0
2025-07-20 00:00:00,0.0
2025-07-20 01:00:00,0.0
2025-07-20 02:00:00,0.0
2025-07-20 03:00:00,0.0
2025-07-20 04:00:00,0.0
2025-07-20 05:00:00,0.0
2025-07-20 06:00:00,0.11185352000000001
2025-07-20 07:00:00,0.77238496
2025-07-20 08:00:00,1.6622276000000002
2025-07-20 09:00:00,2.35272284
2025-07-20 10:00:00,2.8689248
2025-07-20 11:00:00,3.1872914800000003
2025-07-20 12:00:00,3.31518736
2025-07-20 13:00:00,3.25801988
2025-07-20 14:00:00,2.9944715200000003
2025-07-20 15:00:00,2.5501556400000003
2025-07-20 16:00:00,1.9328358
2025-07-20 17:00:00,1.1167698400000001
2025-07-20 18:00:00,0.410499
2025-07-20 19:00:00,0.05843992
2025-07-20 20:00:00,0.0
2025-07-20 21:00:00,0.0
2025-07-20 22:00:00,0.0
2025-07-20 23:00:00,0.0
2025-07-21 00:00:00,0.0
2025-07-21 01:00:00,0.0
2025-07-21 02:00:00,0.0
2025-07-21 03:00:00,0.0
2025-07-21 04:00:00,0.0
2025-07-21 05:00:00,0.0
2025-07-21 06:00:00,0.1062434
2025-07-21 07:00:00,0.76890196
2025-07-21 08:00:00,1.65627856
2025-07-21 09:00:00,2.35168008
2025-07-21 10:00:00,2.8718688400000003
2025-07-21 11:00:00,3.18986668
2025-07-21 12:00:00,3.3101863600000003
2025-07-21 13:00:00,3.24484172
2025-07-21 14:00:00,2.97955732
2025-07-21 15:00:00,2.52899884
2025-07-21 16:00:00,1.9208862
2025-07-21 17:00:00,1.1049284400000001
2025-07-21 18:00:00,0.29163844
2025-07-21 19:00:00,0.05350564
2025-07-21 20:00:00,0.0
2025-07-21 21:00:00,0.0
2025-07-21 22:00:00,0.0
2025-07-21 23:00:00,0.0
2025-07-22 00:00:00,0.0
2025-07-22 01:00:00,0.0
2025-07-22 02:00:00,0.0
2025-07-22 03:00:00,0.0
2025-07-22 04:00:00,0.0
2025-07-22 05:00:00,0.0
2025-07-22 06:00:00,0.10052871999999999
2025-07-22 07:00:00,0.77448608
2025-07-22 08:00:00,1.6621678800000002
2025-07-22 09:00:00,2.34719568
2025-07-22 10:00:00,2.84803632
2025-07-22 11:00:00,3.15276004
2025-07-22 12:00:00,3.25381312
2025-07-22 13:00:00,3.1863124
2025-07-22 14:00:00,2.9329562800000004
2025-07-22 15:00:00,2.4932602
2025-07-22 16:00:00,1.8907398800000002
2025-07-22 17:00:00,1.0878281200000002
2025-07-22 18:00:00,0.28628948
2025-07-22 19:00:00,0.053641400000000006
2025-07-22 20:00:00,0.0
2025-07-22 21:00:00,0.0
2025-07-22 22:00:00,0.0
2025-07-22 23:00:00,0.0
2025-07-23 00:00:00,0.0
2025-07-23 01:00:00,0.0
2025-07-23 02:00:00,0.0
2025-07-23 03:00:00,0.0
2025-07-23 04:00:00,0.0
2025-07-23 05:00:00,0.0
2025-07-23 06:00:00,0.09510528000000001
2025-07-23 07:00:00,0.77142156
2025-07-23 08:00:00,1.6528704000000003
2025-07-23 09:00:00,2.30914832
2025-07-23 10:00:00,2.76593892
2025-07-23 11:00:00,3.0366293199999994
2025-07-23 12:00:00,3.15118024
2025-07-23 13:00:00,3.1144391600000008
2025-07-23 14:00:00,2.8798528000000005
2025-07-23 15:00:00,2.4646742
2025-07-23 16:00:00,1.8760980799999998
2025-07-23 17:00:00,1.07952224
2025-07-23 18:00:00,0.28566068
2025-07-23 19:00:00,0.05102924
2025-07-23 20:00:00,0.0
2025-07-23 21:00:00,0.0
2025-07-23 22:00:00,0.0
2025-07-23 23:00:00,0.0
2025-07-24 00:00:00,0.0
2025-07-24 01:00:00,0.0
2025-07-24 02:00:00,0.0
2025-07-24 03:00:00,0.0
2025-07-24 04:00:00,0.0
2025-07-24 05:00:00,0.0
2025-07-24 06:00:00,0.09766376000000002
2025-07-24 07:00:00,0.748971
2025-07-24 08:00:00,1.62037396
2025-07-24 09:00:00,2.28969404
2025-07-24 10:00:00,2.7801471200000005
2025-07-24 11:00:00,3.07364124
2025-07-24 12:00:00,3.15776464
2025-07-24 13:00:00,3.10025768
2025-07-24 14:00:00,2.86186024
2025-07-24 15:00:00,2.4547795199999998
2025-07-24 16:00:00,1.8639992
2025-07-24 17:00:00,1.07013976
2025-07-24 18:00:00,0.28221063999999996
2025-07-24 19:00:00,0.05153276
2025-07-24 20:00:00,0.0
2025-07-24 21:00:00,0.0
2025-07-24 22:00:00,0.0
2025-07-24 23:00:00,0.0
2025-07-25 00:00:00,0.0
2025-07-25 01:00:00,0.0
2025-07-25 02:00:00,0.0
2025-07-25 03:00:00,0.0
2025-07-25 04:00:00,0.0
2025-07-25 05:00:00,0.0
2025-07-25 06:00:00,0.09846492
2025-07-25 07:00:00,0.7082303999999999
2025-07-25 08:00:00,1.5416573199999999
2025-07-25 09:00:00,2.1836175200000003
2025-07-25 10:00:00,2.6192245200000004
2025-07-25 11:00:00,2.8616529599999994
2025-07-25 12:00:00,2.9073124800000003
2025-07-25 13:00:00,2.90048244
2025-07-25 14:00:00,2.71224488
2025-07-25 15:00:00,2.3211516
2025-07-25 16:00:00,1.75548056
2025-07-25 17:00:00,1.01598956
2025-07-25 18:00:00,0.2923868
2025-07-25 19:00:00,0.05084192
2025-07-25 20:00:00,0.0
2025-07-25 21:00:00,0.0
2025-07-25 22:00:00,0.0
2025-07-25 23:00:00,0.0
2025-07-26 00:00:00,0.0
2025-07-26 01:00:00,0.0
2025-07-26 02:00:00,0.0
2025-07-26 03:00:00,0.0
2025-07-26 04:00:00,0.0
2025-07-26 05:00:00,0.0
2025-07-26 06:00:00,0.09537848
2025-07-26 07:00:00,0.63900412
2025-07-26 08:00:00,1.3916146400000002
2025-07-26 09:00:00,2.01039752
2025-07-26 10:00:00,2.48884024
2025-07-26 11:00:00,2.78159164
2025-07-26 12:00:00,2.989945
2025-07-26 13:00:00,2.92873368
2025-07-26 14:00:00,2.7046812
2025-07-26 15:00:00,2.32038568
2025-07-26 16:00:00,1.76449612
2025-07-26 17:00:00,1.0191524
2025-07-26 18:00:00,0.29473944
2025-07-26 19:00:00,0.053088800000000005
2025-07-26 20:00:00,0.0
2025-07-26 21:00:00,0.0
2025-07-26 22:00:00,0.0
2025-07-26 23:00:00,0.0
2025-07-27 00:00:00,0.0
2025-07-27 01:00:00,0.0
2025-07-27 02:00:00,0.0
2025-07-27 03:00:00,0.0
2025-07-27 04:00:00,0.0
2025-07-27 05:00:00,0.0
2025-07-27 06:00:00,0.092407
2025-07-27 07:00:00,0.72050792
2025-07-27 08:00:00,1.5789522
2025-07-27 09:00:00,2.2379842
2025-07-27 10:00:00,2.71308288
2025-07-27 11:00:00,2.9914810800000002
2025-07-27 12:00:00,3.1166276400000004
2025-07-27 13:00:00,3.0870142
2025-07-27 14:00:00,2.8730468
2025-07-27 15:00:00,2.46239916
2025-07-27 16:00:00,1.8867042800000002
2025-07-27 17:00:00,1.0868494800000001
2025-07-27 18:00:00,0.27132720000000005
2025-07-27 19:00:00,0.049190160000000004
2025-07-27 20:00:00,0.0
2025-07-27 21:00:00,0.0
2025-07-27 22:00:00,0.0
2025-07-27 23:00:00,0.0
2025-07-28 00:00:00,0.0
2025-07-28 01:00:00,0.0
2025-07-28 02:00:00,0.0
2025-07-28 03:00:00,0.0
2025-07-28 04:00:00,0.0
2025-07-28 05:00:00,0.0
2025-07-28 06:00:00,0.08645448
2025-07-28 07:00:00,0.7581823200000001
2025-07-28 08:00:00,1.6467308799999998
2025-07-28 09:00:00,2.31305748
2025-07-28 10:00:00,2.79980184
2025-07-28 11:00:00,3.07651764
2025-07-28 12:00:00,3.1552894000000005
2025-07-28 13:00:00,3.08485516
2025-07-28 14:00:00,2.8636729200000004
2025-07-28 15:00:00,2.43135756
2025-07-28 16:00:00,1.8527866
2025-07-28 17:00:00,1.0562508
2025-07-28 18:00:00,0.28670736
2025-07-28 19:00:00,0.05694292000000001
2025-07-28 20:00:00,0.0
2025-07-28 21:00:00,0.0
2025-07-28 22:00:00,0.0
2025-07-28 23:00:00,0.0
2025-07-29 00:00:00,0.0
2025-07-29 01:00:00,0.0
2025-07-29 02:00:00,0.0
2025-07-29 03:00:00,0.0
2025-07-29 04:00:00,0.0
2025-07-29 05:00:00,0.0
2025-07-29 06:00:00,0.12033567999999999
2025-07-29 07:00:00,0.46604936
2025-07-29 08:00:00,1.44125004
2025-07-29 09:00:00,2.07042076
2025-07-29 10:00:00,2.53855824
2025-07-29 11:00:00,2.8207881199999996
2025-07-29 12:00:00,2.97351968
2025-07-29 13:00:00,2.93776512
2025-07-29 14:00:00,2.7249878
2025-07-29 15:00:00,2.34083724
2025-07-29 16:00:00,1.7717698400000002
2025-07-29 17:00:00,1.0161710800000001
2025-07-29 18:00:00,0.29382672
2025-07-29 19:00:00,0.05525808000000001
2025-07-29 20:00:00,0.0
2025-07-29 21:00:00,0.0
2025-07-29 22:00:00,0.0
2025-07-29 23:00:00,0.0
2025-07-30 00:00:00,0.0
2025-07-30 01:00:00,0.0
2025-07-30 02:00:00,0.0
2025-07-30 03:00:00,0.0
2025-07-30 04:00:00,0.0
2025-07-30 05:00:00,0.0
2025-07-30 06:00:00,0.10103680000000001
2025-07-30 07:00:00,0.70071472
2025-07-30 08:00:00,1.54810096
2025-07-30 09:00:00,2.22734076
2025-07-30 10:00:00,2.7189029999999996
2025-07-30 11:00:00,3.0256784800000003
2025-07-30 12:00:00,3.16885608
2025-07-30 13:00:00,3.1036270000000004
2025-07-30 14:00:00,2.8576965999999997
2025-07-30 15:00:00,2.4293743599999997
2025-07-30 16:00:00,1.83600208
2025-07-30 17:00:00,1.0411700799999999
2025-07-30 18:00:00,0.28495476
2025-07-30 19:00:00,0.05339472
2025-07-30 20:00:00,0.0
2025-07-30 21:00:00,0.0
2025-07-30 22:00:00,0.0
2025-07-30 23:00:00,0.0
2025-07-31 00:00:00,0.0
2025-07-31 01:00:00,0.0
2025-07-31 02:00:00,0.0
2025-07-31 03:00:00,0.0
2025-07-31 04:00:00,0.0
2025-07-31 05:00:00,0.0
2025-07-31 06:00:00,0.09748708
2025-07-31 07:00:00,0.7222028
2025-07-31 08:00:00,1.61253316
2025-07-31 09:00:00,2.31306072
2025-07-31 10:00:00,2.8233706800000005
2025-07-31 11:00:00,3.13350736
2025-07-31 12:00:00,3.2567166800000003
2025-07-31 13:00:00,3.1922505599999997
2025-07-31 14:00:00,2.93437252
2025-07-31 15:00:00,2.49022448
2025-07-31 16:00:00,1.5719114000000003
2025-07-31 17:00:00,0.8936374400000001
2025-07-31 18:00:00,0.1797828
2025-07-31 19:00:00,0.04634908
2025-07-31 20:00:00,0.0
2025-07-31 21:00:00,0.0
2025-07-31 22:00:00,0.0
2025-07-31 23:00:00,0.0
2025-08-01 00:00:00,0.0
2025-08-01 01:00:00,0.0
2025-08-01 02:00:00,0.0
2025-08-01 03:00:00,0.0
2025-08-01 04:00:00,0.0
2025-08-01 05:00:00,0.0
2025-08-01 06:00:00,0.03212524
2025-08-01 07:00:00,0.51795528
2025-08-01 08:00:00,1.6189212800000001
2025-08-01 09:00:00,2.313243
2025-08-01 10:00:00,2.8271675199999997
2025-08-01 11:00:00,3.15565968
2025-08-01 12:00:00,3.26780368
2025-08-01 13:00:00,2.83203668
2025-08-01 14:00:00,2.95100012
2025-08-01 15:00:00,2.239014
2025-08-01 16:00:00,1.8935157599999999
2025-08-01 17:00:00,1.07030392
2025-08-01 18:00:00,0.26411052
2025-08-01 19:00:00,0.04605592
2025-08-01 20:00:00,0.0
2025-08-01 21:00:00,0.0
2025-08-01 22:00:00,0.0
2025-08-01 23:00:00,0.0
2025-08-02 00:00:00,0.0
2025-08-02 01:00:00,0.0
2025-08-02 02:00:00,0.0
2025-08-02 03:00:00,0.0
2025-08-02 04:00:00,0.0
2025-08-02 05:00:00,0.0
2025-08-02 06:00:00,0.12642412
2025-08-02 07:00:00,0.7448092
2025-08-02 08:00:00,1.6541223600000001
2025-08-02 09:00:00,2.34104364
2025-08-02 10:00:00,2.8501708000000003
2025-08-02 11:00:00,3.1321661599999997
2025-08-02 12:00:00,3.21418184
2025-08-02 13:00:00,3.1482344
2025-08-02 14:00:00,2.9124505200000006
2025-08-02 15:00:00,2.48008116
2025-08-02 16:00:00,1.8796018799999998
2025-08-02 17:00:00,1.06502472
2025-08-02 18:00:00,0.2588252
2025-08-02 19:00:00,0.04375572
2025-08-02 20:00:00,0.0
2025-08-02 21:00:00,0.0
2025-08-02 22:00:00,0.0
2025-08-02 23:00:00,0.0
2025-08-03 00:00:00,0.0
2025-08-03 01:00:00,0.0
2025-08-03 02:00:00,0.0
2025-08-03 03:00:00,0.0
2025-08-03 04:00:00,0.0
2025-08-03 05:00:00,0.0
2025-08-03 06:00:00,0.07585452
2025-08-03 07:00:00,0.7235448800000001
2025-08-03 08:00:00,1.6165907199999998
2025-08-03 09:00:00,2.29915752
2025-08-03 10:00:00,2.7925780400000004
2025-08-03 11:00:00,3.08306528
2025-08-03 12:00:00,3.1839698
2025-08-03 13:00:00,3.105123
2025-08-03 14:00:00,2.85485928
2025-08-03 15:00:00,2.41938272
2025-08-03 16:00:00,1.8192539600000002
2025-08-03 17:00:00,1.0224126
2025-08-03 18:00:00,0.23510212
2025-08-03 19:00:00,0.0370158
2025-08-03 20:00:00,0.0
2025-08-03 21:00:00,0.0
2025-08-03 22:00:00,0.0
2025-08-03 23:00:00,0.0
2025-08-04 00:00:00,0.0
2025-08-04 01:00:00,0.0
2025-08-04 02:00:00,0.0
2025-08-04 03:00:00,0.0
2025-08-04 04:00:00,0.0
2025-08-04 05:00:00,0.0
2025-08-04 06:00:00,0.07117452
2025-08-04 07:00:00,0.6958837600000001
2025-08-04 08:00:00,1.55925464
2025-08-04 09:00:00,2.20397496
2025-08-04 10:00:00,2.6526259600000004
2025-08-04 11:00:00,2.9126300000000005
2025-08-04 12:00:00,2.99286808
2025-08-04 13:00:00,2.9395286
2025-08-04 14:00:00,2.7342576000000003
2025-08-04 15:00:00,2.32649128
2025-08-04 16:00:00,1.77111308
2025-08-04 17:00:00,0.9933350400000001
2025-08-04 18:00:00,0.24972432
2025-08-04 19:00:00,0.04070556
2025-08-04 20:00:00,0.0
2025-08-04 21:00:00,0.0
2025-08-04 22:00:00,0.0
2025-08-04 23:00:00,0.0
2025-08-05 00:00:00,0.0
2025-08-05 01:00:00,0.0
2025-08-05 02:00:00,0.0
2025-08-05 03:00:00,0.0
2025-08-05 04:00:00,0.0
2025-08-05 05:00:00,0.0
2025-08-05 06:00:00,0.078454
2025-08-05 07:00:00,0.6809674000000001
2025-08-05 08:00:00,1.54281724
2025-08-05 09:00:00,2.21367428
2025-08-05 10:00:00,2.7034252399999996
2025-08-05 11:00:00,2.99227728
2025-08-05 12:00:00,3.10926792
2025-08-05 13:00:00,3.04732016
2025-08-05 14:00:00,2.8162770400000006
2025-08-05 15:00:00,2.39604468
2025-08-05 16:00:00,1.78574184
2025-08-05 17:00:00,1.00104252
2025-08-05 18:00:00,0.28755824
2025-08-05 19:00:00,0.04323048
2025-08-05 20:00:00,0.0
2025-08-05 21:00:00,0.0
2025-08-05 22:00:00,0.0
2025-08-05 23:00:00,0.0
2025-08-06 00:00:00,0.0
2025-08-06 01:00:00,0.0
2025-08-06 02:00:00,0.0
2025-08-06 03:00:00,0.0
2025-08-06 04:00:00,0.0
2025-08-06 05:00:00,0.0
2025-08-06 06:00:00,0.10134008
2025-08-06 07:00:00,0.66706792
2025-08-06 08:00:00,1.49247808
2025-08-06 09:00:00,2.1644128400000002
2025-08-06 10:00:00,2.6474502799999997
2025-08-06 11:00:00,2.9270104
2025-08-06 12:00:00,3.0653767200000006
2025-08-06 13:00:00,2.9997452000000004
2025-08-06 14:00:00,2.28181632
2025-08-06 15:00:00,2.31678784
2025-08-06 16:00:00,1.7315562400000002
2025-08-06 17:00:00,0.96833328
2025-08-06 18:00:00,0.30466892
2025-08-06 19:00:00,0.03336356
2025-08-06 20:00:00,0.0
2025-08-06 21:00:00,0.0
2025-08-06 22:00:00,0.0
2025-08-06 23:00:00,0.0
2025-08-07 00:00:00,0.0
2025-08-07 01:00:00,0.0
2025-08-07 02:00:00,0.0
2025-08-07 03:00:00,0.0
2025-08-07 04:00:00,0.0
2025-08-07 05:00:00,0.0
2025-08-07 06:00:00,0.10187348
2025-08-07 07:00:00,0.63364888
2025-08-07 08:00:00,0.8574471200000001
2025-08-07 09:00:00,2.1265578400000003
2025-08-07 10:00:00,2.6246313600000004
2025-08-07 11:00:00,2.89923784
2025-08-07 12:00:00,3.00568692
2025-08-07 13:00:00,2.98961992
2025-08-07 14:00:00,2.7693423200000002
2025-08-07 15:00:00,2.3639476000000004
2025-08-07 16:00:00,1.7624148800000001
2025-08-07 17:00:00,0.9950981600000002
2025-08-07 18:00:00,0.28343412
2025-08-07 19:00:00,0.037672080000000004
2025-08-07 20:00:00,0.0
2025-08-07 21:00:00,0.0
2025-08-07 22:00:00,0.0
2025-08-07 23:00:00,0.0
2025-08-08 00:00:00,0.0
2025-08-08 01:00:00,0.0
2025-08-08 02:00:00,0.0
2025-08-08 03:00:00,0.0
2025-08-08 04:00:00,0.0
2025-08-08 05:00:00,0.0
2025-08-08 06:00:00,0.07470236
2025-08-08 07:00:00,0.72477616
2025-08-08 08:00:00,1.647871
2025-08-08 09:00:00,2.36756436
2025-08-08 10:00:00,2.8959781600000003
2025-08-08 11:00:00,3.2243003600000004
2025-08-08 12:00:00,3.3412264000000005
2025-08-08 13:00:00,3.2654823200000003
2025-08-08 14:00:00,3.0078923599999996
2025-08-08 15:00:00,2.54547324
2025-08-08 16:00:00,1.91381688
2025-08-08 17:00:00,1.0622794800000002
2025-08-08 18:00:00,0.22863096000000002
2025-08-08 19:00:00,0.03203384
2025-08-08 20:00:00,0.0
2025-08-08 21:00:00,0.0
2025-08-08 22:00:00,0.0
2025-08-08 23:00:00,0.0
2025-08-09 00:00:00,0.0
2025-08-09 01:00:00,0.0
2025-08-09 02:00:00,0.0
2025-08-09 03:00:00,0.0
2025-08-09 04:00:00,0.0
2025-08-09 05:00:00,0.0
2025-08-09 06:00:00,0.0675488
2025-08-09 07:00:00,0.7329941999999999
2025-08-09 08:00:00,1.66292644
2025-08-09 09:00:00,2.3847123199999998
2025-08-09 10:00:00,2.9149003600000003
2025-08-09 11:00:00,3.24002904
2025-08-09 12:00:00,3.33878728
2025-08-09 13:00:00,3.27340352
2025-08-09 14:00:00,3.00845816
2025-08-09 15:00:00,2.546402
2025-08-09 16:00:00,1.9065834400000004
2025-08-09 17:00:00,1.0502660799999999
2025-08-09 18:00:00,0.24021816000000001
2025-08-09 19:00:00,0.03226076
2025-08-09 20:00:00,0.0
2025-08-09 21:00:00,0.0
2025-08-09 22:00:00,0.0
2025-08-09 23:00:00,0.0
2025-08-10 00:00:00,0.0
2025-08-10 01:00:00,0.0
2025-08-10 02:00:00,0.0
2025-08-10 03:00:00,0.0
2025-08-10 04:00:00,0.0
2025-08-10 05:00:00,0.0
2025-08-10 06:00:00,0.06600972
2025-08-10 07:00:00,0.72174136
2025-08-10 08:00:00,1.63828096
2025-08-10 09:00:00,2.34378944
2025-08-10 10:00:00,2.8561400000000003
2025-08-10 11:00:00,3.1523768800000003
2025-08-10 12:00:00,3.233547
2025-08-10 13:00:00,3.1481899200000005
2025-08-10 14:00:00,2.87287392
2025-08-10 15:00:00,2.43535532
2025-08-10 16:00:00,1.82902436
2025-08-10 17:00:00,1.009064
2025-08-10 18:00:00,0.22727024
2025-08-10 19:00:00,0.029700279999999996
2025-08-10 20:00:00,0.0
2025-08-10 21:00:00,0.0
2025-08-10 22:00:00,0.0
2025-08-10 23:00:00,0.0
2025-08-11 00:00:00,0.0
2025-08-11 01:00:00,0.0
2025-08-11 02:00:00,0.0
2025-08-11 03:00:00,0.0
2025-08-11 04:00:00,0.0
2025-08-11 05:00:00,0.0
2025-08-11 06:00:00,0.067357
2025-08-11 07:00:00,0.6792256799999999
2025-08-11 08:00:00,1.56320032
2025-08-11 09:00:00,2.2526246
2025-08-11 10:00:00,2.75282132
2025-08-11 11:00:00,3.0432163199999995
2025-08-11 12:00:00,3.13869168
2025-08-11 13:00:00,3.0271768
2025-08-11 14:00:00,2.7579208
2025-08-11 15:00:00,2.34366604
2025-08-11 16:00:00,1.78130264
2025-08-11 17:00:00,0.98934184
2025-08-11 18:00:00,0.23340223999999998
2025-08-11 19:00:00,0.0
2025-08-11 20:00:00,0.0
2025-08-11 21:00:00,0.0
2025-08-11 22:00:00,0.0
2025-08-11 23:00:00,0.0
2025-08-12 00:00:00,0.0
2025-08-12 01:00:00,0.0
2025-08-12 02:00:00,0.0
2025-08-12 03:00:00,0.0
2025-08-12 04:00:00,0.0
2025-08-12 05:00:00,0.0
2025-08-12 06:00:00,0.06968020000000001
2025-08-12 07:00:00,0.6735210400000001
2025-08-12 08:00:00,1.55648856
2025-08-12 09:00:00,2.24541484
2025-08-12 10:00:00,2.7498767200000005
2025-08-12 11:00:00,3.0500676
2025-08-12 12:00:00,3.15941888
2025-08-12 13:00:00,3.0599452399999993
2025-08-12 14:00:00,2.78306152
2025-08-12 15:00:00,2.35551332
2025-08-12 16:00:00,1.7775916
2025-08-12 17:00:00,0.977097
2025-08-12 18:00:00,0.22658964
2025-08-12 19:00:00,0.0
2025-08-12 20:00:00,0.0
2025-08-12 21:00:00,0.0
2025-08-12 22:00:00,0.0
2025-08-12 23:00:00,0.0
2025-08-13 00:00:00,0.0
2025-08-13 01:00:00,0.0
2025-08-13 02:00:00,0.0
2025-08-13 03:00:00,0.0
2025-08-13 04:00:00,0.0
2025-08-13 05:00:00,0.0
2025-08-13 06:00:00,0.06384712000000001
2025-08-13 07:00:00,0.65181904
2025-08-13 08:00:00,1.5101368
2025-08-13 09:00:00,2.19769996
2025-08-13 10:00:00,2.68732828
2025-08-13 11:00:00,2.99960168
2025-08-13 12:00:00,3.119855
2025-08-13 13:00:00,3.03110252
2025-08-13 14:00:00,2.77351724
2025-08-13 15:00:00,2.34577512
2025-08-13 16:00:00,1.74305772
2025-08-13 17:00:00,0.95277816
2025-08-13 18:00:00,0.23034452000000002
2025-08-13 19:00:00,0.0
2025-08-13 20:00:00,0.0
2025-08-13 21:00:00,0.0
2025-08-13 22:00:00,0.0
2025-08-13 23:00:00,0.0
2025-08-14 00:00:00,0.0
2025-08-14 01:00:00,0.0
2025-08-14 02:00:00,0.0
2025-08-14 03:00:00,0.0
2025-08-14 04:00:00,0.0
2025-08-14 05:00:00,0.0
2025-08-14 06:00:00,0.0684336
2025-08-14 07:00:00,0.62272972
2025-08-14 08:00:00,1.4464349200000002
2025-08-14 09:00:00,2.12725556
2025-08-14 10:00:00,2.6312326
2025-08-14 11:00:00,2.94346944
2025-08-14 12:00:00,3.07359856
2025-08-14 13:00:00,2.98994804
2025-08-14 14:00:00,2.75140484
2025-08-14 15:00:00,2.3313472
2025-08-14 16:00:00,1.7414168
2025-08-14 17:00:00,0.9545904799999999
2025-08-14 18:00:00,0.22779272000000003
2025-08-14 19:00:00,0.0
2025-08-14 20:00:00,0.0
2025-08-14 21:00:00,0.0
2025-08-14 22:00:00,0.0
2025-08-14 23:00:00,0.0
2025-08-15 00:00:00,0.0
2025-08-15 01:00:00,0.0
2025-08-15 02:00:00,0.0
2025-08-15 03:00:00,0.0
2025-08-15 04:00:00,0.0
2025-08-15 05:00:00,0.0
2025-08-15 06:00:00,0.06496236
2025-08-15 07:00:00,0.65395216
2025-08-15 08:00:00,1.51684664
2025-08-15 09:00:00,2.1917
2025-08-15 10:00:00,2.6537240000000004
2025-08-15 11:00:00,2.9318942
2025-08-15 12:00:00,3.04568688
2025-08-15 13:00:00,3.0068142800000004
2025-08-15 14:00:00,2.7894876799999997
2025-08-15 15:00:00,2.34374096
2025-08-15 16:00:00,1.72048416
2025-08-15 17:00:00,0.92895768
2025-08-15 18:00:00,0.25784364000000004
2025-08-15 19:00:00,0.0
2025-08-15 20:00:00,0.0
2025-08-15 21:00:00,0.0
2025-08-15 22:00:00,0.0
2025-08-15 23:00:00,0.0
2025-08-16 00:00:00,0.0
2025-08-16 01:00:00,0.0
2025-08-16 02:00:00,0.0
2025-08-16 03:00:00,0.0
2025-08-16 04:00:00,0.0
2025-08-16 05:00:00,0.0
2025-08-16 06:00:00,0.06510392000000001
2025-08-16 07:00:00,0.6615039200000001
2025-08-16 08:00:00,1.5636114799999998
2025-08-16 09:00:00,2.26853432
2025-08-16 10:00:00,2.7863139599999998
2025-08-16 11:00:00,3.08877228
2025-08-16 12:00:00,3.19361252
2025-08-16 13:00:00,3.1165492
2025-08-16 14:00:00,2.8628378800000003
2025-08-16 15:00:00,2.41003808
2025-08-16 16:00:00,1.77764952
2025-08-16 17:00:00,0.9493725599999999
2025-08-16 18:00:00,0.209679
2025-08-16 19:00:00,0.0
2025-08-16 20:00:00,0.0
2025-08-16 21:00:00,0.0
2025-08-16 22:00:00,0.0
2025-08-16 23:00:00,0.0
2025-08-17 00:00:00,0.0
2025-08-17 01:00:00,0.0
2025-08-17 02:00:00,0.0
2025-08-17 03:00:00,0.0
2025-08-17 04:00:00,0.0
2025-08-17 05:00:00,0.0
2025-08-17 06:00:00,0.0518088
2025-08-17 07:00:00,0.60519936
2025-08-17 08:00:00,1.43034324
2025-08-17 09:00:00,2.09904792
2025-08-17 10:00:00,2.574473
2025-08-17 11:00:00,2.8502559200000004
2025-08-17 12:00:00,2.9574649200000005
2025-08-17 13:00:00,2.8987476799999996
2025-08-17 14:00:00,2.66118448
2025-08-17 15:00:00,2.24892556
2025-08-17 16:00:00,1.6703357600000002
2025-08-17 17:00:00,0.90040232
2025-08-17 18:00:00,0.20737904000000001
2025-08-17 19:00:00,0.0
2025-08-17 20:00:00,0.0
2025-08-17 21:00:00,0.0
2025-08-17 22:00:00,0.0
2025-08-17 23:00:00,0.0
2025-08-18 00:00:00,0.0
2025-08-18 01:00:00,0.0
2025-08-18 02:00:00,0.0
2025-08-18 03:00:00,0.0
2025-08-18 04:00:00,0.0
2025-08-18 05:00:00,0.0
2025-08-18 06:00:00,0.05105096
2025-08-18 07:00:00,0.6410836400000001
2025-08-18 08:00:00,1.5026028400000002
2025-08-18 09:00:00,2.16654
2025-08-18 10:00:00,2.6216535600000004
2025-08-18 11:00:00,2.9018926
2025-08-18 12:00:00,3.0377156800000007
2025-08-18 13:00:00,2.9989021200000003
2025-08-18 14:00:00,2.76593904
2025-08-18 15:00:00,2.3485033600000005
2025-08-18 16:00:00,1.7486838800000002
2025-08-18 17:00:00,0.93353276
2025-08-18 18:00:00,0.19217276000000003
2025-08-18 19:00:00,0.0
2025-08-18 20:00:00,0.0
2025-08-18 21:00:00,0.0
2025-08-18 22:00:00,0.0
2025-08-18 23:00:00,0.0
2025-08-19 00:00:00,0.0
2025-08-19 01:00:00,0.0
2025-08-19 02:00:00,0.0
2025-08-19 03:00:00,0.0
2025-08-19 04:00:00,0.0
2025-08-19 05:00:00,0.0
2025-08-19 06:00:00,0.05170248
2025-08-19 07:00:00,0.67026728
2025-08-19 08:00:00,1.56634432
2025-08-19 09:00:00,2.24749956
2025-08-19 10:00:00,2.7203652799999998
2025-08-19 11:00:00,2.95067572
2025-08-19 12:00:00,2.9910923200000004
2025-08-19 13:00:00,2.93328456
2025-08-19 14:00:00,2.71886316
2025-08-19 15:00:00,2.32001232
2025-08-19 16:00:00,1.7335070800000003
2025-08-19 17:00:00,0.9267660000000001
2025-08-19 18:00:00,0.1766354
2025-08-19 19:00:00,0.0
2025-08-19 20:00:00,0.0
2025-08-19 21:00:00,0.0
2025-08-19 22:00:00,0.0
2025-08-19 23:00:00,0.0
2025-08-20 00:00:00,0.0
2025-08-20 01:00:00,0.0
2025-08-20 02:00:00,0.0
2025-08-20 03:00:00,0.0
2025-08-20 04:00:00,0.0
2025-08-20 05:00:00,0.0
2025-08-20 06:00:00,0.05044976
2025-08-20 07:00:00,0.63869884
2025-08-20 08:00:00,1.513794
2025-08-20 09:00:00,2.20915324
2025-08-20 10:00:00,2.70889836
2025-08-20 11:00:00,3.03087036
2025-08-20 12:00:00,3.15906328
2025-08-20 13:00:00,3.07400988
2025-08-20 14:00:00,2.8002740000000004
2025-08-20 15:00:00,2.34026808
2025-08-20 16:00:00,1.7125557999999999
2025-08-20 17:00:00,0.9024719600000001
2025-08-20 18:00:00,0.19597172000000002
2025-08-20 19:00:00,0.0
2025-08-20 20:00:00,0.0
2025-08-20 21:00:00,0.0
2025-08-20 22:00:00,0.0
2025-08-20 23:00:00,0.0
2025-08-21 00:00:00,0.0
2025-08-21 01:00:00,0.0
2025-08-21 02:00:00,0.0
2025-08-21 03:00:00,0.0
2025-08-21 04:00:00,0.0
2025-08-21 05:00:00,0.0
2025-08-21 06:00:00,0.0564478
2025-08-21 07:00:00,0.6126218
2025-08-21 08:00:00,1.4657540400000002
2025-08-21 09:00:00,2.1704162
2025-08-21 10:00:00,2.701134
2025-08-21 11:00:00,3.0408458
2025-08-21 12:00:00,3.146271
2025-08-21 13:00:00,3.0660285600000003
2025-08-21 14:00:00,2.80730496
2025-08-21 15:00:00,2.33317416
2025-08-21 16:00:00,1.707004
2025-08-21 17:00:00,0.8950139200000001
2025-08-21 18:00:00,0.19764308
2025-08-21 19:00:00,0.0
2025-08-21 20:00:00,0.0
2025-08-21 21:00:00,0.0
2025-08-21 22:00:00,0.0
2025-08-21 23:00:00,0.0
2025-08-22 00:00:00,0.0
2025-08-22 01:00:00,0.0
2025-08-22 02:00:00,0.0
2025-08-22 03:00:00,0.0
2025-08-22 04:00:00,0.0
2025-08-22 05:00:00,0.0
2025-08-22 06:00:00,0.05084207999999999
2025-08-22 07:00:00,0.63515604
2025-08-22 08:00:00,1.5057432
2025-08-22 09:00:00,2.19022344
2025-08-22 10:00:00,2.67542012
2025-08-22 11:00:00,2.9598374800000005
2025-08-22 12:00:00,3.0602774800000003
2025-08-22 13:00:00,2.9960544799999997
2025-08-22 14:00:00,2.75477572
2025-08-22 15:00:00,2.3247198
2025-08-22 16:00:00,1.7177945600000002
2025-08-22 17:00:00,0.8962346000000001
2025-08-22 18:00:00,0.18126292000000002
2025-08-22 19:00:00,0.0
2025-08-22 20:00:00,0.0
2025-08-22 21:00:00,0.0
2025-08-22 22:00:00,0.0
2025-08-22 23:00:00,0.0
2025-08-23 00:00:00,0.0
2025-08-23 01:00:00,0.0
2025-08-23 02:00:00,0.0
2025-08-23 03:00:00,0.0
2025-08-23 04:00:00,0.0
2025-08-23 05:00:00,0.0
2025-08-23 06:00:00,0.050860720000000005
2025-08-23 07:00:00,0.59878528
2025-08-23 08:00:00,1.41358948
2025-08-23 09:00:00,2.054152
2025-08-23 10:00:00,2.52822088
2025-08-23 11:00:00,2.8748756
2025-08-23 12:00:00,3.03968696
2025-08-23 13:00:00,3.0016630400000004
2025-08-23 14:00:00,2.74556864
2025-08-23 15:00:00,2.3129664
2025-08-23 16:00:00,1.6867038399999998
2025-08-23 17:00:00,0.8821333199999999
2025-08-23 18:00:00,0.19590364000000002
2025-08-23 19:00:00,0.0
2025-08-23 20:00:00,0.0
2025-08-23 21:00:00,0.0
2025-08-23 22:00:00,0.0
2025-08-23 23:00:00,0.0
2025-08-24 00:00:00,0.0
2025-08-24 01:00:00,0.0
2025-08-24 02:00:00,0.0
2025-08-24 03:00:00,0.0
2025-08-24 04:00:00,0.0
2025-08-24 05:00:00,0.0
2025-08-24 06:00:00,0.04610588
2025-08-24 07:00:00,0.5757936
2025-08-24 08:00:00,1.41448468
2025-08-24 09:00:00,1.7364812400000003
2025-08-24 10:00:00,2.5362442
2025-08-24 11:00:00,2.8217877600000003
2025-08-24 12:00:00,2.51281668
2025-08-24 13:00:00,2.6760247600000002
2025-08-24 14:00:00,2.1699824
2025-08-24 15:00:00,2.3041858
2025-08-24 16:00:00,1.6721138399999997
2025-08-24 17:00:00,0.85972672
2025-08-24 18:00:00,0.19492772000000003
2025-08-24 19:00:00,0.0
2025-08-24 20:00:00,0.0
2025-08-24 21:00:00,0.0
2025-08-24 22:00:00,0.0
2025-08-24 23:00:00,0.0
2025-08-25 00:00:00,0.0
2025-08-25 01:00:00,0.0
2025-08-25 02:00:00,0.0
2025-08-25 03:00:00,0.0
2025-08-25 04:00:00,0.0
2025-08-25 05:00:00,0.0
2025-08-25 06:00:00,0.03506688
2025-08-25 07:00:00,0.40172872000000004
2025-08-25 08:00:00,0.82984472
2025-08-25 09:00:00,1.6662495999999998
2025-08-25 10:00:00,2.06471792
2025-08-25 11:00:00,2.16309696
2025-08-25 12:00:00,3.0758488400000004
2025-08-25 13:00:00,3.0613426799999996
2025-08-25 14:00:00,2.3552277200000002
2025-08-25 15:00:00,1.5166358400000002
2025-08-25 16:00:00,1.13737516
2025-08-25 17:00:00,0.7706216
2025-08-25 18:00:00,0.18860532
2025-08-25 19:00:00,0.0
2025-08-25 20:00:00,0.0
2025-08-25 21:00:00,0.0
2025-08-25 22:00:00,0.0
2025-08-25 23:00:00,0.0
2025-08-26 00:00:00,0.0
2025-08-26 01:00:00,0.0
2025-08-26 02:00:00,0.0
2025-08-26 03:00:00,0.0
2025-08-26 04:00:00,0.0
2025-08-26 05:00:00,0.0
2025-08-26 06:00:00,0.03487928
2025-08-26 07:00:00,0.01008412
2025-08-26 08:00:00,0.28046828
2025-08-26 09:00:00,0.74545124
2025-08-26 10:00:00,0.464715
2025-08-26 11:00:00,1.76734652
2025-08-26 12:00:00,3.1072663599999997
2025-08-26 13:00:00,2.59384172
2025-08-26 14:00:00,1.7860112000000001
2025-08-26 15:00:00,1.7025633999999998
2025-08-26 16:00:00,1.26573924
2025-08-26 17:00:00,0.78123588
2025-08-26 18:00:00,0.2262342
2025-08-26 19:00:00,0.0
2025-08-26 20:00:00,0.0
2025-08-26 21:00:00,0.0
2025-08-26 22:00:00,0.0
2025-08-26 23:00:00,0.0
2025-08-27 00:00:00,0.0
2025-08-27 01:00:00,0.0
2025-08-27 02:00:00,0.0
2025-08-27 03:00:00,0.0
2025-08-27 04:00:00,0.0
2025-08-27 05:00:00,0.0
2025-08-27 06:00:00,0.00916944
2025-08-27 07:00:00,0.41651308
2025-08-27 08:00:00,1.4441572
2025-08-27 09:00:00,2.18111516
2025-08-27 10:00:00,2.7347877600000006
2025-08-27 11:00:00,3.11652708
2025-08-27 12:00:00,3.2727088400000004
2025-08-27 13:00:00,3.2201198800000004
2025-08-27 14:00:00,2.9400441600000007
2025-08-27 15:00:00,2.4422007199999998
2025-08-27 16:00:00,1.7796703600000001
2025-08-27 17:00:00,0.8904182000000002
2025-08-27 18:00:00,0.1458086
2025-08-27 19:00:00,0.0
2025-08-27 20:00:00,0.0
2025-08-27 21:00:00,0.0
2025-08-27 22:00:00,0.0
2025-08-27 23:00:00,0.0
2025-08-28 00:00:00,0.0
2025-08-28 01:00:00,0.0
2025-08-28 02:00:00,0.0
2025-08-28 03:00:00,0.0
2025-08-28 04:00:00,0.0
2025-08-28 05:00:00,0.0
2025-08-28 06:00:00,0.03489036
2025-08-28 07:00:00,0.63473296
2025-08-28 08:00:00,1.5391709199999999
2025-08-28 09:00:00,2.2380394
2025-08-28 10:00:00,2.7721751599999997
2025-08-28 11:00:00,3.1066309600000004
2025-08-28 12:00:00,3.27149472
2025-08-28 13:00:00,2.327159
2025-08-28 14:00:00,2.90253348
2025-08-28 15:00:00,1.5137474400000002
2025-08-28 16:00:00,0.8612727200000001
2025-08-28 17:00:00,0.46854808
2025-08-28 18:00:00,0.007104160000000001
2025-08-28 19:00:00,0.0
2025-08-28 20:00:00,0.0
2025-08-28 21:00:00,0.0
2025-08-28 22:00:00,0.0
2025-08-28 23:00:00,0.0
2025-08-29 00:00:00,0.0
2025-08-29 01:00:00,0.0
2025-08-29 02:00:00,0.0
2025-08-29 03:00:00,0.0
2025-08-29 04:00:00,0.0
2025-08-29 05:00:00,0.0
2025-08-29 06:00:00,0.0325534
2025-08-29 07:00:00,0.055716840000000004
2025-08-29 08:00:00,1.53386144
2025-08-29 09:00:00,2.2138924
2025-08-29 10:00:00,2.67884608
2025-08-29 11:00:00,1.0492907200000001
2025-08-29 12:00:00,0.8214336
2025-08-29 13:00:00,1.8709135999999997
2025-08-29 14:00:00,1.4096254400000001
2025-08-29 15:00:00,0.5744876400000001
2025-08-29 16:00:00,0.83047072
2025-08-29 17:00:00,0.82206952
2025-08-29 18:00:00,0.16122868
2025-08-29 19:00:00,0.0
2025-08-29 20:00:00,0.0
2025-08-29 21:00:00,0.0
2025-08-29 22:00:00,0.0
2025-08-29 23:00:00,0.0
2025-08-30 00:00:00,0.0
2025-08-30 01:00:00,0.0
2025-08-30 02:00:00,0.0
2025-08-30 03:00:00,0.0
2025-08-30 04:00:00,0.0
2025-08-30 05:00:00,0.0
2025-08-30 06:00:00,0.03193648
2025-08-30 07:00:00,0.58337032
2025-08-30 08:00:00,1.44758368
2025-08-30 09:00:00,2.1387236
2025-08-30 10:00:00,2.6316660400000003
2025-08-30 11:00:00,2.9262278399999997
2025-08-30 12:00:00,3.06001276
2025-08-30 13:00:00,2.99064956
2025-08-30 14:00:00,2.7353933599999998
2025-08-30 15:00:00,2.29016164
2025-08-30 16:00:00,1.6629460800000002
2025-08-30 17:00:00,0.8230243199999999
2025-08-30 18:00:00,0.13899008000000002
2025-08-30 19:00:00,0.0
2025-08-30 20:00:00,0.0
2025-08-30 21:00:00,0.0
2025-08-30 22:00:00,0.0
2025-08-30 23:00:00,0.0
2025-08-31 00:00:00,0.0
2025-08-31 01:00:00,0.0
2025-08-31 02:00:00,0.0
2025-08-31 03:00:00,0.0
2025-08-31 04:00:00,0.0
2025-08-31 05:00:00,0.0
2025-08-31 06:00:00,0.029535999999999996
2025-08-31 07:00:00,0.6206308
2025-08-31 08:00:00,1.5212054000000002
2025-08-31 09:00:00,2.211673
2025-08-31 10:00:00,2.6887836400000005
2025-08-31 11:00:00,2.9694202
2025-08-31 12:00:00,3.0808275600000004
2025-08-31 13:00:00,2.9854060399999995
2025-08-31 14:00:00,2.72037596
2025-08-31 15:00:00,2.2774055200000003
2025-08-31 16:00:00,1.6701046400000001
2025-08-31 17:00:00,0.82387332
2025-08-31 18:00:00,0.11947152000000001
2025-08-31 19:00:00,0.0
2025-08-31 20:00:00,0.0
2025-08-31 21:00:00,0.0
2025-08-31 22:00:00,0.0
2025-08-31 23:00:00,0.0
2025-09-01 00:00:00,0.0
2025-09-01 01:00:00,0.0
2025-09-01 02:00:00,0.0
2025-09-01 03:00:00,0.0
2025-09-01 04:00:00,0.0
2025-09-01 05:00:00,0.0
2025-09-01 06:00:00,0.02568212
2025-09-01 07:00:00,0.57059864
2025-09-01 08:00:00,1.44675196
2025-09-01 09:00:00,2.16202736
2025-09-01 10:00:00,2.68418852
2025-09-01 11:00:00,2.97657084
2025-09-01 12:00:00,3.1199330400000003
2025-09-01 13:00:00,3.0562414799999997
2025-09-01 14:00:00,2.80546468
2025-09-01 15:00:00,2.3625304000000003
2025-09-01 16:00:00,1.70371464
2025-09-01 17:00:00,0.8295511599999998
2025-09-01 18:00:00,0.11968436
2025-09-01 19:00:00,0.0
2025-09-01 20:00:00,0.0
2025-09-01 21:00:00,0.0
2025-09-01 22:00:00,0.0
2025-09-01 23:00:00,0.0
2025-09-02 00:00:00,0.0
2025-09-02 01:00:00,0.0
2025-09-02 02:00:00,0.0
2025-09-02 03:00:00,0.0
2025-09-02 04:00:00,0.0
2025-09-02 05:00:00,0.0
2025-09-02 06:00:00,0.02572328
2025-09-02 07:00:00,0.6650872
2025-09-02 08:00:00,1.629105
2025-09-02 09:00:00,2.38129596
2025-09-02 10:00:00,2.934528
2025-09-02 11:00:00,3.26611632
2025-09-02 12:00:00,3.3806353600000008
2025-09-02 13:00:00,3.2823249599999995
2025-09-02 14:00:00,2.9866992399999996
2025-09-02 15:00:00,2.4688362
2025-09-02 16:00:00,1.7775149600000004
2025-09-02 17:00:00,0.8529749200000001
2025-09-02 18:00:00,0.00897272
2025-09-02 19:00:00,0.0
2025-09-02 20:00:00,0.0
2025-09-02 21:00:00,0.0
2025-09-02 22:00:00,0.0
2025-09-02 23:00:00,0.0
2025-09-03 00:00:00,0.0
2025-09-03 01:00:00,0.0
2025-09-03 02:00:00,0.0
2025-09-03 03:00:00,0.0
2025-09-03 04:00:00,0.0
2025-09-03 05:00:00,0.0
2025-09-03 06:00:00,0.02233056
2025-09-03 07:00:00,0.62661532
2025-09-03 08:00:00,1.55151288
2025-09-03 09:00:00,2.28487052
2025-09-03 10:00:00,2.81571508
2025-09-03 11:00:00,3.12671996
2025-09-03 12:00:00,3.2370146799999997
2025-09-03 13:00:00,3.1370924000000002
2025-09-03 14:00:00,2.849703
2025-09-03 15:00:00,2.3561956800000003
2025-09-03 16:00:00,1.6886168000000001
2025-09-03 17:00:00,0.8000524400000001
2025-09-03 18:00:00,0.09794024
2025-09-03 19:00:00,0.0
2025-09-03 20:00:00,0.0
2025-09-03 21:00:00,0.0
2025-09-03 22:00:00,0.0
2025-09-03 23:00:00,0.0
2025-09-04 00:00:00,0.0
2025-09-04 01:00:00,0.0
2025-09-04 02:00:00,0.0
2025-09-04 03:00:00,0.0
2025-09-04 04:00:00,0.0
2025-09-04 05:00:00,0.0
2025-09-04 06:00:00,0.0208
2025-09-04 07:00:00,0.65118404
2025-09-04 08:00:00,1.58377672
2025-09-04 09:00:00,2.3004604
2025-09-04 10:00:00,2.8353492399999998
2025-09-04 11:00:00,3.1440918800000004
2025-09-04 12:00:00,3.2474447200000003
2025-09-04 13:00:00,3.1460450000000004
2025-09-04 14:00:00,2.84737664
2025-09-04 15:00:00,2.36184272
2025-09-04 16:00:00,1.6922650000000001
2025-09-04 17:00:00,0.80160368
2025-09-04 18:00:00,0.08514072
2025-09-04 19:00:00,0.0
2025-09-04 20:00:00,0.0
2025-09-04 21:00:00,0.0
2025-09-04 22:00:00,0.0
2025-09-04 23:00:00,0.0
2025-09-05 00:00:00,0.0
2025-09-05 01:00:00,0.0
2025-09-05 02:00:00,0.0
2025-09-05 03:00:00,0.0
2025-09-05 04:00:00,0.0
2025-09-05 05:00:00,0.0
2025-09-05 06:00:00,0.01837236
2025-09-05 07:00:00,0.6579836
2025-09-05 08:00:00,1.6022823199999998
2025-09-05 09:00:00,2.31920808
2025-09-05 10:00:00,2.8175020400000004
2025-09-05 11:00:00,3.0902494000000003
2025-09-05 12:00:00,3.14800564
2025-09-05 13:00:00,3.02804668
2025-09-05 14:00:00,2.7619476400000003
2025-09-05 15:00:00,2.30391968
2025-09-05 16:00:00,1.66433324
2025-09-05 17:00:00,0.77776864
2025-09-05 18:00:00,0.08318424
2025-09-05 19:00:00,0.0
2025-09-05 20:00:00,0.0
2025-09-05 21:00:00,0.0
2025-09-05 22:00:00,0.0
2025-09-05 23:00:00,0.0
2025-09-06 00:00:00,0.0
2025-09-06 01:00:00,0.0
2025-09-06 02:00:00,0.0
2025-09-06 03:00:00,0.0
2025-09-06 04:00:00,0.0
2025-09-06 05:00:00,0.0
2025-09-06 06:00:00,0.01653532
2025-09-06 07:00:00,0.59772604
2025-09-06 08:00:00,1.49515084
2025-09-06 09:00:00,2.20602512
2025-09-06 10:00:00,2.7054340000000003
2025-09-06 11:00:00,2.99269012
2025-09-06 12:00:00,3.08598632
2025-09-06 13:00:00,2.9704946000000003
2025-09-06 14:00:00,2.6706718800000004
2025-09-06 15:00:00,2.22095436
2025-09-06 16:00:00,1.58121424
2025-09-06 17:00:00,0.58421824
2025-09-06 18:00:00,0.10642876000000001
2025-09-06 19:00:00,0.0
2025-09-06 20:00:00,0.0
2025-09-06 21:00:00,0.0
2025-09-06 22:00:00,0.0
2025-09-06 23:00:00,0.0
2025-09-07 00:00:00,0.0
2025-09-07 01:00:00,0.0
2025-09-07 02:00:00,0.0
2025-09-07 03:00:00,0.0
2025-09-07 04:00:00,0.0
2025-09-07 05:00:00,0.0
2025-09-07 06:00:00,0.0
2025-09-07 07:00:00,0.5307954
2025-09-07 08:00:00,1.07167428
2025-09-07 09:00:00,2.0900203200000003
2025-09-07 10:00:00,2.6329517200000003
2025-09-07 11:00:00,2.95095
2025-09-07 12:00:00,3.0895599200000006
2025-09-07 13:00:00,2.9808275199999996
2025-09-07 14:00:00,2.6727103199999998
2025-09-07 15:00:00,2.11911404
2025-09-07 16:00:00,1.4539456000000002
2025-09-07 17:00:00,0.6735319599999999
2025-09-07 18:00:00,0.08053332
2025-09-07 19:00:00,0.0
2025-09-07 20:00:00,0.0
2025-09-07 21:00:00,0.0
2025-09-07 22:00:00,0.0
2025-09-07 23:00:00,0.0
2025-09-08 00:00:00,0.0
2025-09-08 01:00:00,0.0
2025-09-08 02:00:00,0.0
2025-09-08 03:00:00,0.0
2025-09-08 04:00:00,0.0
2025-09-08 05:00:00,0.0
2025-09-08 06:00:00,0.0
2025-09-08 07:00:00,0.51216808
2025-09-08 08:00:00,1.38101148
2025-09-08 09:00:00,2.11818136
2025-09-08 10:00:00,2.6520543199999995
2025-09-08 11:00:00,2.95727488
2025-09-08 12:00:00,3.04655924
2025-09-08 13:00:00,2.9359984000000003
2025-09-08 14:00:00,2.61338128
2025-09-08 15:00:00,2.15719164
2025-09-08 16:00:00,1.48816468
2025-09-08 17:00:00,0.6789282000000001
2025-09-08 18:00:00,0.07508843999999999
2025-09-08 19:00:00,0.0
2025-09-08 20:00:00,0.0
2025-09-08 21:00:00,0.0
2025-09-08 22:00:00,0.0
2025-09-08 23:00:00,0.0
2025-09-09 00:00:00,0.0
2025-09-09 01:00:00,0.0
2025-09-09 02:00:00,0.0
2025-09-09 03:00:00,0.0
2025-09-09 04:00:00,0.0
2025-09-09 05:00:00,0.0
2025-09-09 06:00:00,0.0
2025-09-09 07:00:00,0.54589456
2025-09-09 08:00:00,1.4373280800000001
2025-09-09 09:00:00,2.17174876
2025-09-09 10:00:00,2.7252963599999998
2025-09-09 11:00:00,3.05838
2025-09-09 12:00:00,3.1427072399999996
2025-09-09 13:00:00,3.05875032
2025-09-09 14:00:00,2.2147190400000003
2025-09-09 15:00:00,1.4573323999999999
2025-09-09 16:00:00,1.0996394
2025-09-09 17:00:00,0.15614772
2025-09-09 18:00:00,0.042595
2025-09-09 19:00:00,0.0
2025-09-09 20:00:00,0.0
2025-09-09 21:00:00,0.0
2025-09-09 22:00:00,0.0
2025-09-09 23:00:00,0.0
2025-09-10 00:00:00,0.0
2025-09-10 01:00:00,0.0
2025-09-10 02:00:00,0.0
2025-09-10 03:00:00,0.0
2025-09-10 04:00:00,0.0
2025-09-10 05:00:00,0.0
2025-09-10 06:00:00,0.0
2025-09-10 07:00:00,0.22543584
2025-09-10 08:00:00,0.43640536
2025-09-10 09:00:00,1.36900788
2025-09-10 10:00:00,2.1169355600000004
2025-09-10 11:00:00,2.21069272
2025-09-10 12:00:00,3.1231811599999997
2025-09-10 13:00:00,1.1990910799999999
2025-09-10 14:00:00,2.0820397600000002
2025-09-10 15:00:00,2.12175068
2025-09-10 16:00:00,1.4476961600000002
2025-09-10 17:00:00,0.652092
2025-09-10 18:00:00,0.06853092
2025-09-10 19:00:00,0.0
2025-09-10 20:00:00,0.0
2025-09-10 21:00:00,0.0
2025-09-10 22:00:00,0.0
2025-09-10 23:00:00,0.0
2025-09-11 00:00:00,0.0
2025-09-11 01:00:00,0.0
2025-09-11 02:00:00,0.0
2025-09-11 03:00:00,0.0
2025-09-11 04:00:00,0.0
2025-09-11 05:00:00,0.0
2025-09-11 06:00:00,0.0
2025-09-11 07:00:00,0.55651644
2025-09-11 08:00:00,1.44971148
2025-09-11 09:00:00,2.18763504
2025-09-11 10:00:00,2.7303976
2025-09-11 11:00:00,3.0528540399999997
2025-09-11 12:00:00,3.12394384
2025-09-11 13:00:00,3.0229562400000005
2025-09-11 14:00:00,2.69928076
2025-09-11 15:00:00,2.18683284
2025-09-11 16:00:00,1.50539624
2025-09-11 17:00:00,0.6650525999999999
2025-09-11 18:00:00,0.05903796000000001
2025-09-11 19:00:00,0.0
2025-09-11 20:00:00,0.0
2025-09-11 21:00:00,0.0
2025-09-11 22:00:00,0.0
2025-09-11 23:00:00,0.0
2025-09-12 00:00:00,0.0
2025-09-12 01:00:00,0.0
2025-09-12 02:00:00,0.0
2025-09-12 03:00:00,0.0
2025-09-12 04:00:00,0.0
2025-09-12 05:00:00,0.0
2025-09-12 06:00:00,0.0
2025-09-12 07:00:00,0.51617488
2025-09-12 08:00:00,1.3643682000000001
2025-09-12 09:00:00,2.02176268
2025-09-12 10:00:00,1.5924652400000001
2025-09-12 11:00:00,2.8209193599999995
2025-09-12 12:00:00,2.9476955200000003
2025-09-12 13:00:00,2.88983244
2025-09-12 14:00:00,2.6117612
2025-09-12 15:00:00,1.43319544
2025-09-12 16:00:00,1.4951877999999998
2025-09-12 17:00:00,0.65361616
2025-09-12 18:00:00,0.06434924
2025-09-12 19:00:00,0.0
2025-09-12 20:00:00,0.0
2025-09-12 21:00:00,0.0
2025-09-12 22:00:00,0.0
2025-09-12 23:00:00,0.0
2025-09-13 00:00:00,0.0
2025-09-13 01:00:00,0.0
2025-09-13 02:00:00,0.0
2025-09-13 03:00:00,0.0
2025-09-13 04:00:00,0.0
2025-09-13 05:00:00,0.0
2025-09-13 06:00:00,0.0
2025-09-13 07:00:00,0.06694216000000001
2025-09-13 08:00:00,0.6414567999999999
2025-09-13 09:00:00,1.25718344
2025-09-13 10:00:00,2.56902796
2025-09-13 11:00:00,2.92644488
2025-09-13 12:00:00,2.28104172
2025-09-13 13:00:00,2.01089716
2025-09-13 14:00:00,1.74611648
2025-09-13 15:00:00,1.35982212
2025-09-13 16:00:00,0.9661916
2025-09-13 17:00:00,0.64799328
2025-09-13 18:00:00,0.06625832000000001
2025-09-13 19:00:00,0.0
2025-09-13 20:00:00,0.0
2025-09-13 21:00:00,0.0
2025-09-13 22:00:00,0.0
2025-09-13 23:00:00,0.0
2025-09-14 00:00:00,0.0
2025-09-14 01:00:00,0.0
2025-09-14 02:00:00,0.0
2025-09-14 03:00:00,0.0
2025-09-14 04:00:00,0.0
2025-09-14 05:00:00,0.0
2025-09-14 06:00:00,0.0
2025-09-14 07:00:00,0.28930748
2025-09-14 08:00:00,1.41816396
2025-09-14 09:00:00,0.32590248000000005
2025-09-14 10:00:00,1.28695392
2025-09-14 11:00:00,2.9163152
2025-09-14 12:00:00,1.6944021599999999
2025-09-14 13:00:00,1.2980854
2025-09-14 14:00:00,1.25871616
2025-09-14 15:00:00,2.11996092
2025-09-14 16:00:00,0.04843688
2025-09-14 17:00:00,0.00997136
2025-09-14 18:00:00,0.020274680000000003
2025-09-14 19:00:00,0.0
2025-09-14 20:00:00,0.0
2025-09-14 21:00:00,0.0
2025-09-14 22:00:00,0.0
2025-09-14 23:00:00,0.0
2025-09-15 00:00:00,0.0
2025-09-15 01:00:00,0.0
2025-09-15 02:00:00,0.0
2025-09-15 03:00:00,0.0
2025-09-15 04:00:00,0.0
2025-09-15 05:00:00,0.0
2025-09-15 06:00:00,0.0
2025-09-15 07:00:00,0.1002966
2025-09-15 08:00:00,0.70431672
2025-09-15 09:00:00,2.25857672
2025-09-15 10:00:00,1.3466198
2025-09-15 11:00:00,1.84813572
2025-09-15 12:00:00,3.21872024
2025-09-15 13:00:00,3.1307080000000003
2025-09-15 14:00:00,2.81340592
2025-09-15 15:00:00,2.28253712
2025-09-15 16:00:00,1.56235792
2025-09-15 17:00:00,0.6599755999999999
2025-09-15 18:00:00,0.05666279999999999
2025-09-15 19:00:00,0.0
2025-09-15 20:00:00,0.0
2025-09-15 21:00:00,0.0
2025-09-15 22:00:00,0.0
2025-09-15 23:00:00,0.0
2025-09-16 00:00:00,0.0
2025-09-16 01:00:00,0.0
2025-09-16 02:00:00,0.0
2025-09-16 03:00:00,0.0
2025-09-16 04:00:00,0.0
2025-09-16 05:00:00,0.0
2025-09-16 06:00:00,0.0
2025-09-16 07:00:00,0.598219
2025-09-16 08:00:00,1.05214424
2025-09-16 09:00:00,1.4286501999999999
2025-09-16 10:00:00,2.81396772
2025-09-16 11:00:00,3.1153795200000003
2025-09-16 12:00:00,1.60051296
2025-09-16 13:00:00,1.8051788399999997
2025-09-16 14:00:00,1.9778022000000002
2025-09-16 15:00:00,2.311859
2025-09-16 16:00:00,0.9041395600000002
2025-09-16 17:00:00,0.65553848
2025-09-16 18:00:00,0.0505896
2025-09-16 19:00:00,0.0
2025-09-16 20:00:00,0.0
2025-09-16 21:00:00,0.0
2025-09-16 22:00:00,0.0
2025-09-16 23:00:00,0.0
2025-09-17 00:00:00,0.0
2025-09-17 01:00:00,0.0
2025-09-17 02:00:00,0.0
2025-09-17 03:00:00,0.0
2025-09-17 04:00:00,0.0
2025-09-17 05:00:00,0.0
2025-09-17 06:00:00,0.0
2025-09-17 07:00:00,0.55611988
2025-09-17 08:00:00,1.5209258799999998
2025-09-17 09:00:00,2.28757372
2025-09-17 10:00:00,2.8432388000000004
2025-09-17 11:00:00,3.17816704
2025-09-17 12:00:00,3.29347416
2025-09-17 13:00:00,3.1735655200000004
2025-09-17 14:00:00,2.85765812
2025-09-17 15:00:00,2.29426936
2025-09-17 16:00:00,1.5554039600000003
2025-09-17 17:00:00,0.64054996
2025-09-17 18:00:00,0.04688968
2025-09-17 19:00:00,0.0
2025-09-17 20:00:00,0.0
2025-09-17 21:00:00,0.0
2025-09-17 22:00:00,0.0
2025-09-17 23:00:00,0.0
2025-09-18 00:00:00,0.0
2025-09-18 01:00:00,0.0
2025-09-18 02:00:00,0.0
2025-09-18 03:00:00,0.0
2025-09-18 04:00:00,0.0
2025-09-18 05:00:00,0.0
2025-09-18 06:00:00,0.0
2025-09-18 07:00:00,0.0270238
2025-09-18 08:00:00,1.4976348400000001
2025-09-18 09:00:00,1.15052788
2025-09-18 10:00:00,1.48139088
2025-09-18 11:00:00,1.4989093599999999
2025-09-18 12:00:00,3.24196324
2025-09-18 13:00:00,3.15293868
2025-09-18 14:00:00,2.82756872
2025-09-18 15:00:00,2.2973823199999996
2025-09-18 16:00:00,1.55565032
2025-09-18 17:00:00,0.63165036
2025-09-18 18:00:00,0.04481832000000001
2025-09-18 19:00:00,0.0
2025-09-18 20:00:00,0.0
2025-09-18 21:00:00,0.0
2025-09-18 22:00:00,0.0
2025-09-18 23:00:00,0.0
2025-09-19 00:00:00,0.0
2025-09-19 01:00:00,0.0
2025-09-19 02:00:00,0.0
2025-09-19 03:00:00,0.0
2025-09-19 04:00:00,0.0
2025-09-19 05:00:00,0.0
2025-09-19 06:00:00,0.0
2025-09-19 07:00:00,0.59422368
2025-09-19 08:00:00,1.55867764
2025-09-19 09:00:00,2.28697416
2025-09-19 10:00:00,2.8206415999999996
2025-09-19 11:00:00,2.03776144
2025-09-19 12:00:00,2.1051816
2025-09-19 13:00:00,1.36363728
2025-09-19 14:00:00,1.69930136
2025-09-19 15:00:00,1.19341924
2025-09-19 16:00:00,0.6410257199999999
2025-09-19 17:00:00,0.16367796
2025-09-19 18:00:00,0.00896416
2025-09-19 19:00:00,0.0
2025-09-19 20:00:00,0.0
2025-09-19 21:00:00,0.0
2025-09-19 22:00:00,0.0
2025-09-19 23:00:00,0.0
2025-09-20 00:00:00,0.0
2025-09-20 01:00:00,0.0
2025-09-20 02:00:00,0.0
2025-09-20 03:00:00,0.0
2025-09-20 04:00:00,0.0
2025-09-20 05:00:00,0.0
2025-09-20 06:00:00,0.0
2025-09-20 07:00:00,0.56859748
2025-09-20 08:00:00,1.54161188
2025-09-20 09:00:00,2.29756584
2025-09-20 10:00:00,2.81714588
2025-09-20 11:00:00,3.11029448
2025-09-20 12:00:00,3.17847792
2025-09-20 13:00:00,3.04330464
2025-09-20 14:00:00,2.7188324800000006
2025-09-20 15:00:00,2.22059476
2025-09-20 16:00:00,1.51175916
2025-09-20 17:00:00,0.5989793200000001
2025-09-20 18:00:00,0.0361484
2025-09-20 19:00:00,0.0
2025-09-20 20:00:00,0.0
2025-09-20 21:00:00,0.0
2025-09-20 22:00:00,0.0
2025-09-20 23:00:00,0.0
2025-09-21 00:00:00,0.0
2025-09-21 01:00:00,0.0
2025-09-21 02:00:00,0.0
2025-09-21 03:00:00,0.0
2025-09-21 04:00:00,0.0
2025-09-21 05:00:00,0.0
2025-09-21 06:00:00,0.0
2025-09-21 07:00:00,0.59049764
2025-09-21 08:00:00,1.56489344
2025-09-21 09:00:00,2.2762302400000003
2025-09-21 10:00:00,2.7469356800000004
2025-09-21 11:00:00,2.9892314000000004
2025-09-21 12:00:00,3.01656092
2025-09-21 13:00:00,2.9282338799999996
2025-09-21 14:00:00,2.6614676000000004
2025-09-21 15:00:00,2.19694052
2025-09-21 16:00:00,1.4832050800000003
2025-09-21 17:00:00,0.58222636
2025-09-21 18:00:00,0.03396948
2025-09-21 19:00:00,0.0
2025-09-21 20:00:00,0.0
2025-09-21 21:00:00,0.0
2025-09-21 22:00:00,0.0
2025-09-21 23:00:00,0.0
2025-09-22 00:00:00,0.0
2025-09-22 01:00:00,0.0
2025-09-22 02:00:00,0.0
2025-09-22 03:00:00,0.0
2025-09-22 04:00:00,0.0
2025-09-22 05:00:00,0.0
2025-09-22 06:00:00,0.0
2025-09-22 07:00:00,0.58273836
2025-09-22 08:00:00,1.5529188399999998
2025-09-22 09:00:00,2.28666904
2025-09-22 10:00:00,2.8130058000000004
2025-09-22 11:00:00,3.11737096
2025-09-22 12:00:00,3.1961642
2025-09-22 13:00:00,3.0673592
2025-09-22 14:00:00,2.73990028
2025-09-22 15:00:00,2.21509788
2025-09-22 16:00:00,1.49361928
2025-09-22 17:00:00,0.5752396399999999
2025-09-22 18:00:00,0.0
2025-09-22 19:00:00,0.0
2025-09-22 20:00:00,0.0
2025-09-22 21:00:00,0.0
2025-09-22 22:00:00,0.0
2025-09-22 23:00:00,0.0
2025-09-23 00:00:00,0.0
2025-09-23 01:00:00,0.0
2025-09-23 02:00:00,0.0
2025-09-23 03:00:00,0.0
2025-09-23 04:00:00,0.0
2025-09-23 05:00:00,0.0
2025-09-23 06:00:00,0.0
2025-09-23 07:00:00,0.55844576
2025-09-23 08:00:00,1.49813716
2025-09-23 09:00:00,2.2225921599999996
2025-09-23 10:00:00,2.7434679999999996
2025-09-23 11:00:00,3.05111196
2025-09-23 12:00:00,3.13966876
2025-09-23 13:00:00,3.0177899999999998
2025-09-23 14:00:00,2.67843528
2025-09-23 15:00:00,2.13601168
2025-09-23 16:00:00,1.4100872800000002
2025-09-23 17:00:00,0.5342526400000001
2025-09-23 18:00:00,0.0
2025-09-23 19:00:00,0.0
2025-09-23 20:00:00,0.0
2025-09-23 21:00:00,0.0
2025-09-23 22:00:00,0.0
2025-09-23 23:00:00,0.0
2025-09-24 00:00:00,0.0
2025-09-24 01:00:00,0.0
2025-09-24 02:00:00,0.0
2025-09-24 03:00:00,0.0
2025-09-24 04:00:00,0.0
2025-09-24 05:00:00,0.0
2025-09-24 06:00:00,0.0
2025-09-24 07:00:00,0.53915284
2025-09-24 08:00:00,1.4861063200000002
2025-09-24 09:00:00,2.24078632
2025-09-24 10:00:00,2.764481
2025-09-24 11:00:00,3.0830056800000007
2025-09-24 12:00:00,3.1660035200000003
2025-09-24 13:00:00,3.03038988
2025-09-24 14:00:00,2.6875256800000007
2025-09-24 15:00:00,2.1364684
2025-09-24 16:00:00,1.4025262
2025-09-24 17:00:00,0.5186758800000001
2025-09-24 18:00:00,0.0
2025-09-24 19:00:00,0.0
2025-09-24 20:00:00,0.0
2025-09-24 21:00:00,0.0
2025-09-24 22:00:00,0.0
2025-09-24 23:00:00,0.0
2025-09-25 00:00:00,0.0
2025-09-25 01:00:00,0.0
2025-09-25 02:00:00,0.0
2025-09-25 03:00:00,0.0
2025-09-25 04:00:00,0.0
2025-09-25 05:00:00,0.0
2025-09-25 06:00:00,0.0
2025-09-25 07:00:00,0.54469464
2025-09-25 08:00:00,1.4973204000000002
2025-09-25 09:00:00,2.24601216
2025-09-25 10:00:00,2.77876476
2025-09-25 11:00:00,3.09503496
2025-09-25 12:00:00,3.20377844
2025-09-25 13:00:00,3.0744311200000003
2025-09-25 14:00:00,2.7208202
2025-09-25 15:00:00,2.14330872
2025-09-25 16:00:00,1.4026196400000002
2025-09-25 17:00:00,0.5118269200000001
2025-09-25 18:00:00,0.0
2025-09-25 19:00:00,0.0
2025-09-25 20:00:00,0.0
2025-09-25 21:00:00,0.0
2025-09-25 22:00:00,0.0
2025-09-25 23:00:00,0.0
2025-09-26 00:00:00,0.0
2025-09-26 01:00:00,0.0
2025-09-26 02:00:00,0.0
2025-09-26 03:00:00,0.0
2025-09-26 04:00:00,0.0
2025-09-26 05:00:00,0.0
2025-09-26 06:00:00,0.0
2025-09-26 07:00:00,0.00749916
2025-09-26 08:00:00,0.035074400000000006
2025-09-26 09:00:00,0.0261868
2025-09-26 10:00:00,0.04520684
2025-09-26 11:00:00,1.4898428000000001
2025-09-26 12:00:00,3.05498788
2025-09-26 13:00:00,2.94971496
2025-09-26 14:00:00,1.34041756
2025-09-26 15:00:00,2.05958132
2025-09-26 16:00:00,0.5011682000000001
2025-09-26 17:00:00,0.47496183999999997
2025-09-26 18:00:00,0.0
2025-09-26 19:00:00,0.0
2025-09-26 20:00:00,0.0
2025-09-26 21:00:00,0.0
2025-09-26 22:00:00,0.0
2025-09-26 23:00:00,0.0
2025-09-27 00:00:00,0.0
2025-09-27 01:00:00,0.0
2025-09-27 02:00:00,0.0
2025-09-27 03:00:00,0.0
2025-09-27 04:00:00,0.0
2025-09-27 05:00:00,0.0
2025-09-27 06:00:00,0.0
2025-09-27 07:00:00,0.41346968000000006
2025-09-27 08:00:00,1.2850672
2025-09-27 09:00:00,2.0291485600000003
2025-09-27 10:00:00,2.5381763200000003
2025-09-27 11:00:00,2.8082680800000004
2025-09-27 12:00:00,2.9382231199999995
2025-09-27 13:00:00,2.8522136000000002
2025-09-27 14:00:00,2.5622186
2025-09-27 15:00:00,2.02161216
2025-09-27 16:00:00,1.294909
2025-09-27 17:00:00,0.46151608000000005
2025-09-27 18:00:00,0.0
2025-09-27 19:00:00,0.0
2025-09-27 20:00:00,0.0
2025-09-27 21:00:00,0.0
2025-09-27 22:00:00,0.0
2025-09-27 23:00:00,0.0
2025-09-28 00:00:00,0.0
2025-09-28 01:00:00,0.0
2025-09-28 02:00:00,0.0
2025-09-28 03:00:00,0.0
2025-09-28 04:00:00,0.0
2025-09-28 05:00:00,0.0
2025-09-28 06:00:00,0.0
2025-09-28 07:00:00,0.07576664
2025-09-28 08:00:00,1.2744923600000002
2025-09-28 09:00:00,1.97502448
2025-09-28 10:00:00,2.51859264
2025-09-28 11:00:00,2.84961536
2025-09-28 12:00:00,3.03360764
2025-09-28 13:00:00,2.9082223200000006
2025-09-28 14:00:00,2.56661876
2025-09-28 15:00:00,2.0135063200000003
2025-09-28 16:00:00,1.27803468
2025-09-28 17:00:00,0.0149122
2025-09-28 18:00:00,0.0
2025-09-28 19:00:00,0.0
2025-09-28 20:00:00,0.0
2025-09-28 21:00:00,0.0
2025-09-28 22:00:00,0.0
2025-09-28 23:00:00,0.0
2025-09-29 00:00:00,0.0
2025-09-29 01:00:00,0.0
2025-09-29 02:00:00,0.0
2025-09-29 03:00:00,0.0
2025-09-29 04:00:00,0.0
2025-09-29 05:00:00,0.0
2025-09-29 06:00:00,0.0
2025-09-29 07:00:00,0.010132
2025-09-29 08:00:00,0.032176720000000006
2025-09-29 09:00:00,0.78664912
2025-09-29 10:00:00,0.92651432
2025-09-29 11:00:00,0.9073505199999999
2025-09-29 12:00:00,0.35728772
2025-09-29 13:00:00,0.3705568
2025-09-29 14:00:00,1.7264178400000003
2025-09-29 15:00:00,0.39453176
2025-09-29 16:00:00,0.0181374
2025-09-29 17:00:00,0.07344232
2025-09-29 18:00:00,0.0
2025-09-29 19:00:00,0.0
2025-09-29 20:00:00,0.0
2025-09-29 21:00:00,0.0
2025-09-29 22:00:00,0.0
2025-09-29 23:00:00,0.0
2025-09-30 00:00:00,0.0
2025-09-30 01:00:00,0.0
2025-09-30 02:00:00,0.0
2025-09-30 03:00:00,0.0
2025-09-30 04:00:00,0.0
2025-09-30 05:00:00,0.0
2025-09-30 06:00:00,0.0
2025-09-30 07:00:00,0.01017396
2025-09-30 08:00:00,0.26366
2025-09-30 09:00:00,1.00628164
2025-09-30 10:00:00,2.5583342
2025-09-30 11:00:00,1.68578968
2025-09-30 12:00:00,1.6346427600000002
2025-09-30 13:00:00,1.15975832
2025-09-30 14:00:00,1.75032428
2025-09-30 15:00:00,2.05770712
2025-09-30 16:00:00,0.18126632
2025-09-30 17:00:00,0.44401160000000006
2025-09-30 18:00:00,0.0
2025-09-30 19:00:00,0.0
2025-09-30 20:00:00,0.0
2025-09-30 21:00:00,0.0
2025-09-30 22:00:00,0.0
2025-09-30 23:00:00,0.0
2025-10-01 00:00:00,0.0
2025-10-01 01:00:00,0.0
2025-10-01 02:00:00,0.0
2025-10-01 03:00:00,0.0
2025-10-01 04:00:00,0.0
2025-10-01 05:00:00,0.0
2025-10-01 06:00:00,0.0
2025-10-01 07:00:00,0.0606548
2025-10-01 08:00:00,0.16464279999999998
2025-10-01 09:00:00,0.1530518
2025-10-01 10:00:00,0.33712648
2025-10-01 11:00:00,0.6942636400000001
2025-10-01 12:00:00,1.1854909200000001
2025-10-01 13:00:00,0.67604808
2025-10-01 14:00:00,1.28926004
2025-10-01 15:00:00,2.0969914000000003
2025-10-01 16:00:00,1.3363684800000002
2025-10-01 17:00:00,0.4362356
2025-10-01 18:00:00,0.0
2025-10-01 19:00:00,0.0
2025-10-01 20:00:00,0.0
2025-10-01 21:00:00,0.0
2025-10-01 22:00:00,0.0
2025-10-01 23:00:00,0.0
2025-10-02 00:00:00,0.0
2025-10-02 01:00:00,0.0
2025-10-02 02:00:00,0.0
2025-10-02 03:00:00,0.0
2025-10-02 04:00:00,0.0
2025-10-02 05:00:00,0.0
2025-10-02 06:00:00,0.0
2025-10-02 07:00:00,0.2433842
2025-10-02 08:00:00,0.31194016
2025-10-02 09:00:00,0.6424754
2025-10-02 10:00:00,0.9249611600000001
2025-10-02 11:00:00,1.44848372
2025-10-02 12:00:00,0.9752330400000001
2025-10-02 13:00:00,1.24150616
2025-10-02 14:00:00,2.64595252
2025-10-02 15:00:00,2.07925596
2025-10-02 16:00:00,0.19630192000000002
2025-10-02 17:00:00,0.13206592
2025-10-02 18:00:00,0.0
2025-10-02 19:00:00,0.0
2025-10-02 20:00:00,0.0
2025-10-02 21:00:00,0.0
2025-10-02 22:00:00,0.0
2025-10-02 23:00:00,0.0
2025-10-03 00:00:00,0.0
2025-10-03 01:00:00,0.0
2025-10-03 02:00:00,0.0
2025-10-03 03:00:00,0.0
2025-10-03 04:00:00,0.0
2025-10-03 05:00:00,0.0
2025-10-03 06:00:00,0.0
2025-10-03 07:00:00,0.51015572
2025-10-03 08:00:00,1.48039884
2025-10-03 09:00:00,2.20947432
2025-10-03 10:00:00,1.5595601199999998
2025-10-03 11:00:00,1.8529166000000001
2025-10-03 12:00:00,2.04658692
2025-10-03 13:00:00,1.9058501199999998
2025-10-03 14:00:00,1.82528528
2025-10-03 15:00:00,1.64625956
2025-10-03 16:00:00,1.33665076
2025-10-03 17:00:00,0.42391307999999994
2025-10-03 18:00:00,0.0
2025-10-03 19:00:00,0.0
2025-10-03 20:00:00,0.0
2025-10-03 21:00:00,0.0
2025-10-03 22:00:00,0.0
2025-10-03 23:00:00,0.0
2025-10-04 00:00:00,0.0
2025-10-04 01:00:00,0.0
2025-10-04 02:00:00,0.0
2025-10-04 03:00:00,0.0
2025-10-04 04:00:00,0.0
2025-10-04 05:00:00,0.0
2025-10-04 06:00:00,0.0
2025-10-04 07:00:00,0.53354696
2025-10-04 08:00:00,1.5210850399999998
2025-10-04 09:00:00,2.25249892
2025-10-04 10:00:00,2.7659173200000002
2025-10-04 11:00:00,3.0670399600000002
2025-10-04 12:00:00,3.15138928
2025-10-04 13:00:00,2.05894844
2025-10-04 14:00:00,1.3306596400000001
2025-10-04 15:00:00,1.0220276
2025-10-04 16:00:00,0.71490104
2025-10-04 17:00:00,0.4220818
2025-10-04 18:00:00,0.0
2025-10-04 19:00:00,0.0
2025-10-04 20:00:00,0.0
2025-10-04 21:00:00,0.0
2025-10-04 22:00:00,0.0
2025-10-04 23:00:00,0.0
2025-10-05 00:00:00,0.0
2025-10-05 01:00:00,0.0
2025-10-05 02:00:00,0.0
2025-10-05 03:00:00,0.0
2025-10-05 04:00:00,0.0
2025-10-05 05:00:00,0.0
2025-10-05 06:00:00,0.0
2025-10-05 07:00:00,0.5366274
2025-10-05 08:00:00,1.5241759200000002
2025-10-05 09:00:00,2.2571912
2025-10-05 10:00:00,2.7804287199999997
2025-10-05 11:00:00,3.0811229599999996
2025-10-05 12:00:00,3.15022176
2025-10-05 13:00:00,2.39251124
2025-10-05 14:00:00,2.29773628
2025-10-05 15:00:00,2.1037267600000003
2025-10-05 16:00:00,1.3286876
2025-10-05 17:00:00,0.40471128
2025-10-05 18:00:00,0.0
2025-10-05 19:00:00,0.0
2025-10-05 20:00:00,0.0
2025-10-05 21:00:00,0.0
2025-10-05 22:00:00,0.0
2025-10-05 23:00:00,0.0
2025-10-06 00:00:00,0.0
2025-10-06 01:00:00,0.0
2025-10-06 02:00:00,0.0
2025-10-06 03:00:00,0.0
2025-10-06 04:00:00,0.0
2025-10-06 05:00:00,0.0
2025-10-06 06:00:00,0.0
2025-10-06 07:00:00,0.48924192000000005
2025-10-06 08:00:00,1.46861836
2025-10-06 09:00:00,2.21109312
2025-10-06 10:00:00,2.21091448
2025-10-06 11:00:00,2.95593572
2025-10-06 12:00:00,3.0323453600000003
2025-10-06 13:00:00,2.8968812400000004
2025-10-06 14:00:00,2.56522804
2025-10-06 15:00:00,2.02735356
2025-10-06 16:00:00,1.27860856
2025-10-06 17:00:00,0.3840146
2025-10-06 18:00:00,0.0
2025-10-06 19:00:00,0.0
2025-10-06 20:00:00,0.0
2025-10-06 21:00:00,0.0
2025-10-06 22:00:00,0.0
2025-10-06 23:00:00,0.0
2025-10-07 00:00:00,0.0
2025-10-07 01:00:00,0.0
2025-10-07 02:00:00,0.0
2025-10-07 03:00:00,0.0
2025-10-07 04:00:00,0.0
2025-10-07 05:00:00,0.0
2025-10-07 06:00:00,0.0
2025-10-07 07:00:00,0.47922240000000005
2025-10-07 08:00:00,1.4384705199999999
2025-10-07 09:00:00,2.1604395199999997
2025-10-07 10:00:00,2.6425358
2025-10-07 11:00:00,2.9175599200000004
2025-10-07 12:00:00,2.97926916
2025-10-07 13:00:00,2.8359879599999998
2025-10-07 14:00:00,2.48832836
2025-10-07 15:00:00,1.9748288000000003
2025-10-07 16:00:00,1.2474902
2025-10-07 17:00:00,0.36577956
2025-10-07 18:00:00,0.0
2025-10-07 19:00:00,0.0
2025-10-07 20:00:00,0.0
2025-10-07 21:00:00,0.0
2025-10-07 22:00:00,0.0
2025-10-07 23:00:00,0.0
2025-10-08 00:00:00,0.0
2025-10-08 01:00:00,0.0
2025-10-08 02:00:00,0.0
2025-10-08 03:00:00,0.0
2025-10-08 04:00:00,0.0
2025-10-08 05:00:00,0.0
2025-10-08 06:00:00,0.0
2025-10-08 07:00:00,0.47958572000000005
2025-10-08 08:00:00,1.44041416
2025-10-08 09:00:00,2.17088876
2025-10-08 10:00:00,2.6797278799999997
2025-10-08 11:00:00,2.97617316
2025-10-08 12:00:00,3.0677797200000003
2025-10-08 13:00:00,2.92011236
2025-10-08 14:00:00,2.5640570400000002
2025-10-08 15:00:00,1.99859288
2025-10-08 16:00:00,1.2360103599999999
2025-10-08 17:00:00,0.34826312000000004
2025-10-08 18:00:00,0.0
2025-10-08 19:00:00,0.0
2025-10-08 20:00:00,0.0
2025-10-08 21:00:00,0.0
2025-10-08 22:00:00,0.0
2025-10-08 23:00:00,0.0
2025-10-09 00:00:00,0.0
2025-10-09 01:00:00,0.0
2025-10-09 02:00:00,0.0
2025-10-09 03:00:00,0.0
2025-10-09 04:00:00,0.0
2025-10-09 05:00:00,0.0
2025-10-09 06:00:00,0.0
2025-10-09 07:00:00,0.44852144000000005
2025-10-09 08:00:00,1.4220261600000002
2025-10-09 09:00:00,2.1711723600000004
2025-10-09 10:00:00,2.68695616
2025-10-09 11:00:00,2.9815418800000004
2025-10-09 12:00:00,3.05933776
2025-10-09 13:00:00,2.90972416
2025-10-09 14:00:00,2.5544042800000004
2025-10-09 15:00:00,2.01385572
2025-10-09 16:00:00,1.2443188
2025-10-09 17:00:00,0.34490415999999996
2025-10-09 18:00:00,0.0
2025-10-09 19:00:00,0.0
2025-10-09 20:00:00,0.0
2025-10-09 21:00:00,0.0
2025-10-09 22:00:00,0.0
2025-10-09 23:00:00,0.0
2025-10-10 00:00:00,0.0
2025-10-10 01:00:00,0.0
2025-10-10 02:00:00,0.0
2025-10-10 03:00:00,0.0
2025-10-10 04:00:00,0.0
2025-10-10 05:00:00,0.0
2025-10-10 06:00:00,0.0
2025-10-10 07:00:00,0.45038572000000004
2025-10-10 08:00:00,1.4301476800000001
2025-10-10 09:00:00,2.180018
2025-10-10 10:00:00,2.6716703600000007
2025-10-10 11:00:00,2.9352489200000003
2025-10-10 12:00:00,2.99403864
2025-10-10 13:00:00,2.84675608
2025-10-10 14:00:00,2.51442016
2025-10-10 15:00:00,1.9974159599999999
2025-10-10 16:00:00,1.2368084000000001
2025-10-10 17:00:00,0.333031
2025-10-10 18:00:00,0.0
2025-10-10 19:00:00,0.0
2025-10-10 20:00:00,0.0
2025-10-10 21:00:00,0.0
2025-10-10 22:00:00,0.0
2025-10-10 23:00:00,0.0
2025-10-11 00:00:00,0.0
2025-10-11 01:00:00,0.0
2025-10-11 02:00:00,0.0
2025-10-11 03:00:00,0.0
2025-10-11 04:00:00,0.0
2025-10-11 05:00:00,0.0
2025-10-11 06:00:00,0.0
2025-10-11 07:00:00,0.4928192
2025-10-11 08:00:00,1.51281264
2025-10-11 09:00:00,2.23837716
2025-10-11 10:00:00,2.73143448
2025-10-11 11:00:00,3.03254336
2025-10-11 12:00:00,3.1477684000000004
2025-10-11 13:00:00,3.0317535200000005
2025-10-11 14:00:00,2.68654712
2025-10-11 15:00:00,2.11463568
2025-10-11 16:00:00,1.3140484799999999
2025-10-11 17:00:00,0.34549172
2025-10-11 18:00:00,0.0
2025-10-11 19:00:00,0.0
2025-10-11 20:00:00,0.0
2025-10-11 21:00:00,0.0
2025-10-11 22:00:00,0.0
2025-10-11 23:00:00,0.0
2025-10-12 00:00:00,0.0
2025-10-12 01:00:00,0.0
2025-10-12 02:00:00,0.0
2025-10-12 03:00:00,0.0
2025-10-12 04:00:00,0.0
2025-10-12 05:00:00,0.0
2025-10-12 06:00:00,0.0
2025-10-12 07:00:00,0.10849727999999999
2025-10-12 08:00:00,0.06196708
2025-10-12 09:00:00,0.51958292
2025-10-12 10:00:00,0.9277049599999999
2025-10-12 11:00:00,1.32069612
2025-10-12 12:00:00,3.13021292
2025-10-12 13:00:00,3.00259928
2025-10-12 14:00:00,1.9353824
2025-10-12 15:00:00,2.0464452
2025-10-12 16:00:00,1.22727224
2025-10-12 17:00:00,0.18627292
2025-10-12 18:00:00,0.0
2025-10-12 19:00:00,0.0
2025-10-12 20:00:00,0.0
2025-10-12 21:00:00,0.0
2025-10-12 22:00:00,0.0
2025-10-12 23:00:00,0.0
2025-10-13 00:00:00,0.0
2025-10-13 01:00:00,0.0
2025-10-13 02:00:00,0.0
2025-10-13 03:00:00,0.0
2025-10-13 04:00:00,0.0
2025-10-13 05:00:00,0.0
2025-10-13 06:00:00,0.0
2025-10-13 07:00:00,0.061201000000000005
2025-10-13 08:00:00,1.39859604
2025-10-13 09:00:00,2.14454416
2025-10-13 10:00:00,2.09267548
2025-10-13 11:00:00,2.9450538
2025-10-13 12:00:00,2.50870812
2025-10-13 13:00:00,2.92309712
2025-10-13 14:00:00,2.58704452
2025-10-13 15:00:00,2.02473356
2025-10-13 16:00:00,1.22411776
2025-10-13 17:00:00,0.28723528
2025-10-13 18:00:00,0.0
2025-10-13 19:00:00,0.0
2025-10-13 20:00:00,0.0
2025-10-13 21:00:00,0.0
2025-10-13 22:00:00,0.0
2025-10-13 23:00:00,0.0
2025-10-14 00:00:00,0.0
2025-10-14 01:00:00,0.0
2025-10-14 02:00:00,0.0
2025-10-14 03:00:00,0.0
2025-10-14 04:00:00,0.0
2025-10-14 05:00:00,0.0
2025-10-14 06:00:00,0.0
2025-10-14 07:00:00,0.02945848
2025-10-14 08:00:00,0.06476568
2025-10-14 09:00:00,1.30688816
2025-10-14 10:00:00,1.7062936400000002
2025-10-14 11:00:00,2.8887255599999997
2025-10-14 12:00:00,2.97372012
2025-10-14 13:00:00,2.85559276
2025-10-14 14:00:00,2.50691064
2025-10-14 15:00:00,1.3833520000000001
2025-10-14 16:00:00,0.8511318
2025-10-14 17:00:00,0.26079416
2025-10-14 18:00:00,0.0
2025-10-14 19:00:00,0.0
2025-10-14 20:00:00,0.0
2025-10-14 21:00:00,0.0
2025-10-14 22:00:00,0.0
2025-10-14 23:00:00,0.0
2025-10-15 00:00:00,0.0
2025-10-15 01:00:00,0.0
2025-10-15 02:00:00,0.0
2025-10-15 03:00:00,0.0
2025-10-15 04:00:00,0.0
2025-10-15 05:00:00,0.0
2025-10-15 06:00:00,0.0
2025-10-15 07:00:00,0.046299
2025-10-15 08:00:00,1.39923604
2025-10-15 09:00:00,2.13138172
2025-10-15 10:00:00,2.62761952
2025-10-15 11:00:00,2.8889658000000003
2025-10-15 12:00:00,2.909083
2025-10-15 13:00:00,2.75815964
2025-10-15 14:00:00,2.45970144
2025-10-15 15:00:00,1.9440196
2025-10-15 16:00:00,1.16401628
2025-10-15 17:00:00,0.23462432
2025-10-15 18:00:00,0.0
2025-10-15 19:00:00,0.0
2025-10-15 20:00:00,0.0
2025-10-15 21:00:00,0.0
2025-10-15 22:00:00,0.0
2025-10-15 23:00:00,0.0
2025-10-16 00:00:00,0.0
2025-10-16 01:00:00,0.0
2025-10-16 02:00:00,0.0
2025-10-16 03:00:00,0.0
2025-10-16 04:00:00,0.0
2025-10-16 05:00:00,0.0
2025-10-16 06:00:00,0.0
2025-10-16 07:00:00,0.4397922000000001
2025-10-16 08:00:00,1.4438492800000002
2025-10-16 09:00:00,2.19521004
2025-10-16 10:00:00,2.7165673599999995
2025-10-16 11:00:00,2.98831836
2025-10-16 12:00:00,3.0340038400000005
2025-10-16 13:00:00,2.89228272
2025-10-16 14:00:00,2.5417267999999997
2025-10-16 15:00:00,1.9878492399999999
2025-10-16 16:00:00,1.17289156
2025-10-16 17:00:00,0.2099684
2025-10-16 18:00:00,0.0
2025-10-16 19:00:00,0.0
2025-10-16 20:00:00,0.0
2025-10-16 21:00:00,0.0
2025-10-16 22:00:00,0.0
2025-10-16 23:00:00,0.0
2025-10-17 00:00:00,0.0
2025-10-17 01:00:00,0.0
2025-10-17 02:00:00,0.0
2025-10-17 03:00:00,0.0
2025-10-17 04:00:00,0.0
2025-10-17 05:00:00,0.0
2025-10-17 06:00:00,0.0
2025-10-17 07:00:00,0.012740679999999999
2025-10-17 08:00:00,0.234423
2025-10-17 09:00:00,2.18297356
2025-10-17 10:00:00,1.75208416
2025-10-17 11:00:00,2.93071144
2025-10-17 12:00:00,2.9675864
2025-10-17 13:00:00,2.83211616
2025-10-17 14:00:00,2.49214784
2025-10-17 15:00:00,1.9780329600000002
2025-10-17 16:00:00,1.17423116
2025-10-17 17:00:00,0.19451344000000004
2025-10-17 18:00:00,0.0
2025-10-17 19:00:00,0.0
2025-10-17 20:00:00,0.0
2025-10-17 21:00:00,0.0
2025-10-17 22:00:00,0.0
2025-10-17 23:00:00,0.0
2025-10-18 00:00:00,0.0
2025-10-18 01:00:00,0.0
2025-10-18 02:00:00,0.0
2025-10-18 03:00:00,0.0
2025-10-18 04:00:00,0.0
2025-10-18 05:00:00,0.0
2025-10-18 06:00:00,0.0
2025-10-18 07:00:00,0.09535264
2025-10-18 08:00:00,0.76187252
2025-10-18 09:00:00,0.8809119599999999
2025-10-18 10:00:00,2.6568771200000003
2025-10-18 11:00:00,2.93195124
2025-10-18 12:00:00,1.3159718
2025-10-18 13:00:00,0.23577256000000002
2025-10-18 14:00:00,0.39687027999999996
2025-10-18 15:00:00,0.9863472
2025-10-18 16:00:00,0.26493384
2025-10-18 17:00:00,0.03341424
2025-10-18 18:00:00,0.0
2025-10-18 19:00:00,0.0
2025-10-18 20:00:00,0.0
2025-10-18 21:00:00,0.0
2025-10-18 22:00:00,0.0
2025-10-18 23:00:00,0.0
2025-10-19 00:00:00,0.0
2025-10-19 01:00:00,0.0
2025-10-19 02:00:00,0.0
2025-10-19 03:00:00,0.0
2025-10-19 04:00:00,0.0
2025-10-19 05:00:00,0.0
2025-10-19 06:00:00,0.0
2025-10-19 07:00:00,0.010011399999999998
2025-10-19 08:00:00,0.010276559999999999
2025-10-19 09:00:00,0.02101836
2025-10-19 10:00:00,0.6904387200000001
2025-10-19 11:00:00,0.62788736
2025-10-19 12:00:00,0.5910252
2025-10-19 13:00:00,0.9468017999999999
2025-10-19 14:00:00,1.9177162
2025-10-19 15:00:00,1.13292524
2025-10-19 16:00:00,0.7604923600000001
2025-10-19 17:00:00,0.12581520000000002
2025-10-19 18:00:00,0.0
2025-10-19 19:00:00,0.0
2025-10-19 20:00:00,0.0
2025-10-19 21:00:00,0.0
2025-10-19 22:00:00,0.0
2025-10-19 23:00:00,0.0
2025-10-20 00:00:00,0.0
2025-10-20 01:00:00,0.0
2025-10-20 02:00:00,0.0
2025-10-20 03:00:00,0.0
2025-10-20 04:00:00,0.0
2025-10-20 05:00:00,0.0
2025-10-20 06:00:00,0.0
2025-10-20 07:00:00,0.3889304
2025-10-20 08:00:00,1.36931232
2025-10-20 09:00:00,0.80075816
2025-10-20 10:00:00,1.35073512
2025-10-20 11:00:00,0.38800875999999995
2025-10-20 12:00:00,1.03651668
2025-10-20 13:00:00,1.6943561600000001
2025-10-20 14:00:00,1.4623344
2025-10-20 15:00:00,0.83316684
2025-10-20 16:00:00,1.11339224
2025-10-20 17:00:00,0.1565264
2025-10-20 18:00:00,0.0
2025-10-20 19:00:00,0.0
2025-10-20 20:00:00,0.0
2025-10-20 21:00:00,0.0
2025-10-20 22:00:00,0.0
2025-10-20 23:00:00,0.0
2025-10-21 00:00:00,0.0
2025-10-21 01:00:00,0.0
2025-10-21 02:00:00,0.0
2025-10-21 03:00:00,0.0
2025-10-21 04:00:00,0.0
2025-10-21 05:00:00,0.0
2025-10-21 06:00:00,0.0
2025-10-21 07:00:00,0.0152776
2025-10-21 08:00:00,0.54989928
2025-10-21 09:00:00,1.02299608
2025-10-21 10:00:00,1.60320016
2025-10-21 11:00:00,2.0238392800000002
2025-10-21 12:00:00,2.28422704
2025-10-21 13:00:00,1.99344156
2025-10-21 14:00:00,1.76216028
2025-10-21 15:00:00,1.1648508800000001
2025-10-21 16:00:00,0.17703008
2025-10-21 17:00:00,0.0767712
2025-10-21 18:00:00,0.0
2025-10-21 19:00:00,0.0
2025-10-21 20:00:00,0.0
2025-10-21 21:00:00,0.0
2025-10-21 22:00:00,0.0
2025-10-21 23:00:00,0.0
2025-10-22 00:00:00,0.0
2025-10-22 01:00:00,0.0
2025-10-22 02:00:00,0.0
2025-10-22 03:00:00,0.0
2025-10-22 04:00:00,0.0
2025-10-22 05:00:00,0.0
2025-10-22 06:00:00,0.0
2025-10-22 07:00:00,0.007291880000000001
2025-10-22 08:00:00,0.010267840000000002
2025-10-22 09:00:00,0.02110808
2025-10-22 10:00:00,0.03202816
2025-10-22 11:00:00,0.24389872
2025-10-22 12:00:00,0.6998017999999999
2025-10-22 13:00:00,1.32918436
2025-10-22 14:00:00,1.06925484
2025-10-22 15:00:00,0.78998444
2025-10-22 16:00:00,0.28932768
2025-10-22 17:00:00,0.02380592
2025-10-22 18:00:00,0.0
2025-10-22 19:00:00,0.0
2025-10-22 20:00:00,0.0
2025-10-22 21:00:00,0.0
2025-10-22 22:00:00,0.0
2025-10-22 23:00:00,0.0
2025-10-23 00:00:00,0.0
2025-10-23 01:00:00,0.0
2025-10-23 02:00:00,0.0
2025-10-23 03:00:00,0.0
2025-10-23 04:00:00,0.0
2025-10-23 05:00:00,0.0
2025-10-23 06:00:00,0.0
2025-10-23 07:00:00,0.32376852
2025-10-23 08:00:00,0.23318952000000004
2025-10-23 09:00:00,0.35839908000000004
2025-10-23 10:00:00,1.4889788400000001
2025-10-23 11:00:00,1.6374024
2025-10-23 12:00:00,1.28181772
2025-10-23 13:00:00,0.42884568
2025-10-23 14:00:00,0.46817980000000003
2025-10-23 15:00:00,0.95169624
2025-10-23 16:00:00,0.23852536000000002
2025-10-23 17:00:00,0.0166592
2025-10-23 18:00:00,0.0
2025-10-23 19:00:00,0.0
2025-10-23 20:00:00,0.0
2025-10-23 21:00:00,0.0
2025-10-23 22:00:00,0.0
2025-10-23 23:00:00,0.0
2025-10-24 00:00:00,0.0
2025-10-24 01:00:00,0.0
2025-10-24 02:00:00,0.0
2025-10-24 03:00:00,0.0
2025-10-24 04:00:00,0.0
2025-10-24 05:00:00,0.0
2025-10-24 06:00:00,0.0
2025-10-24 07:00:00,0.01501
2025-10-24 08:00:00,0.05267
2025-10-24 09:00:00,0.0435482
2025-10-24 10:00:00,0.15124004000000002
2025-10-24 11:00:00,0.27017388
2025-10-24 12:00:00,0.67489748
2025-10-24 13:00:00,0.13536508
2025-10-24 14:00:00,0.6888391199999999
2025-10-24 15:00:00,0.14984196
2025-10-24 16:00:00,0.10223756
2025-10-24 17:00:00,0.020596039999999996
2025-10-24 18:00:00,0.0
2025-10-24 19:00:00,0.0
2025-10-24 20:00:00,0.0
2025-10-24 21:00:00,0.0
2025-10-24 22:00:00,0.0
2025-10-24 23:00:00,0.0
2025-10-25 00:00:00,0.0
2025-10-25 01:00:00,0.0
2025-10-25 02:00:00,0.0
2025-10-25 03:00:00,0.0
2025-10-25 04:00:00,0.0
2025-10-25 05:00:00,0.0
2025-10-25 06:00:00,0.0
2025-10-25 07:00:00,0.00984588
2025-10-25 08:00:00,0.01034508
2025-10-25 09:00:00,0.1209628
2025-10-25 10:00:00,0.31226992
2025-10-25 11:00:00,0.56007428
2025-10-25 12:00:00,0.16619388000000002
2025-10-25 13:00:00,0.06616620000000001
2025-10-25 14:00:00,0.3085258
2025-10-25 15:00:00,0.021164839999999997
2025-10-25 16:00:00,0.30073364
2025-10-25 17:00:00,0.11605712
2025-10-25 18:00:00,0.0
2025-10-25 19:00:00,0.0
2025-10-25 20:00:00,0.0
2025-10-25 21:00:00,0.0
2025-10-25 22:00:00,0.0
2025-10-25 23:00:00,0.0
2025-10-26 00:00:00,0.0
2025-10-26 01:00:00,0.0
2025-10-26 02:00:00,0.0
2025-10-26 03:00:00,0.0
2025-10-26 04:00:00,0.0
2025-10-26 05:00:00,0.0
2025-10-26 06:00:00,0.0
2025-10-26 07:00:00,0.32909735999999995
2025-10-26 08:00:00,1.331848
2025-10-26 09:00:00,2.1063777600000004
2025-10-26 10:00:00,2.6191940400000004
2025-10-26 11:00:00,2.9029776000000003
2025-10-26 12:00:00,2.9386247200000004
2025-10-26 13:00:00,2.7875271200000005
2025-10-26 14:00:00,2.43761092
2025-10-26 15:00:00,1.8695560800000002
2025-10-26 16:00:00,0.11678408
2025-10-26 17:00:00,0.12237935999999999
2025-10-26 18:00:00,0.0
2025-10-26 19:00:00,0.0
2025-10-26 20:00:00,0.0
2025-10-26 21:00:00,0.0
2025-10-26 22:00:00,0.0
2025-10-26 23:00:00,0.0
2025-10-27 00:00:00,0.0
2025-10-27 01:00:00,0.0
2025-10-27 02:00:00,0.0
2025-10-27 03:00:00,0.0
2025-10-27 04:00:00,0.0
2025-10-27 05:00:00,0.0
2025-10-27 06:00:00,0.0
2025-10-27 07:00:00,0.33452688
2025-10-27 08:00:00,1.3789569599999998
2025-10-27 09:00:00,2.1686768400000003
2025-10-27 10:00:00,2.66828844
2025-10-27 11:00:00,2.9353090399999995
2025-10-27 12:00:00,2.9900288799999997
2025-10-27 13:00:00,2.8112922399999998
2025-10-27 14:00:00,2.4299553599999997
2025-10-27 15:00:00,1.8278378000000002
2025-10-27 16:00:00,0.99738192
2025-10-27 17:00:00,0.10335336
2025-10-27 18:00:00,0.0
2025-10-27 19:00:00,0.0
2025-10-27 20:00:00,0.0
2025-10-27 21:00:00,0.0
2025-10-27 22:00:00,0.0
2025-10-27 23:00:00,0.0
2025-10-28 00:00:00,0.0
2025-10-28 01:00:00,0.0
2025-10-28 02:00:00,0.0
2025-10-28 03:00:00,0.0
2025-10-28 04:00:00,0.0
2025-10-28 05:00:00,0.0
2025-10-28 06:00:00,0.0
2025-10-28 07:00:00,0.2400902
2025-10-28 08:00:00,0.9853720800000001
2025-10-28 09:00:00,1.06772468
2025-10-28 10:00:00,1.9388592000000002
2025-10-28 11:00:00,1.88811048
2025-10-28 12:00:00,2.15663936
2025-10-28 13:00:00,1.9673338800000002
2025-10-28 14:00:00,1.39482788
2025-10-28 15:00:00,0.96758752
2025-10-28 16:00:00,0.34501368000000004
2025-10-28 17:00:00,0.051342
2025-10-28 18:00:00,0.0
2025-10-28 19:00:00,0.0
2025-10-28 20:00:00,0.0
2025-10-28 21:00:00,0.0
2025-10-28 22:00:00,0.0
2025-10-28 23:00:00,0.0
2025-10-29 00:00:00,0.0
2025-10-29 01:00:00,0.0
2025-10-29 02:00:00,0.0
2025-10-29 03:00:00,0.0
2025-10-29 04:00:00,0.0
2025-10-29 05:00:00,0.0
2025-10-29 06:00:00,0.0
2025-10-29 07:00:00,0.3077966
2025-10-29 08:00:00,1.4026762400000001
2025-10-29 09:00:00,2.23753524
2025-10-29 10:00:00,2.8151441600000005
2025-10-29 11:00:00,3.14314536
2025-10-29 12:00:00,3.2165646399999996
2025-10-29 13:00:00,3.0478866800000004
2025-10-29 14:00:00,2.6368077600000004
2025-10-29 15:00:00,2.0082267199999997
2025-10-29 16:00:00,1.09634016
2025-10-29 17:00:00,0.11820144
2025-10-29 18:00:00,0.0
2025-10-29 19:00:00,0.0
2025-10-29 20:00:00,0.0
2025-10-29 21:00:00,0.0
2025-10-29 22:00:00,0.0
2025-10-29 23:00:00,0.0
2025-10-30 00:00:00,0.0
2025-10-30 01:00:00,0.0
2025-10-30 02:00:00,0.0
2025-10-30 03:00:00,0.0
2025-10-30 04:00:00,0.0
2025-10-30 05:00:00,0.0
2025-10-30 06:00:00,0.0
2025-10-30 07:00:00,0.02860944
2025-10-30 08:00:00,1.3969505600000003
2025-10-30 09:00:00,2.20622688
2025-10-30 10:00:00,2.75067472
2025-10-30 11:00:00,3.05800388
2025-10-30 12:00:00,3.12040892
2025-10-30 13:00:00,2.94779324
2025-10-30 14:00:00,2.55196668
2025-10-30 15:00:00,1.9577418400000002
2025-10-30 16:00:00,1.07290508
2025-10-30 17:00:00,0.11498244000000002
2025-10-30 18:00:00,0.0
2025-10-30 19:00:00,0.0
2025-10-30 20:00:00,0.0
2025-10-30 21:00:00,0.0
2025-10-30 22:00:00,0.0
2025-10-30 23:00:00,0.0
2025-10-31 00:00:00,0.0
2025-10-31 01:00:00,0.0
2025-10-31 02:00:00,0.0
2025-10-31 03:00:00,0.0
2025-10-31 04:00:00,0.0
2025-10-31 05:00:00,0.0
2025-10-31 06:00:00,0.0
2025-10-31 07:00:00,0.32120696000000004
2025-10-31 08:00:00,1.4132121599999998
2025-10-31 09:00:00,2.23580532
2025-10-31 10:00:00,2.77455284
2025-10-31 11:00:00,3.0568174800000003
2025-10-31 12:00:00,3.10878788
2025-10-31 13:00:00,2.9426168800000005
2025-10-31 14:00:00,2.55482624
2025-10-31 15:00:00,1.9293902400000003
2025-10-31 16:00:00,1.0449208
2025-10-31 17:00:00,0.10120383999999999
2025-10-31 18:00:00,0.0
2025-10-31 19:00:00,0.0
2025-10-31 20:00:00,0.0
2025-10-31 21:00:00,0.0
2025-10-31 22:00:00,0.0
2025-10-31 23:00:00,0.0
2025-11-01 00:00:00,0.0
2025-11-01 01:00:00,0.0
2025-11-01 02:00:00,0.0
2025-11-01 03:00:00,0.0
2025-11-01 04:00:00,0.0
2025-11-01 05:00:00,0.0
2025-11-01 06:00:00,0.0
2025-11-01 07:00:00,0.24474340000000003
2025-11-01 08:00:00,0.07387408000000001
2025-11-01 09:00:00,0.12990804
2025-11-01 10:00:00,0.7635133999999999
2025-11-01 11:00:00,1.4319294
2025-11-01 12:00:00,2.95182816
2025-11-01 13:00:00,0.98092628
2025-11-01 14:00:00,1.52115716
2025-11-01 15:00:00,0.69980712
2025-11-01 16:00:00,0.15650888000000002
2025-11-01 17:00:00,0.09012472
2025-11-01 18:00:00,0.0
2025-11-01 19:00:00,0.0
2025-11-01 20:00:00,0.0
2025-11-01 21:00:00,0.0
2025-11-01 22:00:00,0.0
2025-11-01 23:00:00,0.0
2025-11-02 00:00:00,0.0
2025-11-02 01:00:00,0.0
2025-11-02 02:00:00,0.0
2025-11-02 03:00:00,0.0
2025-11-02 04:00:00,0.0
2025-11-02 05:00:00,0.0
2025-11-02 06:00:00,0.0
2025-11-02 07:00:00,0.024616439999999996
2025-11-02 08:00:00,0.37983232
2025-11-02 09:00:00,0.92752832
2025-11-02 10:00:00,1.6834076800000002
2025-11-02 11:00:00,1.814589
2025-11-02 12:00:00,2.89172432
2025-11-02 13:00:00,2.76297972
2025-11-02 14:00:00,2.4055442400000002
2025-11-02 15:00:00,1.8410051199999997
2025-11-02 16:00:00,0.97985768
2025-11-02 17:00:00,0.08941368000000001
2025-11-02 18:00:00,0.0
2025-11-02 19:00:00,0.0
2025-11-02 20:00:00,0.0
2025-11-02 21:00:00,0.0
2025-11-02 22:00:00,0.0
2025-11-02 23:00:00,0.0
2025-11-03 00:00:00,0.0
2025-11-03 01:00:00,0.0
2025-11-03 02:00:00,0.0
2025-11-03 03:00:00,0.0
2025-11-03 04:00:00,0.0
2025-11-03 05:00:00,0.0
2025-11-03 06:00:00,0.0
2025-11-03 07:00:00,0.021449319999999997
2025-11-03 08:00:00,0.06831984
2025-11-03 09:00:00,0.51451984
2025-11-03 10:00:00,1.0057027600000001
2025-11-03 11:00:00,0.52296544
2025-11-03 12:00:00,0.40103864
2025-11-03 13:00:00,0.06944600000000001
2025-11-03 14:00:00,0.02954904
2025-11-03 15:00:00,0.06176664
2025-11-03 16:00:00,0.01021544
2025-11-03 17:00:00,0.0072136
2025-11-03 18:00:00,0.0
2025-11-03 19:00:00,0.0
2025-11-03 20:00:00,0.0
2025-11-03 21:00:00,0.0
2025-11-03 22:00:00,0.0
2025-11-03 23:00:00,0.0
2025-11-04 00:00:00,0.0
2025-11-04 01:00:00,0.0
2025-11-04 02:00:00,0.0
2025-11-04 03:00:00,0.0
2025-11-04 04:00:00,0.0
2025-11-04 05:00:00,0.0
2025-11-04 06:00:00,0.0
2025-11-04 07:00:00,0.2038946
2025-11-04 08:00:00,1.3061858800000001
2025-11-04 09:00:00,2.1468821599999997
2025-11-04 10:00:00,2.72794692
2025-11-04 11:00:00,3.0606111599999997
2025-11-04 12:00:00,3.11797228
2025-11-04 13:00:00,2.9508688000000003
2025-11-04 14:00:00,2.5418571599999997
2025-11-04 15:00:00,1.9133889199999998
2025-11-04 16:00:00,0.99937176
2025-11-04 17:00:00,0.08374108
2025-11-04 18:00:00,0.0
2025-11-04 19:00:00,0.0
2025-11-04 20:00:00,0.0
2025-11-04 21:00:00,0.0
2025-11-04 22:00:00,0.0
2025-11-04 23:00:00,0.0
2025-11-05 00:00:00,0.0
2025-11-05 01:00:00,0.0
2025-11-05 02:00:00,0.0
2025-11-05 03:00:00,0.0
2025-11-05 04:00:00,0.0
2025-11-05 05:00:00,0.0
2025-11-05 06:00:00,0.0
2025-11-05 07:00:00,0.01829648
2025-11-05 08:00:00,0.04567636
2025-11-05 09:00:00,0.6654896400000001
2025-11-05 10:00:00,1.3938606000000002
2025-11-05 11:00:00,3.0145266399999997
2025-11-05 12:00:00,3.0800115600000004
2025-11-05 13:00:00,2.922262
2025-11-05 14:00:00,2.515607
2025-11-05 15:00:00,1.9103092000000002
2025-11-05 16:00:00,1.0014479200000002
2025-11-05 17:00:00,0.033227519999999997
2025-11-05 18:00:00,0.0
2025-11-05 19:00:00,0.0
2025-11-05 20:00:00,0.0
2025-11-05 21:00:00,0.0
2025-11-05 22:00:00,0.0
2025-11-05 23:00:00,0.0
2025-11-06 00:00:00,0.0
2025-11-06 01:00:00,0.0
2025-11-06 02:00:00,0.0
2025-11-06 03:00:00,0.0
2025-11-06 04:00:00,0.0
2025-11-06 05:00:00,0.0
2025-11-06 06:00:00,0.0
2025-11-06 07:00:00,0.15095004
2025-11-06 08:00:00,1.26858764
2025-11-06 09:00:00,2.12713764
2025-11-06 10:00:00,2.6761044
2025-11-06 11:00:00,2.99510408
2025-11-06 12:00:00,3.0608614
2025-11-06 13:00:00,2.89386344
2025-11-06 14:00:00,2.49144004
2025-11-06 15:00:00,1.87386688
2025-11-06 16:00:00,0.9704648399999999
2025-11-06 17:00:00,0.03098332
2025-11-06 18:00:00,0.0
2025-11-06 19:00:00,0.0
2025-11-06 20:00:00,0.0
2025-11-06 21:00:00,0.0
2025-11-06 22:00:00,0.0
2025-11-06 23:00:00,0.0
2025-11-07 00:00:00,0.0
2025-11-07 01:00:00,0.0
2025-11-07 02:00:00,0.0
2025-11-07 03:00:00,0.0
2025-11-07 04:00:00,0.0
2025-11-07 05:00:00,0.0
2025-11-07 06:00:00,0.0
2025-11-07 07:00:00,0.1306416
2025-11-07 08:00:00,1.2586950000000001
2025-11-07 09:00:00,2.12201468
2025-11-07 10:00:00,2.66231416
2025-11-07 11:00:00,2.952638
2025-11-07 12:00:00,3.01877552
2025-11-07 13:00:00,2.8442181599999996
2025-11-07 14:00:00,2.45174312
2025-11-07 15:00:00,1.8219386400000002
2025-11-07 16:00:00,0.94596424
2025-11-07 17:00:00,0.0
2025-11-07 18:00:00,0.0
2025-11-07 19:00:00,0.0
2025-11-07 20:00:00,0.0
2025-11-07 21:00:00,0.0
2025-11-07 22:00:00,0.0
2025-11-07 23:00:00,0.0
2025-11-08 00:00:00,0.0
2025-11-08 01:00:00,0.0
2025-11-08 02:00:00,0.0
2025-11-08 03:00:00,0.0
2025-11-08 04:00:00,0.0
2025-11-08 05:00:00,0.0
2025-11-08 06:00:00,0.0
2025-11-08 07:00:00,0.09498867999999999
2025-11-08 08:00:00,1.15297068
2025-11-08 09:00:00,1.9616379600000002
2025-11-08 10:00:00,2.51764616
2025-11-08 11:00:00,2.8236152000000003
2025-11-08 12:00:00,2.89600468
2025-11-08 13:00:00,2.7882122
2025-11-08 14:00:00,2.43756244
2025-11-08 15:00:00,0.86529536
2025-11-08 16:00:00,0.09902531999999999
2025-11-08 17:00:00,0.0
2025-11-08 18:00:00,0.0
2025-11-08 19:00:00,0.0
2025-11-08 20:00:00,0.0
2025-11-08 21:00:00,0.0
2025-11-08 22:00:00,0.0
2025-11-08 23:00:00,0.0
2025-11-09 00:00:00,0.0
2025-11-09 01:00:00,0.0
2025-11-09 02:00:00,0.0
2025-11-09 03:00:00,0.0
2025-11-09 04:00:00,0.0
2025-11-09 05:00:00,0.0
2025-11-09 06:00:00,0.0
2025-11-09 07:00:00,0.10488228
2025-11-09 08:00:00,1.27430148
2025-11-09 09:00:00,2.15699904
2025-11-09 10:00:00,2.7554997200000004
2025-11-09 11:00:00,3.0841065600000004
2025-11-09 12:00:00,3.15835152
2025-11-09 13:00:00,2.1060389600000002
2025-11-09 14:00:00,2.54388712
2025-11-09 15:00:00,1.8937900399999998
2025-11-09 16:00:00,0.9522069999999999
2025-11-09 17:00:00,0.0
2025-11-09 18:00:00,0.0
2025-11-09 19:00:00,0.0
2025-11-09 20:00:00,0.0
2025-11-09 21:00:00,0.0
2025-11-09 22:00:00,0.0
2025-11-09 23:00:00,0.0
2025-11-10 00:00:00,0.0
2025-11-10 01:00:00,0.0
2025-11-10 02:00:00,0.0
2025-11-10 03:00:00,0.0
2025-11-10 04:00:00,0.0
2025-11-10 05:00:00,0.0
2025-11-10 06:00:00,0.0
2025-11-10 07:00:00,0.09599396
2025-11-10 08:00:00,1.24026968
2025-11-10 09:00:00,2.09890444
2025-11-10 10:00:00,2.67015888
2025-11-10 11:00:00,2.98799024
2025-11-10 12:00:00,3.05747344
2025-11-10 13:00:00,2.9022069599999996
2025-11-10 14:00:00,2.49598044
2025-11-10 15:00:00,1.87611668
2025-11-10 16:00:00,0.95027468
2025-11-10 17:00:00,0.0
2025-11-10 18:00:00,0.0
2025-11-10 19:00:00,0.0
2025-11-10 20:00:00,0.0
2025-11-10 21:00:00,0.0
2025-11-10 22:00:00,0.0
2025-11-10 23:00:00,0.0
2025-11-11 00:00:00,0.0
2025-11-11 01:00:00,0.0
2025-11-11 02:00:00,0.0
2025-11-11 03:00:00,0.0
2025-11-11 04:00:00,0.0
2025-11-11 05:00:00,0.0
2025-11-11 06:00:00,0.0
2025-11-11 07:00:00,0.0
2025-11-11 08:00:00,1.2026530000000002
2025-11-11 09:00:00,2.06008736
2025-11-11 10:00:00,2.6268147200000005
2025-11-11 11:00:00,2.9299429200000002
2025-11-11 12:00:00,2.99766144
2025-11-11 13:00:00,2.8186661200000005
2025-11-11 14:00:00,2.42430324
2025-11-11 15:00:00,1.8186612400000002
2025-11-11 16:00:00,0.9236064
2025-11-11 17:00:00,0.0
2025-11-11 18:00:00,0.0
2025-11-11 19:00:00,0.0
2025-11-11 20:00:00,0.0
2025-11-11 21:00:00,0.0
2025-11-11 22:00:00,0.0
2025-11-11 23:00:00,0.0
2025-11-12 00:00:00,0.0
2025-11-12 01:00:00,0.0
2025-11-12 02:00:00,0.0
2025-11-12 03:00:00,0.0
2025-11-12 04:00:00,0.0
2025-11-12 05:00:00,0.0
2025-11-12 06:00:00,0.0
2025-11-12 07:00:00,0.0
2025-11-12 08:00:00,1.15151932
2025-11-12 09:00:00,1.9966186
2025-11-12 10:00:00,2.5519240400000003
2025-11-12 11:00:00,2.84216544
2025-11-12 12:00:00,2.06118888
2025-11-12 13:00:00,2.7542413600000004
2025-11-12 14:00:00,0.34157452
2025-11-12 15:00:00,0.033094160000000004
2025-11-12 16:00:00,0.01844768
2025-11-12 17:00:00,0.0
2025-11-12 18:00:00,0.0
2025-11-12 19:00:00,0.0
2025-11-12 20:00:00,0.0
2025-11-12 21:00:00,0.0
2025-11-12 22:00:00,0.0
2025-11-12 23:00:00,0.0
2025-11-13 00:00:00,0.0
2025-11-13 01:00:00,0.0
2025-11-13 02:00:00,0.0
2025-11-13 03:00:00,0.0
2025-11-13 04:00:00,0.0
2025-11-13 05:00:00,0.0
2025-11-13 06:00:00,0.0
2025-11-13 07:00:00,0.0
2025-11-13 08:00:00,0.02797444
2025-11-13 09:00:00,0.7256262800000001
2025-11-13 10:00:00,1.65555888
2025-11-13 11:00:00,2.96295252
2025-11-13 12:00:00,3.0789824400000003
2025-11-13 13:00:00,2.9126697999999998
2025-11-13 14:00:00,2.50361528
2025-11-13 15:00:00,1.8512724
2025-11-13 16:00:00,0.15707796
2025-11-13 17:00:00,0.0
2025-11-13 18:00:00,0.0
2025-11-13 19:00:00,0.0
2025-11-13 20:00:00,0.0
2025-11-13 21:00:00,0.0
2025-11-13 22:00:00,0.0
2025-11-13 23:00:00,0.0
2025-11-14 00:00:00,0.0
2025-11-14 01:00:00,0.0
2025-11-14 02:00:00,0.0
2025-11-14 03:00:00,0.0
2025-11-14 04:00:00,0.0
2025-11-14 05:00:00,0.0
2025-11-14 06:00:00,0.0
2025-11-14 07:00:00,0.0
2025-11-14 08:00:00,1.0619429200000001
2025-11-14 09:00:00,1.9645186799999999
2025-11-14 10:00:00,2.5758039200000002
2025-11-14 11:00:00,1.1459131200000001
2025-11-14 12:00:00,3.00190252
2025-11-14 13:00:00,1.37079452
2025-11-14 14:00:00,1.1402258
2025-11-14 15:00:00,0.71308144
2025-11-14 16:00:00,0.13058872
2025-11-14 17:00:00,0.0
2025-11-14 18:00:00,0.0
2025-11-14 19:00:00,0.0
2025-11-14 20:00:00,0.0
2025-11-14 21:00:00,0.0
2025-11-14 22:00:00,0.0
2025-11-14 23:00:00,0.0
2025-11-15 00:00:00,0.0
2025-11-15 01:00:00,0.0
2025-11-15 02:00:00,0.0
2025-11-15 03:00:00,0.0
2025-11-15 04:00:00,0.0
2025-11-15 05:00:00,0.0
2025-11-15 06:00:00,0.0
2025-11-15 07:00:00,0.0
2025-11-15 08:00:00,0.007869880000000001
2025-11-15 09:00:00,0.03066288
2025-11-15 10:00:00,0.29286908
2025-11-15 11:00:00,1.328811
2025-11-15 12:00:00,2.7868337199999997
2025-11-15 13:00:00,2.6337605600000003
2025-11-15 14:00:00,2.2470928800000003
2025-11-15 15:00:00,0.15054348
2025-11-15 16:00:00,0.78076212
2025-11-15 17:00:00,0.0
2025-11-15 18:00:00,0.0
2025-11-15 19:00:00,0.0
2025-11-15 20:00:00,0.0
2025-11-15 21:00:00,0.0
2025-11-15 22:00:00,0.0
2025-11-15 23:00:00,0.0
2025-11-16 00:00:00,0.0
2025-11-16 01:00:00,0.0
2025-11-16 02:00:00,0.0
2025-11-16 03:00:00,0.0
2025-11-16 04:00:00,0.0
2025-11-16 05:00:00,0.0
2025-11-16 06:00:00,0.0
2025-11-16 07:00:00,0.0
2025-11-16 08:00:00,0.9953344
2025-11-16 09:00:00,1.85811588
2025-11-16 10:00:00,2.4384162400000005
2025-11-16 11:00:00,2.7486
2025-11-16 12:00:00,2.8160267200000004
2025-11-16 13:00:00,2.6770259600000004
2025-11-16 14:00:00,2.2966620399999997
2025-11-16 15:00:00,1.69282648
2025-11-16 16:00:00,0.81989036
2025-11-16 17:00:00,0.0
2025-11-16 18:00:00,0.0
2025-11-16 19:00:00,0.0
2025-11-16 20:00:00,0.0
2025-11-16 21:00:00,0.0
2025-11-16 22:00:00,0.0
2025-11-16 23:00:00,0.0
2025-11-17 00:00:00,0.0
2025-11-17 01:00:00,0.0
2025-11-17 02:00:00,0.0
2025-11-17 03:00:00,0.0
2025-11-17 04:00:00,0.0
2025-11-17 05:00:00,0.0
2025-11-17 06:00:00,0.0
2025-11-17 07:00:00,0.0
2025-11-17 08:00:00,0.06922696
2025-11-17 09:00:00,1.8147901199999998
2025-11-17 10:00:00,2.3789455200000003
2025-11-17 11:00:00,2.71336096
2025-11-17 12:00:00,2.78455532
2025-11-17 13:00:00,2.6524424800000004
2025-11-17 14:00:00,0.76092276
2025-11-17 15:00:00,0.33014908000000004
2025-11-17 16:00:00,0.39134211999999996
2025-11-17 17:00:00,0.0
2025-11-17 18:00:00,0.0
2025-11-17 19:00:00,0.0
2025-11-17 20:00:00,0.0
2025-11-17 21:00:00,0.0
2025-11-17 22:00:00,0.0
2025-11-17 23:00:00,0.0
2025-11-18 00:00:00,0.0
2025-11-18 01:00:00,0.0
2025-11-18 02:00:00,0.0
2025-11-18 03:00:00,0.0
2025-11-18 04:00:00,0.0
2025-11-18 05:00:00,0.0
2025-11-18 06:00:00,0.0
2025-11-18 07:00:00,0.0
2025-11-18 08:00:00,0.02160828
2025-11-18 09:00:00,0.1691182
2025-11-18 10:00:00,0.72591504
2025-11-18 11:00:00,0.10893780000000002
2025-11-18 12:00:00,0.47879311999999996
2025-11-18 13:00:00,0.66893416
2025-11-18 14:00:00,0.14018396
2025-11-18 15:00:00,1.6827178800000002
2025-11-18 16:00:00,0.01277924
2025-11-18 17:00:00,0.0
2025-11-18 18:00:00,0.0
2025-11-18 19:00:00,0.0
2025-11-18 20:00:00,0.0
2025-11-18 21:00:00,0.0
2025-11-18 22:00:00,0.0
2025-11-18 23:00:00,0.0
2025-11-19 00:00:00,0.0
2025-11-19 01:00:00,0.0
2025-11-19 02:00:00,0.0
2025-11-19 03:00:00,0.0
2025-11-19 04:00:00,0.0
2025-11-19 05:00:00,0.0
2025-11-19 06:00:00,0.0
2025-11-19 07:00:00,0.0
2025-11-19 08:00:00,0.00771124
2025-11-19 09:00:00,0.06885452
2025-11-19 10:00:00,0.14100996
2025-11-19 11:00:00,0.12798764
2025-11-19 12:00:00,0.07962588
2025-11-19 13:00:00,0.050262079999999994
2025-11-19 14:00:00,0.32609576000000007
2025-11-19 15:00:00,0.08681236
2025-11-19 16:00:00,0.010188999999999998
2025-11-19 17:00:00,0.0
2025-11-19 18:00:00,0.0
2025-11-19 19:00:00,0.0
2025-11-19 20:00:00,0.0
2025-11-19 21:00:00,0.0
2025-11-19 22:00:00,0.0
2025-11-19 23:00:00,0.0
2025-11-20 00:00:00,0.0
2025-11-20 01:00:00,0.0
2025-11-20 02:00:00,0.0
2025-11-20 03:00:00,0.0
2025-11-20 04:00:00,0.0
2025-11-20 05:00:00,0.0
2025-11-20 06:00:00,0.0
2025-11-20 07:00:00,0.0
2025-11-20 08:00:00,0.00765976
2025-11-20 09:00:00,0.06842712000000001
2025-11-20 10:00:00,0.021451640000000004
2025-11-20 11:00:00,0.0354992
2025-11-20 12:00:00,0.03257428
2025-11-20 13:00:00,0.026965079999999995
2025-11-20 14:00:00,0.02429672
2025-11-20 15:00:00,0.16270744
2025-11-20 16:00:00,0.020885639999999997
2025-11-20 17:00:00,0.0
2025-11-20 18:00:00,0.0
2025-11-20 19:00:00,0.0
2025-11-20 20:00:00,0.0
2025-11-20 21:00:00,0.0
2025-11-20 22:00:00,0.0
2025-11-20 23:00:00,0.0
2025-11-21 00:00:00,0.0
2025-11-21 01:00:00,0.0
2025-11-21 02:00:00,0.0
2025-11-21 03:00:00,0.0
2025-11-21 04:00:00,0.0
2025-11-21 05:00:00,0.0
2025-11-21 06:00:00,0.0
2025-11-21 07:00:00,0.0
2025-11-21 08:00:00,0.007628440000000001
2025-11-21 09:00:00,0.22576712000000002
2025-11-21 10:00:00,2.31507072
2025-11-21 11:00:00,0.84236976
2025-11-21 12:00:00,1.05533528
2025-11-21 13:00:00,1.37605912
2025-11-21 14:00:00,0.96888204
2025-11-21 15:00:00,0.10105440000000002
2025-11-21 16:00:00,0.05738352
2025-11-21 17:00:00,0.0
2025-11-21 18:00:00,0.0
2025-11-21 19:00:00,0.0
2025-11-21 20:00:00,0.0
2025-11-21 21:00:00,0.0
2025-11-21 22:00:00,0.0
2025-11-21 23:00:00,0.0
2025-11-22 00:00:00,0.0
2025-11-22 01:00:00,0.0
2025-11-22 02:00:00,0.0
2025-11-22 03:00:00,0.0
2025-11-22 04:00:00,0.0
2025-11-22 05:00:00,0.0
2025-11-22 06:00:00,0.0
2025-11-22 07:00:00,0.0
2025-11-22 08:00:00,0.007655960000000001
2025-11-22 09:00:00,0.01321788
2025-11-22 10:00:00,0.021502120000000003
2025-11-22 11:00:00,0.13043408
2025-11-22 12:00:00,0.66830996
2025-11-22 13:00:00,1.1219211199999999
2025-11-22 14:00:00,1.36526036
2025-11-22 15:00:00,0.30464644
2025-11-22 16:00:00,0.13540784
2025-11-22 17:00:00,0.0
2025-11-22 18:00:00,0.0
2025-11-22 19:00:00,0.0
2025-11-22 20:00:00,0.0
2025-11-22 21:00:00,0.0
2025-11-22 22:00:00,0.0
2025-11-22 23:00:00,0.0
2025-11-23 00:00:00,0.0
2025-11-23 01:00:00,0.0
2025-11-23 02:00:00,0.0
2025-11-23 03:00:00,0.0
2025-11-23 04:00:00,0.0
2025-11-23 05:00:00,0.0
2025-11-23 06:00:00,0.0
2025-11-23 07:00:00,0.0
2025-11-23 08:00:00,0.010403879999999999
2025-11-23 09:00:00,0.31804008000000006
2025-11-23 10:00:00,0.7771210400000002
2025-11-23 11:00:00,2.7145174400000003
2025-11-23 12:00:00,0.27101012
2025-11-23 13:00:00,0.69964556
2025-11-23 14:00:00,2.27105516
2025-11-23 15:00:00,1.64458768
2025-11-23 16:00:00,0.7555152
2025-11-23 17:00:00,0.0
2025-11-23 18:00:00,0.0
2025-11-23 19:00:00,0.0
2025-11-23 20:00:00,0.0
2025-11-23 21:00:00,0.0
2025-11-23 22:00:00,0.0
2025-11-23 23:00:00,0.0
2025-11-24 00:00:00,0.0
2025-11-24 01:00:00,0.0
2025-11-24 02:00:00,0.0
2025-11-24 03:00:00,0.0
2025-11-24 04:00:00,0.0
2025-11-24 05:00:00,0.0
2025-11-24 06:00:00,0.0
2025-11-24 07:00:00,0.0
2025-11-24 08:00:00,1.0560763199999998
2025-11-24 09:00:00,1.9623744399999998
2025-11-24 10:00:00,2.54531688
2025-11-24 11:00:00,2.86396876
2025-11-24 12:00:00,2.9528440000000002
2025-11-24 13:00:00,2.8199525199999997
2025-11-24 14:00:00,2.4420228
2025-11-24 15:00:00,1.8082098400000002
2025-11-24 16:00:00,0.841558
2025-11-24 17:00:00,0.0
2025-11-24 18:00:00,0.0
2025-11-24 19:00:00,0.0
2025-11-24 20:00:00,0.0
2025-11-24 21:00:00,0.0
2025-11-24 22:00:00,0.0
2025-11-24 23:00:00,0.0
2025-11-25 00:00:00,0.0
2025-11-25 01:00:00,0.0
2025-11-25 02:00:00,0.0
2025-11-25 03:00:00,0.0
2025-11-25 04:00:00,0.0
2025-11-25 05:00:00,0.0
2025-11-25 06:00:00,0.0
2025-11-25 07:00:00,0.0
2025-11-25 08:00:00,1.04202252
2025-11-25 09:00:00,1.9540151600000002
2025-11-25 10:00:00,2.5621576800000003
2025-11-25 11:00:00,2.9086162
2025-11-25 12:00:00,2.9765978
2025-11-25 13:00:00,2.81417776
2025-11-25 14:00:00,2.38327796
2025-11-25 15:00:00,1.7259083600000003
2025-11-25 16:00:00,0.755482
2025-11-25 17:00:00,0.0
2025-11-25 18:00:00,0.0
2025-11-25 19:00:00,0.0
2025-11-25 20:00:00,0.0
2025-11-25 21:00:00,0.0
2025-11-25 22:00:00,0.0
2025-11-25 23:00:00,0.0
2025-11-26 00:00:00,0.0
2025-11-26 01:00:00,0.0
2025-11-26 02:00:00,0.0
2025-11-26 03:00:00,0.0
2025-11-26 04:00:00,0.0
2025-11-26 05:00:00,0.0
2025-11-26 06:00:00,0.0
2025-11-26 07:00:00,0.0
2025-11-26 08:00:00,0.85283208
2025-11-26 09:00:00,1.8179386800000001
2025-11-26 10:00:00,2.442103
2025-11-26 11:00:00,2.77566184
2025-11-26 12:00:00,1.22430288
2025-11-26 13:00:00,0.06299576
2025-11-26 14:00:00,2.41237596
2025-11-26 15:00:00,0.03085608
2025-11-26 16:00:00,0.7948898
2025-11-26 17:00:00,0.0
2025-11-26 18:00:00,0.0
2025-11-26 19:00:00,0.0
2025-11-26 20:00:00,0.0
2025-11-26 21:00:00,0.0
2025-11-26 22:00:00,0.0
2025-11-26 23:00:00,0.0
2025-11-27 00:00:00,0.0
2025-11-27 01:00:00,0.0
2025-11-27 02:00:00,0.0
2025-11-27 03:00:00,0.0
2025-11-27 04:00:00,0.0
2025-11-27 05:00:00,0.0
2025-11-27 06:00:00,0.0
2025-11-27 07:00:00,0.0
2025-11-27 08:00:00,0.91495168
2025-11-27 09:00:00,1.8325968400000001
2025-11-27 10:00:00,2.44141732
2025-11-27 11:00:00,2.7905336800000002
2025-11-27 12:00:00,2.8882084800000003
2025-11-27 13:00:00,0.05992676
2025-11-27 14:00:00,2.37255332
2025-11-27 15:00:00,0.0396294
2025-11-27 16:00:00,0.049650919999999994
2025-11-27 17:00:00,0.0
2025-11-27 18:00:00,0.0
2025-11-27 19:00:00,0.0
2025-11-27 20:00:00,0.0
2025-11-27 21:00:00,0.0
2025-11-27 22:00:00,0.0
2025-11-27 23:00:00,0.0
2025-11-28 00:00:00,0.0
2025-11-28 01:00:00,0.0
2025-11-28 02:00:00,0.0
2025-11-28 03:00:00,0.0
2025-11-28 04:00:00,0.0
2025-11-28 05:00:00,0.0
2025-11-28 06:00:00,0.0
2025-11-28 07:00:00,0.0
2025-11-28 08:00:00,0.0481644
2025-11-28 09:00:00,1.76664128
2025-11-28 10:00:00,1.08108196
2025-11-28 11:00:00,1.2607716800000002
2025-11-28 12:00:00,1.7570363599999999
2025-11-28 13:00:00,1.3448290400000003
2025-11-28 14:00:00,0.976766
2025-11-28 15:00:00,0.27843547999999996
2025-11-28 16:00:00,0.05825092
2025-11-28 17:00:00,0.0
2025-11-28 18:00:00,0.0
2025-11-28 19:00:00,0.0
2025-11-28 20:00:00,0.0
2025-11-28 21:00:00,0.0
2025-11-28 22:00:00,0.0
2025-11-28 23:00:00,0.0
2025-11-29 00:00:00,0.0
2025-11-29 01:00:00,0.0
2025-11-29 02:00:00,0.0
2025-11-29 03:00:00,0.0
2025-11-29 04:00:00,0.0
2025-11-29 05:00:00,0.0
2025-11-29 06:00:00,0.0
2025-11-29 07:00:00,0.0
2025-11-29 08:00:00,0.9489581600000001
2025-11-29 09:00:00,1.89098768
2025-11-29 10:00:00,2.49732996
2025-11-29 11:00:00,2.8531138
2025-11-29 12:00:00,2.9506523200000006
2025-11-29 13:00:00,2.8040462
2025-11-29 14:00:00,2.41038364
2025-11-29 15:00:00,1.7863447200000002
2025-11-29 16:00:00,0.81920536
2025-11-29 17:00:00,0.0
2025-11-29 18:00:00,0.0
2025-11-29 19:00:00,0.0
2025-11-29 20:00:00,0.0
2025-11-29 21:00:00,0.0
2025-11-29 22:00:00,0.0
2025-11-29 23:00:00,0.0
2025-11-30 00:00:00,0.0
2025-11-30 01:00:00,0.0
2025-11-30 02:00:00,0.0
2025-11-30 03:00:00,0.0
2025-11-30 04:00:00,0.0
2025-11-30 05:00:00,0.0
2025-11-30 06:00:00,0.0
2025-11-30 07:00:00,0.0
2025-11-30 08:00:00,0.9575234
2025-11-30 09:00:00,1.89257444
2025-11-30 10:00:00,2.52138964
2025-11-30 11:00:00,2.87123776
2025-11-30 12:00:00,2.9631426
2025-11-30 13:00:00,2.80852284
2025-11-30 14:00:00,2.41861464
2025-11-30 15:00:00,1.79440828
2025-11-30 16:00:00,0.82967428
2025-11-30 17:00:00,0.0
2025-11-30 18:00:00,0.0
2025-11-30 19:00:00,0.0
2025-11-30 20:00:00,0.0
2025-11-30 21:00:00,0.0
2025-11-30 22:00:00,0.0
2025-11-30 23:00:00,0.0
2025-12-01 00:00:00,0.0
2025-12-01 01:00:00,0.0
2025-12-01 02:00:00,0.0
2025-12-01 03:00:00,0.0
2025-12-01 04:00:00,0.0
2025-12-01 05:00:00,0.0
2025-12-01 06:00:00,0.0
2025-12-01 07:00:00,0.0
2025-12-01 08:00:00,0.95565556
2025-12-01 09:00:00,1.9453379999999998
2025-12-01 10:00:00,1.23832984
2025-12-01 11:00:00,1.8343045600000003
2025-12-01 12:00:00,3.0089187199999996
2025-12-01 13:00:00,1.5317499600000002
2025-12-01 14:00:00,2.4363188399999998
2025-12-01 15:00:00,1.80675564
2025-12-01 16:00:00,0.8235437600000001
2025-12-01 17:00:00,0.0
2025-12-01 18:00:00,0.0
2025-12-01 19:00:00,0.0
2025-12-01 20:00:00,0.0
2025-12-01 21:00:00,0.0
2025-12-01 22:00:00,0.0
2025-12-01 23:00:00,0.0
2025-12-02 00:00:00,0.0
2025-12-02 01:00:00,0.0
2025-12-02 02:00:00,0.0
2025-12-02 03:00:00,0.0
2025-12-02 04:00:00,0.0
2025-12-02 05:00:00,0.0
2025-12-02 06:00:00,0.0
2025-12-02 07:00:00,0.0
2025-12-02 08:00:00,0.9618475199999998
2025-12-02 09:00:00,1.92194948
2025-12-02 10:00:00,2.5397451600000003
2025-12-02 11:00:00,2.883175
2025-12-02 12:00:00,2.98011748
2025-12-02 13:00:00,2.8379983199999996
2025-12-02 14:00:00,2.45305464
2025-12-02 15:00:00,1.8252774
2025-12-02 16:00:00,0.86186588
2025-12-02 17:00:00,0.0
2025-12-02 18:00:00,0.0
2025-12-02 19:00:00,0.0
2025-12-02 20:00:00,0.0
2025-12-02 21:00:00,0.0
2025-12-02 22:00:00,0.0
2025-12-02 23:00:00,0.0
2025-12-03 00:00:00,0.0
2025-12-03 01:00:00,0.0
2025-12-03 02:00:00,0.0
2025-12-03 03:00:00,0.0
2025-12-03 04:00:00,0.0
2025-12-03 05:00:00,0.0
2025-12-03 06:00:00,0.0
2025-12-03 07:00:00,0.0
2025-12-03 08:00:00,0.9057152
2025-12-03 09:00:00,1.8256216800000002
2025-12-03 10:00:00,2.4250362
2025-12-03 11:00:00,2.76769024
2025-12-03 12:00:00,2.858378
2025-12-03 13:00:00,2.72786672
2025-12-03 14:00:00,2.36325704
2025-12-03 15:00:00,1.76452336
2025-12-03 16:00:00,0.060881199999999996
2025-12-03 17:00:00,0.0
2025-12-03 18:00:00,0.0
2025-12-03 19:00:00,0.0
2025-12-03 20:00:00,0.0
2025-12-03 21:00:00,0.0
2025-12-03 22:00:00,0.0
2025-12-03 23:00:00,0.0
2025-12-04 00:00:00,0.0
2025-12-04 01:00:00,0.0
2025-12-04 02:00:00,0.0
2025-12-04 03:00:00,0.0
2025-12-04 04:00:00,0.0
2025-12-04 05:00:00,0.0
2025-12-04 06:00:00,0.0
2025-12-04 07:00:00,0.0
2025-12-04 08:00:00,0.7928477599999999
2025-12-04 09:00:00,1.75789544
2025-12-04 10:00:00,0.98806488
2025-12-04 11:00:00,0.360685
2025-12-04 12:00:00,2.82651696
2025-12-04 13:00:00,0.37454352
2025-12-04 14:00:00,1.02087068
2025-12-04 15:00:00,0.12065936000000001
2025-12-04 16:00:00,0.0839232
2025-12-04 17:00:00,0.0
2025-12-04 18:00:00,0.0
2025-12-04 19:00:00,0.0
2025-12-04 20:00:00,0.0
2025-12-04 21:00:00,0.0
2025-12-04 22:00:00,0.0
2025-12-04 23:00:00,0.0
2025-12-05 00:00:00,0.0
2025-12-05 01:00:00,0.0
2025-12-05 02:00:00,0.0
2025-12-05 03:00:00,0.0
2025-12-05 04:00:00,0.0
2025-12-05 05:00:00,0.0
2025-12-05 06:00:00,0.0
2025-12-05 07:00:00,0.0
2025-12-05 08:00:00,0.01600344
2025-12-05 09:00:00,0.6250412000000001
2025-12-05 10:00:00,1.2794616
2025-12-05 11:00:00,1.70224944
2025-12-05 12:00:00,1.88763448
2025-12-05 13:00:00,1.7167031599999998
2025-12-05 14:00:00,0.9885384399999999
2025-12-05 15:00:00,0.9101121600000001
2025-12-05 16:00:00,0.02642964
2025-12-05 17:00:00,0.0
2025-12-05 18:00:00,0.0
2025-12-05 19:00:00,0.0
2025-12-05 20:00:00,0.0
2025-12-05 21:00:00,0.0
2025-12-05 22:00:00,0.0
2025-12-05 23:00:00,0.0
2025-12-06 00:00:00,0.0
2025-12-06 01:00:00,0.0
2025-12-06 02:00:00,0.0
2025-12-06 03:00:00,0.0
2025-12-06 04:00:00,0.0
2025-12-06 05:00:00,0.0
2025-12-06 06:00:00,0.0
2025-12-06 07:00:00,0.0
2025-12-06 08:00:00,0.007671
2025-12-06 09:00:00,0.010607720000000001
2025-12-06 10:00:00,0.09611956
2025-12-06 11:00:00,0.18727803999999998
2025-12-06 12:00:00,0.22123676
2025-12-06 13:00:00,0.22784672
2025-12-06 14:00:00,0.17020607999999998
2025-12-06 15:00:00,0.013393200000000001
2025-12-06 16:00:00,0.00747564
2025-12-06 17:00:00,0.0
2025-12-06 18:00:00,0.0
2025-12-06 19:00:00,0.0
2025-12-06 20:00:00,0.0
2025-12-06 21:00:00,0.0
2025-12-06 22:00:00,0.0
2025-12-06 23:00:00,0.0
2025-12-07 00:00:00,0.0
2025-12-07 01:00:00,0.0
2025-12-07 02:00:00,0.0
2025-12-07 03:00:00,0.0
2025-12-07 04:00:00,0.0
2025-12-07 05:00:00,0.0
2025-12-07 06:00:00,0.0
2025-12-07 07:00:00,0.0
2025-12-07 08:00:00,0.015702
2025-12-07 09:00:00,1.65905376
2025-12-07 10:00:00,0.15299828
2025-12-07 11:00:00,0.9837925599999999
2025-12-07 12:00:00,2.7301908000000004
2025-12-07 13:00:00,0.86828364
2025-12-07 14:00:00,2.2558004
2025-12-07 15:00:00,0.50267712
2025-12-07 16:00:00,0.0568958
2025-12-07 17:00:00,0.0
2025-12-07 18:00:00,0.0
2025-12-07 19:00:00,0.0
2025-12-07 20:00:00,0.0
2025-12-07 21:00:00,0.0
2025-12-07 22:00:00,0.0
2025-12-07 23:00:00,0.0
2025-12-08 00:00:00,0.0
2025-12-08 01:00:00,0.0
2025-12-08 02:00:00,0.0
2025-12-08 03:00:00,0.0
2025-12-08 04:00:00,0.0
2025-12-08 05:00:00,0.0
2025-12-08 06:00:00,0.0
2025-12-08 07:00:00,0.0
2025-12-08 08:00:00,0.77073272
2025-12-08 09:00:00,1.755384
2025-12-08 10:00:00,2.39357504
2025-12-08 11:00:00,2.7645714800000003
2025-12-08 12:00:00,2.8716652799999998
2025-12-08 13:00:00,2.71538588
2025-12-08 14:00:00,2.34676092
2025-12-08 15:00:00,1.75101016
2025-12-08 16:00:00,0.796897
2025-12-08 17:00:00,0.0
2025-12-08 18:00:00,0.0
2025-12-08 19:00:00,0.0
2025-12-08 20:00:00,0.0
2025-12-08 21:00:00,0.0
2025-12-08 22:00:00,0.0
2025-12-08 23:00:00,0.0
2025-12-09 00:00:00,0.0
2025-12-09 01:00:00,0.0
2025-12-09 02:00:00,0.0
2025-12-09 03:00:00,0.0
2025-12-09 04:00:00,0.0
2025-12-09 05:00:00,0.0
2025-12-09 06:00:00,0.0
2025-12-09 07:00:00,0.0
2025-12-09 08:00:00,0.04815636
2025-12-09 09:00:00,1.7910664000000003
2025-12-09 10:00:00,0.98668456
2025-12-09 11:00:00,1.73129488
2025-12-09 12:00:00,1.9911483600000002
2025-12-09 13:00:00,1.6834985200000003
2025-12-09 14:00:00,1.29616796
2025-12-09 15:00:00,0.7495872800000001
2025-12-09 16:00:00,0.25728768
2025-12-09 17:00:00,0.0
2025-12-09 18:00:00,0.0
2025-12-09 19:00:00,0.0
2025-12-09 20:00:00,0.0
2025-12-09 21:00:00,0.0
2025-12-09 22:00:00,0.0
2025-12-09 23:00:00,0.0
2025-12-10 00:00:00,0.0
2025-12-10 01:00:00,0.0
2025-12-10 02:00:00,0.0
2025-12-10 03:00:00,0.0
2025-12-10 04:00:00,0.0
2025-12-10 05:00:00,0.0
2025-12-10 06:00:00,0.0
2025-12-10 07:00:00,0.0
2025-12-10 08:00:00,0.02430612
2025-12-10 09:00:00,1.49692844
2025-12-10 10:00:00,2.116854
2025-12-10 11:00:00,2.48416848
2025-12-10 12:00:00,2.66960508
2025-12-10 13:00:00,2.58506804
2025-12-10 14:00:00,2.25862332
2025-12-10 15:00:00,0.505347
2025-12-10 16:00:00,0.77315104
2025-12-10 17:00:00,0.0
2025-12-10 18:00:00,0.0
2025-12-10 19:00:00,0.0
2025-12-10 20:00:00,0.0
2025-12-10 21:00:00,0.0
2025-12-10 22:00:00,0.0
2025-12-10 23:00:00,0.0
2025-12-11 00:00:00,0.0
2025-12-11 01:00:00,0.0
2025-12-11 02:00:00,0.0
2025-12-11 03:00:00,0.0
2025-12-11 04:00:00,0.0
2025-12-11 05:00:00,0.0
2025-12-11 06:00:00,0.0
2025-12-11 07:00:00,0.0
2025-12-11 08:00:00,0.05391972
2025-12-11 09:00:00,0.72660828
2025-12-11 10:00:00,2.30607664
2025-12-11 11:00:00,2.6595888000000003
2025-12-11 12:00:00,2.7745973599999996
2025-12-11 13:00:00,2.6566457199999998
2025-12-11 14:00:00,1.2114717600000002
2025-12-11 15:00:00,0.27276548
2025-12-11 16:00:00,0.09669156000000001
2025-12-11 17:00:00,0.0
2025-12-11 18:00:00,0.0
2025-12-11 19:00:00,0.0
2025-12-11 20:00:00,0.0
2025-12-11 21:00:00,0.0
2025-12-11 22:00:00,0.0
2025-12-11 23:00:00,0.0
2025-12-12 00:00:00,0.0
2025-12-12 01:00:00,0.0
2025-12-12 02:00:00,0.0
2025-12-12 03:00:00,0.0
2025-12-12 04:00:00,0.0
2025-12-12 05:00:00,0.0
2025-12-12 06:00:00,0.0
2025-12-12 07:00:00,0.0
2025-12-12 08:00:00,0.03607844
2025-12-12 09:00:00,0.22435784000000003
2025-12-12 10:00:00,0.57686152
2025-12-12 11:00:00,1.23195432
2025-12-12 12:00:00,1.32136484
2025-12-12 13:00:00,1.6974878000000002
2025-12-12 14:00:00,0.7159052800000001
2025-12-12 15:00:00,0.5203926000000001
2025-12-12 16:00:00,0.00751916
2025-12-12 17:00:00,0.0
2025-12-12 18:00:00,0.0
2025-12-12 19:00:00,0.0
2025-12-12 20:00:00,0.0
2025-12-12 21:00:00,0.0
2025-12-12 22:00:00,0.0
2025-12-12 23:00:00,0.0
2025-12-13 00:00:00,0.0
2025-12-13 01:00:00,0.0
2025-12-13 02:00:00,0.0
2025-12-13 03:00:00,0.0
2025-12-13 04:00:00,0.0
2025-12-13 05:00:00,0.0
2025-12-13 06:00:00,0.0
2025-12-13 07:00:00,0.0
2025-12-13 08:00:00,0.02153804
2025-12-13 09:00:00,1.5552583999999998
2025-12-13 10:00:00,0.2204264
2025-12-13 11:00:00,0.4856546
2025-12-13 12:00:00,0.19292892000000003
2025-12-13 13:00:00,0.5445366
2025-12-13 14:00:00,0.41576672000000003
2025-12-13 15:00:00,0.14524716000000001
2025-12-13 16:00:00,0.06910604000000001
2025-12-13 17:00:00,0.0
2025-12-13 18:00:00,0.0
2025-12-13 19:00:00,0.0
2025-12-13 20:00:00,0.0
2025-12-13 21:00:00,0.0
2025-12-13 22:00:00,0.0
2025-12-13 23:00:00,0.0
2025-12-14 00:00:00,0.0
2025-12-14 01:00:00,0.0
2025-12-14 02:00:00,0.0
2025-12-14 03:00:00,0.0
2025-12-14 04:00:00,0.0
2025-12-14 05:00:00,0.0
2025-12-14 06:00:00,0.0
2025-12-14 07:00:00,0.0
2025-12-14 08:00:00,0.00751136
2025-12-14 09:00:00,0.01050528
2025-12-14 10:00:00,0.01323008
2025-12-14 11:00:00,0.33137576
2025-12-14 12:00:00,0.28362996
2025-12-14 13:00:00,0.06203852000000001
2025-12-14 14:00:00,0.24743459999999998
2025-12-14 15:00:00,0.06849916
2025-12-14 16:00:00,0.02069544
2025-12-14 17:00:00,0.0
2025-12-14 18:00:00,0.0
2025-12-14 19:00:00,0.0
2025-12-14 20:00:00,0.0
2025-12-14 21:00:00,0.0
2025-12-14 22:00:00,0.0
2025-12-14 23:00:00,0.0
2025-12-15 00:00:00,0.0
2025-12-15 01:00:00,0.0
2025-12-15 02:00:00,0.0
2025-12-15 03:00:00,0.0
2025-12-15 04:00:00,0.0
2025-12-15 05:00:00,0.0
2025-12-15 06:00:00,0.0
2025-12-15 07:00:00,0.0
2025-12-15 08:00:00,0.00745148
2025-12-15 09:00:00,0.01879616
2025-12-15 10:00:00,0.03583964
2025-12-15 11:00:00,0.04722784
2025-12-15 12:00:00,0.10931616
2025-12-15 13:00:00,0.49719648
2025-12-15 14:00:00,0.44295116
2025-12-15 15:00:00,0.48868451999999996
2025-12-15 16:00:00,0.09475940000000001
2025-12-15 17:00:00,0.0
2025-12-15 18:00:00,0.0
2025-12-15 19:00:00,0.0
2025-12-15 20:00:00,0.0
2025-12-15 21:00:00,0.0
2025-12-15 22:00:00,0.0
2025-12-15 23:00:00,0.0
2025-12-16 00:00:00,0.0
2025-12-16 01:00:00,0.0
2025-12-16 02:00:00,0.0
2025-12-16 03:00:00,0.0
2025-12-16 04:00:00,0.0
2025-12-16 05:00:00,0.0
2025-12-16 06:00:00,0.0
2025-12-16 07:00:00,0.0
2025-12-16 08:00:00,0.0128508
2025-12-16 09:00:00,1.58395436
2025-12-16 10:00:00,2.2162376
2025-12-16 11:00:00,1.25811464
2025-12-16 12:00:00,2.71235096
2025-12-16 13:00:00,2.60494284
2025-12-16 14:00:00,0.70099056
2025-12-16 15:00:00,0.30495112
2025-12-16 16:00:00,0.05995556
2025-12-16 17:00:00,0.0
2025-12-16 18:00:00,0.0
2025-12-16 19:00:00,0.0
2025-12-16 20:00:00,0.0
2025-12-16 21:00:00,0.0
2025-12-16 22:00:00,0.0
2025-12-16 23:00:00,0.0
2025-12-17 00:00:00,0.0
2025-12-17 01:00:00,0.0
2025-12-17 02:00:00,0.0
2025-12-17 03:00:00,0.0
2025-12-17 04:00:00,0.0
2025-12-17 05:00:00,0.0
2025-12-17 06:00:00,0.0
2025-12-17 07:00:00,0.0
2025-12-17 08:00:00,0.02649816
2025-12-17 09:00:00,1.60273964
2025-12-17 10:00:00,2.2260468
2025-12-17 11:00:00,2.59759368
2025-12-17 12:00:00,1.08812756
2025-12-17 13:00:00,0.43184232
2025-12-17 14:00:00,0.9613632000000001
2025-12-17 15:00:00,0.31625568000000004
2025-12-17 16:00:00,0.0628932
2025-12-17 17:00:00,0.0
2025-12-17 18:00:00,0.0
2025-12-17 19:00:00,0.0
2025-12-17 20:00:00,0.0
2025-12-17 21:00:00,0.0
2025-12-17 22:00:00,0.0
2025-12-17 23:00:00,0.0
2025-12-18 00:00:00,0.0
2025-12-18 01:00:00,0.0
2025-12-18 02:00:00,0.0
2025-12-18 03:00:00,0.0
2025-12-18 04:00:00,0.0
2025-12-18 05:00:00,0.0
2025-12-18 06:00:00,0.0
2025-12-18 07:00:00,0.0
2025-12-18 08:00:00,0.56577972
2025-12-18 09:00:00,1.59602848
2025-12-18 10:00:00,2.2213216399999998
2025-12-18 11:00:00,2.57051044
2025-12-18 12:00:00,2.66039784
2025-12-18 13:00:00,2.54705088
2025-12-18 14:00:00,1.44340584
2025-12-18 15:00:00,0.5974606
2025-12-18 16:00:00,0.80429056
2025-12-18 17:00:00,0.0
2025-12-18 18:00:00,0.0
2025-12-18 19:00:00,0.0
2025-12-18 20:00:00,0.0
2025-12-18 21:00:00,0.0
2025-12-18 22:00:00,0.0
2025-12-18 23:00:00,0.0
2025-12-19 00:00:00,0.0
2025-12-19 01:00:00,0.0
2025-12-19 02:00:00,0.0
2025-12-19 03:00:00,0.0
2025-12-19 04:00:00,0.0
2025-12-19 05:00:00,0.0
2025-12-19 06:00:00,0.0
2025-12-19 07:00:00,0.0
2025-12-19 08:00:00,0.0129704
2025-12-19 09:00:00,0.07546176
2025-12-19 10:00:00,1.0435024800000001
2025-12-19 11:00:00,0.8616656399999999
2025-12-19 12:00:00,0.22984104
2025-12-19 13:00:00,0.48970328
2025-12-19 14:00:00,0.6668181200000001
2025-12-19 15:00:00,0.43511679999999997
2025-12-19 16:00:00,0.0182236
2025-12-19 17:00:00,0.0
2025-12-19 18:00:00,0.0
2025-12-19 19:00:00,0.0
2025-12-19 20:00:00,0.0
2025-12-19 21:00:00,0.0
2025-12-19 22:00:00,0.0
2025-12-19 23:00:00,0.0
2025-12-20 00:00:00,0.0
2025-12-20 01:00:00,0.0
2025-12-20 02:00:00,0.0
2025-12-20 03:00:00,0.0
2025-12-20 04:00:00,0.0
2025-12-20 05:00:00,0.0
2025-12-20 06:00:00,0.0
2025-12-20 07:00:00,0.0
2025-12-20 08:00:00,0.026398440000000002
2025-12-20 09:00:00,0.23099232
2025-12-20 10:00:00,2.15594316
2025-12-20 11:00:00,2.5075133199999997
2025-12-20 12:00:00,1.47830668
2025-12-20 13:00:00,2.5644925599999997
2025-12-20 14:00:00,2.2592176
2025-12-20 15:00:00,1.6653254000000002
2025-12-20 16:00:00,0.78151656
2025-12-20 17:00:00,0.0
2025-12-20 18:00:00,0.0
2025-12-20 19:00:00,0.0
2025-12-20 20:00:00,0.0
2025-12-20 21:00:00,0.0
2025-12-20 22:00:00,0.0
2025-12-20 23:00:00,0.0
2025-12-21 00:00:00,0.0
2025-12-21 01:00:00,0.0
2025-12-21 02:00:00,0.0
2025-12-21 03:00:00,0.0
2025-12-21 04:00:00,0.0
2025-12-21 05:00:00,0.0
2025-12-21 06:00:00,0.0
2025-12-21 07:00:00,0.0
2025-12-21 08:00:00,0.52676568
2025-12-21 09:00:00,1.5401774400000001
2025-12-21 10:00:00,2.13471012
2025-12-21 11:00:00,2.49895408
2025-12-21 12:00:00,2.63986936
2025-12-21 13:00:00,2.56274376
2025-12-21 14:00:00,2.2697544
2025-12-21 15:00:00,1.6997233600000001
2025-12-21 16:00:00,0.83377264
2025-12-21 17:00:00,0.0
2025-12-21 18:00:00,0.0
2025-12-21 19:00:00,0.0
2025-12-21 20:00:00,0.0
2025-12-21 21:00:00,0.0
2025-12-21 22:00:00,0.0
2025-12-21 23:00:00,0.0
2025-12-22 00:00:00,0.0
2025-12-22 01:00:00,0.0
2025-12-22 02:00:00,0.0
2025-12-22 03:00:00,0.0
2025-12-22 04:00:00,0.0
2025-12-22 05:00:00,0.0
2025-12-22 06:00:00,0.0
2025-12-22 07:00:00,0.0
2025-12-22 08:00:00,0.5431079600000001
2025-12-22 09:00:00,1.59829392
2025-12-22 10:00:00,2.2237801999999998
2025-12-22 11:00:00,2.5825522000000003
2025-12-22 12:00:00,2.68567756
2025-12-22 13:00:00,2.5827785199999997
2025-12-22 14:00:00,2.2821676
2025-12-22 15:00:00,1.7247718400000003
2025-12-22 16:00:00,0.84730272
2025-12-22 17:00:00,0.0
2025-12-22 18:00:00,0.0
2025-12-22 19:00:00,0.0
2025-12-22 20:00:00,0.0
2025-12-22 21:00:00,0.0
2025-12-22 22:00:00,0.0
2025-12-22 23:00:00,0.0
2025-12-23 00:00:00,0.0
2025-12-23 01:00:00,0.0
2025-12-23 02:00:00,0.0
2025-12-23 03:00:00,0.0
2025-12-23 04:00:00,0.0
2025-12-23 05:00:00,0.0
2025-12-23 06:00:00,0.0
2025-12-23 07:00:00,0.0
2025-12-23 08:00:00,0.53834056
2025-12-23 09:00:00,1.6136592800000003
2025-12-23 10:00:00,2.2854292000000003
2025-12-23 11:00:00,2.65927256
2025-12-23 12:00:00,1.7552539600000001
2025-12-23 13:00:00,1.8462116
2025-12-23 14:00:00,1.18273588
2025-12-23 15:00:00,1.0090012400000001
2025-12-23 16:00:00,0.07234452
2025-12-23 17:00:00,0.0
2025-12-23 18:00:00,0.0
2025-12-23 19:00:00,0.0
2025-12-23 20:00:00,0.0
2025-12-23 21:00:00,0.0
2025-12-23 22:00:00,0.0
2025-12-23 23:00:00,0.0
2025-12-24 00:00:00,0.0
2025-12-24 01:00:00,0.0
2025-12-24 02:00:00,0.0
2025-12-24 03:00:00,0.0
2025-12-24 04:00:00,0.0
2025-12-24 05:00:00,0.0
2025-12-24 06:00:00,0.0
2025-12-24 07:00:00,0.0
2025-12-24 08:00:00,0.41444096
2025-12-24 09:00:00,1.4200724400000002
2025-12-24 10:00:00,2.09820404
2025-12-24 11:00:00,2.5078316000000003
2025-12-24 12:00:00,2.79400548
2025-12-24 13:00:00,1.6171792000000003
2025-12-24 14:00:00,1.21256308
2025-12-24 15:00:00,0.7131674400000001
2025-12-24 16:00:00,0.29104512
2025-12-24 17:00:00,0.0
2025-12-24 18:00:00,0.0
2025-12-24 19:00:00,0.0
2025-12-24 20:00:00,0.0
2025-12-24 21:00:00,0.0
2025-12-24 22:00:00,0.0
2025-12-24 23:00:00,0.0
2025-12-25 00:00:00,0.0
2025-12-25 01:00:00,0.0
2025-12-25 02:00:00,0.0
2025-12-25 03:00:00,0.0
2025-12-25 04:00:00,0.0
2025-12-25 05:00:00,0.0
2025-12-25 06:00:00,0.0
2025-12-25 07:00:00,0.0
2025-12-25 08:00:00,0.03516288
2025-12-25 09:00:00,1.6229499600000004
2025-12-25 10:00:00,0.9729946000000002
2025-12-25 11:00:00,2.7246968400000005
2025-12-25 12:00:00,0.059616999999999996
2025-12-25 13:00:00,2.7766085200000004
2025-12-25 14:00:00,2.43081588
2025-12-25 15:00:00,0.3249024
2025-12-25 16:00:00,0.90445988
2025-12-25 17:00:00,0.0
2025-12-25 18:00:00,0.0
2025-12-25 19:00:00,0.0
2025-12-25 20:00:00,0.0
2025-12-25 21:00:00,0.0
2025-12-25 22:00:00,0.0
2025-12-25 23:00:00,0.0
2025-12-26 00:00:00,0.0
2025-12-26 01:00:00,0.0
2025-12-26 02:00:00,0.0
2025-12-26 03:00:00,0.0
2025-12-26 04:00:00,0.0
2025-12-26 05:00:00,0.0
2025-12-26 06:00:00,0.0
2025-12-26 07:00:00,0.0
2025-12-26 08:00:00,0.51325356
2025-12-26 09:00:00,1.6443131599999998
2025-12-26 10:00:00,2.32845004
2025-12-26 11:00:00,2.7593662
2025-12-26 12:00:00,2.9113517200000003
2025-12-26 13:00:00,2.8155778000000002
2025-12-26 14:00:00,2.48828916
2025-12-26 15:00:00,1.90479376
2025-12-26 16:00:00,0.96927136
2025-12-26 17:00:00,0.0
2025-12-26 18:00:00,0.0
2025-12-26 19:00:00,0.0
2025-12-26 20:00:00,0.0
2025-12-26 21:00:00,0.0
2025-12-26 22:00:00,0.0
2025-12-26 23:00:00,0.0
2025-12-27 00:00:00,0.0
2025-12-27 01:00:00,0.0
2025-12-27 02:00:00,0.0
2025-12-27 03:00:00,0.0
2025-12-27 04:00:00,0.0
2025-12-27 05:00:00,0.0
2025-12-27 06:00:00,0.0
2025-12-27 07:00:00,0.0
2025-12-27 08:00:00,0.5279756
2025-12-27 09:00:00,1.6761884400000002
2025-12-27 10:00:00,2.3559799600000004
2025-12-27 11:00:00,2.7684794400000006
2025-12-27 12:00:00,2.9228532
2025-12-27 13:00:00,2.82029944
2025-12-27 14:00:00,2.48293552
2025-12-27 15:00:00,1.90995508
2025-12-27 16:00:00,0.99004952
2025-12-27 17:00:00,0.0
2025-12-27 18:00:00,0.0
2025-12-27 19:00:00,0.0
2025-12-27 20:00:00,0.0
2025-12-27 21:00:00,0.0
2025-12-27 22:00:00,0.0
2025-12-27 23:00:00,0.0
2025-12-28 00:00:00,0.0
2025-12-28 01:00:00,0.0
2025-12-28 02:00:00,0.0
2025-12-28 03:00:00,0.0
2025-12-28 04:00:00,0.0
2025-12-28 05:00:00,0.0
2025-12-28 06:00:00,0.0
2025-12-28 07:00:00,0.0
2025-12-28 08:00:00,0.54921316
2025-12-28 09:00:00,1.70789056
2025-12-28 10:00:00,2.37735408
2025-12-28 11:00:00,2.7737805200000003
2025-12-28 12:00:00,2.9167188799999995
2025-12-28 13:00:00,2.811503
2025-12-28 14:00:00,2.47205988
2025-12-28 15:00:00,1.91348644
2025-12-28 16:00:00,1.00297468
2025-12-28 17:00:00,0.0
2025-12-28 18:00:00,0.0
2025-12-28 19:00:00,0.0
2025-12-28 20:00:00,0.0
2025-12-28 21:00:00,0.0
2025-12-28 22:00:00,0.0
2025-12-28 23:00:00,0.0
2025-12-29 00:00:00,0.0
2025-12-29 01:00:00,0.0
2025-12-29 02:00:00,0.0
2025-12-29 03:00:00,0.0
2025-12-29 04:00:00,0.0
2025-12-29 05:00:00,0.0
2025-12-29 06:00:00,0.0
2025-12-29 07:00:00,0.0
2025-12-29 08:00:00,0.0237404
2025-12-29 09:00:00,0.26135016
2025-12-29 10:00:00,2.18792376
2025-12-29 11:00:00,0.38577572000000004
2025-12-29 12:00:00,0.05632976
2025-12-29 13:00:00,0.05936152
2025-12-29 14:00:00,0.21592535999999998
2025-12-29 15:00:00,0.10850204
2025-12-29 16:00:00,0.89106744
2025-12-29 17:00:00,0.0
2025-12-29 18:00:00,0.0
2025-12-29 19:00:00,0.0
2025-12-29 20:00:00,0.0
2025-12-29 21:00:00,0.0
2025-12-29 22:00:00,0.0
2025-12-29 23:00:00,0.0
2025-12-30 00:00:00,0.0
2025-12-30 01:00:00,0.0
2025-12-30 02:00:00,0.0
2025-12-30 03:00:00,0.0
2025-12-30 04:00:00,0.0
2025-12-30 05:00:00,0.0
2025-12-30 06:00:00,0.0
2025-12-30 07:00:00,0.0
2025-12-30 08:00:00,0.444511
2025-12-30 09:00:00,0.40781852
2025-12-30 10:00:00,2.22086292
2025-12-30 11:00:00,2.6462665999999997
2025-12-30 12:00:00,2.8079085200000002
2025-12-30 13:00:00,2.7482112800000005
2025-12-30 14:00:00,2.4054832000000004
2025-12-30 15:00:00,1.82926972
2025-12-30 16:00:00,0.95305492
2025-12-30 17:00:00,0.0
2025-12-30 18:00:00,0.0
2025-12-30 19:00:00,0.0
2025-12-30 20:00:00,0.0
2025-12-30 21:00:00,0.0
2025-12-30 22:00:00,0.0
2025-12-30 23:00:00,0.0
2025-12-31 00:00:00,0.0
2025-12-31 01:00:00,0.0
2025-12-31 02:00:00,0.0
2025-12-31 03:00:00,0.0
2025-12-31 04:00:00,0.0
2025-12-31 05:00:00,0.0
2025-12-31 06:00:00,0.0
2025-12-31 07:00:00,0.0
2025-12-31 08:00:00,0.035486239999999995
2025-12-31 09:00:00,0.20681548
2025-12-31 10:00:00,1.14135292
2025-12-31 11:00:00,2.592922
2025-12-31 12:00:00,1.59043128
2025-12-31 13:00:00,1.38688864
2025-12-31 14:00:00,0.9834164
2025-12-31 15:00:00,0.4128846
2025-12-31 16:00:00,0.0076723600000000005
2025-12-31 17:00:00,0.0
2025-12-31 18:00:00,0.0
2025-12-31 19:00:00,0.0
2025-12-31 20:00:00,0.0
2025-12-31 21:00:00,0.0
2025-12-31 22:00:00,0.0
2025-12-31 23:00:00,0.0
