index,generation_pv_MW,prices_electricity_euro_per_MWh,power_bess_net_discharge_raw_MW,power_bess_net_discharge_MW,battery_energy_MWh,power_grid_net_sold_MW
2025-01-01 00:00:00,0.0,134.49,0.0,0.0,8.0,0.0
2025-01-01 01:00:00,0.0,131.59,0.0,0.0,8.0,0.0
2025-01-01 02:00:00,0.0,131.49,0.0,0.0,8.0,0.0
2025-01-01 03:00:00,0.0,131.42,0.0,0.0,8.0,0.0
2025-01-01 04:00:00,0.0,120.49,0.0,0.0,8.0,0.0
2025-01-01 05:00:00,0.0,112.3,-0.130385160446167,-0.130385160446167,8.048894435167313,-0.130385160446167
2025-01-01 06:00:00,0.0,112.3,-0.08149072527885437,-0.08149072527885437,8.079453457146883,-0.08149072527885437
2025-01-01 07:00:00,0.0,111.88,-0.3337860107421875,-0.3337860107421875,8.204623211175203,-0.3337860107421875
2025-01-01 08:00:00,0.07336616,112.09,-0.2086162567138672,-0.2086162567138672,8.282854307442904,-0.13525009671386717
2025-01-01 09:00:00,1.57389604,94.99,-0.5340576171875,-0.5340576171875,8.483125913888216,1.0398384228125
2025-01-01 10:00:00,2.24129176,50.01,-1.3671875,-1.3671875,8.995821226388216,0.8741042600000002
2025-01-01 11:00:00,1.70321572,20.59,-4.0,-4.0,10.495821226388216,-2.29678428
2025-01-01 12:00:00,2.04783432,28.11,-4.0,-4.0,11.995821226388216,-1.9521656799999998
2025-01-01 13:00:00,2.71919324,40.63,-3.5,-3.5,13.308321226388216,-0.7808067599999999
2025-01-01 14:00:00,1.28131228,30.6,-4.0,-4.0,14.808321226388216,-2.71868772
2025-01-01 15:00:00,1.36415444,40.63,-2.1875,-2.1875,15.628633726388216,-0.8233455599999999
2025-01-01 16:00:00,0.9828454,72.0,-0.8544921875,-0.8544921875,15.949068296700716,0.12835321249999998
2025-01-01 17:00:00,0.0,125.49,0.0,0.0,15.949068296700716,0.0
2025-01-01 18:00:00,0.0,149.72,0.0,0.0,15.949068296700716,0.0
2025-01-01 19:00:00,0.0,150.67,0.0,0.0,15.949068296700716,0.0
2025-01-01 20:00:00,0.0,152.99,4.0,1.5,11.949068296700716,1.5
2025-01-01 21:00:00,0.0,151.69,4.0,1.5,7.949068296700716,1.5
2025-01-01 22:00:00,0.0,147.75,0.0,0.0,7.949068296700716,0.0
2025-01-01 23:00:00,0.0,133.06,0.0,0.0,7.949068296700716,0.0
2025-01-02 00:00:00,0.0,137.12,0.0,0.0,7.949068296700716,0.0
2025-01-02 01:00:00,0.0,123.03,-1.3671875,-1.3671875,8.461763609200716,-1.3671875
2025-01-02 02:00:00,0.0,102.3,-3.5,-3.5,9.774263609200716,-3.5
2025-01-02 03:00:00,0.0,102.09,-4.0,-4.0,11.274263609200716,-4.0
2025-01-02 04:00:00,0.0,102.09,-4.0,-4.0,12.774263609200716,-4.0
2025-01-02 05:00:00,0.0,101.88,-4.0,-4.0,14.274263609200716,-4.0
2025-01-02 06:00:00,0.0,128.44,-0.2086162567138672,-0.2086162567138672,14.352494705468416,-0.2086162567138672
2025-01-02 07:00:00,0.0,143.96,0.0,0.0,14.352494705468416,0.0
2025-01-02 08:00:00,0.42327728,152.92,0.0,0.0,14.352494705468416,0.42327728
2025-01-02 09:00:00,1.48472508,152.16,0.0,0.0,14.352494705468416,1.48472508
2025-01-02 10:00:00,2.1438394,129.04,-0.130385160446167,-0.130385160446167,14.401389140635729,2.013454239553833
2025-01-02 11:00:00,2.51456844,125.7,-0.5340576171875,-0.5340576171875,14.601660747081041,1.9805108228125001
2025-01-02 12:00:00,2.6237284000000005,125.72,-0.3337860107421875,-0.3337860107421875,14.726830501109362,2.289942389257813
2025-01-02 13:00:00,2.54358868,119.3,-2.1875,-2.1875,15.547143001109362,0.35608868000000005
2025-01-02 14:00:00,2.23063704,124.65,-0.8544921875,-0.8544921875,15.867577571421862,1.3761448525
2025-01-02 15:00:00,1.7113287200000002,130.11,-0.08149072527885437,-0.08149072527885437,15.898136593401432,1.6298379947211459
2025-01-02 16:00:00,0.90478664,139.5,0.0,0.0,15.898136593401432,0.90478664
2025-01-02 17:00:00,0.0,153.4,0.0,0.0,15.898136593401432,0.0
2025-01-02 18:00:00,0.0,159.18,0.0,0.0,15.898136593401432,0.0
2025-01-02 19:00:00,0.0,160.99,4.0,1.5,11.898136593401432,1.5
2025-01-02 20:00:00,0.0,161.1,4.0,1.5,7.898136593401432,1.5
2025-01-02 21:00:00,0.0,157.88,0.0,0.0,7.898136593401432,0.0
2025-01-02 22:00:00,0.0,152.44,0.0,0.0,7.898136593401432,0.0
2025-01-02 23:00:00,0.0,140.0,0.0,0.0,7.898136593401432,0.0
2025-01-03 00:00:00,0.0,121.52,-0.130385160446167,-0.130385160446167,7.947031028568745,-0.130385160446167
2025-01-03 01:00:00,0.0,105.88,-1.3671875,-1.3671875,8.459726341068745,-1.3671875
2025-01-03 02:00:00,0.0,93.94,-3.5,-3.5,9.772226341068745,-3.5
2025-01-03 03:00:00,0.0,91.1,-4.0,-4.0,11.272226341068745,-4.0
2025-01-03 04:00:00,0.0,90.01,-4.0,-4.0,12.772226341068745,-4.0
2025-01-03 05:00:00,0.0,92.25,-4.0,-4.0,14.272226341068745,-4.0
2025-01-03 06:00:00,0.0,100.14,-2.1875,-2.1875,15.092538841068745,-2.1875
2025-01-03 07:00:00,0.0,126.0,0.0,0.0,15.092538841068745,0.0
2025-01-03 08:00:00,0.39231864,141.2,0.0,0.0,15.092538841068745,0.39231864
2025-01-03 09:00:00,1.4389166800000002,138.0,0.0,0.0,15.092538841068745,1.4389166800000002
2025-01-03 10:00:00,2.10224656,130.52,0.0,0.0,15.092538841068745,2.10224656
2025-01-03 11:00:00,2.47384488,123.2,-0.08149072527885437,-0.08149072527885437,15.123097863048315,2.3923541547211458
2025-01-03 12:00:00,2.63153584,113.51,-0.2086162567138672,-0.2086162567138672,15.201328959316015,2.422919583286133
2025-01-03 13:00:00,2.5648766,107.6,-0.5340576171875,-0.5340576171875,15.401600565761328,2.0308189828125
2025-01-03 14:00:00,2.2818644800000003,105.88,-0.8544921875,-0.8544921875,15.722035136073828,1.4273722925000003
2025-01-03 15:00:00,1.7515791200000002,110.22,-0.3337860107421875,-0.3337860107421875,15.847204890102148,1.4177931092578127
2025-01-03 16:00:00,0.94734336,123.2,0.0,0.0,15.847204890102148,0.94734336
2025-01-03 17:00:00,0.0,141.2,0.0,0.0,15.847204890102148,0.0
2025-01-03 18:00:00,0.0,149.62,0.0,0.0,15.847204890102148,0.0
2025-01-03 19:00:00,0.0,151.25,4.0,1.5,11.847204890102148,1.5
2025-01-03 20:00:00,0.0,151.25,4.0,1.5,7.847204890102148,1.5
2025-01-03 21:00:00,0.0,149.12,0.0,0.0,7.847204890102148,0.0
2025-01-03 22:00:00,0.0,145.58,0.0,0.0,7.847204890102148,0.0
2025-01-03 23:00:00,0.0,136.42,0.0,0.0,7.847204890102148,0.0
2025-01-04 00:00:00,0.0,112.84,0.0,0.0,7.847204890102148,0.0
2025-01-04 01:00:00,0.0,101.0,-0.3337860107421875,-0.3337860107421875,7.972374644130468,-0.3337860107421875
2025-01-04 02:00:00,0.0,95.53,-2.1875,-2.1875,8.792687144130468,-2.1875
2025-01-04 03:00:00,0.0,94.33,-3.5,-3.5,10.105187144130468,-3.5
2025-01-04 04:00:00,0.0,96.62,-1.3671875,-1.3671875,10.617882456630468,-1.3671875
2025-01-04 05:00:00,0.0,102.63,-0.2086162567138672,-0.2086162567138672,10.696113552898169,-0.2086162567138672
2025-01-04 06:00:00,0.0,110.89,-0.08149072527885437,-0.08149072527885437,10.726672574877739,-0.08149072527885437
2025-01-04 07:00:00,0.0,120.25,0.0,0.0,10.726672574877739,0.0
2025-01-04 08:00:00,0.38297396,128.39,0.0,0.0,10.726672574877739,0.38297396
2025-01-04 09:00:00,0.01889028,128.41,0.0,0.0,10.726672574877739,0.01889028
2025-01-04 10:00:00,0.04775224,118.99,0.0,0.0,10.726672574877739,0.04775224
2025-01-04 11:00:00,0.29992736,99.0,-0.5340576171875,-0.5340576171875,10.926944181323051,-0.23413025718750002
2025-01-04 12:00:00,0.05947892,82.52,-4.0,-4.0,12.426944181323051,-3.94052108
2025-01-04 13:00:00,1.19763544,82.27,-4.0,-4.0,13.926944181323051,-2.80236456
2025-01-04 14:00:00,2.4921710800000003,88.22,-4.0,-4.0,15.426944181323051,-1.5078289199999997
2025-01-04 15:00:00,1.86726,97.35,-0.8544921875,-0.8544921875,15.747378751635551,1.0127678125
2025-01-04 16:00:00,0.23483576,119.47,0.0,0.0,15.747378751635551,0.23483576
2025-01-04 17:00:00,0.0,134.63,0.0,0.0,15.747378751635551,0.0
2025-01-04 18:00:00,0.0,145.0,4.0,1.5,11.747378751635551,1.5
2025-01-04 19:00:00,0.0,139.73,4.0,1.5,7.7473787516355515,1.5
2025-01-04 20:00:00,0.0,130.49,0.0,0.0,7.7473787516355515,0.0
2025-01-04 21:00:00,0.0,123.82,0.0,0.0,7.7473787516355515,0.0
2025-01-04 22:00:00,0.0,119.23,0.0,0.0,7.7473787516355515,0.0
2025-01-04 23:00:00,0.0,109.9,-0.130385160446167,-0.130385160446167,7.796273186802864,-0.130385160446167
2025-01-05 00:00:00,0.0,101.77,4.0,1.5,3.796273186802864,1.5
2025-01-05 01:00:00,0.0,70.5,4.0,1.5,-0.20372681319713593,1.5
2025-01-05 02:00:00,0.0,64.81,0.0,0.0,-0.20372681319713593,0.0
2025-01-05 03:00:00,0.0,46.7,-0.08149072527885437,-0.08149072527885437,-0.17316779121756554,-0.08149072527885437
2025-01-05 04:00:00,0.0,43.87,-0.3337860107421875,-0.3337860107421875,-0.047998037189245224,-0.3337860107421875
2025-01-05 05:00:00,0.0,36.61,-1.3671875,-1.3671875,0.4646972753107548,-1.3671875
2025-01-05 06:00:00,0.0,34.04,-4.0,-4.0,1.9646972753107548,-4.0
2025-01-05 07:00:00,0.0,44.0,-0.2086162567138672,-0.2086162567138672,2.042928371578455,-0.2086162567138672
2025-01-05 08:00:00,0.4485648,51.27,0.0,0.0,2.042928371578455,0.4485648
2025-01-05 09:00:00,1.5262610800000005,50.0,0.0,0.0,2.042928371578455,1.5262610800000005
2025-01-05 10:00:00,2.22052028,49.81,0.0,0.0,2.042928371578455,2.22052028
2025-01-05 11:00:00,1.22202072,43.05,-0.5340576171875,-0.5340576171875,2.2431999780237675,0.6879631028125
2025-01-05 12:00:00,2.79700876,45.74,-0.130385160446167,-0.130385160446167,2.29209441319108,2.666623599553833
2025-01-05 13:00:00,2.74349752,35.19,-3.5,-3.5,3.60459441319108,-0.75650248
2025-01-05 14:00:00,0.90145864,30.0,-4.0,-4.0,5.10459441319108,-3.09854136
2025-01-05 15:00:00,0.27369416,28.0,-4.0,-4.0,6.60459441319108,-3.72630584
2025-01-05 16:00:00,1.01639868,35.22,-2.1875,-2.1875,7.42490691319108,-1.17110132
2025-01-05 17:00:00,0.0,57.72,0.0,0.0,7.42490691319108,0.0
2025-01-05 18:00:00,0.0,64.81,0.0,0.0,7.42490691319108,0.0
2025-01-05 19:00:00,0.0,64.81,0.0,0.0,7.42490691319108,0.0
2025-01-05 20:00:00,0.0,65.2,0.0,0.0,7.42490691319108,0.0
2025-01-05 21:00:00,0.0,68.5,0.0,0.0,7.42490691319108,0.0
2025-01-05 22:00:00,0.0,60.0,0.0,0.0,7.42490691319108,0.0
2025-01-05 23:00:00,0.0,43.01,-0.8544921875,-0.8544921875,7.74534148350358,-0.8544921875
2025-01-06 00:00:00,0.0,13.28,-0.8544921875,-0.8544921875,8.06577605381608,-0.8544921875
2025-01-06 01:00:00,0.0,8.35,-2.1875,-2.1875,8.88608855381608,-2.1875
2025-01-06 02:00:00,0.0,5.23,-4.0,-4.0,10.38608855381608,-4.0
2025-01-06 03:00:00,0.0,3.52,-4.0,-4.0,11.88608855381608,-4.0
2025-01-06 04:00:00,0.0,3.52,-4.0,-4.0,13.38608855381608,-4.0
2025-01-06 05:00:00,0.0,5.61,-3.5,-3.5,14.69858855381608,-3.5
2025-01-06 06:00:00,0.0,11.27,-1.3671875,-1.3671875,15.21128386631608,-1.3671875
2025-01-06 07:00:00,0.0,37.0,0.0,0.0,15.21128386631608,0.0
2025-01-06 08:00:00,0.49256072,58.15,0.0,0.0,15.21128386631608,0.49256072
2025-01-06 09:00:00,1.61169744,51.15,0.0,0.0,15.21128386631608,1.61169744
2025-01-06 10:00:00,2.3153782,69.88,0.0,0.0,15.21128386631608,2.3153782
2025-01-06 11:00:00,2.73444984,32.83,-0.08149072527885437,-0.08149072527885437,15.24184288829565,2.6529591147211455
2025-01-06 12:00:00,2.90864108,31.28,-0.130385160446167,-0.130385160446167,15.290737323462963,2.778255919553833
2025-01-06 13:00:00,2.822709880000001,22.99,-0.3337860107421875,-0.3337860107421875,15.415907077491283,2.4889238692578135
2025-01-06 14:00:00,2.50551212,14.0,-0.5340576171875,-0.5340576171875,15.616178683936596,1.9714545028125001
2025-01-06 15:00:00,1.94891984,22.99,-0.2086162567138672,-0.2086162567138672,15.694409780204296,1.7403035832861329
2025-01-06 16:00:00,1.10071456,38.49,0.0,0.0,15.694409780204296,1.10071456
2025-01-06 17:00:00,0.02972532,79.9,0.0,0.0,15.694409780204296,0.02972532
2025-01-06 18:00:00,0.0,91.4,0.0,0.0,15.694409780204296,0.0
2025-01-06 19:00:00,0.0,110.0,0.0,0.0,15.694409780204296,0.0
2025-01-06 20:00:00,0.0,116.2,4.0,1.5,11.694409780204296,1.5
2025-01-06 21:00:00,0.0,117.78,4.0,1.5,7.694409780204296,1.5
2025-01-06 22:00:00,0.0,105.93,0.0,0.0,7.694409780204296,0.0
2025-01-06 23:00:00,0.0,90.0,0.0,0.0,7.694409780204296,0.0
2025-01-07 00:00:00,0.0,97.28,0.0,0.0,7.694409780204296,0.0
2025-01-07 01:00:00,0.0,72.3,-0.5340576171875,-0.5340576171875,7.894681386649609,-0.5340576171875
2025-01-07 02:00:00,0.0,67.41,-2.1875,-2.1875,8.714993886649609,-2.1875
2025-01-07 03:00:00,0.0,38.41,-4.0,-4.0,10.214993886649609,-4.0
2025-01-07 04:00:00,0.0,19.2,-4.0,-4.0,11.714993886649609,-4.0
2025-01-07 05:00:00,0.0,38.7,-4.0,-4.0,13.214993886649609,-4.0
2025-01-07 06:00:00,0.0,60.08,-3.5,-3.5,14.527493886649609,-3.5
2025-01-07 07:00:00,0.0,97.56,0.0,0.0,14.527493886649609,0.0
2025-01-07 08:00:00,0.47820456,115.0,0.0,0.0,14.527493886649609,0.47820456
2025-01-07 09:00:00,0.36882936,105.18,0.0,0.0,14.527493886649609,0.36882936
2025-01-07 10:00:00,2.3403205600000003,93.49,0.0,0.0,14.527493886649609,2.3403205600000003
2025-01-07 11:00:00,2.7863996,74.93,-0.2086162567138672,-0.2086162567138672,14.605724982917309,2.577783343286133
2025-01-07 12:00:00,2.9533264000000004,71.25,-1.3671875,-1.3671875,15.118420295417309,1.5861389000000004
2025-01-07 13:00:00,2.86517648,71.62,-0.8544921875,-0.8544921875,15.438854865729809,2.0106842925
2025-01-07 14:00:00,2.54008648,72.57,-0.3337860107421875,-0.3337860107421875,15.56402461975813,2.2063004692578123
2025-01-07 15:00:00,1.98934096,85.0,-0.130385160446167,-0.130385160446167,15.612919054925442,1.858955799553833
2025-01-07 16:00:00,1.1288562,100.64,0.0,0.0,15.612919054925442,1.1288562
2025-01-07 17:00:00,0.0295976,118.34,0.0,0.0,15.612919054925442,0.0295976
2025-01-07 18:00:00,0.0,128.87,4.0,1.5,11.612919054925442,1.5
2025-01-07 19:00:00,0.0,125.0,4.0,1.5,7.612919054925442,1.5
2025-01-07 20:00:00,0.0,113.97,0.0,0.0,7.612919054925442,0.0
2025-01-07 21:00:00,0.0,110.76,0.0,0.0,7.612919054925442,0.0
2025-01-07 22:00:00,0.0,98.53,0.0,0.0,7.612919054925442,0.0
2025-01-07 23:00:00,0.0,89.27,-0.08149072527885437,-0.08149072527885437,7.643478076905012,-0.08149072527885437
2025-01-08 00:00:00,0.0,74.23,-1.3671875,-1.3671875,8.156173389405012,-1.3671875
2025-01-08 01:00:00,0.0,69.5,-3.5,-3.5,9.468673389405012,-3.5
2025-01-08 02:00:00,0.0,59.97,-4.0,-4.0,10.968673389405012,-4.0
2025-01-08 03:00:00,0.0,53.0,-4.0,-4.0,12.468673389405012,-4.0
2025-01-08 04:00:00,0.0,59.52,-4.0,-4.0,13.968673389405012,-4.0
2025-01-08 05:00:00,0.0,70.2,-2.1875,-2.1875,14.788985889405012,-2.1875
2025-01-08 06:00:00,0.0,97.41,-0.2086162567138672,-0.2086162567138672,14.867216985672712,-0.2086162567138672
2025-01-08 07:00:00,0.0,124.39,0.0,0.0,14.867216985672712,0.0
2025-01-08 08:00:00,0.5513183600000001,130.49,4.0,1.5,10.867216985672712,2.0513183600000002
2025-01-08 09:00:00,1.72161676,130.01,0.0,0.0,10.867216985672712,1.72161676
2025-01-08 10:00:00,2.42239488,108.8,0.0,0.0,10.867216985672712,2.42239488
2025-01-08 11:00:00,2.84012484,104.46,0.0,0.0,10.867216985672712,2.84012484
2025-01-08 12:00:00,2.99256488,97.57,-0.130385160446167,-0.130385160446167,10.916111420840025,2.862179719553833
2025-01-08 13:00:00,2.9097559600000005,90.79,-0.3337860107421875,-0.3337860107421875,11.041281174868345,2.575969949257813
2025-01-08 14:00:00,2.5935578400000003,88.81,-0.8544921875,-0.8544921875,11.361715745180845,1.7390656525000003
2025-01-08 15:00:00,2.0331088,90.01,-0.5340576171875,-0.5340576171875,11.561987351626158,1.4990511828125
2025-01-08 16:00:00,1.1984656,105.48,0.0,0.0,11.561987351626158,1.1984656
2025-01-08 17:00:00,0.15482404,113.75,0.0,0.0,11.561987351626158,0.15482404
2025-01-08 18:00:00,0.0,122.0,0.0,0.0,11.561987351626158,0.0
2025-01-08 19:00:00,0.0,131.0,4.0,1.5,7.561987351626158,1.5
2025-01-08 20:00:00,0.0,124.81,0.0,0.0,7.561987351626158,0.0
2025-01-08 21:00:00,0.0,112.66,0.0,0.0,7.561987351626158,0.0
2025-01-08 22:00:00,0.0,111.9,0.0,0.0,7.561987351626158,0.0
2025-01-08 23:00:00,0.0,98.77,-0.08149072527885437,-0.08149072527885437,7.592546373605728,-0.08149072527885437
2025-01-09 00:00:00,0.0,60.38,-0.8544921875,-0.8544921875,7.912980943918228,-0.8544921875
2025-01-09 01:00:00,0.0,49.9,-2.1875,-2.1875,8.733293443918228,-2.1875
2025-01-09 02:00:00,0.0,40.52,-3.5,-3.5,10.045793443918228,-3.5
2025-01-09 03:00:00,0.0,25.61,-4.0,-4.0,11.545793443918228,-4.0
2025-01-09 04:00:00,0.0,13.01,-4.0,-4.0,13.045793443918228,-4.0
2025-01-09 05:00:00,0.0,30.29,-4.0,-4.0,14.545793443918228,-4.0
2025-01-09 06:00:00,0.0,60.08,-1.3671875,-1.3671875,15.058488756418228,-1.3671875
2025-01-09 07:00:00,0.0,90.79,0.0,0.0,15.058488756418228,0.0
2025-01-09 08:00:00,0.53567432,100.99,0.0,0.0,15.058488756418228,0.53567432
2025-01-09 09:00:00,1.68193056,102.44,0.0,0.0,15.058488756418228,1.68193056
2025-01-09 10:00:00,2.3866704800000003,97.45,0.0,0.0,15.058488756418228,2.3866704800000003
2025-01-09 11:00:00,2.82961836,90.41,-0.08149072527885437,-0.08149072527885437,15.089047778397799,2.7481276347211456
2025-01-09 12:00:00,2.9538152399999995,88.34,-0.130385160446167,-0.130385160446167,15.137942213565111,2.8234300795538325
2025-01-09 13:00:00,2.8705106800000006,79.9,-0.3337860107421875,-0.3337860107421875,15.263111967593431,2.536724669257813
2025-01-09 14:00:00,2.5509852,79.05,-0.5340576171875,-0.5340576171875,15.463383574038744,2.0169275828125
2025-01-09 15:00:00,2.00740688,85.09,-0.2086162567138672,-0.2086162567138672,15.541614670306444,1.7987906232861328
2025-01-09 16:00:00,1.1442572800000002,109.4,0.0,0.0,15.541614670306444,1.1442572800000002
2025-01-09 17:00:00,0.13494328,131.62,0.0,0.0,15.541614670306444,0.13494328
2025-01-09 18:00:00,0.0,135.73,4.0,1.5,11.541614670306444,1.5
2025-01-09 19:00:00,0.0,135.01,0.0,0.0,11.541614670306444,0.0
2025-01-09 20:00:00,0.0,141.27,4.0,1.5,7.541614670306444,1.5
2025-01-09 21:00:00,0.0,135.01,0.0,0.0,7.541614670306444,0.0
2025-01-09 22:00:00,0.0,114.38,0.0,0.0,7.541614670306444,0.0
2025-01-09 23:00:00,0.0,101.0,0.0,0.0,7.541614670306444,0.0
2025-01-10 00:00:00,0.0,100.0,-1.3671875,-1.3671875,8.054309982806444,-1.3671875
2025-01-10 01:00:00,0.0,81.88,-3.5,-3.5,9.366809982806444,-3.5
2025-01-10 02:00:00,0.0,77.0,-4.0,-4.0,10.866809982806444,-4.0
2025-01-10 03:00:00,0.0,69.94,-4.0,-4.0,12.366809982806444,-4.0
2025-01-10 04:00:00,0.0,70.07,-4.0,-4.0,13.866809982806444,-4.0
2025-01-10 05:00:00,0.0,85.06,-2.1875,-2.1875,14.687122482806444,-2.1875
2025-01-10 06:00:00,0.0,101.8,-0.8544921875,-0.8544921875,15.007557053118944,-0.8544921875
2025-01-10 07:00:00,0.0,126.12,0.0,0.0,15.007557053118944,0.0
2025-01-10 08:00:00,0.49647604,140.33,0.0,0.0,15.007557053118944,0.49647604
2025-01-10 09:00:00,0.0219884799999999,137.22,0.0,0.0,15.007557053118944,0.0219884799999999
2025-01-10 10:00:00,0.29134296,123.57,0.0,0.0,15.007557053118944,0.29134296
2025-01-10 11:00:00,0.50158056,113.59,0.0,0.0,15.007557053118944,0.50158056
2025-01-10 12:00:00,1.17441288,107.43,-0.3337860107421875,-0.3337860107421875,15.132726807147264,0.8406268692578125
2025-01-10 13:00:00,2.80727004,105.01,-0.5340576171875,-0.5340576171875,15.332998413592577,2.2732124228125
2025-01-10 14:00:00,0.36193844,108.18,-0.2086162567138672,-0.2086162567138672,15.411229509860277,0.15332218328613278
2025-01-10 15:00:00,0.38439132,111.61,-0.130385160446167,-0.130385160446167,15.46012394502759,0.254006159553833
2025-01-10 16:00:00,0.15950944,118.76,0.0,0.0,15.46012394502759,0.15950944
2025-01-10 17:00:00,0.13832964,132.58,0.0,0.0,15.46012394502759,0.13832964
2025-01-10 18:00:00,0.0,144.28,4.0,1.5,11.46012394502759,1.5
2025-01-10 19:00:00,0.0,141.27,4.0,1.5,7.46012394502759,1.5
2025-01-10 20:00:00,0.0,134.83,0.0,0.0,7.46012394502759,0.0
2025-01-10 21:00:00,0.0,122.51,0.0,0.0,7.46012394502759,0.0
2025-01-10 22:00:00,0.0,119.79,0.0,0.0,7.46012394502759,0.0
2025-01-10 23:00:00,0.0,112.0,-0.08149072527885437,-0.08149072527885437,7.49068296700716,-0.08149072527885437
2025-01-11 00:00:00,0.0,112.0,0.0,0.0,7.49068296700716,0.0
2025-01-11 01:00:00,0.0,100.61,0.0,0.0,7.49068296700716,0.0
2025-01-11 02:00:00,0.0,96.32,-0.08149072527885437,-0.08149072527885437,7.521241988986731,-0.08149072527885437
2025-01-11 03:00:00,0.0,84.49,-0.5340576171875,-0.5340576171875,7.721513595432043,-0.5340576171875
2025-01-11 04:00:00,0.0,79.78,-1.3671875,-1.3671875,8.234208907932043,-1.3671875
2025-01-11 05:00:00,0.0,84.1,-0.8544921875,-0.8544921875,8.554643478244543,-0.8544921875
2025-01-11 06:00:00,0.0,95.46,-0.130385160446167,-0.130385160446167,8.603537913411856,-0.130385160446167
2025-01-11 07:00:00,0.0,84.9,-0.3337860107421875,-0.3337860107421875,8.728707667440176,-0.3337860107421875
2025-01-11 08:00:00,0.03234592,97.0,0.0,0.0,8.728707667440176,0.03234592
2025-01-11 09:00:00,0.30064228,105.53,0.0,0.0,8.728707667440176,0.30064228
2025-01-11 10:00:00,0.89140308,109.71,0.0,0.0,8.728707667440176,0.89140308
2025-01-11 11:00:00,1.49594964,87.14,-0.2086162567138672,-0.2086162567138672,8.806938763707876,1.287333383286133
2025-01-11 12:00:00,2.879312,78.78,-3.5,-3.5,10.119438763707876,-0.6206879999999999
2025-01-11 13:00:00,2.0769756,70.0,-4.0,-4.0,11.619438763707876,-1.9230244
2025-01-11 14:00:00,2.50817168,64.75,-4.0,-4.0,13.119438763707876,-1.4918283200000002
2025-01-11 15:00:00,1.95293904,60.3,-4.0,-4.0,14.619438763707876,-2.04706096
2025-01-11 16:00:00,1.13561436,78.91,-2.1875,-2.1875,15.439751263707876,-1.05188564
2025-01-11 17:00:00,0.14555432,113.3,0.0,0.0,15.439751263707876,0.14555432
2025-01-11 18:00:00,0.0,118.87,0.0,0.0,15.439751263707876,0.0
2025-01-11 19:00:00,0.0,123.55,4.0,1.5,11.439751263707876,1.5
2025-01-11 20:00:00,0.0,119.95,4.0,1.5,7.439751263707876,1.5
2025-01-11 21:00:00,0.0,116.2,0.0,0.0,7.439751263707876,0.0
2025-01-11 22:00:00,0.0,113.27,0.0,0.0,7.439751263707876,0.0
2025-01-11 23:00:00,0.0,106.1,0.0,0.0,7.439751263707876,0.0
2025-01-12 00:00:00,0.0,110.36,0.0,0.0,7.439751263707876,0.0
2025-01-12 01:00:00,0.0,97.57,0.0,0.0,7.439751263707876,0.0
2025-01-12 02:00:00,0.0,90.0,0.0,0.0,7.439751263707876,0.0
2025-01-12 03:00:00,0.0,85.91,0.0,0.0,7.439751263707876,0.0
2025-01-12 04:00:00,0.0,85.0,-0.2086162567138672,-0.2086162567138672,7.517982359975576,-0.2086162567138672
2025-01-12 05:00:00,0.0,85.2,-0.130385160446167,-0.130385160446167,7.566876795142889,-0.130385160446167
2025-01-12 06:00:00,0.0,85.65,0.0,0.0,7.566876795142889,0.0
2025-01-12 07:00:00,0.0,79.63,-0.3337860107421875,-0.3337860107421875,7.692046549171209,-0.3337860107421875
2025-01-12 08:00:00,0.46054256,85.2,-0.08149072527885437,-0.08149072527885437,7.72260557115078,0.3790518347211456
2025-01-12 09:00:00,1.5386342400000002,77.24,-0.5340576171875,-0.5340576171875,7.922877177596092,1.0045766228125002
2025-01-12 10:00:00,2.255796,40.0,-0.8544921875,-0.8544921875,8.243311747908592,1.4013038125000001
2025-01-12 11:00:00,2.68314348,12.17,-1.3671875,-1.3671875,8.756007060408592,1.31595598
2025-01-12 12:00:00,2.87998024,3.6,-4.0,-4.0,10.256007060408592,-1.12001976
2025-01-12 13:00:00,2.81353208,6.01,-3.5,-3.5,11.568507060408592,-0.6864679200000001
2025-01-12 14:00:00,2.5297126800000003,4.31,-4.0,-4.0,13.068507060408592,-1.4702873199999997
2025-01-12 15:00:00,1.9767816,3.01,-4.0,-4.0,14.568507060408592,-2.0232184
2025-01-12 16:00:00,1.14823724,10.96,-2.1875,-2.1875,15.388819560408592,-1.03926276
2025-01-12 17:00:00,0.14640308,89.07,0.0,0.0,15.388819560408592,0.14640308
2025-01-12 18:00:00,0.0,116.28,0.0,0.0,15.388819560408592,0.0
2025-01-12 19:00:00,0.0,126.8,4.0,1.5,11.388819560408592,1.5
2025-01-12 20:00:00,0.0,124.0,4.0,1.5,7.388819560408592,1.5
2025-01-12 21:00:00,0.0,123.67,0.0,0.0,7.388819560408592,0.0
2025-01-12 22:00:00,0.0,116.73,0.0,0.0,7.388819560408592,0.0
2025-01-12 23:00:00,0.0,114.9,0.0,0.0,7.388819560408592,0.0
2025-01-13 00:00:00,0.0,112.39,-0.130385160446167,-0.130385160446167,7.437713995575905,-0.130385160446167
2025-01-13 01:00:00,0.0,105.07,-1.3671875,-1.3671875,7.950409308075905,-1.3671875
2025-01-13 02:00:00,0.0,104.46,-3.5,-3.5,9.262909308075905,-3.5
2025-01-13 03:00:00,0.0,100.37,-4.0,-4.0,10.762909308075905,-4.0
2025-01-13 04:00:00,0.0,100.0,-4.0,-4.0,12.262909308075905,-4.0
2025-01-13 05:00:00,0.0,109.13,-0.5340576171875,-0.5340576171875,12.463180914521217,-0.5340576171875
2025-01-13 06:00:00,0.0,127.14,0.0,0.0,12.463180914521217,0.0
2025-01-13 07:00:00,0.0,141.29,0.0,0.0,12.463180914521217,0.0
2025-01-13 08:00:00,0.46726148,180.0,4.0,1.5,8.463180914521217,1.96726148
2025-01-13 09:00:00,1.59878844,145.67,0.0,0.0,8.463180914521217,1.59878844
2025-01-13 10:00:00,2.342423,128.38,0.0,0.0,8.463180914521217,2.342423
2025-01-13 11:00:00,2.78554344,111.92,-0.2086162567138672,-0.2086162567138672,8.541412010788918,2.576927183286133
2025-01-13 12:00:00,2.97872196,105.22,-0.8544921875,-0.8544921875,8.861846581101418,2.1242297725
2025-01-13 13:00:00,2.89541828,100.81,-4.0,-4.0,10.361846581101418,-1.10458172
2025-01-13 14:00:00,2.58908964,104.91,-2.1875,-2.1875,11.182159081101418,0.4015896400000001
2025-01-13 15:00:00,2.0145566,110.72,-0.3337860107421875,-0.3337860107421875,11.307328835129738,1.6807705892578126
2025-01-13 16:00:00,1.16598208,126.64,0.0,0.0,11.307328835129738,1.16598208
2025-01-13 17:00:00,0.13810544,145.37,0.0,0.0,11.307328835129738,0.13810544
2025-01-13 18:00:00,0.0,157.07,0.0,0.0,11.307328835129738,0.0
2025-01-13 19:00:00,0.0,158.39,4.0,1.5,7.307328835129738,1.5
2025-01-13 20:00:00,0.0,146.39,0.0,0.0,7.307328835129738,0.0
2025-01-13 21:00:00,0.0,143.02,0.0,0.0,7.307328835129738,0.0
2025-01-13 22:00:00,0.0,135.01,0.0,0.0,7.307328835129738,0.0
2025-01-13 23:00:00,0.0,120.1,-0.08149072527885437,-0.08149072527885437,7.337887857109308,-0.08149072527885437
2025-01-14 00:00:00,0.0,122.19,-0.130385160446167,-0.130385160446167,7.386782292276621,-0.130385160446167
2025-01-14 01:00:00,0.0,117.67,-0.2086162567138672,-0.2086162567138672,7.465013388544321,-0.2086162567138672
2025-01-14 02:00:00,0.0,114.53,-1.3671875,-1.3671875,7.977708701044321,-1.3671875
2025-01-14 03:00:00,0.0,112.2,-4.0,-4.0,9.477708701044321,-4.0
2025-01-14 04:00:00,0.0,112.2,-4.0,-4.0,10.977708701044321,-4.0
2025-01-14 05:00:00,0.0,114.34,-2.1875,-2.1875,11.798021201044321,-2.1875
2025-01-14 06:00:00,0.0,138.52,0.0,0.0,11.798021201044321,0.0
2025-01-14 07:00:00,0.0,156.0,0.0,0.0,11.798021201044321,0.0
2025-01-14 08:00:00,0.452259,157.41,0.0,0.0,11.798021201044321,0.452259
2025-01-14 09:00:00,1.5463224400000002,152.47,0.0,0.0,11.798021201044321,1.5463224400000002
2025-01-14 10:00:00,2.26913044,133.76,0.0,0.0,11.798021201044321,2.26913044
2025-01-14 11:00:00,2.72475372,114.53,-0.8544921875,-0.8544921875,12.118455771356821,1.8702615324999998
2025-01-14 12:00:00,2.905055,112.37,-3.5,-3.5,13.430955771356821,-0.5949450000000001
2025-01-14 13:00:00,2.85092552,111.63,-4.0,-4.0,14.930955771356821,-1.14907448
2025-01-14 14:00:00,2.54040284,114.53,-0.5340576171875,-0.5340576171875,15.131227377802134,2.0063452228125
2025-01-14 15:00:00,1.96592376,115.03,-0.3337860107421875,-0.3337860107421875,15.256397131830454,1.6321377492578124
2025-01-14 16:00:00,1.15319316,132.53,-0.08149072527885437,-0.08149072527885437,15.286956153810024,1.0717024347211457
2025-01-14 17:00:00,0.14160984,160.87,0.0,0.0,15.286956153810024,0.14160984
2025-01-14 18:00:00,0.0,188.31,4.0,1.5,11.286956153810024,1.5
2025-01-14 19:00:00,0.0,189.54,4.0,1.5,7.286956153810024,1.5
2025-01-14 20:00:00,0.0,165.57,0.0,0.0,7.286956153810024,0.0
2025-01-14 21:00:00,0.0,159.39,0.0,0.0,7.286956153810024,0.0
2025-01-14 22:00:00,0.0,148.68,0.0,0.0,7.286956153810024,0.0
2025-01-14 23:00:00,0.0,141.98,0.0,0.0,7.286956153810024,0.0
2025-01-15 00:00:00,0.0,132.4,-0.130385160446167,-0.130385160446167,7.335850588977337,-0.130385160446167
2025-01-15 01:00:00,0.0,122.4,-0.8544921875,-0.8544921875,7.656285159289837,-0.8544921875
2025-01-15 02:00:00,0.0,118.6,-1.3671875,-1.3671875,8.168980471789837,-1.3671875
2025-01-15 03:00:00,0.0,118.42,-2.1875,-2.1875,8.989292971789837,-2.1875
2025-01-15 04:00:00,0.0,118.13,-4.0,-4.0,10.489292971789837,-4.0
2025-01-15 05:00:00,0.0,118.13,-3.5,-3.5,11.801792971789837,-3.5
2025-01-15 06:00:00,0.0,135.56,0.0,0.0,11.801792971789837,0.0
2025-01-15 07:00:00,0.0,167.32,0.0,0.0,11.801792971789837,0.0
2025-01-15 08:00:00,0.02406792,225.0,4.0,1.5,7.801792971789837,1.52406792
2025-01-15 09:00:00,1.48555748,160.0,0.0,0.0,7.801792971789837,1.48555748
2025-01-15 10:00:00,2.19570816,138.92,0.0,0.0,7.801792971789837,2.19570816
2025-01-15 11:00:00,2.64434548,132.7,-0.08149072527885437,-0.08149072527885437,7.832351993769407,2.5628547547211458
2025-01-15 12:00:00,2.83174068,126.0,-0.2086162567138672,-0.2086162567138672,7.9105830900371075,2.6231244232861326
2025-01-15 13:00:00,2.7593404400000003,122.4,-0.5340576171875,-0.5340576171875,8.11085469648242,2.2252828228125003
2025-01-15 14:00:00,2.43411576,115.58,-4.0,-4.0,9.61085469648242,-1.56588424
2025-01-15 15:00:00,1.91110032,117.81,-4.0,-4.0,11.11085469648242,-2.08889968
2025-01-15 16:00:00,1.12144404,135.0,0.0,0.0,11.11085469648242,1.12144404
2025-01-15 17:00:00,0.14075764,143.2,0.0,0.0,11.11085469648242,0.14075764
2025-01-15 18:00:00,0.0,167.32,0.0,0.0,11.11085469648242,0.0
2025-01-15 19:00:00,0.0,178.97,4.0,1.5,7.11085469648242,1.5
2025-01-15 20:00:00,0.0,168.78,0.0,0.0,7.11085469648242,0.0
2025-01-15 21:00:00,0.0,150.97,0.0,0.0,7.11085469648242,0.0
2025-01-15 22:00:00,0.0,138.77,0.0,0.0,7.11085469648242,0.0
2025-01-15 23:00:00,0.0,123.9,-0.3337860107421875,-0.3337860107421875,7.23602445051074,-0.3337860107421875
2025-01-16 00:00:00,0.0,124.33,-0.08149072527885437,-0.08149072527885437,7.266583472490311,-0.08149072527885437
2025-01-16 01:00:00,0.0,118.41,-0.5340576171875,-0.5340576171875,7.466855078935623,-0.5340576171875
2025-01-16 02:00:00,0.0,114.0,-4.0,-4.0,8.966855078935623,-4.0
2025-01-16 03:00:00,0.0,108.58,-4.0,-4.0,10.466855078935623,-4.0
2025-01-16 04:00:00,0.0,108.59,-4.0,-4.0,11.966855078935623,-4.0
2025-01-16 05:00:00,0.0,118.1,-0.8544921875,-0.8544921875,12.287289649248123,-0.8544921875
2025-01-16 06:00:00,0.0,130.8,0.0,0.0,12.287289649248123,0.0
2025-01-16 07:00:00,0.0,148.04,0.0,0.0,12.287289649248123,0.0
2025-01-16 08:00:00,0.33983016,175.72,0.0,0.0,12.287289649248123,0.33983016
2025-01-16 09:00:00,1.3770781200000002,155.11,0.0,0.0,12.287289649248123,1.3770781200000002
2025-01-16 10:00:00,2.11628372,129.9,0.0,0.0,12.287289649248123,2.11628372
2025-01-16 11:00:00,2.56819116,114.0,-3.5,-3.5,13.599789649248123,-0.93180884
2025-01-16 12:00:00,2.7590397600000007,116.0,-1.3671875,-1.3671875,14.112484961748123,1.3918522600000007
2025-01-16 13:00:00,2.70723952,120.5,-0.130385160446167,-0.130385160446167,14.161379396915436,2.576854359553833
2025-01-16 14:00:00,2.41323508,115.14,-2.1875,-2.1875,14.981691896915436,0.2257350800000002
2025-01-16 15:00:00,1.87826824,119.64,-0.3337860107421875,-0.3337860107421875,15.106861650943756,1.5444822292578124
2025-01-16 16:00:00,1.09168692,120.34,-0.2086162567138672,-0.2086162567138672,15.185092747211456,0.8830706632861327
2025-01-16 17:00:00,0.12580952,148.04,0.0,0.0,15.185092747211456,0.12580952
2025-01-16 18:00:00,0.0,184.32,4.0,1.5,11.185092747211456,1.5
2025-01-16 19:00:00,0.0,179.97,4.0,1.5,7.185092747211456,1.5
2025-01-16 20:00:00,0.0,159.6,0.0,0.0,7.185092747211456,0.0
2025-01-16 21:00:00,0.0,148.33,0.0,0.0,7.185092747211456,0.0
2025-01-16 22:00:00,0.0,136.02,0.0,0.0,7.185092747211456,0.0
2025-01-16 23:00:00,0.0,124.44,0.0,0.0,7.185092747211456,0.0
2025-01-17 00:00:00,0.0,124.83,-0.08149072527885437,-0.08149072527885437,7.215651769191027,-0.08149072527885437
2025-01-17 01:00:00,0.0,121.32,-0.130385160446167,-0.130385160446167,7.264546204358339,-0.130385160446167
2025-01-17 02:00:00,0.0,118.2,-0.5340576171875,-0.5340576171875,7.464817810803652,-0.5340576171875
2025-01-17 03:00:00,0.0,117.49,-0.8544921875,-0.8544921875,7.785252381116152,-0.8544921875
2025-01-17 04:00:00,0.0,117.26,-1.3671875,-1.3671875,8.297947693616152,-1.3671875
2025-01-17 05:00:00,0.0,119.99,-0.2086162567138672,-0.2086162567138672,8.376178789883852,-0.2086162567138672
2025-01-17 06:00:00,0.0,137.1,0.0,0.0,8.376178789883852,0.0
2025-01-17 07:00:00,0.0,150.84,0.0,0.0,8.376178789883852,0.0
2025-01-17 08:00:00,0.55695728,161.32,0.0,0.0,8.376178789883852,0.55695728
2025-01-17 09:00:00,1.657369,155.1,0.0,0.0,8.376178789883852,1.657369
2025-01-17 10:00:00,2.34040332,129.87,0.0,0.0,8.376178789883852,2.34040332
2025-01-17 11:00:00,2.7467112,116.44,-2.1875,-2.1875,9.196491289883852,0.5592112
2025-01-17 12:00:00,2.88807728,115.2,-3.5,-3.5,10.508991289883852,-0.6119227199999999
2025-01-17 13:00:00,2.8347174,108.5,-4.0,-4.0,12.008991289883852,-1.1652825999999998
2025-01-17 14:00:00,2.5611142800000004,106.5,-4.0,-4.0,13.508991289883852,-1.4388857199999996
2025-01-17 15:00:00,2.04688712,115.0,-4.0,-4.0,15.008991289883852,-1.95311288
2025-01-17 16:00:00,1.23557348,118.38,-0.3337860107421875,-0.3337860107421875,15.134161043912172,0.9017874692578125
2025-01-17 17:00:00,0.18585852,145.12,0.0,0.0,15.134161043912172,0.18585852
2025-01-17 18:00:00,0.0,175.0,4.0,1.5,11.134161043912172,1.5
2025-01-17 19:00:00,0.0,174.22,4.0,1.5,7.134161043912172,1.5
2025-01-17 20:00:00,0.0,157.91,0.0,0.0,7.134161043912172,0.0
2025-01-17 21:00:00,0.0,153.27,0.0,0.0,7.134161043912172,0.0
2025-01-17 22:00:00,0.0,153.27,0.0,0.0,7.134161043912172,0.0
2025-01-17 23:00:00,0.0,137.34,0.0,0.0,7.134161043912172,0.0
2025-01-18 00:00:00,0.0,135.56,0.0,0.0,7.134161043912172,0.0
2025-01-18 01:00:00,0.0,130.01,-0.08149072527885437,-0.08149072527885437,7.164720065891743,-0.08149072527885437
2025-01-18 02:00:00,0.0,129.73,-0.130385160446167,-0.130385160446167,7.213614501059055,-0.130385160446167
2025-01-18 03:00:00,0.0,124.9,-0.2086162567138672,-0.2086162567138672,7.2918455973267555,-0.2086162567138672
2025-01-18 04:00:00,0.0,117.0,-1.3671875,-1.3671875,7.8045409098267555,-1.3671875
2025-01-18 05:00:00,0.0,119.78,-0.8544921875,-0.8544921875,8.124975480139256,-0.8544921875
2025-01-18 06:00:00,0.0,120.0,-0.5340576171875,-0.5340576171875,8.325247086584568,-0.5340576171875
2025-01-18 07:00:00,0.0,133.8,0.0,0.0,8.325247086584568,0.0
2025-01-18 08:00:00,0.1171136,145.69,0.0,0.0,8.325247086584568,0.1171136
2025-01-18 09:00:00,1.03696068,144.1,0.0,0.0,8.325247086584568,1.03696068
2025-01-18 10:00:00,1.70786012,131.7,0.0,0.0,8.325247086584568,1.70786012
2025-01-18 11:00:00,2.07296148,110.2,-4.0,-4.0,9.825247086584568,-1.92703852
2025-01-18 12:00:00,1.98312288,113.97,-4.0,-4.0,11.325247086584568,-2.01687712
2025-01-18 13:00:00,1.6299714000000003,114.17,-3.5,-3.5,12.637747086584568,-1.8700285999999997
2025-01-18 14:00:00,1.55595848,114.17,-2.1875,-2.1875,13.458059586584568,-0.6315415200000001
2025-01-18 15:00:00,1.11658856,113.97,-4.0,-4.0,14.958059586584568,-2.8834114399999997
2025-01-18 16:00:00,0.43848956,120.9,-0.3337860107421875,-0.3337860107421875,15.083229340612888,0.1047035492578125
2025-01-18 17:00:00,0.053195,145.65,0.0,0.0,15.083229340612888,0.053195
2025-01-18 18:00:00,0.0,167.57,4.0,1.5,11.083229340612888,1.5
2025-01-18 19:00:00,0.0,167.85,4.0,1.5,7.083229340612888,1.5
2025-01-18 20:00:00,0.0,156.12,0.0,0.0,7.083229340612888,0.0
2025-01-18 21:00:00,0.0,149.61,0.0,0.0,7.083229340612888,0.0
2025-01-18 22:00:00,0.0,147.25,0.0,0.0,7.083229340612888,0.0
2025-01-18 23:00:00,0.0,142.19,0.0,0.0,7.083229340612888,0.0
2025-01-19 00:00:00,0.0,134.46,0.0,0.0,7.083229340612888,0.0
2025-01-19 01:00:00,0.0,125.51,0.0,0.0,7.083229340612888,0.0
2025-01-19 02:00:00,0.0,123.17,0.0,0.0,7.083229340612888,0.0
2025-01-19 03:00:00,0.0,121.24,-0.2086162567138672,-0.2086162567138672,7.1614604368805885,-0.2086162567138672
2025-01-19 04:00:00,0.0,120.18,-0.3337860107421875,-0.3337860107421875,7.286630190908909,-0.3337860107421875
2025-01-19 05:00:00,0.0,120.0,-0.5340576171875,-0.5340576171875,7.486901797354221,-0.5340576171875
2025-01-19 06:00:00,0.0,121.59,-0.130385160446167,-0.130385160446167,7.535796232521534,-0.130385160446167
2025-01-19 07:00:00,0.0,123.47,0.0,0.0,7.535796232521534,0.0
2025-01-19 08:00:00,0.18530192,123.61,0.0,0.0,7.535796232521534,0.18530192
2025-01-19 09:00:00,1.0523017600000002,125.33,0.0,0.0,7.535796232521534,1.0523017600000002
2025-01-19 10:00:00,1.9181256,103.0,-4.0,-4.0,9.035796232521534,-2.0818744000000002
2025-01-19 11:00:00,2.52870436,102.35,-4.0,-4.0,10.535796232521534,-1.4712956400000001
2025-01-19 12:00:00,2.749356,103.0,-4.0,-4.0,12.035796232521534,-1.2506439999999999
2025-01-19 13:00:00,2.6851372399999995,105.1,-3.5,-3.5,13.348296232521534,-0.8148627600000005
2025-01-19 14:00:00,2.37795392,105.5,-2.1875,-2.1875,14.168608732521534,0.19045391999999994
2025-01-19 15:00:00,1.82278368,108.53,-1.3671875,-1.3671875,14.681304045021534,0.4555961799999999
2025-01-19 16:00:00,1.01372472,115.79,-0.8544921875,-0.8544921875,15.001738615334034,0.1592325324999999
2025-01-19 17:00:00,0.11268684,140.0,0.0,0.0,15.001738615334034,0.11268684
2025-01-19 18:00:00,0.0,151.47,0.0,0.0,15.001738615334034,0.0
2025-01-19 19:00:00,0.0,157.33,4.0,1.5,11.001738615334034,1.5
2025-01-19 20:00:00,0.0,151.47,4.0,1.5,7.001738615334034,1.5
2025-01-19 21:00:00,0.0,150.86,0.0,0.0,7.001738615334034,0.0
2025-01-19 22:00:00,0.0,138.43,0.0,0.0,7.001738615334034,0.0
2025-01-19 23:00:00,0.0,123.12,-0.08149072527885437,-0.08149072527885437,7.032297637313604,-0.08149072527885437
2025-01-20 00:00:00,0.0,122.3,-1.3671875,-1.3671875,7.544992949813604,-1.3671875
2025-01-20 01:00:00,0.0,119.5,-2.1875,-2.1875,8.365305449813604,-2.1875
2025-01-20 02:00:00,0.0,116.57,-3.5,-3.5,9.677805449813604,-3.5
2025-01-20 03:00:00,0.0,114.41,-4.0,-4.0,11.177805449813604,-4.0
2025-01-20 04:00:00,0.0,115.45,-4.0,-4.0,12.677805449813604,-4.0
2025-01-20 05:00:00,0.0,116.1,-4.0,-4.0,14.177805449813604,-4.0
2025-01-20 06:00:00,0.0,137.33,-0.8544921875,-0.8544921875,14.498240020126104,-0.8544921875
2025-01-20 07:00:00,0.0,151.06,-0.3337860107421875,-0.3337860107421875,14.623409774154425,-0.3337860107421875
2025-01-20 08:00:00,0.56972412,154.06,0.0,0.0,14.623409774154425,0.56972412
2025-01-20 09:00:00,1.6547070800000003,154.15,0.0,0.0,14.623409774154425,1.6547070800000003
2025-01-20 10:00:00,2.35253764,153.1,-0.2086162567138672,-0.2086162567138672,14.701640870422125,2.143921383286133
2025-01-20 11:00:00,2.80463848,154.73,0.0,0.0,14.701640870422125,2.80463848
2025-01-20 12:00:00,2.9794388400000003,155.0,0.0,0.0,14.701640870422125,2.9794388400000003
2025-01-20 13:00:00,2.92431848,155.0,0.0,0.0,14.701640870422125,2.92431848
2025-01-20 14:00:00,2.63100556,155.01,0.0,0.0,14.701640870422125,2.63100556
2025-01-20 15:00:00,2.08753776,155.13,0.0,0.0,14.701640870422125,2.08753776
2025-01-20 16:00:00,1.27695096,153.58,-0.08149072527885437,-0.08149072527885437,14.732199892401695,1.1954602347211456
2025-01-20 17:00:00,0.20536168,153.34,-0.130385160446167,-0.130385160446167,14.781094327569008,0.074976519553833
2025-01-20 18:00:00,0.0,154.93,0.0,0.0,14.781094327569008,0.0
2025-01-20 19:00:00,0.0,159.15,0.0,0.0,14.781094327569008,0.0
2025-01-20 20:00:00,0.0,165.6,4.0,1.5,10.781094327569008,1.5
2025-01-20 21:00:00,0.0,170.0,4.0,1.5,6.781094327569008,1.5
2025-01-20 22:00:00,0.0,153.58,0.0,0.0,6.781094327569008,0.0
2025-01-20 23:00:00,0.0,139.0,-0.5340576171875,-0.5340576171875,6.98136593401432,-0.5340576171875
2025-01-21 00:00:00,0.0,136.0,-0.3337860107421875,-0.3337860107421875,7.106535688042641,-0.3337860107421875
2025-01-21 01:00:00,0.0,130.65,-1.3671875,-1.3671875,7.619231000542641,-1.3671875
2025-01-21 02:00:00,0.0,124.35,-3.5,-3.5,8.93173100054264,-3.5
2025-01-21 03:00:00,0.0,117.05,-4.0,-4.0,10.43173100054264,-4.0
2025-01-21 04:00:00,0.0,115.3,-4.0,-4.0,11.93173100054264,-4.0
2025-01-21 05:00:00,0.0,123.83,-4.0,-4.0,13.43173100054264,-4.0
2025-01-21 06:00:00,0.0,138.86,-0.130385160446167,-0.130385160446167,13.480625435709953,-0.130385160446167
2025-01-21 07:00:00,0.0,146.68,0.0,0.0,13.480625435709953,0.0
2025-01-21 08:00:00,0.6149106400000001,147.29,0.0,0.0,13.480625435709953,0.6149106400000001
2025-01-21 09:00:00,1.68036988,150.0,0.0,0.0,13.480625435709953,1.68036988
2025-01-21 10:00:00,2.36730264,147.78,0.0,0.0,13.480625435709953,2.36730264
2025-01-21 11:00:00,2.8016741600000006,146.69,0.0,0.0,13.480625435709953,2.8016741600000006
2025-01-21 12:00:00,2.96647132,144.57,0.0,0.0,13.480625435709953,2.96647132
2025-01-21 13:00:00,2.91586548,140.34,-0.08149072527885437,-0.08149072527885437,13.511184457689524,2.8343747547211455
2025-01-21 14:00:00,2.62254548,135.25,-0.8544921875,-0.8544921875,13.831619028002024,1.7680532924999999
2025-01-21 15:00:00,2.0960148000000003,135.53,-0.5340576171875,-0.5340576171875,14.031890634447336,1.5619571828125003
2025-01-21 16:00:00,1.30006604,145.1,0.0,0.0,14.031890634447336,1.30006604
2025-01-21 17:00:00,0.21895556,147.29,0.0,0.0,14.031890634447336,0.21895556
2025-01-21 18:00:00,0.0,150.19,0.0,0.0,14.031890634447336,0.0
2025-01-21 19:00:00,0.0,154.01,4.0,1.5,10.031890634447336,1.5
2025-01-21 20:00:00,0.0,156.15,4.0,1.5,6.031890634447336,1.5
2025-01-21 21:00:00,0.0,147.08,0.0,0.0,6.031890634447336,0.0
2025-01-21 22:00:00,0.0,137.0,-0.2086162567138672,-0.2086162567138672,6.110121730715036,-0.2086162567138672
2025-01-21 23:00:00,0.0,125.75,-2.1875,-2.1875,6.930434230715036,-2.1875
2025-01-22 00:00:00,0.0,123.53,-0.8544921875,-0.8544921875,7.250868801027536,-0.8544921875
2025-01-22 01:00:00,0.0,116.3,-2.1875,-2.1875,8.071181301027536,-2.1875
2025-01-22 02:00:00,0.0,106.78,-4.0,-4.0,9.571181301027536,-4.0
2025-01-22 03:00:00,0.0,104.45,-4.0,-4.0,11.071181301027536,-4.0
2025-01-22 04:00:00,0.0,103.6,-4.0,-4.0,12.571181301027536,-4.0
2025-01-22 05:00:00,0.0,107.0,-3.5,-3.5,13.883681301027536,-3.5
2025-01-22 06:00:00,0.0,120.57,-1.3671875,-1.3671875,14.396376613527536,-1.3671875
2025-01-22 07:00:00,0.0,140.33,0.0,0.0,14.396376613527536,0.0
2025-01-22 08:00:00,0.08704504,153.0,0.0,0.0,14.396376613527536,0.08704504
2025-01-22 09:00:00,0.49604388,152.19,0.0,0.0,14.396376613527536,0.49604388
2025-01-22 10:00:00,1.6991522,144.38,0.0,0.0,14.396376613527536,1.6991522
2025-01-22 11:00:00,2.4978981200000003,137.0,-0.08149072527885437,-0.08149072527885437,14.426935635507107,2.416407394721146
2025-01-22 12:00:00,2.6060819200000003,132.61,-0.130385160446167,-0.130385160446167,14.47583007067442,2.4756967595538333
2025-01-22 13:00:00,2.41196788,127.14,-0.3337860107421875,-0.3337860107421875,14.60099982470274,2.0781818692578127
2025-01-22 14:00:00,2.0263454000000003,126.99,-0.5340576171875,-0.5340576171875,14.801271431148052,1.4922877828125003
2025-01-22 15:00:00,1.4408092,131.35,-0.2086162567138672,-0.2086162567138672,14.879502527415752,1.2321929432861327
2025-01-22 16:00:00,0.77302568,139.57,0.0,0.0,14.879502527415752,0.77302568
2025-01-22 17:00:00,0.09240724,149.03,0.0,0.0,14.879502527415752,0.09240724
2025-01-22 18:00:00,0.0,159.6,4.0,1.5,10.879502527415752,1.5
2025-01-22 19:00:00,0.0,167.72,4.0,1.5,6.879502527415752,1.5
2025-01-22 20:00:00,0.0,155.82,0.0,0.0,6.879502527415752,0.0
2025-01-22 21:00:00,0.0,155.1,0.0,0.0,6.879502527415752,0.0
2025-01-22 22:00:00,0.0,145.0,0.0,0.0,6.879502527415752,0.0
2025-01-22 23:00:00,0.0,139.87,0.0,0.0,6.879502527415752,0.0
2025-01-23 00:00:00,0.0,125.01,-0.5340576171875,-0.5340576171875,7.079774133861065,-0.5340576171875
2025-01-23 01:00:00,0.0,120.53,-2.1875,-2.1875,7.900086633861065,-2.1875
2025-01-23 02:00:00,0.0,118.7,-3.5,-3.5,9.212586633861065,-3.5
2025-01-23 03:00:00,0.0,113.1,-4.0,-4.0,10.712586633861065,-4.0
2025-01-23 04:00:00,0.0,112.97,-4.0,-4.0,12.212586633861065,-4.0
2025-01-23 05:00:00,0.0,118.08,-4.0,-4.0,13.712586633861065,-4.0
2025-01-23 06:00:00,0.0,130.01,-0.130385160446167,-0.130385160446167,13.761481069028378,-0.130385160446167
2025-01-23 07:00:00,0.0,142.28,0.0,0.0,13.761481069028378,0.0
2025-01-23 08:00:00,0.07962152,160.34,0.0,0.0,13.761481069028378,0.07962152
2025-01-23 09:00:00,0.30217036,157.26,0.0,0.0,13.761481069028378,0.30217036
2025-01-23 10:00:00,0.56127664,147.32,0.0,0.0,13.761481069028378,0.56127664
2025-01-23 11:00:00,1.0233288,142.28,0.0,0.0,13.761481069028378,1.0233288
2025-01-23 12:00:00,1.4155208,135.72,-0.08149072527885437,-0.08149072527885437,13.792040091007948,1.3340300747211455
2025-01-23 13:00:00,1.54540436,125.1,-0.3337860107421875,-0.3337860107421875,13.917209845036268,1.2116183492578125
2025-01-23 14:00:00,1.3975961600000002,121.2,-1.3671875,-1.3671875,14.429905157536268,0.0304086600000002
2025-01-23 15:00:00,1.05834372,123.54,-0.8544921875,-0.8544921875,14.750339727848768,0.2038515325000001
2025-01-23 16:00:00,0.59437916,135.72,0.0,0.0,14.750339727848768,0.59437916
2025-01-23 17:00:00,0.10502768,152.4,0.0,0.0,14.750339727848768,0.10502768
2025-01-23 18:00:00,0.0,165.0,0.0,0.0,14.750339727848768,0.0
2025-01-23 19:00:00,0.0,196.51,4.0,1.5,10.750339727848768,1.5
2025-01-23 20:00:00,0.0,187.92,4.0,1.5,6.750339727848768,1.5
2025-01-23 21:00:00,0.0,162.27,0.0,0.0,6.750339727848768,0.0
2025-01-23 22:00:00,0.0,150.1,0.0,0.0,6.750339727848768,0.0
2025-01-23 23:00:00,0.0,129.9,-0.2086162567138672,-0.2086162567138672,6.828570824116468,-0.2086162567138672
2025-01-24 00:00:00,0.0,94.0,0.0,0.0,6.828570824116468,0.0
2025-01-24 01:00:00,0.0,88.74,-0.130385160446167,-0.130385160446167,6.877465259283781,-0.130385160446167
2025-01-24 02:00:00,0.0,82.03,-0.2086162567138672,-0.2086162567138672,6.955696355551481,-0.2086162567138672
2025-01-24 03:00:00,0.0,77.65,-1.3671875,-1.3671875,7.468391668051481,-1.3671875
2025-01-24 04:00:00,0.0,77.39,-2.1875,-2.1875,8.288704168051481,-2.1875
2025-01-24 05:00:00,0.0,78.2,-0.8544921875,-0.8544921875,8.609138738363981,-0.8544921875
2025-01-24 06:00:00,0.0,88.74,-0.08149072527885437,-0.08149072527885437,8.639697760343552,-0.08149072527885437
2025-01-24 07:00:00,0.0,105.0,0.0,0.0,8.639697760343552,0.0
2025-01-24 08:00:00,0.059037,122.0,4.0,1.5,4.639697760343552,1.559037
2025-01-24 09:00:00,0.28659976,114.78,4.0,1.5,0.6396977603435516,1.78659976
2025-01-24 10:00:00,0.54009788,94.17,0.0,0.0,0.6396977603435516,0.54009788
2025-01-24 11:00:00,0.7049189200000001,81.93,-0.3337860107421875,-0.3337860107421875,0.764867514371872,0.3711329092578126
2025-01-24 12:00:00,0.73369764,79.68,-0.5340576171875,-0.5340576171875,0.9651391208171844,0.19964002281250004
2025-01-24 13:00:00,0.72011464,77.26,-4.0,-4.0,2.4651391208171844,-3.2798853599999997
2025-01-24 14:00:00,0.6427480799999999,75.07,-4.0,-4.0,3.9651391208171844,-3.35725192
2025-01-24 15:00:00,0.47392392,77.26,-3.5,-3.5,5.2776391208171844,-3.02607608
2025-01-24 16:00:00,0.25906264,77.13,-4.0,-4.0,6.7776391208171844,-3.74093736
2025-01-24 17:00:00,0.03867924,92.7,0.0,0.0,6.7776391208171844,0.03867924
2025-01-24 18:00:00,0.0,102.0,0.0,0.0,6.7776391208171844,0.0
2025-01-24 19:00:00,0.0,111.9,0.0,0.0,6.7776391208171844,0.0
2025-01-24 20:00:00,0.0,112.45,0.0,0.0,6.7776391208171844,0.0
2025-01-24 21:00:00,0.0,103.35,0.0,0.0,6.7776391208171844,0.0
2025-01-24 22:00:00,0.0,97.78,0.0,0.0,6.7776391208171844,0.0
2025-01-24 23:00:00,0.0,90.7,0.0,0.0,6.7776391208171844,0.0
2025-01-25 00:00:00,0.0,57.03,0.0,0.0,6.7776391208171844,0.0
2025-01-25 01:00:00,0.0,35.0,0.0,0.0,6.7776391208171844,0.0
2025-01-25 02:00:00,0.0,25.2,-0.2086162567138672,-0.2086162567138672,6.855870217084885,-0.2086162567138672
2025-01-25 03:00:00,0.0,19.71,-2.1875,-2.1875,7.676182717084885,-2.1875
2025-01-25 04:00:00,0.0,16.8,-4.0,-4.0,9.176182717084885,-4.0
2025-01-25 05:00:00,0.0,17.72,-3.5,-3.5,10.488682717084885,-3.5
2025-01-25 06:00:00,0.0,25.0,-0.3337860107421875,-0.3337860107421875,10.613852471113205,-0.3337860107421875
2025-01-25 07:00:00,0.0,49.29,0.0,0.0,10.613852471113205,0.0
2025-01-25 08:00:00,0.02716108,37.7,0.0,0.0,10.613852471113205,0.02716108
2025-01-25 09:00:00,0.1313608,33.01,-0.08149072527885437,-0.08149072527885437,10.644411493092775,0.04987007472114563
2025-01-25 10:00:00,2.07569468,24.08,-0.5340576171875,-0.5340576171875,10.844683099538088,1.5416370628124998
2025-01-25 11:00:00,1.3523204800000002,45.08,0.0,0.0,10.844683099538088,1.3523204800000002
2025-01-25 12:00:00,0.62546304,35.0,0.0,0.0,10.844683099538088,0.62546304
2025-01-25 13:00:00,0.3045883199999999,19.71,-1.3671875,-1.3671875,11.357378412038088,-1.06259918
2025-01-25 14:00:00,0.257597,10.94,-4.0,-4.0,12.857378412038088,-3.742403
2025-01-25 15:00:00,0.17825132,3.6,-4.0,-4.0,14.357378412038088,-3.82174868
2025-01-25 16:00:00,0.1108507599999999,20.2,-0.8544921875,-0.8544921875,14.677812982350588,-0.7436414275000001
2025-01-25 17:00:00,0.02257548,30.0,-0.130385160446167,-0.130385160446167,14.7267074175179,-0.107809680446167
2025-01-25 18:00:00,0.0,76.8,0.0,0.0,14.7267074175179,0.0
2025-01-25 19:00:00,0.0,91.0,4.0,1.5,10.7267074175179,1.5
2025-01-25 20:00:00,0.0,96.37,4.0,1.5,6.7267074175179005,1.5
2025-01-25 21:00:00,0.0,87.38,0.0,0.0,6.7267074175179005,0.0
2025-01-25 22:00:00,0.0,86.5,0.0,0.0,6.7267074175179005,0.0
2025-01-25 23:00:00,0.0,77.35,0.0,0.0,6.7267074175179005,0.0
2025-01-26 00:00:00,0.0,41.18,4.0,1.5,2.7267074175179005,1.5
2025-01-26 01:00:00,0.0,35.2,0.0,0.0,2.7267074175179005,0.0
2025-01-26 02:00:00,0.0,29.7,0.0,0.0,2.7267074175179005,0.0
2025-01-26 03:00:00,0.0,29.03,0.0,0.0,2.7267074175179005,0.0
2025-01-26 04:00:00,0.0,26.21,-0.2086162567138672,-0.2086162567138672,2.8049385137856007,-0.2086162567138672
2025-01-26 05:00:00,0.0,25.95,-0.5340576171875,-0.5340576171875,3.005210120230913,-0.5340576171875
2025-01-26 06:00:00,0.0,26.21,-0.130385160446167,-0.130385160446167,3.054104555398226,-0.130385160446167
2025-01-26 07:00:00,0.0,29.03,0.0,0.0,3.054104555398226,0.0
2025-01-26 08:00:00,0.38545412,29.54,0.0,0.0,3.054104555398226,0.38545412
2025-01-26 09:00:00,0.15643652,26.21,-0.08149072527885437,-0.08149072527885437,3.084663577377796,0.07494579472114563
2025-01-26 10:00:00,0.24864632,25.95,-0.3337860107421875,-0.3337860107421875,3.2098333314061165,-0.0851396907421875
2025-01-26 11:00:00,0.17441388,24.99,-1.3671875,-1.3671875,3.7225286439061165,-1.19277362
2025-01-26 12:00:00,0.13710652,9.89,-3.5,-3.5,5.0350286439061165,-3.36289348
2025-01-26 13:00:00,0.18313788,7.19,-4.0,-4.0,6.5350286439061165,-3.81686212
2025-01-26 14:00:00,0.2151183199999999,6.99,-4.0,-4.0,8.035028643906116,-3.7848816800000002
2025-01-26 15:00:00,0.12359644,6.93,-4.0,-4.0,9.535028643906116,-3.87640356
2025-01-26 16:00:00,0.05392668,13.45,-2.1875,-2.1875,10.355341143906116,-2.13357332
2025-01-26 17:00:00,0.0147352399999999,25.2,-0.8544921875,-0.8544921875,10.675775714218616,-0.8397569475000001
2025-01-26 18:00:00,0.0,39.4,0.0,0.0,10.675775714218616,0.0
2025-01-26 19:00:00,0.0,44.38,4.0,1.5,6.6757757142186165,1.5
2025-01-26 20:00:00,0.0,39.06,0.0,0.0,6.6757757142186165,0.0
2025-01-26 21:00:00,0.0,33.78,0.0,0.0,6.6757757142186165,0.0
2025-01-26 22:00:00,0.0,32.35,0.0,0.0,6.6757757142186165,0.0
2025-01-26 23:00:00,0.0,26.32,0.0,0.0,6.6757757142186165,0.0
2025-01-27 00:00:00,0.0,12.0,-0.2086162567138672,-0.2086162567138672,6.754006810486317,-0.2086162567138672
2025-01-27 01:00:00,0.0,3.52,-4.0,-4.0,8.254006810486317,-4.0
2025-01-27 02:00:00,0.0,3.52,-4.0,-4.0,9.754006810486317,-4.0
2025-01-27 03:00:00,0.0,3.52,-3.5,-3.5,11.066506810486317,-3.5
2025-01-27 04:00:00,0.0,0.65,-4.0,-4.0,12.566506810486317,-4.0
2025-01-27 05:00:00,0.0,3.52,-2.1875,-2.1875,13.386819310486317,-2.1875
2025-01-27 06:00:00,0.0,6.99,-0.3337860107421875,-0.3337860107421875,13.511989064514637,-0.3337860107421875
2025-01-27 07:00:00,0.0,30.98,0.0,0.0,13.511989064514637,0.0
2025-01-27 08:00:00,0.28490648,35.55,0.0,0.0,13.511989064514637,0.28490648
2025-01-27 09:00:00,1.235273,39.83,0.0,0.0,13.511989064514637,1.235273
2025-01-27 10:00:00,1.7956368799999998,35.72,0.0,0.0,13.511989064514637,1.7956368799999998
2025-01-27 11:00:00,2.3473948800000004,26.23,0.0,0.0,13.511989064514637,2.3473948800000004
2025-01-27 12:00:00,1.68779908,14.53,-0.08149072527885437,-0.08149072527885437,13.542548086494207,1.6063083547211456
2025-01-27 13:00:00,0.60837948,4.31,-0.8544921875,-0.8544921875,13.862982656806707,-0.24611270750000003
2025-01-27 14:00:00,0.4646288,3.6,-1.3671875,-1.3671875,14.375677969306707,-0.9025586999999999
2025-01-27 15:00:00,0.38495556,5.0,-0.5340576171875,-0.5340576171875,14.57594957575202,-0.14910205718750003
2025-01-27 16:00:00,0.16106836,14.0,-0.130385160446167,-0.130385160446167,14.624844010919333,0.030683199553833
2025-01-27 17:00:00,0.0225125599999999,32.0,0.0,0.0,14.624844010919333,0.0225125599999999
2025-01-27 18:00:00,0.0,40.78,0.0,0.0,14.624844010919333,0.0
2025-01-27 19:00:00,0.0,53.37,4.0,1.5,10.624844010919333,1.5
2025-01-27 20:00:00,0.0,40.9,4.0,1.5,6.6248440109193325,1.5
2025-01-27 21:00:00,0.0,37.68,0.0,0.0,6.6248440109193325,0.0
2025-01-27 22:00:00,0.0,32.0,0.0,0.0,6.6248440109193325,0.0
2025-01-27 23:00:00,0.0,26.23,0.0,0.0,6.6248440109193325,0.0
2025-01-28 00:00:00,0.0,3.52,-0.130385160446167,-0.130385160446167,6.673738446086645,-0.130385160446167
2025-01-28 01:00:00,0.0,2.0,-0.3337860107421875,-0.3337860107421875,6.798908200114965,-0.3337860107421875
2025-01-28 02:00:00,0.0,0.65,-4.0,-4.0,8.298908200114965,-4.0
2025-01-28 03:00:00,0.0,0.66,-0.5340576171875,-0.5340576171875,8.499179806560278,-0.5340576171875
2025-01-28 04:00:00,0.0,0.65,-4.0,-4.0,9.999179806560278,-4.0
2025-01-28 05:00:00,0.0,0.65,-4.0,-4.0,11.499179806560278,-4.0
2025-01-28 06:00:00,0.0,3.52,-0.08149072527885437,-0.08149072527885437,11.529738828539848,-0.08149072527885437
2025-01-28 07:00:00,0.0,14.0,0.0,0.0,11.529738828539848,0.0
2025-01-28 08:00:00,0.4851053999999999,28.68,0.0,0.0,11.529738828539848,0.4851053999999999
2025-01-28 09:00:00,1.50373116,23.54,0.0,0.0,11.529738828539848,1.50373116
2025-01-28 10:00:00,2.24072672,3.52,0.0,0.0,11.529738828539848,2.24072672
2025-01-28 11:00:00,2.69940572,2.0,-0.2086162567138672,-0.2086162567138672,11.607969924807549,2.490789463286133
2025-01-28 12:00:00,2.95025468,0.65,-3.5,-3.5,12.920469924807549,-0.54974532
2025-01-28 13:00:00,2.89838656,0.65,-2.1875,-2.1875,13.740782424807549,0.7108865600000001
2025-01-28 14:00:00,2.59390772,0.65,-1.3671875,-1.3671875,14.253477737307549,1.2267202199999998
2025-01-28 15:00:00,2.05755736,0.65,-0.8544921875,-0.8544921875,14.573912307620049,1.2030651725000001
2025-01-28 16:00:00,0.96589968,3.52,0.0,0.0,14.573912307620049,0.96589968
2025-01-28 17:00:00,0.1628608799999999,14.0,0.0,0.0,14.573912307620049,0.1628608799999999
2025-01-28 18:00:00,0.0,51.32,0.0,0.0,14.573912307620049,0.0
2025-01-28 19:00:00,0.0,69.5,4.0,1.5,10.573912307620049,1.5
2025-01-28 20:00:00,0.0,60.0,4.0,1.5,6.5739123076200485,1.5
2025-01-28 21:00:00,0.0,48.03,0.0,0.0,6.5739123076200485,0.0
2025-01-28 22:00:00,0.0,34.22,0.0,0.0,6.5739123076200485,0.0
2025-01-28 23:00:00,0.0,26.28,0.0,0.0,6.5739123076200485,0.0
2025-01-29 00:00:00,0.0,17.47,-0.3337860107421875,-0.3337860107421875,6.699082061648369,-0.3337860107421875
2025-01-29 01:00:00,0.0,7.4,-2.1875,-2.1875,7.519394561648369,-2.1875
2025-01-29 02:00:00,0.0,3.52,-4.0,-4.0,9.019394561648369,-4.0
2025-01-29 03:00:00,0.0,3.52,-4.0,-4.0,10.519394561648369,-4.0
2025-01-29 04:00:00,0.0,3.52,-4.0,-4.0,12.019394561648369,-4.0
2025-01-29 05:00:00,0.0,3.52,-3.5,-3.5,13.331894561648369,-3.5
2025-01-29 06:00:00,0.0,38.16,-0.08149072527885437,-0.08149072527885437,13.36245358362794,-0.08149072527885437
2025-01-29 07:00:00,0.0,67.11,0.0,0.0,13.36245358362794,0.0
2025-01-29 08:00:00,0.17787904,77.51,0.0,0.0,13.36245358362794,0.17787904
2025-01-29 09:00:00,0.6208044400000001,69.2,0.0,0.0,13.36245358362794,0.6208044400000001
2025-01-29 10:00:00,1.25733756,45.0,0.0,0.0,13.36245358362794,1.25733756
2025-01-29 11:00:00,1.71734336,46.02,0.0,0.0,13.36245358362794,1.71734336
2025-01-29 12:00:00,2.09576288,29.9,-0.2086162567138672,-0.2086162567138672,13.44068467989564,1.887146623286133
2025-01-29 13:00:00,2.13158684,10.21,-0.8544921875,-0.8544921875,13.76111925020814,1.2770946525000002
2025-01-29 14:00:00,1.86843068,9.23,-1.3671875,-1.3671875,14.27381456270814,0.5012431799999999
2025-01-29 15:00:00,1.45437396,12.18,-0.5340576171875,-0.5340576171875,14.474086169153452,0.9203163428125001
2025-01-29 16:00:00,0.93110256,36.66,-0.130385160446167,-0.130385160446167,14.522980604320765,0.800717399553833
2025-01-29 17:00:00,0.14064016,50.1,0.0,0.0,14.522980604320765,0.14064016
2025-01-29 18:00:00,0.0,83.06,0.0,0.0,14.522980604320765,0.0
2025-01-29 19:00:00,0.0,119.41,4.0,1.5,10.522980604320765,1.5
2025-01-29 20:00:00,0.0,133.85,4.0,1.5,6.5229806043207645,1.5
2025-01-29 21:00:00,0.0,118.57,0.0,0.0,6.5229806043207645,0.0
2025-01-29 22:00:00,0.0,94.67,0.0,0.0,6.5229806043207645,0.0
2025-01-29 23:00:00,0.0,51.08,0.0,0.0,6.5229806043207645,0.0
2025-01-30 00:00:00,0.0,60.08,0.0,0.0,6.5229806043207645,0.0
2025-01-30 01:00:00,0.0,45.7,0.0,0.0,6.5229806043207645,0.0
2025-01-30 02:00:00,0.0,38.34,-0.08149072527885437,-0.08149072527885437,6.553539626300335,-0.08149072527885437
2025-01-30 03:00:00,0.0,14.0,-0.2086162567138672,-0.2086162567138672,6.631770722568035,-0.2086162567138672
2025-01-30 04:00:00,0.0,7.44,-0.3337860107421875,-0.3337860107421875,6.756940476596355,-0.3337860107421875
2025-01-30 05:00:00,0.0,7.4,-0.5340576171875,-0.5340576171875,6.957212083041668,-0.5340576171875
2025-01-30 06:00:00,0.0,38.34,0.0,0.0,6.957212083041668,0.0
2025-01-30 07:00:00,0.0,60.3,0.0,0.0,6.957212083041668,0.0
2025-01-30 08:00:00,0.06249436,90.35,0.0,0.0,6.957212083041668,0.06249436
2025-01-30 09:00:00,0.17538512,50.24,0.0,0.0,6.957212083041668,0.17538512
2025-01-30 10:00:00,0.30527328,5.0,-0.8544921875,-0.8544921875,7.277646653354168,-0.5492189075
2025-01-30 11:00:00,0.55840772,2.4,-2.1875,-2.1875,8.097959153354168,-1.62909228
2025-01-30 12:00:00,0.8494641199999999,0.1,-4.0,-4.0,9.597959153354168,-3.15053588
2025-01-30 13:00:00,1.26300092,0.01,-4.0,-4.0,11.097959153354168,-2.73699908
2025-01-30 14:00:00,1.60526152,0.0,-4.0,-4.0,12.597959153354168,-2.39473848
2025-01-30 15:00:00,1.46474256,0.13,-3.5,-3.5,13.910459153354168,-2.03525744
2025-01-30 16:00:00,0.95114248,3.52,-1.3671875,-1.3671875,14.423154465854168,-0.41604502
2025-01-30 17:00:00,0.15573208,25.17,-0.130385160446167,-0.130385160446167,14.47204890102148,0.025346919553833003
2025-01-30 18:00:00,0.0,80.3,0.0,0.0,14.47204890102148,0.0
2025-01-30 19:00:00,0.0,91.66,0.0,0.0,14.47204890102148,0.0
2025-01-30 20:00:00,0.0,114.0,4.0,1.5,10.47204890102148,1.5
2025-01-30 21:00:00,0.0,108.04,4.0,1.5,6.472048901021481,1.5
2025-01-30 22:00:00,0.0,96.02,0.0,0.0,6.472048901021481,0.0
2025-01-30 23:00:00,0.0,79.0,0.0,0.0,6.472048901021481,0.0
2025-01-31 00:00:00,0.0,61.0,-1.3671875,-1.3671875,6.984744213521481,-1.3671875
2025-01-31 01:00:00,0.0,70.47,-0.130385160446167,-0.130385160446167,7.033638648688793,-0.130385160446167
2025-01-31 02:00:00,0.0,70.21,-0.5340576171875,-0.5340576171875,7.233910255134106,-0.5340576171875
2025-01-31 03:00:00,0.0,70.34,-0.2086162567138672,-0.2086162567138672,7.312141351401806,-0.2086162567138672
2025-01-31 04:00:00,0.0,70.47,-0.08149072527885437,-0.08149072527885437,7.342700373381376,-0.08149072527885437
2025-01-31 05:00:00,0.0,84.0,0.0,0.0,7.342700373381376,0.0
2025-01-31 06:00:00,0.0,92.85,0.0,0.0,7.342700373381376,0.0
2025-01-31 07:00:00,0.0,118.86,0.0,0.0,7.342700373381376,0.0
2025-01-31 08:00:00,0.14376972,150.0,0.0,0.0,7.342700373381376,0.14376972
2025-01-31 09:00:00,1.0619204,100.0,0.0,0.0,7.342700373381376,1.0619204
2025-01-31 10:00:00,1.7724062,70.21,-0.3337860107421875,-0.3337860107421875,7.467870127409697,1.4386201892578125
2025-01-31 11:00:00,2.2577682,45.3,-2.1875,-2.1875,8.288182627409697,0.07026820000000011
2025-01-31 12:00:00,2.65534104,44.12,-4.0,-4.0,9.788182627409697,-1.3446589599999998
2025-01-31 13:00:00,2.5981127200000005,44.97,-4.0,-4.0,11.288182627409697,-1.4018872799999995
2025-01-31 14:00:00,2.3139598,39.0,-4.0,-4.0,12.788182627409697,-1.6860401999999999
2025-01-31 15:00:00,1.7372029999999998,45.19,-3.5,-3.5,14.100682627409697,-1.7627970000000002
2025-01-31 16:00:00,1.027821,65.0,-0.8544921875,-0.8544921875,14.421117197722197,0.1733288125000001
2025-01-31 17:00:00,0.21050004,114.89,0.0,0.0,14.421117197722197,0.21050004
2025-01-31 18:00:00,0.0,184.48,4.0,1.5,10.421117197722197,1.5
2025-01-31 19:00:00,0.0,178.99,4.0,1.5,6.421117197722197,1.5
2025-01-31 20:00:00,0.0,162.66,0.0,0.0,6.421117197722197,0.0
2025-01-31 21:00:00,0.0,152.7,0.0,0.0,6.421117197722197,0.0
2025-01-31 22:00:00,0.0,145.02,0.0,0.0,6.421117197722197,0.0
2025-01-31 23:00:00,0.0,131.29,0.0,0.0,6.421117197722197,0.0
2025-02-01 00:00:00,0.0,137.18,0.0,0.0,6.421117197722197,0.0
2025-02-01 01:00:00,0.0,129.61,0.0,0.0,6.421117197722197,0.0
2025-02-01 02:00:00,0.0,124.38,0.0,0.0,6.421117197722197,0.0
2025-02-01 03:00:00,0.0,116.96,0.0,0.0,6.421117197722197,0.0
2025-02-01 04:00:00,0.0,104.73,-0.3337860107421875,-0.3337860107421875,6.546286951750517,-0.3337860107421875
2025-02-01 05:00:00,0.0,108.17,-0.08149072527885437,-0.08149072527885437,6.576845973730087,-0.08149072527885437
2025-02-01 06:00:00,0.0,107.49,-0.130385160446167,-0.130385160446167,6.6257404088974,-0.130385160446167
2025-02-01 07:00:00,0.0,100.85,-0.5340576171875,-0.5340576171875,6.826012015342712,-0.5340576171875
2025-02-01 08:00:00,0.03305848,115.28,0.0,0.0,6.826012015342712,0.03305848
2025-02-01 09:00:00,0.0879954,109.93,0.0,0.0,6.826012015342712,0.0879954
2025-02-01 10:00:00,0.1084720399999999,65.27,-0.8544921875,-0.8544921875,7.146446585655212,-0.7460201475000001
2025-02-01 11:00:00,0.10454568,20.1,-2.1875,-2.1875,7.966759085655212,-2.08295432
2025-02-01 12:00:00,0.08314764,5.3,-3.5,-3.5,9.279259085655212,-3.41685236
2025-02-01 13:00:00,0.07725944,5.2,-4.0,-4.0,10.779259085655212,-3.92274056
2025-02-01 14:00:00,0.0686282,5.06,-4.0,-4.0,12.279259085655212,-3.9313718
2025-02-01 15:00:00,0.04824084,5.2,-4.0,-4.0,13.779259085655212,-3.95175916
2025-02-01 16:00:00,0.02487228,41.88,-1.3671875,-1.3671875,14.291954398155212,-1.34231522
2025-02-01 17:00:00,0.00601,105.0,-0.2086162567138672,-0.2086162567138672,14.370185494422913,-0.2026062567138672
2025-02-01 18:00:00,0.0,140.34,0.0,0.0,14.370185494422913,0.0
2025-02-01 19:00:00,0.0,162.98,4.0,1.5,10.370185494422913,1.5
2025-02-01 20:00:00,0.0,156.6,4.0,1.5,6.370185494422913,1.5
2025-02-01 21:00:00,0.0,145.24,0.0,0.0,6.370185494422913,0.0
2025-02-01 22:00:00,0.0,141.73,0.0,0.0,6.370185494422913,0.0
2025-02-01 23:00:00,0.0,131.74,0.0,0.0,6.370185494422913,0.0
2025-02-02 00:00:00,0.0,133.26,0.0,0.0,6.370185494422913,0.0
2025-02-02 01:00:00,0.0,126.91,0.0,0.0,6.370185494422913,0.0
2025-02-02 02:00:00,0.0,116.91,-0.2086162567138672,-0.2086162567138672,6.448416590690613,-0.2086162567138672
2025-02-02 03:00:00,0.0,113.64,-0.3337860107421875,-0.3337860107421875,6.573586344718933,-0.3337860107421875
2025-02-02 04:00:00,0.0,108.0,-0.8544921875,-0.8544921875,6.894020915031433,-0.8544921875
2025-02-02 05:00:00,0.0,116.91,-0.130385160446167,-0.130385160446167,6.942915350198746,-0.130385160446167
2025-02-02 06:00:00,0.0,113.5,-0.5340576171875,-0.5340576171875,7.143186956644058,-0.5340576171875
2025-02-02 07:00:00,0.0,120.42,-0.08149072527885437,-0.08149072527885437,7.173745978623629,-0.08149072527885437
2025-02-02 08:00:00,0.03635248,133.56,0.0,0.0,7.173745978623629,0.03635248
2025-02-02 09:00:00,0.14150476,133.38,0.0,0.0,7.173745978623629,0.14150476
2025-02-02 10:00:00,0.24687144,121.75,0.0,0.0,7.173745978623629,0.24687144
2025-02-02 11:00:00,0.32615432,100.08,-2.1875,-2.1875,7.994058478623629,-1.86134568
2025-02-02 12:00:00,0.41801568,92.88,-4.0,-4.0,9.494058478623629,-3.58198432
2025-02-02 13:00:00,0.49089204,95.0,-4.0,-4.0,10.994058478623629,-3.50910796
2025-02-02 14:00:00,0.39159544,95.0,-4.0,-4.0,12.494058478623629,-3.60840456
2025-02-02 15:00:00,0.22142424,99.45,-3.5,-3.5,13.806558478623629,-3.27857576
2025-02-02 16:00:00,0.09725216,101.26,-1.3671875,-1.3671875,14.319253791123629,-1.26993534
2025-02-02 17:00:00,0.02500152,130.78,0.0,0.0,14.319253791123629,0.02500152
2025-02-02 18:00:00,0.0,164.14,0.0,0.0,14.319253791123629,0.0
2025-02-02 19:00:00,0.0,173.95,4.0,1.5,10.319253791123629,1.5
2025-02-02 20:00:00,0.0,165.5,4.0,1.5,6.319253791123629,1.5
2025-02-02 21:00:00,0.0,155.77,0.0,0.0,6.319253791123629,0.0
2025-02-02 22:00:00,0.0,148.44,0.0,0.0,6.319253791123629,0.0
2025-02-02 23:00:00,0.0,133.24,0.0,0.0,6.319253791123629,0.0
2025-02-03 00:00:00,0.0,116.41,0.0,0.0,6.319253791123629,0.0
2025-02-03 01:00:00,0.0,102.53,-0.8544921875,-0.8544921875,6.639688361436129,-0.8544921875
2025-02-03 02:00:00,0.0,102.19,-4.0,-4.0,8.139688361436129,-4.0
2025-02-03 03:00:00,0.0,102.53,-0.5340576171875,-0.5340576171875,8.339959967881441,-0.5340576171875
2025-02-03 04:00:00,0.0,102.45,-4.0,-4.0,9.839959967881441,-4.0
2025-02-03 05:00:00,0.0,106.87,-0.2086162567138672,-0.2086162567138672,9.918191064149141,-0.2086162567138672
2025-02-03 06:00:00,0.0,102.19,-4.0,-4.0,11.418191064149141,-4.0
2025-02-03 07:00:00,0.0,133.58,0.0,0.0,11.418191064149141,0.0
2025-02-03 08:00:00,0.21643464,162.4,0.0,0.0,11.418191064149141,0.21643464
2025-02-03 09:00:00,1.8450568,145.1,0.0,0.0,11.418191064149141,1.8450568
2025-02-03 10:00:00,2.5646036,111.0,-0.130385160446167,-0.130385160446167,11.467085499316454,2.434218439553833
2025-02-03 11:00:00,3.0112591600000003,102.6,-0.3337860107421875,-0.3337860107421875,11.592255253344774,2.6774731492578128
2025-02-03 12:00:00,3.20631368,102.49,-1.3671875,-1.3671875,12.104950565844774,1.83912618
2025-02-03 13:00:00,3.1522014,102.45,-3.5,-3.5,13.417450565844774,-0.34779859999999996
2025-02-03 14:00:00,2.85925484,102.45,-2.1875,-2.1875,14.237763065844774,0.6717548400000002
2025-02-03 15:00:00,2.31353144,112.0,-0.08149072527885437,-0.08149072527885437,14.268322087824345,2.232040714721146
2025-02-03 16:00:00,1.54263468,123.52,0.0,0.0,14.268322087824345,1.54263468
2025-02-03 17:00:00,0.4610231199999999,145.05,0.0,0.0,14.268322087824345,0.4610231199999999
2025-02-03 18:00:00,0.0,200.73,0.0,0.0,14.268322087824345,0.0
2025-02-03 19:00:00,0.0,201.1,4.0,1.5,10.268322087824345,1.5
2025-02-03 20:00:00,0.0,227.51,4.0,1.5,6.268322087824345,1.5
2025-02-03 21:00:00,0.0,186.0,0.0,0.0,6.268322087824345,0.0
2025-02-03 22:00:00,0.0,150.92,0.0,0.0,6.268322087824345,0.0
2025-02-03 23:00:00,0.0,135.81,0.0,0.0,6.268322087824345,0.0
2025-02-04 00:00:00,0.0,132.4,-0.08149072527885437,-0.08149072527885437,6.298881109803915,-0.08149072527885437
2025-02-04 01:00:00,0.0,125.54,-0.2086162567138672,-0.2086162567138672,6.377112206071615,-0.2086162567138672
2025-02-04 02:00:00,0.0,123.18,-0.8544921875,-0.8544921875,6.697546776384115,-0.8544921875
2025-02-04 03:00:00,0.0,123.99,-0.3337860107421875,-0.3337860107421875,6.8227165304124355,-0.3337860107421875
2025-02-04 04:00:00,0.0,123.25,-0.5340576171875,-0.5340576171875,7.022988136857748,-0.5340576171875
2025-02-04 05:00:00,0.0,127.63,-0.130385160446167,-0.130385160446167,7.071882572025061,-0.130385160446167
2025-02-04 06:00:00,0.0,146.18,0.0,0.0,7.071882572025061,0.0
2025-02-04 07:00:00,0.0,187.5,0.0,0.0,7.071882572025061,0.0
2025-02-04 08:00:00,0.7703177999999999,211.99,0.0,0.0,7.071882572025061,0.7703177999999999
2025-02-04 09:00:00,1.81534544,162.11,0.0,0.0,7.071882572025061,1.81534544
2025-02-04 10:00:00,2.49086692,133.32,0.0,0.0,7.071882572025061,2.49086692
2025-02-04 11:00:00,2.92489784,113.99,-1.3671875,-1.3671875,7.584577884525061,1.5577103399999999
2025-02-04 12:00:00,3.11415512,103.77,-3.5,-3.5,8.89707788452506,-0.38584488000000006
2025-02-04 13:00:00,3.05012252,102.5,-4.0,-4.0,10.39707788452506,-0.94987748
2025-02-04 14:00:00,2.7619148,100.39,-4.0,-4.0,11.89707788452506,-1.2380852
2025-02-04 15:00:00,2.246825,100.52,-4.0,-4.0,13.39707788452506,-1.7531750000000001
2025-02-04 16:00:00,1.48687568,106.5,-2.1875,-2.1875,14.21739038452506,-0.70062432
2025-02-04 17:00:00,0.21289372,134.32,0.0,0.0,14.21739038452506,0.21289372
2025-02-04 18:00:00,0.0,175.0,0.0,0.0,14.21739038452506,0.0
2025-02-04 19:00:00,0.0,216.38,4.0,1.5,10.21739038452506,1.5
2025-02-04 20:00:00,0.0,240.0,4.0,1.5,6.217390384525061,1.5
2025-02-04 21:00:00,0.0,164.07,0.0,0.0,6.217390384525061,0.0
2025-02-04 22:00:00,0.0,146.18,0.0,0.0,6.217390384525061,0.0
2025-02-04 23:00:00,0.0,140.56,0.0,0.0,6.217390384525061,0.0
2025-02-05 00:00:00,0.0,128.44,0.0,0.0,6.217390384525061,0.0
2025-02-05 01:00:00,0.0,119.39,-0.130385160446167,-0.130385160446167,6.266284819692373,-0.130385160446167
2025-02-05 02:00:00,0.0,116.59,-0.3337860107421875,-0.3337860107421875,6.391454573720694,-0.3337860107421875
2025-02-05 03:00:00,0.0,115.64,-0.5340576171875,-0.5340576171875,6.591726180166006,-0.5340576171875
2025-02-05 04:00:00,0.0,117.33,-0.2086162567138672,-0.2086162567138672,6.669957276433706,-0.2086162567138672
2025-02-05 05:00:00,0.0,123.05,-0.08149072527885437,-0.08149072527885437,6.700516298413277,-0.08149072527885437
2025-02-05 06:00:00,0.0,140.34,0.0,0.0,6.700516298413277,0.0
2025-02-05 07:00:00,0.0,168.48,0.0,0.0,6.700516298413277,0.0
2025-02-05 08:00:00,0.74413452,180.81,0.0,0.0,6.700516298413277,0.74413452
2025-02-05 09:00:00,1.76662544,146.13,0.0,0.0,6.700516298413277,1.76662544
2025-02-05 10:00:00,2.43038116,100.21,-0.8544921875,-0.8544921875,7.020950868725777,1.5758889725
2025-02-05 11:00:00,2.83732612,48.0,-2.1875,-2.1875,7.841263368725777,0.6498261200000002
2025-02-05 12:00:00,2.9964855200000007,30.3,-4.0,-4.0,9.341263368725777,-1.0035144799999993
2025-02-05 13:00:00,2.93500248,35.2,-4.0,-4.0,10.841263368725777,-1.06499752
2025-02-05 14:00:00,2.66606192,30.0,-4.0,-4.0,12.341263368725777,-1.3339380799999998
2025-02-05 15:00:00,2.19549164,40.0,-3.5,-3.5,13.653763368725777,-1.3045083599999998
2025-02-05 16:00:00,1.47314616,69.99,-1.3671875,-1.3671875,14.166458681225777,0.10595865999999998
2025-02-05 17:00:00,0.482361,124.71,0.0,0.0,14.166458681225777,0.482361
2025-02-05 18:00:00,0.0,189.9,4.0,1.5,10.166458681225777,1.5
2025-02-05 19:00:00,0.0,189.63,4.0,1.5,6.166458681225777,1.5
2025-02-05 20:00:00,0.0,170.0,0.0,0.0,6.166458681225777,0.0
2025-02-05 21:00:00,0.0,155.42,0.0,0.0,6.166458681225777,0.0
2025-02-05 22:00:00,0.0,143.7,0.0,0.0,6.166458681225777,0.0
2025-02-05 23:00:00,0.0,136.95,0.0,0.0,6.166458681225777,0.0
2025-02-06 00:00:00,0.0,133.67,0.0,0.0,6.166458681225777,0.0
2025-02-06 01:00:00,0.0,131.51,-0.08149072527885437,-0.08149072527885437,6.197017703205347,-0.08149072527885437
2025-02-06 02:00:00,0.0,126.48,-0.2086162567138672,-0.2086162567138672,6.275248799473047,-0.2086162567138672
2025-02-06 03:00:00,0.0,125.01,-0.5340576171875,-0.5340576171875,6.47552040591836,-0.5340576171875
2025-02-06 04:00:00,0.0,125.01,-0.3337860107421875,-0.3337860107421875,6.60069015994668,-0.3337860107421875
2025-02-06 05:00:00,0.0,131.33,-0.130385160446167,-0.130385160446167,6.649584595113993,-0.130385160446167
2025-02-06 06:00:00,0.0,144.92,0.0,0.0,6.649584595113993,0.0
2025-02-06 07:00:00,0.0,180.09,0.0,0.0,6.649584595113993,0.0
2025-02-06 08:00:00,0.1810282,210.56,4.0,1.5,2.6495845951139927,1.6810282
2025-02-06 09:00:00,1.3183870800000002,157.59,0.0,0.0,2.6495845951139927,1.3183870800000002
2025-02-06 10:00:00,1.61281384,115.97,-0.8544921875,-0.8544921875,2.9700191654264927,0.7583216525
2025-02-06 11:00:00,2.7768287600000003,93.49,-2.1875,-2.1875,3.7903316654264927,0.5893287600000003
2025-02-06 12:00:00,2.9608450400000006,91.5,-3.5,-3.5,5.102831665426493,-0.5391549599999994
2025-02-06 13:00:00,2.95458956,89.99,-4.0,-4.0,6.602831665426493,-1.04541044
2025-02-06 14:00:00,2.10367748,85.3,-4.0,-4.0,8.102831665426493,-1.89632252
2025-02-06 15:00:00,1.61655544,87.0,-4.0,-4.0,9.602831665426493,-2.38344456
2025-02-06 16:00:00,0.8962254799999999,108.56,-1.3671875,-1.3671875,10.115526977926493,-0.4709620200000001
2025-02-06 17:00:00,0.09079424,141.02,0.0,0.0,10.115526977926493,0.09079424
2025-02-06 18:00:00,0.0,170.78,0.0,0.0,10.115526977926493,0.0
2025-02-06 19:00:00,0.0,191.81,0.0,0.0,10.115526977926493,0.0
2025-02-06 20:00:00,0.0,231.0,4.0,1.5,6.115526977926493,1.5
2025-02-06 21:00:00,0.0,163.0,0.0,0.0,6.115526977926493,0.0
2025-02-06 22:00:00,0.0,149.86,0.0,0.0,6.115526977926493,0.0
2025-02-06 23:00:00,0.0,141.02,0.0,0.0,6.115526977926493,0.0
2025-02-07 00:00:00,0.0,126.05,0.0,0.0,6.115526977926493,0.0
2025-02-07 01:00:00,0.0,112.7,0.0,0.0,6.115526977926493,0.0
2025-02-07 02:00:00,0.0,108.82,-0.08149072527885437,-0.08149072527885437,6.146085999906063,-0.08149072527885437
2025-02-07 03:00:00,0.0,105.0,-0.8544921875,-0.8544921875,6.466520570218563,-0.8544921875
2025-02-07 04:00:00,0.0,105.85,-0.5340576171875,-0.5340576171875,6.666792176663876,-0.5340576171875
2025-02-07 05:00:00,0.0,107.23,-0.2086162567138672,-0.2086162567138672,6.745023272931576,-0.2086162567138672
2025-02-07 06:00:00,0.0,118.01,0.0,0.0,6.745023272931576,0.0
2025-02-07 07:00:00,0.0,132.77,0.0,0.0,6.745023272931576,0.0
2025-02-07 08:00:00,0.72203788,151.34,4.0,1.5,2.7450232729315758,2.2220378800000002
2025-02-07 09:00:00,1.7987011600000002,143.28,0.0,0.0,2.7450232729315758,1.7987011600000002
2025-02-07 10:00:00,2.54027528,107.0,-0.3337860107421875,-0.3337860107421875,2.870193026959896,2.2064892692578124
2025-02-07 11:00:00,2.9739272800000003,99.0,-1.3671875,-1.3671875,3.382888339459896,1.6067397800000003
2025-02-07 12:00:00,3.1641776000000004,93.49,-2.1875,-2.1875,4.203200839459896,0.9766776000000004
2025-02-07 13:00:00,3.0882470400000006,90.34,-4.0,-4.0,5.703200839459896,-0.9117529599999994
2025-02-07 14:00:00,2.80522196,87.89,-4.0,-4.0,7.203200839459896,-1.19477804
2025-02-07 15:00:00,2.29957968,90.34,-4.0,-4.0,8.703200839459896,-1.70042032
2025-02-07 16:00:00,1.5327022,91.0,-3.5,-3.5,10.015700839459896,-1.9672978
2025-02-07 17:00:00,0.52515024,107.94,-0.130385160446167,-0.130385160446167,10.064595274627209,0.394765079553833
2025-02-07 18:00:00,0.0,141.26,0.0,0.0,10.064595274627209,0.0
2025-02-07 19:00:00,0.0,150.93,4.0,1.5,6.064595274627209,1.5
2025-02-07 20:00:00,0.0,145.36,0.0,0.0,6.064595274627209,0.0
2025-02-07 21:00:00,0.0,133.8,0.0,0.0,6.064595274627209,0.0
2025-02-07 22:00:00,0.0,133.06,0.0,0.0,6.064595274627209,0.0
2025-02-07 23:00:00,0.0,120.55,0.0,0.0,6.064595274627209,0.0
2025-02-08 00:00:00,0.0,106.74,0.0,0.0,6.064595274627209,0.0
2025-02-08 01:00:00,0.0,97.67,0.0,0.0,6.064595274627209,0.0
2025-02-08 02:00:00,0.0,89.5,-0.8544921875,-0.8544921875,6.385029844939709,-0.8544921875
2025-02-08 03:00:00,0.0,94.34,-0.130385160446167,-0.130385160446167,6.433924280107021,-0.130385160446167
2025-02-08 04:00:00,0.0,89.69,-0.5340576171875,-0.5340576171875,6.634195886552334,-0.5340576171875
2025-02-08 05:00:00,0.0,90.99,-0.3337860107421875,-0.3337860107421875,6.759365640580654,-0.3337860107421875
2025-02-08 06:00:00,0.0,97.15,-0.08149072527885437,-0.08149072527885437,6.7899246625602245,-0.08149072527885437
2025-02-08 07:00:00,0.0,115.0,0.0,0.0,6.7899246625602245,0.0
2025-02-08 08:00:00,0.7663966000000001,119.08,0.0,0.0,6.7899246625602245,0.7663966000000001
2025-02-08 09:00:00,1.78002892,108.0,0.0,0.0,6.7899246625602245,1.78002892
2025-02-08 10:00:00,2.46755872,82.0,-1.3671875,-1.3671875,7.3026199750602245,1.10037122
2025-02-08 11:00:00,2.88940308,93.49,-0.2086162567138672,-0.2086162567138672,7.380851071327925,2.680786823286133
2025-02-08 12:00:00,3.0736477200000003,64.0,-3.5,-3.5,8.693351071327925,-0.4263522799999997
2025-02-08 13:00:00,3.02937952,55.0,-4.0,-4.0,10.193351071327925,-0.97062048
2025-02-08 14:00:00,2.75906192,50.0,-4.0,-4.0,11.693351071327925,-1.2409380799999998
2025-02-08 15:00:00,2.27742984,45.04,-4.0,-4.0,13.193351071327925,-1.72257016
2025-02-08 16:00:00,1.54671164,68.71,-2.1875,-2.1875,14.013663571327925,-0.64078836
2025-02-08 17:00:00,0.55101628,119.0,0.0,0.0,14.013663571327925,0.55101628
2025-02-08 18:00:00,0.0,160.49,0.0,0.0,14.013663571327925,0.0
2025-02-08 19:00:00,0.0,166.9,4.0,1.5,10.013663571327925,1.5
2025-02-08 20:00:00,0.0,164.04,4.0,1.5,6.013663571327925,1.5
2025-02-08 21:00:00,0.0,151.09,0.0,0.0,6.013663571327925,0.0
2025-02-08 22:00:00,0.0,149.1,0.0,0.0,6.013663571327925,0.0
2025-02-08 23:00:00,0.0,145.31,0.0,0.0,6.013663571327925,0.0
2025-02-09 00:00:00,0.0,129.97,0.0,0.0,6.013663571327925,0.0
2025-02-09 01:00:00,0.0,110.82,0.0,0.0,6.013663571327925,0.0
2025-02-09 02:00:00,0.0,101.86,0.0,0.0,6.013663571327925,0.0
2025-02-09 03:00:00,0.0,97.0,-0.130385160446167,-0.130385160446167,6.062558006495237,-0.130385160446167
2025-02-09 04:00:00,0.0,90.0,-0.8544921875,-0.8544921875,6.382992576807737,-0.8544921875
2025-02-09 05:00:00,0.0,90.2,-0.5340576171875,-0.5340576171875,6.58326418325305,-0.5340576171875
2025-02-09 06:00:00,0.0,99.0,-0.08149072527885437,-0.08149072527885437,6.61382320523262,-0.08149072527885437
2025-02-09 07:00:00,0.0,110.21,0.0,0.0,6.61382320523262,0.0
2025-02-09 08:00:00,0.15404888,110.47,0.0,0.0,6.61382320523262,0.15404888
2025-02-09 09:00:00,0.12837016,94.47,-0.2086162567138672,-0.2086162567138672,6.69205430150032,-0.08024609671386718
2025-02-09 10:00:00,0.4959445999999999,74.85,-1.3671875,-1.3671875,7.20474961400032,-0.8712429000000002
2025-02-09 11:00:00,1.14359508,66.7,-4.0,-4.0,8.70474961400032,-2.85640492
2025-02-09 12:00:00,3.0130712,64.0,-4.0,-4.0,10.20474961400032,-0.9869287999999998
2025-02-09 13:00:00,3.02967152,70.0,-4.0,-4.0,11.70474961400032,-0.97032848
2025-02-09 14:00:00,2.79901752,70.0,-3.5,-3.5,13.01724961400032,-0.70098248
2025-02-09 15:00:00,2.30282396,70.0,-2.1875,-2.1875,13.83756211400032,0.11532396
2025-02-09 16:00:00,0.36127964,94.31,-0.3337860107421875,-0.3337860107421875,13.96273186802864,0.027493629257812513
2025-02-09 17:00:00,0.0099187199999999,111.14,0.0,0.0,13.96273186802864,0.0099187199999999
2025-02-09 18:00:00,0.0,162.96,0.0,0.0,13.96273186802864,0.0
2025-02-09 19:00:00,0.0,169.86,0.0,0.0,13.96273186802864,0.0
2025-02-09 20:00:00,0.0,187.99,4.0,1.5,9.96273186802864,1.5
2025-02-09 21:00:00,0.0,170.14,4.0,1.5,5.962731868028641,1.5
2025-02-09 22:00:00,0.0,150.3,0.0,0.0,5.962731868028641,0.0
2025-02-09 23:00:00,0.0,134.04,0.0,0.0,5.962731868028641,0.0
2025-02-10 00:00:00,0.0,124.35,-0.130385160446167,-0.130385160446167,6.011626303195953,-0.130385160446167
2025-02-10 01:00:00,0.0,125.05,-0.08149072527885437,-0.08149072527885437,6.042185325175524,-0.08149072527885437
2025-02-10 02:00:00,0.0,122.01,-0.2086162567138672,-0.2086162567138672,6.120416421443224,-0.2086162567138672
2025-02-10 03:00:00,0.0,114.75,-4.0,-4.0,7.620416421443224,-4.0
2025-02-10 04:00:00,0.0,114.48,-4.0,-4.0,9.120416421443224,-4.0
2025-02-10 05:00:00,0.0,119.98,-0.3337860107421875,-0.3337860107421875,9.245586175471544,-0.3337860107421875
2025-02-10 06:00:00,0.0,145.78,0.0,0.0,9.245586175471544,0.0
2025-02-10 07:00:00,0.0,160.89,0.0,0.0,9.245586175471544,0.0
2025-02-10 08:00:00,0.80436204,181.36,0.0,0.0,9.245586175471544,0.80436204
2025-02-10 09:00:00,1.79271764,163.18,0.0,0.0,9.245586175471544,1.79271764
2025-02-10 10:00:00,1.6207202799999998,146.02,0.0,0.0,9.245586175471544,1.6207202799999998
2025-02-10 11:00:00,2.6295936800000006,117.44,-0.5340576171875,-0.5340576171875,9.445857781916857,2.0955360628125006
2025-02-10 12:00:00,1.52961296,115.61,-3.5,-3.5,10.758357781916857,-1.97038704
2025-02-10 13:00:00,3.04106208,116.52,-2.1875,-2.1875,11.578670281916857,0.8535620800000001
2025-02-10 14:00:00,0.28200688,112.5,-4.0,-4.0,13.078670281916857,-3.71799312
2025-02-10 15:00:00,0.47974368,116.8,-0.8544921875,-0.8544921875,13.399104852229357,-0.3747485075
2025-02-10 16:00:00,0.2308438,116.79,-1.3671875,-1.3671875,13.911800164729357,-1.1363437
2025-02-10 17:00:00,0.0370064,140.83,0.0,0.0,13.911800164729357,0.0370064
2025-02-10 18:00:00,0.0,166.34,0.0,0.0,13.911800164729357,0.0
2025-02-10 19:00:00,0.0,183.73,4.0,1.5,9.911800164729357,1.5
2025-02-10 20:00:00,0.0,200.0,4.0,1.5,5.911800164729357,1.5
2025-02-10 21:00:00,0.0,160.89,0.0,0.0,5.911800164729357,0.0
2025-02-10 22:00:00,0.0,151.69,0.0,0.0,5.911800164729357,0.0
2025-02-10 23:00:00,0.0,131.51,0.0,0.0,5.911800164729357,0.0
2025-02-11 00:00:00,0.0,120.0,-0.3337860107421875,-0.3337860107421875,6.036969918757677,-0.3337860107421875
2025-02-11 01:00:00,0.0,120.0,-0.2086162567138672,-0.2086162567138672,6.115201015025377,-0.2086162567138672
2025-02-11 02:00:00,0.0,114.65,-0.5340576171875,-0.5340576171875,6.31547262147069,-0.5340576171875
2025-02-11 03:00:00,0.0,109.91,-3.5,-3.5,7.62797262147069,-3.5
2025-02-11 04:00:00,0.0,106.01,-4.0,-4.0,9.12797262147069,-4.0
2025-02-11 05:00:00,0.0,107.0,-4.0,-4.0,10.62797262147069,-4.0
2025-02-11 06:00:00,0.0,120.13,-0.130385160446167,-0.130385160446167,10.676867056638002,-0.130385160446167
2025-02-11 07:00:00,0.0,133.51,0.0,0.0,10.676867056638002,0.0
2025-02-11 08:00:00,0.8151817600000001,159.06,0.0,0.0,10.676867056638002,0.8151817600000001
2025-02-11 09:00:00,1.8151046,146.54,0.0,0.0,10.676867056638002,1.8151046
2025-02-11 10:00:00,2.49506148,120.62,-0.08149072527885437,-0.08149072527885437,10.707426078617573,2.4135707547211456
2025-02-11 11:00:00,2.93010192,120.62,0.0,0.0,10.707426078617573,2.93010192
2025-02-11 12:00:00,3.11801748,109.99,-2.1875,-2.1875,11.527738578617573,0.9305174799999998
2025-02-11 13:00:00,3.0842531600000003,107.5,-4.0,-4.0,13.027738578617573,-0.9157468399999997
2025-02-11 14:00:00,2.82046,110.0,-1.3671875,-1.3671875,13.540433891117573,1.4532725000000002
2025-02-11 15:00:00,2.31812808,111.7,-0.8544921875,-0.8544921875,13.860868461430073,1.4636358925000001
2025-02-11 16:00:00,1.6013059200000002,120.62,0.0,0.0,13.860868461430073,1.6013059200000002
2025-02-11 17:00:00,0.59418492,146.54,0.0,0.0,13.860868461430073,0.59418492
2025-02-11 18:00:00,0.0,174.57,0.0,0.0,13.860868461430073,0.0
2025-02-11 19:00:00,0.0,190.0,4.0,1.5,9.860868461430073,1.5
2025-02-11 20:00:00,0.0,194.5,4.0,1.5,5.860868461430073,1.5
2025-02-11 21:00:00,0.0,158.02,0.0,0.0,5.860868461430073,0.0
2025-02-11 22:00:00,0.0,146.38,0.0,0.0,5.860868461430073,0.0
2025-02-11 23:00:00,0.0,130.58,0.0,0.0,5.860868461430073,0.0
2025-02-12 00:00:00,0.0,121.06,0.0,0.0,5.860868461430073,0.0
2025-02-12 01:00:00,0.0,110.0,0.0,0.0,5.860868461430073,0.0
2025-02-12 02:00:00,0.0,105.0,-0.3337860107421875,-0.3337860107421875,5.986038215458393,-0.3337860107421875
2025-02-12 03:00:00,0.0,107.35,-0.2086162567138672,-0.2086162567138672,6.064269311726093,-0.2086162567138672
2025-02-12 04:00:00,0.0,104.5,-0.5340576171875,-0.5340576171875,6.264540918171406,-0.5340576171875
2025-02-12 05:00:00,0.0,108.56,-0.08149072527885437,-0.08149072527885437,6.295099940150976,-0.08149072527885437
2025-02-12 06:00:00,0.0,115.0,0.0,0.0,6.295099940150976,0.0
2025-02-12 07:00:00,0.0,157.55,0.0,0.0,6.295099940150976,0.0
2025-02-12 08:00:00,0.851577,180.0,4.0,1.5,2.295099940150976,2.351577
2025-02-12 09:00:00,1.854351,148.82,0.0,0.0,2.295099940150976,1.854351
2025-02-12 10:00:00,2.52319884,107.35,-0.130385160446167,-0.130385160446167,2.343994375318289,2.392813679553833
2025-02-12 11:00:00,2.96598588,82.5,-1.3671875,-1.3671875,2.856689687818289,1.5987983799999999
2025-02-12 12:00:00,3.1312468,70.0,-4.0,-4.0,4.356689687818289,-0.8687532
2025-02-12 13:00:00,3.07894948,78.0,-3.5,-3.5,5.669189687818289,-0.4210505200000001
2025-02-12 14:00:00,2.810207440000001,63.74,-4.0,-4.0,7.169189687818289,-1.189792559999999
2025-02-12 15:00:00,2.28711732,62.0,-4.0,-4.0,8.669189687818289,-1.7128826799999999
2025-02-12 16:00:00,1.5413658,81.5,-2.1875,-2.1875,9.489502187818289,-0.6461342000000001
2025-02-12 17:00:00,0.55671344,104.37,-0.8544921875,-0.8544921875,9.809936758130789,-0.2977787475
2025-02-12 18:00:00,0.0,148.34,0.0,0.0,9.809936758130789,0.0
2025-02-12 19:00:00,0.0,194.44,4.0,1.5,5.809936758130789,1.5
2025-02-12 20:00:00,0.0,177.52,0.0,0.0,5.809936758130789,0.0
2025-02-12 21:00:00,0.0,157.55,0.0,0.0,5.809936758130789,0.0
2025-02-12 22:00:00,0.0,152.08,0.0,0.0,5.809936758130789,0.0
2025-02-12 23:00:00,0.0,139.41,0.0,0.0,5.809936758130789,0.0
2025-02-13 00:00:00,0.0,129.0,0.0,0.0,5.809936758130789,0.0
2025-02-13 01:00:00,0.0,121.06,-0.130385160446167,-0.130385160446167,5.858831193298101,-0.130385160446167
2025-02-13 02:00:00,0.0,126.09,-0.08149072527885437,-0.08149072527885437,5.889390215277672,-0.08149072527885437
2025-02-13 03:00:00,0.0,118.59,-0.2086162567138672,-0.2086162567138672,5.967621311545372,-0.2086162567138672
2025-02-13 04:00:00,0.0,114.3,-0.3337860107421875,-0.3337860107421875,6.092791065573692,-0.3337860107421875
2025-02-13 05:00:00,0.0,105.67,-0.5340576171875,-0.5340576171875,6.293062672019005,-0.5340576171875
2025-02-13 06:00:00,0.0,131.34,0.0,0.0,6.293062672019005,0.0
2025-02-13 07:00:00,0.0,160.05,0.0,0.0,6.293062672019005,0.0
2025-02-13 08:00:00,0.8277817999999999,195.2,0.0,0.0,6.293062672019005,0.8277817999999999
2025-02-13 09:00:00,1.83936788,148.5,0.0,0.0,6.293062672019005,1.83936788
2025-02-13 10:00:00,2.5377962,100.0,-0.8544921875,-0.8544921875,6.613497242331505,1.6833040124999998
2025-02-13 11:00:00,2.9972936,92.24,-2.1875,-2.1875,7.433809742331505,0.8097935999999999
2025-02-13 12:00:00,3.19158148,90.86,-3.5,-3.5,8.746309742331505,-0.30841852000000003
2025-02-13 13:00:00,3.1449232400000007,83.5,-4.0,-4.0,10.246309742331505,-0.8550767599999993
2025-02-13 14:00:00,2.8592030800000003,80.0,-4.0,-4.0,11.746309742331505,-1.1407969199999997
2025-02-13 15:00:00,2.34641772,83.5,-4.0,-4.0,13.246309742331505,-1.6535822800000002
2025-02-13 16:00:00,1.5855662,92.5,-1.3671875,-1.3671875,13.759005054831505,0.21837869999999993
2025-02-13 17:00:00,0.59141716,127.5,0.0,0.0,13.759005054831505,0.59141716
2025-02-13 18:00:00,0.0,186.96,0.0,0.0,13.759005054831505,0.0
2025-02-13 19:00:00,0.0,196.52,4.0,1.5,9.759005054831505,1.5
2025-02-13 20:00:00,0.0,200.0,4.0,1.5,5.759005054831505,1.5
2025-02-13 21:00:00,0.0,168.0,0.0,0.0,5.759005054831505,0.0
2025-02-13 22:00:00,0.0,153.12,0.0,0.0,5.759005054831505,0.0
2025-02-13 23:00:00,0.0,139.0,0.0,0.0,5.759005054831505,0.0
2025-02-14 00:00:00,0.0,128.76,0.0,0.0,5.759005054831505,0.0
2025-02-14 01:00:00,0.0,127.0,0.0,0.0,5.759005054831505,0.0
2025-02-14 02:00:00,0.0,117.56,-0.08149072527885437,-0.08149072527885437,5.789564076811075,-0.08149072527885437
2025-02-14 03:00:00,0.0,111.58,-0.3337860107421875,-0.3337860107421875,5.9147338308393955,-0.3337860107421875
2025-02-14 04:00:00,0.0,107.0,-0.5340576171875,-0.5340576171875,6.115005437284708,-0.5340576171875
2025-02-14 05:00:00,0.0,117.47,-0.130385160446167,-0.130385160446167,6.163899872452021,-0.130385160446167
2025-02-14 06:00:00,0.0,131.21,0.0,0.0,6.163899872452021,0.0
2025-02-14 07:00:00,0.0,158.73,0.0,0.0,6.163899872452021,0.0
2025-02-14 08:00:00,0.8361067999999999,189.79,4.0,1.5,2.1638998724520206,2.3361068
2025-02-14 09:00:00,1.84603448,131.21,0.0,0.0,2.1638998724520206,1.84603448
2025-02-14 10:00:00,2.5776946400000003,92.9,-0.8544921875,-0.8544921875,2.4843344427645206,1.7232024525000003
2025-02-14 11:00:00,3.0215496,70.0,-1.3671875,-1.3671875,2.9970297552645206,1.6543621000000002
2025-02-14 12:00:00,3.2299909600000003,60.3,-4.0,-4.0,4.497029755264521,-0.7700090399999997
2025-02-14 13:00:00,3.1710344799999994,65.0,-3.5,-3.5,5.809529755264521,-0.32896552000000057
2025-02-14 14:00:00,2.8997646,55.0,-4.0,-4.0,7.309529755264521,-1.1002353999999999
2025-02-14 15:00:00,2.37516576,55.0,-4.0,-4.0,8.80952975526452,-1.6248342400000002
2025-02-14 16:00:00,1.6039182399999998,65.0,-2.1875,-2.1875,9.62984225526452,-0.5835817600000002
2025-02-14 17:00:00,0.57904204,114.0,-0.2086162567138672,-0.2086162567138672,9.70807335153222,0.37042578328613285
2025-02-14 18:00:00,0.0,169.84,0.0,0.0,9.70807335153222,0.0
2025-02-14 19:00:00,0.0,201.66,4.0,1.5,5.708073351532221,1.5
2025-02-14 20:00:00,0.0,183.55,0.0,0.0,5.708073351532221,0.0
2025-02-14 21:00:00,0.0,160.06,0.0,0.0,5.708073351532221,0.0
2025-02-14 22:00:00,0.0,153.0,0.0,0.0,5.708073351532221,0.0
2025-02-14 23:00:00,0.0,140.03,0.0,0.0,5.708073351532221,0.0
2025-02-15 00:00:00,0.0,122.58,0.0,0.0,5.708073351532221,0.0
2025-02-15 01:00:00,0.0,117.99,0.0,0.0,5.708073351532221,0.0
2025-02-15 02:00:00,0.0,105.67,0.0,0.0,5.708073351532221,0.0
2025-02-15 03:00:00,0.0,100.11,-0.2086162567138672,-0.2086162567138672,5.786304447799921,-0.2086162567138672
2025-02-15 04:00:00,0.0,100.11,-0.130385160446167,-0.130385160446167,5.835198882967234,-0.130385160446167
2025-02-15 05:00:00,0.0,100.11,-0.08149072527885437,-0.08149072527885437,5.865757904946804,-0.08149072527885437
2025-02-15 06:00:00,0.0,100.11,0.0,0.0,5.865757904946804,0.0
2025-02-15 07:00:00,0.0,106.64,0.0,0.0,5.865757904946804,0.0
2025-02-15 08:00:00,0.01912044,104.99,0.0,0.0,5.865757904946804,0.01912044
2025-02-15 09:00:00,1.04805904,90.61,-0.3337860107421875,-0.3337860107421875,5.990927658975124,0.7142730292578126
2025-02-15 10:00:00,1.68334364,71.0,-0.8544921875,-0.8544921875,6.311362229287624,0.8288514524999999
2025-02-15 11:00:00,1.96918844,55.44,-1.3671875,-1.3671875,6.824057541787624,0.6020009399999999
2025-02-15 12:00:00,2.37933668,40.08,-3.5,-3.5,8.136557541787624,-1.1206633199999998
2025-02-15 13:00:00,3.05428752,33.0,-4.0,-4.0,9.636557541787624,-0.9457124800000001
2025-02-15 14:00:00,2.19954048,25.46,-4.0,-4.0,11.136557541787624,-1.80045952
2025-02-15 15:00:00,1.64270804,33.0,-4.0,-4.0,12.636557541787624,-2.35729196
2025-02-15 16:00:00,0.97661168,50.24,-2.1875,-2.1875,13.456870041787624,-1.21088832
2025-02-15 17:00:00,0.1642119199999999,75.0,-0.5340576171875,-0.5340576171875,13.657141648232937,-0.3698456971875001
2025-02-15 18:00:00,0.0,110.0,0.0,0.0,13.657141648232937,0.0
2025-02-15 19:00:00,0.0,131.51,4.0,1.5,9.657141648232937,1.5
2025-02-15 20:00:00,0.0,131.51,4.0,1.5,5.657141648232937,1.5
2025-02-15 21:00:00,0.0,125.0,0.0,0.0,5.657141648232937,0.0
2025-02-15 22:00:00,0.0,123.06,0.0,0.0,5.657141648232937,0.0
2025-02-15 23:00:00,0.0,117.14,0.0,0.0,5.657141648232937,0.0
2025-02-16 00:00:00,0.0,99.0,0.0,0.0,5.657141648232937,0.0
2025-02-16 01:00:00,0.0,89.76,-0.130385160446167,-0.130385160446167,5.7060360834002495,-0.130385160446167
2025-02-16 02:00:00,0.0,91.78,0.0,0.0,5.7060360834002495,0.0
2025-02-16 03:00:00,0.0,93.29,0.0,0.0,5.7060360834002495,0.0
2025-02-16 04:00:00,0.0,89.5,-0.2086162567138672,-0.2086162567138672,5.78426717966795,-0.2086162567138672
2025-02-16 05:00:00,0.0,90.3,-0.08149072527885437,-0.08149072527885437,5.81482620164752,-0.08149072527885437
2025-02-16 06:00:00,0.0,98.05,0.0,0.0,5.81482620164752,0.0
2025-02-16 07:00:00,0.0,106.64,0.0,0.0,5.81482620164752,0.0
2025-02-16 08:00:00,0.07538132,105.59,0.0,0.0,5.81482620164752,0.07538132
2025-02-16 09:00:00,1.7415913200000004,74.5,-0.3337860107421875,-0.3337860107421875,5.93999595567584,1.4078053092578129
2025-02-16 10:00:00,1.8844744,61.4,-0.8544921875,-0.8544921875,6.26043052598834,1.0299822125
2025-02-16 11:00:00,2.94699656,50.24,-1.3671875,-1.3671875,6.77312583848834,1.57980906
2025-02-16 12:00:00,3.18252864,39.75,-3.5,-3.5,8.08562583848834,-0.31747135999999987
2025-02-16 13:00:00,3.12873968,33.9,-4.0,-4.0,9.58562583848834,-0.8712603200000002
2025-02-16 14:00:00,2.83247156,20.0,-4.0,-4.0,11.08562583848834,-1.16752844
2025-02-16 15:00:00,1.72583152,12.0,-4.0,-4.0,12.58562583848834,-2.27416848
2025-02-16 16:00:00,0.9594778,40.3,-2.1875,-2.1875,13.40593833848834,-1.2280221999999998
2025-02-16 17:00:00,0.5626504400000001,74.37,-0.5340576171875,-0.5340576171875,13.606209944933653,0.028592822812500085
2025-02-16 18:00:00,0.0,122.99,0.0,0.0,13.606209944933653,0.0
2025-02-16 19:00:00,0.0,161.56,4.0,1.5,9.606209944933653,1.5
2025-02-16 20:00:00,0.0,154.95,4.0,1.5,5.606209944933653,1.5
2025-02-16 21:00:00,0.0,138.77,0.0,0.0,5.606209944933653,0.0
2025-02-16 22:00:00,0.0,137.12,0.0,0.0,5.606209944933653,0.0
2025-02-16 23:00:00,0.0,131.51,0.0,0.0,5.606209944933653,0.0
2025-02-17 00:00:00,0.0,127.87,0.0,0.0,5.606209944933653,0.0
2025-02-17 01:00:00,0.0,121.06,-0.130385160446167,-0.130385160446167,5.6551043801009655,-0.130385160446167
2025-02-17 02:00:00,0.0,120.34,-0.3337860107421875,-0.3337860107421875,5.780274134129286,-0.3337860107421875
2025-02-17 03:00:00,0.0,115.97,-1.3671875,-1.3671875,6.292969446629286,-1.3671875
2025-02-17 04:00:00,0.0,116.23,-0.8544921875,-0.8544921875,6.613404016941786,-0.8544921875
2025-02-17 05:00:00,0.0,121.21,-0.08149072527885437,-0.08149072527885437,6.643963038921356,-0.08149072527885437
2025-02-17 06:00:00,0.0,130.0,0.0,0.0,6.643963038921356,0.0
2025-02-17 07:00:00,0.0,204.74,0.0,0.0,6.643963038921356,0.0
2025-02-17 08:00:00,0.01342724,209.79,4.0,1.5,2.643963038921356,1.51342724
2025-02-17 09:00:00,0.17421028,139.36,0.0,0.0,2.643963038921356,0.17421028
2025-02-17 10:00:00,0.3573076799999999,120.58,-0.2086162567138672,-0.2086162567138672,2.7221941351890564,0.14869142328613272
2025-02-17 11:00:00,0.62142428,117.26,-0.5340576171875,-0.5340576171875,2.922465741634369,0.08736666281250005
2025-02-17 12:00:00,0.57173096,109.9,-3.5,-3.5,4.234965741634369,-2.92826904
2025-02-17 13:00:00,0.5927595999999999,100.0,-4.0,-4.0,5.734965741634369,-3.4072404
2025-02-17 14:00:00,0.4692458,98.97,-4.0,-4.0,7.234965741634369,-3.5307542
2025-02-17 15:00:00,0.67725916,100.0,-4.0,-4.0,8.734965741634369,-3.32274084
2025-02-17 16:00:00,0.42715596,110.97,-2.1875,-2.1875,9.555278241634369,-1.76034404
2025-02-17 17:00:00,0.04078036,130.0,0.0,0.0,9.555278241634369,0.04078036
2025-02-17 18:00:00,0.0,180.0,0.0,0.0,9.555278241634369,0.0
2025-02-17 19:00:00,0.0,215.52,4.0,1.5,5.555278241634369,1.5
2025-02-17 20:00:00,0.0,200.0,0.0,0.0,5.555278241634369,0.0
2025-02-17 21:00:00,0.0,155.62,0.0,0.0,5.555278241634369,0.0
2025-02-17 22:00:00,0.0,140.0,0.0,0.0,5.555278241634369,0.0
2025-02-17 23:00:00,0.0,130.6,0.0,0.0,5.555278241634369,0.0
2025-02-18 00:00:00,0.0,103.84,0.0,0.0,5.555278241634369,0.0
2025-02-18 01:00:00,0.0,87.5,0.0,0.0,5.555278241634369,0.0
2025-02-18 02:00:00,0.0,75.2,-0.08149072527885437,-0.08149072527885437,5.585837263613939,-0.08149072527885437
2025-02-18 03:00:00,0.0,64.98,-0.3337860107421875,-0.3337860107421875,5.71100701764226,-0.3337860107421875
2025-02-18 04:00:00,0.0,59.4,-1.3671875,-1.3671875,6.22370233014226,-1.3671875
2025-02-18 05:00:00,0.0,60.01,-0.8544921875,-0.8544921875,6.54413690045476,-0.8544921875
2025-02-18 06:00:00,0.0,65.24,-0.2086162567138672,-0.2086162567138672,6.62236799672246,-0.2086162567138672
2025-02-18 07:00:00,0.0,101.0,0.0,0.0,6.62236799672246,0.0
2025-02-18 08:00:00,0.01064656,109.11,0.0,0.0,6.62236799672246,0.01064656
2025-02-18 09:00:00,0.01633484,80.0,0.0,0.0,6.62236799672246,0.01633484
2025-02-18 10:00:00,0.38445044,65.37,-0.130385160446167,-0.130385160446167,6.671262431889772,0.254065279553833
2025-02-18 11:00:00,0.7961323200000001,49.6,-2.1875,-2.1875,7.491574931889772,-1.3913676799999999
2025-02-18 12:00:00,1.13770876,15.36,-4.0,-4.0,8.991574931889772,-2.8622912400000002
2025-02-18 13:00:00,1.18507452,7.03,-4.0,-4.0,10.491574931889772,-2.8149254800000003
2025-02-18 14:00:00,0.76483048,9.99,-4.0,-4.0,11.991574931889772,-3.23516952
2025-02-18 15:00:00,0.65538004,26.1,-3.5,-3.5,13.304074931889772,-2.84461996
2025-02-18 16:00:00,0.44583604,60.01,-0.5340576171875,-0.5340576171875,13.504346538335085,-0.08822157718750001
2025-02-18 17:00:00,0.0586806,80.82,0.0,0.0,13.504346538335085,0.0586806
2025-02-18 18:00:00,0.0,115.0,0.0,0.0,13.504346538335085,0.0
2025-02-18 19:00:00,0.0,159.88,4.0,1.5,9.504346538335085,1.5
2025-02-18 20:00:00,0.0,144.4,4.0,1.5,5.504346538335085,1.5
2025-02-18 21:00:00,0.0,133.54,0.0,0.0,5.504346538335085,0.0
2025-02-18 22:00:00,0.0,124.02,0.0,0.0,5.504346538335085,0.0
2025-02-18 23:00:00,0.0,116.23,0.0,0.0,5.504346538335085,0.0
2025-02-19 00:00:00,0.0,106.48,-0.08149072527885437,-0.08149072527885437,5.534905560314655,-0.08149072527885437
2025-02-19 01:00:00,0.0,101.18,-1.3671875,-1.3671875,6.047600872814655,-1.3671875
2025-02-19 02:00:00,0.0,101.3,-0.8544921875,-0.8544921875,6.368035443127155,-0.8544921875
2025-02-19 03:00:00,0.0,99.0,-2.1875,-2.1875,7.188347943127155,-2.1875
2025-02-19 04:00:00,0.0,96.06,-4.0,-4.0,8.688347943127155,-4.0
2025-02-19 05:00:00,0.0,101.83,-0.5340576171875,-0.5340576171875,8.888619549572468,-0.5340576171875
2025-02-19 06:00:00,0.0,120.18,0.0,0.0,8.888619549572468,0.0
2025-02-19 07:00:00,0.0,149.5,0.0,0.0,8.888619549572468,0.0
2025-02-19 08:00:00,0.52367744,167.39,0.0,0.0,8.888619549572468,0.52367744
2025-02-19 09:00:00,1.41908376,133.73,0.0,0.0,8.888619549572468,1.41908376
2025-02-19 10:00:00,2.09465652,114.37,0.0,0.0,8.888619549572468,2.09465652
2025-02-19 11:00:00,2.54969244,105.57,-0.130385160446167,-0.130385160446167,8.93751398473978,2.419307279553833
2025-02-19 12:00:00,1.10068204,104.24,-0.3337860107421875,-0.3337860107421875,9.0626837387681,0.7668960292578124
2025-02-19 13:00:00,0.55066532,97.23,-3.5,-3.5,10.3751837387681,-2.9493346799999998
2025-02-19 14:00:00,1.4729503200000005,90.01,-4.0,-4.0,11.8751837387681,-2.5270496799999993
2025-02-19 15:00:00,2.1081628400000003,90.01,-4.0,-4.0,13.3751837387681,-1.8918371599999997
2025-02-19 16:00:00,1.39642548,105.0,-0.2086162567138672,-0.2086162567138672,13.453414835035801,1.1878092232861328
2025-02-19 17:00:00,0.52419872,121.14,0.0,0.0,13.453414835035801,0.52419872
2025-02-19 18:00:00,0.0,150.0,0.0,0.0,13.453414835035801,0.0
2025-02-19 19:00:00,0.0,183.5,4.0,1.5,9.453414835035801,1.5
2025-02-19 20:00:00,0.0,203.2,4.0,1.5,5.453414835035801,1.5
2025-02-19 21:00:00,0.0,169.37,0.0,0.0,5.453414835035801,0.0
2025-02-19 22:00:00,0.0,139.21,0.0,0.0,5.453414835035801,0.0
2025-02-19 23:00:00,0.0,115.82,0.0,0.0,5.453414835035801,0.0
2025-02-20 00:00:00,0.0,100.05,0.0,0.0,5.453414835035801,0.0
2025-02-20 01:00:00,0.0,94.5,0.0,0.0,5.453414835035801,0.0
2025-02-20 02:00:00,0.0,94.0,0.0,0.0,5.453414835035801,0.0
2025-02-20 03:00:00,0.0,87.03,-0.2086162567138672,-0.2086162567138672,5.531645931303501,-0.2086162567138672
2025-02-20 04:00:00,0.0,85.89,-0.3337860107421875,-0.3337860107421875,5.656815685331821,-0.3337860107421875
2025-02-20 05:00:00,0.0,87.98,-0.130385160446167,-0.130385160446167,5.705710120499134,-0.130385160446167
2025-02-20 06:00:00,0.0,98.19,0.0,0.0,5.705710120499134,0.0
2025-02-20 07:00:00,0.0,113.87,0.0,0.0,5.705710120499134,0.0
2025-02-20 08:00:00,0.6439453199999999,131.1,0.0,0.0,5.705710120499134,0.6439453199999999
2025-02-20 09:00:00,0.52279324,103.53,0.0,0.0,5.705710120499134,0.52279324
2025-02-20 10:00:00,1.26617524,77.0,-0.8544921875,-0.8544921875,6.026144690811634,0.4116830524999999
2025-02-20 11:00:00,1.6951996400000002,53.5,-1.3671875,-1.3671875,6.538840003311634,0.32801214000000023
2025-02-20 12:00:00,1.30959772,34.97,-3.5,-3.5,7.851340003311634,-2.19040228
2025-02-20 13:00:00,2.9693242,28.3,-4.0,-4.0,9.351340003311634,-1.0306758
2025-02-20 14:00:00,2.6948322,20.33,-4.0,-4.0,10.851340003311634,-1.3051678
2025-02-20 15:00:00,2.10208672,28.3,-4.0,-4.0,12.351340003311634,-1.89791328
2025-02-20 16:00:00,1.38684964,50.0,-2.1875,-2.1875,13.171652503311634,-0.8006503599999999
2025-02-20 17:00:00,0.5213972,78.0,-0.5340576171875,-0.5340576171875,13.371924109756947,-0.012660417187499995
2025-02-20 18:00:00,0.0,125.0,0.0,0.0,13.371924109756947,0.0
2025-02-20 19:00:00,0.0,141.5,4.0,1.5,9.371924109756947,1.5
2025-02-20 20:00:00,0.0,150.56,4.0,1.5,5.371924109756947,1.5
2025-02-20 21:00:00,0.0,130.0,0.0,0.0,5.371924109756947,0.0
2025-02-20 22:00:00,0.0,100.05,0.0,0.0,5.371924109756947,0.0
2025-02-20 23:00:00,0.0,88.0,-0.08149072527885437,-0.08149072527885437,5.402483131736517,-0.08149072527885437
2025-02-21 00:00:00,0.0,72.88,0.0,0.0,5.402483131736517,0.0
2025-02-21 01:00:00,0.0,70.0,0.0,0.0,5.402483131736517,0.0
2025-02-21 02:00:00,0.0,52.5,0.0,0.0,5.402483131736517,0.0
2025-02-21 03:00:00,0.0,51.98,-0.130385160446167,-0.130385160446167,5.45137756690383,-0.130385160446167
2025-02-21 04:00:00,0.0,40.7,-0.5340576171875,-0.5340576171875,5.651649173349142,-0.5340576171875
2025-02-21 05:00:00,0.0,38.71,-0.8544921875,-0.8544921875,5.972083743661642,-0.8544921875
2025-02-21 06:00:00,0.0,52.5,0.0,0.0,5.972083743661642,0.0
2025-02-21 07:00:00,0.0,69.96,0.0,0.0,5.972083743661642,0.0
2025-02-21 08:00:00,0.11554236,72.88,0.0,0.0,5.972083743661642,0.11554236
2025-02-21 09:00:00,0.7871587200000001,67.52,0.0,0.0,5.972083743661642,0.7871587200000001
2025-02-21 10:00:00,1.6425039600000002,45.2,-0.2086162567138672,-0.2086162567138672,6.050314839929342,1.433887703286133
2025-02-21 11:00:00,1.7342665200000005,13.48,-1.3671875,-1.3671875,6.563010152429342,0.3670790200000005
2025-02-21 12:00:00,3.01713836,3.52,-4.0,-4.0,8.063010152429342,-0.9828616399999999
2025-02-21 13:00:00,2.992459,3.52,-4.0,-4.0,9.563010152429342,-1.0075409999999998
2025-02-21 14:00:00,2.72506532,3.52,-4.0,-4.0,11.063010152429342,-1.2749346799999999
2025-02-21 15:00:00,1.462916,3.52,-3.5,-3.5,12.375510152429342,-2.037084
2025-02-21 16:00:00,1.48829916,5.0,-2.1875,-2.1875,13.195822652429342,-0.69920084
2025-02-21 17:00:00,0.1984378,42.2,-0.3337860107421875,-0.3337860107421875,13.320992406457663,-0.1353482107421875
2025-02-21 18:00:00,0.0,52.37,-0.08149072527885437,-0.08149072527885437,13.351551428437233,-0.08149072527885437
2025-02-21 19:00:00,0.0,93.83,4.0,1.5,9.351551428437233,1.5
2025-02-21 20:00:00,0.0,84.97,4.0,1.5,5.351551428437233,1.5
2025-02-21 21:00:00,0.0,70.94,0.0,0.0,5.351551428437233,0.0
2025-02-21 22:00:00,0.0,69.96,0.0,0.0,5.351551428437233,0.0
2025-02-21 23:00:00,0.0,70.17,0.0,0.0,5.351551428437233,0.0
2025-02-22 00:00:00,0.0,59.05,-0.130385160446167,-0.130385160446167,5.400445863604546,-0.130385160446167
2025-02-22 01:00:00,0.0,53.92,-0.3337860107421875,-0.3337860107421875,5.525615617632866,-0.3337860107421875
2025-02-22 02:00:00,0.0,52.12,-0.5340576171875,-0.5340576171875,5.725887224078178,-0.5340576171875
2025-02-22 03:00:00,0.0,45.5,-1.3671875,-1.3671875,6.238582536578178,-1.3671875
2025-02-22 04:00:00,0.0,44.72,-2.1875,-2.1875,7.058895036578178,-2.1875
2025-02-22 05:00:00,0.0,55.54,-0.2086162567138672,-0.2086162567138672,7.137126132845879,-0.2086162567138672
2025-02-22 06:00:00,0.0,61.03,-0.08149072527885437,-0.08149072527885437,7.167685154825449,-0.08149072527885437
2025-02-22 07:00:00,0.0,70.83,0.0,0.0,7.167685154825449,0.0
2025-02-22 08:00:00,0.29014976,73.33,0.0,0.0,7.167685154825449,0.29014976
2025-02-22 09:00:00,1.3042917200000002,72.86,0.0,0.0,7.167685154825449,1.3042917200000002
2025-02-22 10:00:00,2.5513746800000003,64.48,0.0,0.0,7.167685154825449,2.5513746800000003
2025-02-22 11:00:00,2.4047774,63.0,0.0,0.0,7.167685154825449,2.4047774
2025-02-22 12:00:00,3.15088368,50.24,-0.8544921875,-0.8544921875,7.488119725137949,2.2963914925
2025-02-22 13:00:00,3.09780696,43.2,-4.0,-4.0,8.988119725137949,-0.9021930399999998
2025-02-22 14:00:00,2.79186856,39.94,-4.0,-4.0,10.488119725137949,-1.2081314399999998
2025-02-22 15:00:00,2.26274712,39.68,-4.0,-4.0,11.988119725137949,-1.7372528800000002
2025-02-22 16:00:00,1.03217748,43.2,-3.5,-3.5,13.300619725137949,-2.46782252
2025-02-22 17:00:00,0.12767904,72.38,0.0,0.0,13.300619725137949,0.12767904
2025-02-22 18:00:00,0.0,122.94,4.0,1.5,9.300619725137949,1.5
2025-02-22 19:00:00,0.0,130.72,4.0,1.5,5.300619725137949,1.5
2025-02-22 20:00:00,0.0,121.47,0.0,0.0,5.300619725137949,0.0
2025-02-22 21:00:00,0.0,110.79,0.0,0.0,5.300619725137949,0.0
2025-02-22 22:00:00,0.0,107.11,0.0,0.0,5.300619725137949,0.0
2025-02-22 23:00:00,0.0,102.2,0.0,0.0,5.300619725137949,0.0
2025-02-23 00:00:00,0.0,90.2,0.0,0.0,5.300619725137949,0.0
2025-02-23 01:00:00,0.0,81.0,0.0,0.0,5.300619725137949,0.0
2025-02-23 02:00:00,0.0,80.82,0.0,0.0,5.300619725137949,0.0
2025-02-23 03:00:00,0.0,77.83,0.0,0.0,5.300619725137949,0.0
2025-02-23 04:00:00,0.0,75.54,-0.2086162567138672,-0.2086162567138672,5.378850821405649,-0.2086162567138672
2025-02-23 05:00:00,0.0,76.45,-0.130385160446167,-0.130385160446167,5.427745256572962,-0.130385160446167
2025-02-23 06:00:00,0.0,79.98,0.0,0.0,5.427745256572962,0.0
2025-02-23 07:00:00,0.0,80.1,0.0,0.0,5.427745256572962,0.0
2025-02-23 08:00:00,0.160395,76.74,-0.08149072527885437,-0.08149072527885437,5.458304278552532,0.07890427472114564
2025-02-23 09:00:00,1.11324572,61.58,-0.3337860107421875,-0.3337860107421875,5.5834740325808525,0.7794597092578126
2025-02-23 10:00:00,1.5462550000000002,29.5,-0.8544921875,-0.8544921875,5.9039086028933525,0.6917628125000002
2025-02-23 11:00:00,2.06615012,15.0,-1.3671875,-1.3671875,6.4166039153933525,0.6989626200000001
2025-02-23 12:00:00,2.62086272,5.93,-4.0,-4.0,7.9166039153933525,-1.3791372800000001
2025-02-23 13:00:00,2.1617284800000003,10.95,-4.0,-4.0,9.416603915393353,-1.8382715199999997
2025-02-23 14:00:00,2.17344084,10.95,-3.5,-3.5,10.729103915393353,-1.32655916
2025-02-23 15:00:00,1.48059064,3.52,-4.0,-4.0,12.229103915393353,-2.51940936
2025-02-23 16:00:00,0.92755648,10.96,-2.1875,-2.1875,13.049416415393353,-1.25994352
2025-02-23 17:00:00,0.45621728,50.0,-0.5340576171875,-0.5340576171875,13.249688021838665,-0.0778403371875
2025-02-23 18:00:00,0.0,100.9,0.0,0.0,13.249688021838665,0.0
2025-02-23 19:00:00,0.0,122.94,0.0,0.0,13.249688021838665,0.0
2025-02-23 20:00:00,0.0,134.7,4.0,1.5,9.249688021838665,1.5
2025-02-23 21:00:00,0.0,123.25,4.0,1.5,5.249688021838665,1.5
2025-02-23 22:00:00,0.0,100.9,0.0,0.0,5.249688021838665,0.0
2025-02-23 23:00:00,0.0,79.7,0.0,0.0,5.249688021838665,0.0
2025-02-24 00:00:00,0.0,79.21,0.0,0.0,5.249688021838665,0.0
2025-02-24 01:00:00,0.0,67.94,-0.2086162567138672,-0.2086162567138672,5.327919118106365,-0.2086162567138672
2025-02-24 02:00:00,0.0,56.2,-0.5340576171875,-0.5340576171875,5.528190724551678,-0.5340576171875
2025-02-24 03:00:00,0.0,49.0,-1.3671875,-1.3671875,6.040886037051678,-1.3671875
2025-02-24 04:00:00,0.0,46.25,-2.1875,-2.1875,6.861198537051678,-2.1875
2025-02-24 05:00:00,0.0,56.03,-0.8544921875,-0.8544921875,7.181633107364178,-0.8544921875
2025-02-24 06:00:00,0.0,74.78,-0.08149072527885437,-0.08149072527885437,7.212192129343748,-0.08149072527885437
2025-02-24 07:00:00,0.0,103.33,0.0,0.0,7.212192129343748,0.0
2025-02-24 08:00:00,0.94073828,116.86,0.0,0.0,7.212192129343748,0.94073828
2025-02-24 09:00:00,1.93900516,100.0,0.0,0.0,7.212192129343748,1.93900516
2025-02-24 10:00:00,2.61248268,88.64,0.0,0.0,7.212192129343748,2.61248268
2025-02-24 11:00:00,3.01257876,74.78,0.0,0.0,7.212192129343748,3.01257876
2025-02-24 12:00:00,3.19538392,56.2,-0.3337860107421875,-0.3337860107421875,7.337361883372068,2.8615979092578123
2025-02-24 13:00:00,3.1573726,40.56,-4.0,-4.0,8.837361883372068,-0.8426274
2025-02-24 14:00:00,2.91075796,32.64,-4.0,-4.0,10.337361883372068,-1.0892420399999998
2025-02-24 15:00:00,2.41615064,34.0,-4.0,-4.0,11.837361883372068,-1.5838493599999999
2025-02-24 16:00:00,1.68068072,43.76,-3.5,-3.5,13.149861883372068,-1.81931928
2025-02-24 17:00:00,0.69268824,67.94,-0.130385160446167,-0.130385160446167,13.198756318539381,0.562303079553833
2025-02-24 18:00:00,0.0,107.59,0.0,0.0,13.198756318539381,0.0
2025-02-24 19:00:00,0.0,159.17,4.0,1.5,9.198756318539381,1.5
2025-02-24 20:00:00,0.0,134.91,4.0,1.5,5.198756318539381,1.5
2025-02-24 21:00:00,0.0,115.28,0.0,0.0,5.198756318539381,0.0
2025-02-24 22:00:00,0.0,100.54,0.0,0.0,5.198756318539381,0.0
2025-02-24 23:00:00,0.0,79.98,0.0,0.0,5.198756318539381,0.0
2025-02-25 00:00:00,0.0,71.98,-2.1875,-2.1875,6.019068818539381,-2.1875
2025-02-25 01:00:00,0.0,72.11,-0.8544921875,-0.8544921875,6.339503388851881,-0.8544921875
2025-02-25 02:00:00,0.0,71.0,-3.5,-3.5,7.652003388851881,-3.5
2025-02-25 03:00:00,0.0,71.98,-1.3671875,-1.3671875,8.164698701351881,-1.3671875
2025-02-25 04:00:00,0.0,79.98,-0.2086162567138672,-0.2086162567138672,8.242929797619581,-0.2086162567138672
2025-02-25 05:00:00,0.0,89.26,0.0,0.0,8.242929797619581,0.0
2025-02-25 06:00:00,0.0,101.0,0.0,0.0,8.242929797619581,0.0
2025-02-25 07:00:00,0.0,123.75,0.0,0.0,8.242929797619581,0.0
2025-02-25 08:00:00,1.01029316,136.97,0.0,0.0,8.242929797619581,1.01029316
2025-02-25 09:00:00,2.00635612,125.48,0.0,0.0,8.242929797619581,2.00635612
2025-02-25 10:00:00,2.7266889199999995,106.0,0.0,0.0,8.242929797619581,2.7266889199999995
2025-02-25 11:00:00,3.17071024,88.0,-0.08149072527885437,-0.08149072527885437,8.273488819599152,3.0892195147211456
2025-02-25 12:00:00,3.3654992,76.0,-0.3337860107421875,-0.3337860107421875,8.398658573627472,3.0317131892578124
2025-02-25 13:00:00,3.31545464,72.24,-0.5340576171875,-0.5340576171875,8.598930180072784,2.7813970228125
2025-02-25 14:00:00,3.0156399200000004,60.17,-4.0,-4.0,10.098930180072784,-0.9843600799999996
2025-02-25 15:00:00,2.49680196,57.56,-4.0,-4.0,11.598930180072784,-1.50319804
2025-02-25 16:00:00,1.75101336,60.0,-4.0,-4.0,13.098930180072784,-2.24898664
2025-02-25 17:00:00,0.7418831600000001,79.98,-0.130385160446167,-0.130385160446167,13.147824615240097,0.6114979995538331
2025-02-25 18:00:00,0.0,110.0,0.0,0.0,13.147824615240097,0.0
2025-02-25 19:00:00,0.0,140.99,4.0,1.5,9.147824615240097,1.5
2025-02-25 20:00:00,0.0,137.99,4.0,1.5,5.147824615240097,1.5
2025-02-25 21:00:00,0.0,128.97,0.0,0.0,5.147824615240097,0.0
2025-02-25 22:00:00,0.0,114.28,0.0,0.0,5.147824615240097,0.0
2025-02-25 23:00:00,0.0,100.41,0.0,0.0,5.147824615240097,0.0
2025-02-26 00:00:00,0.0,102.48,0.0,0.0,5.147824615240097,0.0
2025-02-26 01:00:00,0.0,86.87,-0.3337860107421875,-0.3337860107421875,5.272994369268417,-0.3337860107421875
2025-02-26 02:00:00,0.0,92.98,-0.130385160446167,-0.130385160446167,5.32188880443573,-0.130385160446167
2025-02-26 03:00:00,0.0,86.38,-0.5340576171875,-0.5340576171875,5.5221604108810425,-0.5340576171875
2025-02-26 04:00:00,0.0,88.59,-0.2086162567138672,-0.2086162567138672,5.600391507148743,-0.2086162567138672
2025-02-26 05:00:00,0.0,97.82,0.0,0.0,5.600391507148743,0.0
2025-02-26 06:00:00,0.0,111.76,0.0,0.0,5.600391507148743,0.0
2025-02-26 07:00:00,0.0,136.2,0.0,0.0,5.600391507148743,0.0
2025-02-26 08:00:00,0.46433792,139.08,0.0,0.0,5.600391507148743,0.46433792
2025-02-26 09:00:00,1.42198,106.46,0.0,0.0,5.600391507148743,1.42198
2025-02-26 10:00:00,2.1316168,65.0,-2.1875,-2.1875,6.420704007148743,-0.0558831999999998
2025-02-26 11:00:00,2.8350615999999995,70.0,-1.3671875,-1.3671875,6.933399319648743,1.4678740999999995
2025-02-26 12:00:00,2.43236708,59.3,-3.5,-3.5,8.245899319648743,-1.0676329199999999
2025-02-26 13:00:00,3.3131717599999995,58.0,-4.0,-4.0,9.745899319648743,-0.6868282400000005
2025-02-26 14:00:00,2.37822864,54.59,-4.0,-4.0,11.245899319648743,-1.6217713599999999
2025-02-26 15:00:00,1.4338137599999998,58.28,-4.0,-4.0,12.745899319648743,-2.5661862400000004
2025-02-26 16:00:00,0.69507092,71.98,-0.8544921875,-0.8544921875,13.066333889961243,-0.15942126749999996
2025-02-26 17:00:00,0.17210584,97.0,-0.08149072527885437,-0.08149072527885437,13.096892911940813,0.09061511472114564
2025-02-26 18:00:00,0.0,126.37,0.0,0.0,13.096892911940813,0.0
2025-02-26 19:00:00,0.0,161.95,0.0,0.0,13.096892911940813,0.0
2025-02-26 20:00:00,0.0,225.0,4.0,1.5,9.096892911940813,1.5
2025-02-26 21:00:00,0.0,181.02,4.0,1.5,5.096892911940813,1.5
2025-02-26 22:00:00,0.0,126.16,0.0,0.0,5.096892911940813,0.0
2025-02-26 23:00:00,0.0,125.0,0.0,0.0,5.096892911940813,0.0
2025-02-27 00:00:00,0.0,116.52,0.0,0.0,5.096892911940813,0.0
2025-02-27 01:00:00,0.0,114.51,0.0,0.0,5.096892911940813,0.0
2025-02-27 02:00:00,0.0,106.0,-0.2086162567138672,-0.2086162567138672,5.175124008208513,-0.2086162567138672
2025-02-27 03:00:00,0.0,103.44,-0.5340576171875,-0.5340576171875,5.375395614653826,-0.5340576171875
2025-02-27 04:00:00,0.0,101.0,-0.8544921875,-0.8544921875,5.695830184966326,-0.8544921875
2025-02-27 05:00:00,0.0,104.35,-0.3337860107421875,-0.3337860107421875,5.820999938994646,-0.3337860107421875
2025-02-27 06:00:00,0.0,117.14,0.0,0.0,5.820999938994646,0.0
2025-02-27 07:00:00,0.04207228,145.0,0.0,0.0,5.820999938994646,0.04207228
2025-02-27 08:00:00,0.2241001199999999,168.77,4.0,1.5,1.820999938994646,1.72410012
2025-02-27 09:00:00,0.8939328000000001,129.18,0.0,0.0,1.820999938994646,0.8939328000000001
2025-02-27 10:00:00,1.55299632,109.49,-0.130385160446167,-0.130385160446167,1.8698943741619587,1.422611159553833
2025-02-27 11:00:00,2.08958792,100.19,-1.3671875,-1.3671875,2.3825896866619587,0.72240042
2025-02-27 12:00:00,2.14787188,93.0,-3.5,-3.5,3.6950896866619587,-1.3521281200000002
2025-02-27 13:00:00,2.27041832,89.0,-4.0,-4.0,5.195089686661959,-1.72958168
2025-02-27 14:00:00,1.81704772,86.8,-4.0,-4.0,6.695089686661959,-2.1829522800000003
2025-02-27 15:00:00,1.8086706,89.0,-4.0,-4.0,8.195089686661959,-2.1913294
2025-02-27 16:00:00,1.1427602,100.0,-2.1875,-2.1875,9.015402186661959,-1.0447398
2025-02-27 17:00:00,0.19916708,113.95,0.0,0.0,9.015402186661959,0.19916708
2025-02-27 18:00:00,0.0,136.13,0.0,0.0,9.015402186661959,0.0
2025-02-27 19:00:00,0.0,165.0,0.0,0.0,9.015402186661959,0.0
2025-02-27 20:00:00,0.0,219.08,4.0,1.5,5.015402186661959,1.5
2025-02-27 21:00:00,0.0,147.01,0.0,0.0,5.015402186661959,0.0
2025-02-27 22:00:00,0.0,122.31,0.0,0.0,5.015402186661959,0.0
2025-02-27 23:00:00,0.0,113.5,-0.08149072527885437,-0.08149072527885437,5.045961208641529,-0.08149072527885437
2025-02-28 00:00:00,0.0,115.59,0.0,0.0,5.045961208641529,0.0
2025-02-28 01:00:00,0.0,110.54,0.0,0.0,5.045961208641529,0.0
2025-02-28 02:00:00,0.0,109.38,-0.08149072527885437,-0.08149072527885437,5.0765202306210995,-0.08149072527885437
2025-02-28 03:00:00,0.0,105.2,-0.2086162567138672,-0.2086162567138672,5.1547513268888,-0.2086162567138672
2025-02-28 04:00:00,0.0,104.49,-0.5340576171875,-0.5340576171875,5.355022933334112,-0.5340576171875
2025-02-28 05:00:00,0.0,104.49,-0.3337860107421875,-0.3337860107421875,5.4801926873624325,-0.3337860107421875
2025-02-28 06:00:00,0.0,116.28,0.0,0.0,5.4801926873624325,0.0
2025-02-28 07:00:00,0.04747308,133.87,0.0,0.0,5.4801926873624325,0.04747308
2025-02-28 08:00:00,0.99949152,142.9,4.0,1.5,1.4801926873624325,2.49949152
2025-02-28 09:00:00,1.94235448,115.8,0.0,0.0,1.4801926873624325,1.94235448
2025-02-28 10:00:00,2.60610656,102.48,-0.8544921875,-0.8544921875,1.8006272576749325,1.7516143725000002
2025-02-28 11:00:00,3.0078528000000007,93.0,-3.5,-3.5,3.1131272576749325,-0.49214719999999934
2025-02-28 12:00:00,2.5498756,91.08,-4.0,-4.0,4.6131272576749325,-1.4501244
2025-02-28 13:00:00,2.48983856,80.13,-4.0,-4.0,6.1131272576749325,-1.51016144
2025-02-28 14:00:00,2.30588552,85.2,-4.0,-4.0,7.6131272576749325,-1.69411448
2025-02-28 15:00:00,1.7595274,93.29,-2.1875,-2.1875,8.433439757674932,-0.4279725999999999
2025-02-28 16:00:00,1.69212896,96.74,-1.3671875,-1.3671875,8.946135070174932,0.32494146
2025-02-28 17:00:00,0.3286869999999999,115.51,0.0,0.0,8.946135070174932,0.3286869999999999
2025-02-28 18:00:00,0.0,123.52,0.0,0.0,8.946135070174932,0.0
2025-02-28 19:00:00,0.0,151.96,4.0,1.5,4.9461350701749325,1.5
2025-02-28 20:00:00,0.0,134.27,0.0,0.0,4.9461350701749325,0.0
2025-02-28 21:00:00,0.0,121.73,0.0,0.0,4.9461350701749325,0.0
2025-02-28 22:00:00,0.0,114.72,0.0,0.0,4.9461350701749325,0.0
2025-02-28 23:00:00,0.0,106.75,-0.130385160446167,-0.130385160446167,4.995029505342245,-0.130385160446167
2025-03-01 00:00:00,0.0,105.36,4.0,1.5,0.9950295053422451,1.5
2025-03-01 01:00:00,0.0,85.2,4.0,1.5,-3.004970494657755,1.5
2025-03-01 02:00:00,0.0,82.49,0.0,0.0,-3.004970494657755,0.0
2025-03-01 03:00:00,0.0,79.17,0.0,0.0,-3.004970494657755,0.0
2025-03-01 04:00:00,0.0,74.21,0.0,0.0,-3.004970494657755,0.0
2025-03-01 05:00:00,0.0,70.75,-0.130385160446167,-0.130385160446167,-2.9560760594904423,-0.130385160446167
2025-03-01 06:00:00,0.0,78.52,0.0,0.0,-2.9560760594904423,0.0
2025-03-01 07:00:00,0.09389444,83.5,0.0,0.0,-2.9560760594904423,0.09389444
2025-03-01 08:00:00,1.07864996,82.92,0.0,0.0,-2.9560760594904423,1.07864996
2025-03-01 09:00:00,1.998215,72.0,0.0,0.0,-2.9560760594904423,1.998215
2025-03-01 10:00:00,2.6217886,54.63,-0.5340576171875,-0.5340576171875,-2.7558044530451298,2.0877309828125
2025-03-01 11:00:00,3.01705076,45.0,-0.8544921875,-0.8544921875,-2.4353698827326298,2.1625585725
2025-03-01 12:00:00,3.18017176,40.1,-1.3671875,-1.3671875,-1.9226745702326298,1.81298426
2025-03-01 13:00:00,3.1132956000000003,39.68,-3.5,-3.5,-0.6101745702326298,-0.3867043999999997
2025-03-01 14:00:00,1.52874652,35.3,-4.0,-4.0,0.8898254297673702,-2.4712534799999997
2025-03-01 15:00:00,1.21163592,31.73,-4.0,-4.0,2.3898254297673702,-2.78836408
2025-03-01 16:00:00,1.7028495600000002,34.75,-4.0,-4.0,3.8898254297673702,-2.29715044
2025-03-01 17:00:00,0.75150724,39.68,-2.1875,-2.1875,4.71013792976737,-1.43599276
2025-03-01 18:00:00,0.0,66.52,-0.2086162567138672,-0.2086162567138672,4.78836902603507,-0.2086162567138672
2025-03-01 19:00:00,0.0,70.8,-0.08149072527885437,-0.08149072527885437,4.818928048014641,-0.08149072527885437
2025-03-01 20:00:00,0.0,80.36,0.0,0.0,4.818928048014641,0.0
2025-03-01 21:00:00,0.0,78.54,0.0,0.0,4.818928048014641,0.0
2025-03-01 22:00:00,0.0,82.49,0.0,0.0,4.818928048014641,0.0
2025-03-01 23:00:00,0.0,66.28,-0.3337860107421875,-0.3337860107421875,4.944097802042961,-0.3337860107421875
2025-03-02 00:00:00,0.0,62.0,0.0,0.0,4.944097802042961,0.0
2025-03-02 01:00:00,0.0,51.58,-0.5340576171875,-0.5340576171875,5.144369408488274,-0.5340576171875
2025-03-02 02:00:00,0.0,50.03,-1.3671875,-1.3671875,5.657064720988274,-1.3671875
2025-03-02 03:00:00,0.0,49.2,-2.1875,-2.1875,6.477377220988274,-2.1875
2025-03-02 04:00:00,0.0,50.68,-0.8544921875,-0.8544921875,6.797811791300774,-0.8544921875
2025-03-02 05:00:00,0.0,51.58,-0.3337860107421875,-0.3337860107421875,6.922981545329094,-0.3337860107421875
2025-03-02 06:00:00,0.0,51.97,0.0,0.0,6.922981545329094,0.0
2025-03-02 07:00:00,0.11454244,51.9,-0.2086162567138672,-0.2086162567138672,7.001212641596794,-0.09407381671386719
2025-03-02 08:00:00,1.10599112,51.9,-0.130385160446167,-0.130385160446167,7.050107076764107,0.9756059595538331
2025-03-02 09:00:00,2.02476688,52.5,0.0,0.0,7.050107076764107,2.02476688
2025-03-02 10:00:00,2.6410002,60.5,0.0,0.0,7.050107076764107,2.6410002
2025-03-02 11:00:00,2.99992236,49.0,-3.5,-3.5,8.362607076764107,-0.5000776400000002
2025-03-02 12:00:00,3.15668608,27.5,-4.0,-4.0,9.862607076764107,-0.8433139199999999
2025-03-02 13:00:00,3.137473,40.0,-4.0,-4.0,11.362607076764107,-0.862527
2025-03-02 14:00:00,2.8981394,42.19,-4.0,-4.0,12.862607076764107,-1.1018606000000002
2025-03-02 15:00:00,2.4379772,51.9,-0.08149072527885437,-0.08149072527885437,12.893166098743677,2.356486474721146
2025-03-02 16:00:00,1.73335772,76.04,0.0,0.0,12.893166098743677,1.73335772
2025-03-02 17:00:00,0.7663028,82.49,0.0,0.0,12.893166098743677,0.7663028
2025-03-02 18:00:00,0.0,89.5,0.0,0.0,12.893166098743677,0.0
2025-03-02 19:00:00,0.0,113.95,0.0,0.0,12.893166098743677,0.0
2025-03-02 20:00:00,0.0,124.87,4.0,1.5,8.893166098743677,1.5
2025-03-02 21:00:00,0.0,121.69,4.0,1.5,4.893166098743677,1.5
2025-03-02 22:00:00,0.0,91.5,0.0,0.0,4.893166098743677,0.0
2025-03-02 23:00:00,0.0,79.0,0.0,0.0,4.893166098743677,0.0
2025-03-03 00:00:00,0.0,78.8,-0.8544921875,-0.8544921875,5.213600669056177,-0.8544921875
2025-03-03 01:00:00,0.0,73.0,-2.1875,-2.1875,6.033913169056177,-2.1875
2025-03-03 02:00:00,0.0,68.5,-4.0,-4.0,7.533913169056177,-4.0
2025-03-03 03:00:00,0.0,69.0,-3.5,-3.5,8.846413169056177,-3.5
2025-03-03 04:00:00,0.0,68.57,-4.0,-4.0,10.346413169056177,-4.0
2025-03-03 05:00:00,0.0,78.61,-1.3671875,-1.3671875,10.859108481556177,-1.3671875
2025-03-03 06:00:00,0.0,93.0,-0.130385160446167,-0.130385160446167,10.90800291672349,-0.130385160446167
2025-03-03 07:00:00,0.01166872,104.58,0.0,0.0,10.90800291672349,0.01166872
2025-03-03 08:00:00,0.01922764,115.0,0.0,0.0,10.90800291672349,0.01922764
2025-03-03 09:00:00,0.36123224,104.58,0.0,0.0,10.90800291672349,0.36123224
2025-03-03 10:00:00,0.6242590800000001,105.63,0.0,0.0,10.90800291672349,0.6242590800000001
2025-03-03 11:00:00,2.26818456,103.96,0.0,0.0,10.90800291672349,2.26818456
2025-03-03 12:00:00,2.08186856,90.48,-0.2086162567138672,-0.2086162567138672,10.98623401299119,1.873252303286133
2025-03-03 13:00:00,3.34968752,90.24,-0.3337860107421875,-0.3337860107421875,11.11140376701951,3.0159015092578123
2025-03-03 14:00:00,1.89468364,66.91,-4.0,-4.0,12.61140376701951,-2.1053163599999998
2025-03-03 15:00:00,0.94058256,86.44,-0.5340576171875,-0.5340576171875,12.811675373464823,0.40652494281249996
2025-03-03 16:00:00,0.55463284,98.5,0.0,0.0,12.811675373464823,0.55463284
2025-03-03 17:00:00,0.72210572,100.13,0.0,0.0,12.811675373464823,0.72210572
2025-03-03 18:00:00,0.0,111.5,0.0,0.0,12.811675373464823,0.0
2025-03-03 19:00:00,0.0,135.0,4.0,1.5,8.811675373464823,1.5
2025-03-03 20:00:00,0.0,149.0,4.0,1.5,4.811675373464823,1.5
2025-03-03 21:00:00,0.0,122.91,0.0,0.0,4.811675373464823,0.0
2025-03-03 22:00:00,0.0,115.0,0.0,0.0,4.811675373464823,0.0
2025-03-03 23:00:00,0.0,98.41,-0.08149072527885437,-0.08149072527885437,4.842234395444393,-0.08149072527885437
2025-03-04 00:00:00,0.0,100.13,-0.2086162567138672,-0.2086162567138672,4.920465491712093,-0.2086162567138672
2025-03-04 01:00:00,0.0,104.0,0.0,0.0,4.920465491712093,0.0
2025-03-04 02:00:00,0.0,101.05,0.0,0.0,4.920465491712093,0.0
2025-03-04 03:00:00,0.0,100.13,-0.130385160446167,-0.130385160446167,4.969359926879406,-0.130385160446167
2025-03-04 04:00:00,0.0,99.0,-0.3337860107421875,-0.3337860107421875,5.094529680907726,-0.3337860107421875
2025-03-04 05:00:00,0.0,102.61,0.0,0.0,5.094529680907726,0.0
2025-03-04 06:00:00,0.0,96.78,-0.5340576171875,-0.5340576171875,5.294801287353039,-0.5340576171875
2025-03-04 07:00:00,0.01698608,106.6,0.0,0.0,5.294801287353039,0.01698608
2025-03-04 08:00:00,0.04536188,109.24,0.0,0.0,5.294801287353039,0.04536188
2025-03-04 09:00:00,0.12928064,102.7,0.0,0.0,5.294801287353039,0.12928064
2025-03-04 10:00:00,0.3593279199999999,95.5,-0.8544921875,-0.8544921875,5.615235857665539,-0.4951642675000001
2025-03-04 11:00:00,1.5898976000000002,77.85,-2.1875,-2.1875,6.435548357665539,-0.5976023999999998
2025-03-04 12:00:00,1.85357768,63.84,-4.0,-4.0,7.935548357665539,-2.14642232
2025-03-04 13:00:00,2.12148804,50.24,-4.0,-4.0,9.435548357665539,-1.87851196
2025-03-04 14:00:00,3.02747436,55.1,-4.0,-4.0,10.935548357665539,-0.9725256400000002
2025-03-04 15:00:00,2.52386908,66.75,-3.5,-3.5,12.248048357665539,-0.9761309200000001
2025-03-04 16:00:00,1.77566812,80.0,-1.3671875,-1.3671875,12.760743670165539,0.40848061999999996
2025-03-04 17:00:00,0.7793022400000001,101.0,-0.08149072527885437,-0.08149072527885437,12.79130269214511,0.6978115147211458
2025-03-04 18:00:00,0.0,102.58,0.0,0.0,12.79130269214511,0.0
2025-03-04 19:00:00,0.0,144.28,4.0,1.5,8.79130269214511,1.5
2025-03-04 20:00:00,0.0,132.0,4.0,1.5,4.791302692145109,1.5
2025-03-04 21:00:00,0.0,117.62,0.0,0.0,4.791302692145109,0.0
2025-03-04 22:00:00,0.0,102.97,0.0,0.0,4.791302692145109,0.0
2025-03-04 23:00:00,0.0,102.7,0.0,0.0,4.791302692145109,0.0
2025-03-05 00:00:00,0.0,86.0,0.0,0.0,4.791302692145109,0.0
2025-03-05 01:00:00,0.0,84.0,0.0,0.0,4.791302692145109,0.0
2025-03-05 02:00:00,0.0,83.66,0.0,0.0,4.791302692145109,0.0
2025-03-05 03:00:00,0.0,80.0,-0.2086162567138672,-0.2086162567138672,4.869533788412809,-0.2086162567138672
2025-03-05 04:00:00,0.0,79.19,-0.3337860107421875,-0.3337860107421875,4.99470354244113,-0.3337860107421875
2025-03-05 05:00:00,0.0,76.0,-0.5340576171875,-0.5340576171875,5.194975148886442,-0.5340576171875
2025-03-05 06:00:00,0.0,83.66,0.0,0.0,5.194975148886442,0.0
2025-03-05 07:00:00,0.00707972,109.14,0.0,0.0,5.194975148886442,0.00707972
2025-03-05 08:00:00,0.01895144,99.69,0.0,0.0,5.194975148886442,0.01895144
2025-03-05 09:00:00,0.18066616,82.0,0.0,0.0,5.194975148886442,0.18066616
2025-03-05 10:00:00,0.44812012,70.2,-0.8544921875,-0.8544921875,5.515409719198942,-0.4063720675
2025-03-05 11:00:00,0.6201475200000001,50.0,-3.5,-3.5,6.827909719198942,-2.87985248
2025-03-05 12:00:00,1.5576444800000002,41.89,-4.0,-4.0,8.327909719198942,-2.4423555199999996
2025-03-05 13:00:00,0.4537776799999999,35.19,-4.0,-4.0,9.827909719198942,-3.54622232
2025-03-05 14:00:00,0.7915103599999999,35.3,-4.0,-4.0,11.327909719198942,-3.2084896400000003
2025-03-05 15:00:00,1.31380536,50.53,-2.1875,-2.1875,12.148222219198942,-0.8736946400000001
2025-03-05 16:00:00,1.7020645199999995,69.37,-1.3671875,-1.3671875,12.660917531698942,0.3348770199999995
2025-03-05 17:00:00,0.74528636,80.0,-0.130385160446167,-0.130385160446167,12.709811966866255,0.614901199553833
2025-03-05 18:00:00,0.00733744,89.0,0.0,0.0,12.709811966866255,0.00733744
2025-03-05 19:00:00,0.0,111.31,4.0,1.5,8.709811966866255,1.5
2025-03-05 20:00:00,0.0,112.82,4.0,1.5,4.709811966866255,1.5
2025-03-05 21:00:00,0.0,106.71,0.0,0.0,4.709811966866255,0.0
2025-03-05 22:00:00,0.0,96.96,0.0,0.0,4.709811966866255,0.0
2025-03-05 23:00:00,0.0,80.46,-0.08149072527885437,-0.08149072527885437,4.740370988845825,-0.08149072527885437
2025-03-06 00:00:00,0.0,61.0,-1.3671875,-1.3671875,5.253066301345825,-1.3671875
2025-03-06 01:00:00,0.0,56.0,-4.0,-4.0,6.753066301345825,-4.0
2025-03-06 02:00:00,0.0,62.0,-0.8544921875,-0.8544921875,7.073500871658325,-0.8544921875
2025-03-06 03:00:00,0.0,67.75,-0.3337860107421875,-0.3337860107421875,7.1986706256866455,-0.3337860107421875
2025-03-06 04:00:00,0.0,68.9,-0.2086162567138672,-0.2086162567138672,7.276901721954346,-0.2086162567138672
2025-03-06 05:00:00,0.0,70.84,-0.08149072527885437,-0.08149072527885437,7.307460743933916,-0.08149072527885437
2025-03-06 06:00:00,0.0,75.95,0.0,0.0,7.307460743933916,0.0
2025-03-06 07:00:00,0.01502256,97.49,0.0,0.0,7.307460743933916,0.01502256
2025-03-06 08:00:00,0.31231096,101.58,0.0,0.0,7.307460743933916,0.31231096
2025-03-06 09:00:00,1.50227512,78.85,0.0,0.0,7.307460743933916,1.50227512
2025-03-06 10:00:00,2.1487654000000003,71.0,0.0,0.0,7.307460743933916,2.1487654000000003
2025-03-06 11:00:00,3.1167948,70.2,-0.130385160446167,-0.130385160446167,7.356355179101229,2.986409639553833
2025-03-06 12:00:00,2.65346812,67.7,-0.5340576171875,-0.5340576171875,7.556626785546541,2.1194105028125
2025-03-06 13:00:00,2.46594984,59.99,-3.5,-3.5,8.869126785546541,-1.03405016
2025-03-06 14:00:00,2.08601704,54.19,-4.0,-4.0,10.369126785546541,-1.9139829599999998
2025-03-06 15:00:00,1.8391124,54.97,-4.0,-4.0,11.869126785546541,-2.1608875999999997
2025-03-06 16:00:00,1.6870823199999998,60.01,-2.1875,-2.1875,12.689439285546541,-0.5004176800000002
2025-03-06 17:00:00,0.74266072,76.99,0.0,0.0,12.689439285546541,0.74266072
2025-03-06 18:00:00,0.01119936,101.0,0.0,0.0,12.689439285546541,0.01119936
2025-03-06 19:00:00,0.0,126.02,4.0,1.5,8.689439285546541,1.5
2025-03-06 20:00:00,0.0,117.01,4.0,1.5,4.689439285546541,1.5
2025-03-06 21:00:00,0.0,105.51,0.0,0.0,4.689439285546541,0.0
2025-03-06 22:00:00,0.0,91.96,0.0,0.0,4.689439285546541,0.0
2025-03-06 23:00:00,0.0,76.6,0.0,0.0,4.689439285546541,0.0
2025-03-07 00:00:00,0.0,77.33,4.0,1.5,0.6894392855465412,1.5
2025-03-07 01:00:00,0.0,69.99,0.0,0.0,0.6894392855465412,0.0
2025-03-07 02:00:00,0.0,63.93,0.0,0.0,0.6894392855465412,0.0
2025-03-07 03:00:00,0.0,60.01,0.0,0.0,0.6894392855465412,0.0
2025-03-07 04:00:00,0.0,60.2,0.0,0.0,0.6894392855465412,0.0
2025-03-07 05:00:00,0.0,64.01,0.0,0.0,0.6894392855465412,0.0
2025-03-07 06:00:00,0.0,67.98,0.0,0.0,0.6894392855465412,0.0
2025-03-07 07:00:00,0.03994716,77.1,0.0,0.0,0.6894392855465412,0.03994716
2025-03-07 08:00:00,1.2199217999999998,77.14,4.0,1.5,-3.310560714453459,2.7199218
2025-03-07 09:00:00,2.13591052,62.27,0.0,0.0,-3.310560714453459,2.13591052
2025-03-07 10:00:00,2.7788000400000006,60.32,0.0,0.0,-3.310560714453459,2.7788000400000006
2025-03-07 11:00:00,3.17158136,35.0,-0.8544921875,-0.8544921875,-2.990126144140959,2.3170891725
2025-03-07 12:00:00,3.3294492,20.47,-4.0,-4.0,-1.4901261441409588,-0.6705508
2025-03-07 13:00:00,3.25204692,7.82,-4.0,-4.0,0.009873855859041214,-0.7479530799999998
2025-03-07 14:00:00,2.963216,23.9,-2.1875,-2.1875,0.8301863558590412,0.7757160000000001
2025-03-07 15:00:00,2.46654452,15.01,-4.0,-4.0,2.330186355859041,-1.5334554800000002
2025-03-07 16:00:00,1.76993116,22.34,-3.5,-3.5,3.642686355859041,-1.73006884
2025-03-07 17:00:00,0.79989192,29.75,-1.3671875,-1.3671875,4.155381668359041,-0.56729558
2025-03-07 18:00:00,0.0438301599999999,43.33,-0.5340576171875,-0.5340576171875,4.355653274804354,-0.4902274571875001
2025-03-07 19:00:00,0.0,44.1,-0.2086162567138672,-0.2086162567138672,4.433884371072054,-0.2086162567138672
2025-03-07 20:00:00,0.0,52.2,0.0,0.0,4.433884371072054,0.0
2025-03-07 21:00:00,0.0,50.0,-0.130385160446167,-0.130385160446167,4.4827788062393665,-0.130385160446167
2025-03-07 22:00:00,0.0,50.0,-0.08149072527885437,-0.08149072527885437,4.513337828218937,-0.08149072527885437
2025-03-07 23:00:00,0.0,43.84,-0.3337860107421875,-0.3337860107421875,4.638507582247257,-0.3337860107421875
2025-03-08 00:00:00,0.0,29.0,0.0,0.0,4.638507582247257,0.0
2025-03-08 01:00:00,0.0,13.2,0.0,0.0,4.638507582247257,0.0
2025-03-08 02:00:00,0.0,13.2,0.0,0.0,4.638507582247257,0.0
2025-03-08 03:00:00,0.0,12.2,0.0,0.0,4.638507582247257,0.0
2025-03-08 04:00:00,0.0,7.19,-0.08149072527885437,-0.08149072527885437,4.669066604226828,-0.08149072527885437
2025-03-08 05:00:00,0.0,5.0,-0.3337860107421875,-0.3337860107421875,4.794236358255148,-0.3337860107421875
2025-03-08 06:00:00,0.0,8.9,0.0,0.0,4.794236358255148,0.0
2025-03-08 07:00:00,0.228646,10.96,0.0,0.0,4.794236358255148,0.228646
2025-03-08 08:00:00,1.27321792,5.0,-0.2086162567138672,-0.2086162567138672,4.872467454522848,1.0646016632861328
2025-03-08 09:00:00,2.17839436,6.99,-0.130385160446167,-0.130385160446167,4.921361889690161,2.048009199553833
2025-03-08 10:00:00,2.8150892800000005,3.52,-1.3671875,-1.3671875,5.434057202190161,1.4479017800000005
2025-03-08 11:00:00,3.1966450400000004,3.52,-0.8544921875,-0.8544921875,5.754491772502661,2.3421528525000004
2025-03-08 12:00:00,3.3583649600000003,2.99,-2.1875,-2.1875,6.574804272502661,1.1708649600000003
2025-03-08 13:00:00,3.30270736,1.0,-3.5,-3.5,7.887304272502661,-0.19729264000000013
2025-03-08 14:00:00,3.0136609200000004,0.07,-4.0,-4.0,9.38730427250266,-0.9863390799999996
2025-03-08 15:00:00,2.49906988,0.02,-4.0,-4.0,10.88730427250266,-1.50093012
2025-03-08 16:00:00,1.79215136,0.65,-4.0,-4.0,12.38730427250266,-2.20784864
2025-03-08 17:00:00,0.81553152,3.52,-0.5340576171875,-0.5340576171875,12.587575878947973,0.28147390281249995
2025-03-08 18:00:00,0.04631312,35.0,0.0,0.0,12.587575878947973,0.04631312
2025-03-08 19:00:00,0.0,43.38,4.0,1.5,8.587575878947973,1.5
2025-03-08 20:00:00,0.0,41.23,4.0,1.5,4.587575878947973,1.5
2025-03-08 21:00:00,0.0,40.65,0.0,0.0,4.587575878947973,0.0
2025-03-08 22:00:00,0.0,40.0,0.0,0.0,4.587575878947973,0.0
2025-03-08 23:00:00,0.0,38.1,0.0,0.0,4.587575878947973,0.0
2025-03-09 00:00:00,0.0,35.4,0.0,0.0,4.587575878947973,0.0
2025-03-09 01:00:00,0.0,35.01,0.0,0.0,4.587575878947973,0.0
2025-03-09 02:00:00,0.0,35.01,0.0,0.0,4.587575878947973,0.0
2025-03-09 03:00:00,0.0,33.29,-0.130385160446167,-0.130385160446167,4.636470314115286,-0.130385160446167
2025-03-09 04:00:00,0.0,29.97,-0.5340576171875,-0.5340576171875,4.836741920560598,-0.5340576171875
2025-03-09 05:00:00,0.0,31.4,-0.3337860107421875,-0.3337860107421875,4.961911674588919,-0.3337860107421875
2025-03-09 06:00:00,0.0,31.81,-0.2086162567138672,-0.2086162567138672,5.040142770856619,-0.2086162567138672
2025-03-09 07:00:00,0.23808464,35.0,-0.08149072527885437,-0.08149072527885437,5.070701792836189,0.15659391472114562
2025-03-09 08:00:00,1.27808144,35.0,0.0,0.0,5.070701792836189,1.27808144
2025-03-09 09:00:00,2.19353932,29.27,-0.8544921875,-0.8544921875,5.391136363148689,1.3390471325000002
2025-03-09 10:00:00,2.85820072,10.1,-3.5,-3.5,6.703636363148689,-0.6417992799999999
2025-03-09 11:00:00,3.28377452,9.13,-4.0,-4.0,8.20363636314869,-0.7162254799999999
2025-03-09 12:00:00,3.4692226400000004,13.2,-2.1875,-2.1875,9.02394886314869,1.2817226400000004
2025-03-09 13:00:00,3.4076196800000003,7.1,-4.0,-4.0,10.52394886314869,-0.5923803199999997
2025-03-09 14:00:00,3.10384076,3.52,-4.0,-4.0,12.02394886314869,-0.8961592399999998
2025-03-09 15:00:00,2.56922436,17.39,-1.3671875,-1.3671875,12.53664417564869,1.2020368600000002
2025-03-09 16:00:00,1.83313912,35.01,0.0,0.0,12.53664417564869,1.83313912
2025-03-09 17:00:00,0.8351890799999999,47.68,0.0,0.0,12.53664417564869,0.8351890799999999
2025-03-09 18:00:00,0.0470920399999999,89.02,0.0,0.0,12.53664417564869,0.0470920399999999
2025-03-09 19:00:00,0.0,124.5,4.0,1.5,8.53664417564869,1.5
2025-03-09 20:00:00,0.0,127.6,4.0,1.5,4.536644175648689,1.5
2025-03-09 21:00:00,0.0,115.66,0.0,0.0,4.536644175648689,0.0
2025-03-09 22:00:00,0.0,97.04,0.0,0.0,4.536644175648689,0.0
2025-03-09 23:00:00,0.0,88.06,0.0,0.0,4.536644175648689,0.0
2025-03-10 00:00:00,0.0,85.51,0.0,0.0,4.536644175648689,0.0
2025-03-10 01:00:00,0.0,78.03,-0.08149072527885437,-0.08149072527885437,4.56720319762826,-0.08149072527885437
2025-03-10 02:00:00,0.0,73.01,-3.5,-3.5,5.87970319762826,-3.5
2025-03-10 03:00:00,0.0,71.31,-4.0,-4.0,7.37970319762826,-4.0
2025-03-10 04:00:00,0.0,66.7,-4.0,-4.0,8.87970319762826,-4.0
2025-03-10 05:00:00,0.0,73.43,-2.1875,-2.1875,9.70001569762826,-2.1875
2025-03-10 06:00:00,0.0,75.51,-1.3671875,-1.3671875,10.21271101012826,-1.3671875
2025-03-10 07:00:00,0.23837228,78.03,0.0,0.0,10.21271101012826,0.23837228
2025-03-10 08:00:00,1.23898468,84.38,0.0,0.0,10.21271101012826,1.23898468
2025-03-10 09:00:00,2.12974504,93.03,0.0,0.0,10.21271101012826,2.12974504
2025-03-10 10:00:00,2.73872948,82.99,0.0,0.0,10.21271101012826,2.73872948
2025-03-10 11:00:00,3.1217032,78.0,-0.130385160446167,-0.130385160446167,10.261605445295572,2.991318039553833
2025-03-10 12:00:00,3.27929136,76.02,-0.5340576171875,-0.5340576171875,10.461877051740885,2.7452337428125
2025-03-10 13:00:00,3.20510788,77.32,-0.3337860107421875,-0.3337860107421875,10.587046805769205,2.8713218692578124
2025-03-10 14:00:00,2.91072868,75.51,-0.8544921875,-0.8544921875,10.907481376081705,2.0562364925
2025-03-10 15:00:00,2.4328326,69.11,-4.0,-4.0,12.407481376081705,-1.5671674000000002
2025-03-10 16:00:00,1.7355587599999998,77.86,-0.2086162567138672,-0.2086162567138672,12.485712472349405,1.5269425032861326
2025-03-10 17:00:00,0.79611424,95.92,0.0,0.0,12.485712472349405,0.79611424
2025-03-10 18:00:00,0.05020536,117.84,0.0,0.0,12.485712472349405,0.05020536
2025-03-10 19:00:00,0.0,152.05,4.0,1.5,8.485712472349405,1.5
2025-03-10 20:00:00,0.0,131.6,4.0,1.5,4.485712472349405,1.5
2025-03-10 21:00:00,0.0,110.0,0.0,0.0,4.485712472349405,0.0
2025-03-10 22:00:00,0.0,100.0,0.0,0.0,4.485712472349405,0.0
2025-03-10 23:00:00,0.0,92.0,0.0,0.0,4.485712472349405,0.0
2025-03-11 00:00:00,0.0,91.0,-0.08149072527885437,-0.08149072527885437,4.516271494328976,-0.08149072527885437
2025-03-11 01:00:00,0.0,87.45,-0.130385160446167,-0.130385160446167,4.565165929496288,-0.130385160446167
2025-03-11 02:00:00,0.0,84.47,-0.2086162567138672,-0.2086162567138672,4.6433970257639885,-0.2086162567138672
2025-03-11 03:00:00,0.0,82.36,-1.3671875,-1.3671875,5.1560923382639885,-1.3671875
2025-03-11 04:00:00,0.0,82.36,-0.8544921875,-0.8544921875,5.4765269085764885,-0.8544921875
2025-03-11 05:00:00,0.0,91.92,0.0,0.0,5.4765269085764885,0.0
2025-03-11 06:00:00,0.0,92.8,0.0,0.0,5.4765269085764885,0.0
2025-03-11 07:00:00,0.2192645999999999,114.57,0.0,0.0,5.4765269085764885,0.2192645999999999
2025-03-11 08:00:00,1.17042912,126.96,0.0,0.0,5.4765269085764885,1.17042912
2025-03-11 09:00:00,1.40410924,100.93,0.0,0.0,5.4765269085764885,1.40410924
2025-03-11 10:00:00,2.62098168,92.22,0.0,0.0,5.4765269085764885,2.62098168
2025-03-11 11:00:00,3.02378444,80.0,-2.1875,-2.1875,6.2968394085764885,0.83628444
2025-03-11 12:00:00,3.18856092,82.92,-0.3337860107421875,-0.3337860107421875,6.422009162604809,2.8547749092578125
2025-03-11 13:00:00,2.56274548,77.87,-3.5,-3.5,7.734509162604809,-0.9372545200000002
2025-03-11 14:00:00,1.70741476,75.0,-4.0,-4.0,9.234509162604809,-2.29258524
2025-03-11 15:00:00,1.6602462400000002,69.1,-4.0,-4.0,10.734509162604809,-2.33975376
2025-03-11 16:00:00,1.6505131599999998,69.1,-4.0,-4.0,12.234509162604809,-2.34948684
2025-03-11 17:00:00,0.7411674800000001,82.5,-0.5340576171875,-0.5340576171875,12.434780769050121,0.2071098628125001
2025-03-11 18:00:00,0.05538904,114.5,0.0,0.0,12.434780769050121,0.05538904
2025-03-11 19:00:00,0.0,157.5,4.0,1.5,8.434780769050121,1.5
2025-03-11 20:00:00,0.0,137.84,4.0,1.5,4.434780769050121,1.5
2025-03-11 21:00:00,0.0,119.33,0.0,0.0,4.434780769050121,0.0
2025-03-11 22:00:00,0.0,108.78,0.0,0.0,4.434780769050121,0.0
2025-03-11 23:00:00,0.0,105.16,0.0,0.0,4.434780769050121,0.0
2025-03-12 00:00:00,0.0,84.99,0.0,0.0,4.434780769050121,0.0
2025-03-12 01:00:00,0.0,71.97,-0.3337860107421875,-0.3337860107421875,4.559950523078442,-0.3337860107421875
2025-03-12 02:00:00,0.0,69.1,-4.0,-4.0,6.059950523078442,-4.0
2025-03-12 03:00:00,0.0,71.58,-0.8544921875,-0.8544921875,6.380385093390942,-0.8544921875
2025-03-12 04:00:00,0.0,71.14,-1.3671875,-1.3671875,6.893080405890942,-1.3671875
2025-03-12 05:00:00,0.0,70.01,-4.0,-4.0,8.393080405890942,-4.0
2025-03-12 06:00:00,0.0,78.5,0.0,0.0,8.393080405890942,0.0
2025-03-12 07:00:00,0.08354252,103.08,0.0,0.0,8.393080405890942,0.08354252
2025-03-12 08:00:00,0.7275698799999999,104.44,0.0,0.0,8.393080405890942,0.7275698799999999
2025-03-12 09:00:00,2.21624348,85.0,0.0,0.0,8.393080405890942,2.21624348
2025-03-12 10:00:00,2.88203468,75.85,-0.08149072527885437,-0.08149072527885437,8.423639427870512,2.8005439547211455
2025-03-12 11:00:00,3.3133104,71.97,-0.2086162567138672,-0.2086162567138672,8.501870524138212,3.104694143286133
2025-03-12 12:00:00,3.49353016,70.39,-2.1875,-2.1875,9.322183024138212,1.3060301600000002
2025-03-12 13:00:00,3.42970404,70.01,-4.0,-4.0,10.822183024138212,-0.5702959600000002
2025-03-12 14:00:00,3.11933084,70.01,-3.5,-3.5,12.134683024138212,-0.38066916000000006
2025-03-12 15:00:00,2.59437608,71.83,-0.5340576171875,-0.5340576171875,12.334954630583525,2.0603184628125
2025-03-12 16:00:00,1.85293032,75.01,-0.130385160446167,-0.130385160446167,12.383849065750837,1.722545159553833
2025-03-12 17:00:00,0.8529688,103.08,0.0,0.0,12.383849065750837,0.8529688
2025-03-12 18:00:00,0.057202,130.41,0.0,0.0,12.383849065750837,0.057202
2025-03-12 19:00:00,0.0,176.69,4.0,1.5,8.383849065750837,1.5
2025-03-12 20:00:00,0.0,146.37,4.0,1.5,4.383849065750837,1.5
2025-03-12 21:00:00,0.0,132.2,0.0,0.0,4.383849065750837,0.0
2025-03-12 22:00:00,0.0,120.0,0.0,0.0,4.383849065750837,0.0
2025-03-12 23:00:00,0.0,109.91,0.0,0.0,4.383849065750837,0.0
2025-03-13 00:00:00,0.0,108.58,0.0,0.0,4.383849065750837,0.0
2025-03-13 01:00:00,0.0,103.46,-0.08149072527885437,-0.08149072527885437,4.414408087730408,-0.08149072527885437
2025-03-13 02:00:00,0.0,101.25,-0.2086162567138672,-0.2086162567138672,4.492639183998108,-0.2086162567138672
2025-03-13 03:00:00,0.0,95.12,-0.8544921875,-0.8544921875,4.813073754310608,-0.8544921875
2025-03-13 04:00:00,0.0,90.8,-4.0,-4.0,6.313073754310608,-4.0
2025-03-13 05:00:00,0.0,99.0,-0.3337860107421875,-0.3337860107421875,6.438243508338928,-0.3337860107421875
2025-03-13 06:00:00,0.0,110.01,0.0,0.0,6.438243508338928,0.0
2025-03-13 07:00:00,0.295342,152.28,0.0,0.0,6.438243508338928,0.295342
2025-03-13 08:00:00,1.3552500800000002,156.41,4.0,1.5,2.4382435083389282,2.8552500800000002
2025-03-13 09:00:00,2.27583008,140.0,0.0,0.0,2.4382435083389282,2.27583008
2025-03-13 10:00:00,2.94696476,117.56,0.0,0.0,2.4382435083389282,2.94696476
2025-03-13 11:00:00,3.37384724,110.54,0.0,0.0,2.4382435083389282,3.37384724
2025-03-13 12:00:00,3.53062308,102.75,-0.130385160446167,-0.130385160446167,2.487137943506241,3.400237919553833
2025-03-13 13:00:00,3.45371936,95.12,-0.5340576171875,-0.5340576171875,2.6874095499515533,2.9196617428125
2025-03-13 14:00:00,3.1316110800000003,92.38,-4.0,-4.0,4.187409549951553,-0.8683889199999997
2025-03-13 15:00:00,1.6699662400000002,92.47,-2.1875,-2.1875,5.007722049951553,-0.5175337599999998
2025-03-13 16:00:00,1.82527692,92.38,-3.5,-3.5,6.320222049951553,-1.67472308
2025-03-13 17:00:00,0.82949916,92.47,-1.3671875,-1.3671875,6.832917362451553,-0.53768834
2025-03-13 18:00:00,0.05538076,107.1,0.0,0.0,6.832917362451553,0.05538076
2025-03-13 19:00:00,0.0,160.86,4.0,1.5,2.8329173624515533,1.5
2025-03-13 20:00:00,0.0,149.0,0.0,0.0,2.8329173624515533,0.0
2025-03-13 21:00:00,0.0,126.51,0.0,0.0,2.8329173624515533,0.0
2025-03-13 22:00:00,0.0,103.5,0.0,0.0,2.8329173624515533,0.0
2025-03-13 23:00:00,0.0,81.9,-4.0,-4.0,4.332917362451553,-4.0
2025-03-14 00:00:00,0.0,49.75,0.0,0.0,4.332917362451553,0.0
2025-03-14 01:00:00,0.0,39.0,-0.08149072527885437,-0.08149072527885437,4.363476384431124,-0.08149072527885437
2025-03-14 02:00:00,0.0,35.1,-0.5340576171875,-0.5340576171875,4.563747990876436,-0.5340576171875
2025-03-14 03:00:00,0.0,35.01,-0.8544921875,-0.8544921875,4.884182561188936,-0.8544921875
2025-03-14 04:00:00,0.0,37.0,-0.3337860107421875,-0.3337860107421875,5.0093523152172565,-0.3337860107421875
2025-03-14 05:00:00,0.0,42.28,0.0,0.0,5.0093523152172565,0.0
2025-03-14 06:00:00,0.0,62.84,0.0,0.0,5.0093523152172565,0.0
2025-03-14 07:00:00,0.28823236,95.8,0.0,0.0,5.0093523152172565,0.28823236
2025-03-14 08:00:00,0.47641632,96.3,0.0,0.0,5.0093523152172565,0.47641632
2025-03-14 09:00:00,0.25401768,63.1,0.0,0.0,5.0093523152172565,0.25401768
2025-03-14 10:00:00,2.216585,38.0,-0.130385160446167,-0.130385160446167,5.058246750384569,2.086199839553833
2025-03-14 11:00:00,2.27715624,25.0,-1.3671875,-1.3671875,5.570942062884569,0.90996874
2025-03-14 12:00:00,2.12139184,24.7,-2.1875,-2.1875,6.391254562884569,-0.0661081600000002
2025-03-14 13:00:00,1.09546364,18.82,-3.5,-3.5,7.703754562884569,-2.40453636
2025-03-14 14:00:00,1.17975232,5.76,-4.0,-4.0,9.20375456288457,-2.82024768
2025-03-14 15:00:00,2.5404893200000003,5.0,-4.0,-4.0,10.70375456288457,-1.4595106799999997
2025-03-14 16:00:00,1.80516912,14.0,-4.0,-4.0,12.20375456288457,-2.19483088
2025-03-14 17:00:00,0.8212908400000001,37.0,-0.2086162567138672,-0.2086162567138672,12.28198565915227,0.6126745832861329
2025-03-14 18:00:00,0.0581451199999999,83.35,0.0,0.0,12.28198565915227,0.0581451199999999
2025-03-14 19:00:00,0.0,134.5,4.0,1.5,8.28198565915227,1.5
2025-03-14 20:00:00,0.0,130.01,4.0,1.5,4.281985659152269,1.5
2025-03-14 21:00:00,0.0,111.39,0.0,0.0,4.281985659152269,0.0
2025-03-14 22:00:00,0.0,104.14,0.0,0.0,4.281985659152269,0.0
2025-03-14 23:00:00,0.0,96.54,0.0,0.0,4.281985659152269,0.0
2025-03-15 00:00:00,0.0,82.26,0.0,0.0,4.281985659152269,0.0
2025-03-15 01:00:00,0.0,66.79,0.0,0.0,4.281985659152269,0.0
2025-03-15 02:00:00,0.0,59.43,0.0,0.0,4.281985659152269,0.0
2025-03-15 03:00:00,0.0,49.71,0.0,0.0,4.281985659152269,0.0
2025-03-15 04:00:00,0.0,44.72,-0.130385160446167,-0.130385160446167,4.330880094319582,-0.130385160446167
2025-03-15 05:00:00,0.0,44.72,-0.08149072527885437,-0.08149072527885437,4.361439116299152,-0.08149072527885437
2025-03-15 06:00:00,0.0,49.58,0.0,0.0,4.361439116299152,0.0
2025-03-15 07:00:00,0.02722336,59.68,0.0,0.0,4.361439116299152,0.02722336
2025-03-15 08:00:00,0.02206428,34.22,-0.2086162567138672,-0.2086162567138672,4.439670212566853,-0.1865519767138672
2025-03-15 09:00:00,0.8819145200000001,3.52,-0.5340576171875,-0.5340576171875,4.639941819012165,0.34785690281250015
2025-03-15 10:00:00,1.8769278,0.0,-4.0,-4.0,6.139941819012165,-2.1230722
2025-03-15 11:00:00,2.1249458,0.0,-4.0,-4.0,7.639941819012165,-1.8750542000000001
2025-03-15 12:00:00,2.37605016,0.0,-4.0,-4.0,9.139941819012165,-1.6239498399999999
2025-03-15 13:00:00,1.76737224,0.01,-2.1875,-2.1875,9.960254319012165,-0.42012775999999996
2025-03-15 14:00:00,1.78320864,0.0,-3.5,-3.5,11.272754319012165,-1.71679136
2025-03-15 15:00:00,1.44848972,0.02,-1.3671875,-1.3671875,11.785449631512165,0.08130221999999998
2025-03-15 16:00:00,0.23529268,1.0,-0.8544921875,-0.8544921875,12.105884201824665,-0.6191995075
2025-03-15 17:00:00,0.027561,29.52,-0.3337860107421875,-0.3337860107421875,12.231053955852985,-0.3062250107421875
2025-03-15 18:00:00,0.02541792,85.0,0.0,0.0,12.231053955852985,0.02541792
2025-03-15 19:00:00,0.0,132.96,4.0,1.5,8.231053955852985,1.5
2025-03-15 20:00:00,0.0,121.46,4.0,1.5,4.231053955852985,1.5
2025-03-15 21:00:00,0.0,108.5,0.0,0.0,4.231053955852985,0.0
2025-03-15 22:00:00,0.0,105.02,0.0,0.0,4.231053955852985,0.0
2025-03-15 23:00:00,0.0,95.25,0.0,0.0,4.231053955852985,0.0
2025-03-16 00:00:00,0.0,82.93,0.0,0.0,4.231053955852985,0.0
2025-03-16 01:00:00,0.0,70.0,0.0,0.0,4.231053955852985,0.0
2025-03-16 02:00:00,0.0,65.0,-0.08149072527885437,-0.08149072527885437,4.261612977832556,-0.08149072527885437
2025-03-16 03:00:00,0.0,65.0,0.0,0.0,4.261612977832556,0.0
2025-03-16 04:00:00,0.0,63.02,-0.130385160446167,-0.130385160446167,4.310507412999868,-0.130385160446167
2025-03-16 05:00:00,0.0,65.0,0.0,0.0,4.310507412999868,0.0
2025-03-16 06:00:00,0.0,65.0,0.0,0.0,4.310507412999868,0.0
2025-03-16 07:00:00,0.010492,67.8,0.0,0.0,4.310507412999868,0.010492
2025-03-16 08:00:00,0.03695244,60.35,-0.2086162567138672,-0.2086162567138672,4.388738509267569,-0.17166381671386718
2025-03-16 09:00:00,0.28017532,40.5,-0.5340576171875,-0.5340576171875,4.589010115712881,-0.2538822971875
2025-03-16 10:00:00,0.38925964,25.3,-1.3671875,-1.3671875,5.101705428212881,-0.97792786
2025-03-16 11:00:00,0.26481848,11.06,-3.5,-3.5,6.414205428212881,-3.23518152
2025-03-16 12:00:00,0.3510258,10.52,-4.0,-4.0,7.914205428212881,-3.6489742
2025-03-16 13:00:00,1.12986316,11.37,-2.1875,-2.1875,8.734517928212881,-1.05763684
2025-03-16 14:00:00,0.30409128,9.94,-4.0,-4.0,10.234517928212881,-3.69590872
2025-03-16 15:00:00,0.1428504,6.99,-4.0,-4.0,11.734517928212881,-3.8571496
2025-03-16 16:00:00,0.3018664,25.3,-0.8544921875,-0.8544921875,12.054952498525381,-0.5526257875
2025-03-16 17:00:00,0.0105173199999999,46.0,-0.3337860107421875,-0.3337860107421875,12.180122252553701,-0.3232686907421876
2025-03-16 18:00:00,0.01324424,82.93,0.0,0.0,12.180122252553701,0.01324424
2025-03-16 19:00:00,0.0,140.0,4.0,1.5,8.180122252553701,1.5
2025-03-16 20:00:00,0.0,130.43,4.0,1.5,4.180122252553701,1.5
2025-03-16 21:00:00,0.0,113.31,0.0,0.0,4.180122252553701,0.0
2025-03-16 22:00:00,0.0,107.05,0.0,0.0,4.180122252553701,0.0
2025-03-16 23:00:00,0.0,89.0,0.0,0.0,4.180122252553701,0.0
2025-03-17 00:00:00,0.0,83.55,0.0,0.0,4.180122252553701,0.0
2025-03-17 01:00:00,0.0,71.26,-0.5340576171875,-0.5340576171875,4.380393858999014,-0.5340576171875
2025-03-17 02:00:00,0.0,74.66,-0.130385160446167,-0.130385160446167,4.4292882941663265,-0.130385160446167
2025-03-17 03:00:00,0.0,71.26,-0.3337860107421875,-0.3337860107421875,4.554458048194647,-0.3337860107421875
2025-03-17 04:00:00,0.0,71.26,-0.2086162567138672,-0.2086162567138672,4.632689144462347,-0.2086162567138672
2025-03-17 05:00:00,0.0,69.6,-1.3671875,-1.3671875,5.145384456962347,-1.3671875
2025-03-17 06:00:00,0.0,74.66,-0.08149072527885437,-0.08149072527885437,5.175943478941917,-0.08149072527885437
2025-03-17 07:00:00,0.01613464,75.85,0.0,0.0,5.175943478941917,0.01613464
2025-03-17 08:00:00,0.0547996,92.16,0.0,0.0,5.175943478941917,0.0547996
2025-03-17 09:00:00,1.40477168,99.0,0.0,0.0,5.175943478941917,1.40477168
2025-03-17 10:00:00,2.03279416,81.1,0.0,0.0,5.175943478941917,2.03279416
2025-03-17 11:00:00,2.43458944,70.07,-0.8544921875,-0.8544921875,5.496378049254417,1.5800972524999999
2025-03-17 12:00:00,2.3593258,58.9,-4.0,-4.0,6.996378049254417,-1.6406741999999999
2025-03-17 13:00:00,3.21611816,50.24,-4.0,-4.0,8.496378049254417,-0.7838818399999998
2025-03-17 14:00:00,2.9022200400000004,50.24,-4.0,-4.0,9.996378049254417,-1.0977799599999996
2025-03-17 15:00:00,2.33473084,60.34,-3.5,-3.5,11.308878049254417,-1.1652691599999998
2025-03-17 16:00:00,1.5854235600000002,68.1,-2.1875,-2.1875,12.129190549254417,-0.6020764399999998
2025-03-17 17:00:00,0.7079761599999999,80.67,0.0,0.0,12.129190549254417,0.7079761599999999
2025-03-17 18:00:00,0.0659188,111.93,0.0,0.0,12.129190549254417,0.0659188
2025-03-17 19:00:00,0.0,170.0,4.0,1.5,8.129190549254417,1.5
2025-03-17 20:00:00,0.0,141.5,4.0,1.5,4.129190549254417,1.5
2025-03-17 21:00:00,0.0,110.96,0.0,0.0,4.129190549254417,0.0
2025-03-17 22:00:00,0.0,104.18,0.0,0.0,4.129190549254417,0.0
2025-03-17 23:00:00,0.0,75.85,0.0,0.0,4.129190549254417,0.0
2025-03-18 00:00:00,0.0,70.79,0.0,0.0,4.129190549254417,0.0
2025-03-18 01:00:00,0.0,40.3,-0.08149072527885437,-0.08149072527885437,4.159749571233988,-0.08149072527885437
2025-03-18 02:00:00,0.0,37.84,-0.8544921875,-0.8544921875,4.480184141546488,-0.8544921875
2025-03-18 03:00:00,0.0,40.0,-0.130385160446167,-0.130385160446167,4.5290785767138,-0.130385160446167
2025-03-18 04:00:00,0.0,39.8,-0.2086162567138672,-0.2086162567138672,4.607309672981501,-0.2086162567138672
2025-03-18 05:00:00,0.0,38.31,-0.3337860107421875,-0.3337860107421875,4.732479427009821,-0.3337860107421875
2025-03-18 06:00:00,0.0,54.23,0.0,0.0,4.732479427009821,0.0
2025-03-18 07:00:00,0.18470936,78.87,0.0,0.0,4.732479427009821,0.18470936
2025-03-18 08:00:00,1.0448056,94.14,0.0,0.0,4.732479427009821,1.0448056
2025-03-18 09:00:00,1.90678896,72.65,0.0,0.0,4.732479427009821,1.90678896
2025-03-18 10:00:00,2.5938316,37.84,-0.5340576171875,-0.5340576171875,4.932751033455133,2.0597739828125
2025-03-18 11:00:00,3.0250696000000006,12.84,-4.0,-4.0,6.432751033455133,-0.9749303999999994
2025-03-18 12:00:00,3.23778772,20.2,-3.5,-3.5,7.745251033455133,-0.26221227999999996
2025-03-18 13:00:00,3.1669078,5.19,-4.0,-4.0,9.245251033455133,-0.8330921999999998
2025-03-18 14:00:00,2.8707401600000004,6.03,-4.0,-4.0,10.745251033455133,-1.1292598399999996
2025-03-18 15:00:00,2.3891293200000003,24.59,-2.1875,-2.1875,11.565563533455133,0.20162932000000033
2025-03-18 16:00:00,1.68487852,33.0,-1.3671875,-1.3671875,12.078258845955133,0.31769102000000005
2025-03-18 17:00:00,0.7781225599999999,41.89,0.0,0.0,12.078258845955133,0.7781225599999999
2025-03-18 18:00:00,0.07108176,72.0,0.0,0.0,12.078258845955133,0.07108176
2025-03-18 19:00:00,0.0,150.79,4.0,1.5,8.078258845955133,1.5
2025-03-18 20:00:00,0.0,136.97,4.0,1.5,4.078258845955133,1.5
2025-03-18 21:00:00,0.0,105.69,0.0,0.0,4.078258845955133,0.0
2025-03-18 22:00:00,0.0,90.95,0.0,0.0,4.078258845955133,0.0
2025-03-18 23:00:00,0.0,79.43,0.0,0.0,4.078258845955133,0.0
2025-03-19 00:00:00,0.0,46.68,4.0,1.5,0.07825884595513344,1.5
2025-03-19 01:00:00,0.0,44.02,0.0,0.0,0.07825884595513344,0.0
2025-03-19 02:00:00,0.0,39.92,0.0,0.0,0.07825884595513344,0.0
2025-03-19 03:00:00,0.0,35.01,0.0,0.0,0.07825884595513344,0.0
2025-03-19 04:00:00,0.0,35.01,0.0,0.0,0.07825884595513344,0.0
2025-03-19 05:00:00,0.0,35.0,0.0,0.0,0.07825884595513344,0.0
2025-03-19 06:00:00,0.0,20.68,-0.130385160446167,-0.130385160446167,0.12715328112244606,-0.130385160446167
2025-03-19 07:00:00,0.32072444,29.42,-0.08149072527885437,-0.08149072527885437,0.15771230310201645,0.23923371472114563
2025-03-19 08:00:00,1.3090360799999998,31.29,0.0,0.0,0.15771230310201645,1.3090360799999998
2025-03-19 09:00:00,2.15764072,20.19,-0.2086162567138672,-0.2086162567138672,0.23594339936971664,1.9490244632861327
2025-03-19 10:00:00,2.7652788799999994,6.0,-0.5340576171875,-0.5340576171875,0.43621500581502914,2.2312212628124994
2025-03-19 11:00:00,3.1388741600000003,0.22,-1.3671875,-1.3671875,0.9489103183150291,1.7716866600000003
2025-03-19 12:00:00,3.32008816,0.0,-4.0,-4.0,2.448910318315029,-0.6799118399999999
2025-03-19 13:00:00,3.2412395600000004,0.0,-4.0,-4.0,3.948910318315029,-0.7587604399999996
2025-03-19 14:00:00,2.9633492800000005,0.0,-4.0,-4.0,5.448910318315029,-1.0366507199999995
2025-03-19 15:00:00,2.473015,0.0,-3.5,-3.5,6.761410318315029,-1.0269849999999998
2025-03-19 16:00:00,1.7971734400000003,0.1,-2.1875,-2.1875,7.581722818315029,-0.39032655999999966
2025-03-19 17:00:00,0.8519166800000001,3.6,-0.8544921875,-0.8544921875,7.902157388627529,-0.0025755074999999072
2025-03-19 18:00:00,0.06631756,31.1,0.0,0.0,7.902157388627529,0.06631756
2025-03-19 19:00:00,0.0,36.68,0.0,0.0,7.902157388627529,0.0
2025-03-19 20:00:00,0.0,52.96,4.0,1.5,3.902157388627529,1.5
2025-03-19 21:00:00,0.0,38.26,0.0,0.0,3.902157388627529,0.0
2025-03-19 22:00:00,0.0,30.34,0.0,0.0,3.902157388627529,0.0
2025-03-19 23:00:00,0.0,16.09,-0.3337860107421875,-0.3337860107421875,4.0273271426558495,-0.3337860107421875
2025-03-20 00:00:00,0.0,7.89,0.0,0.0,4.0273271426558495,0.0
2025-03-20 01:00:00,0.0,6.0,-0.130385160446167,-0.130385160446167,4.076221577823162,-0.130385160446167
2025-03-20 02:00:00,0.0,3.52,-3.5,-3.5,5.388721577823162,-3.5
2025-03-20 03:00:00,0.0,3.52,-2.1875,-2.1875,6.209034077823162,-2.1875
2025-03-20 04:00:00,0.0,3.52,-1.3671875,-1.3671875,6.721729390323162,-1.3671875
2025-03-20 05:00:00,0.0,3.52,-0.8544921875,-0.8544921875,7.042163960635662,-0.8544921875
2025-03-20 06:00:00,0.0,6.0,-0.08149072527885437,-0.08149072527885437,7.0727229826152325,-0.08149072527885437
2025-03-20 07:00:00,0.11443312,9.7,0.0,0.0,7.0727229826152325,0.11443312
2025-03-20 08:00:00,0.57156392,14.0,0.0,0.0,7.0727229826152325,0.57156392
2025-03-20 09:00:00,0.96171232,5.0,-0.2086162567138672,-0.2086162567138672,7.150954078882933,0.7530960632861328
2025-03-20 10:00:00,2.88585144,3.52,-0.5340576171875,-0.5340576171875,7.351225685328245,2.3517938228125
2025-03-20 11:00:00,3.28660752,3.42,-4.0,-4.0,8.851225685328245,-0.71339248
2025-03-20 12:00:00,2.35428604,0.43,-4.0,-4.0,10.351225685328245,-1.6457139600000001
2025-03-20 13:00:00,2.28137148,0.65,-4.0,-4.0,11.851225685328245,-1.7186285200000002
2025-03-20 14:00:00,3.07175544,3.52,-0.3337860107421875,-0.3337860107421875,11.976395439356565,2.7379694292578125
2025-03-20 15:00:00,2.5489130400000004,6.09,0.0,0.0,11.976395439356565,2.5489130400000004
2025-03-20 16:00:00,1.81768544,15.47,0.0,0.0,11.976395439356565,1.81768544
2025-03-20 17:00:00,0.8504358000000001,35.0,0.0,0.0,11.976395439356565,0.8504358000000001
2025-03-20 18:00:00,0.07197584,62.96,0.0,0.0,11.976395439356565,0.07197584
2025-03-20 19:00:00,0.0,101.6,4.0,1.5,7.9763954393565655,1.5
2025-03-20 20:00:00,0.0,93.74,4.0,1.5,3.9763954393565655,1.5
2025-03-20 21:00:00,0.0,63.99,0.0,0.0,3.9763954393565655,0.0
2025-03-20 22:00:00,0.0,50.21,0.0,0.0,3.9763954393565655,0.0
2025-03-20 23:00:00,0.0,41.34,0.0,0.0,3.9763954393565655,0.0
2025-03-21 00:00:00,0.0,16.74,0.0,0.0,3.9763954393565655,0.0
2025-03-21 01:00:00,0.0,9.2,0.0,0.0,3.9763954393565655,0.0
2025-03-21 02:00:00,0.0,5.7,0.0,0.0,3.9763954393565655,0.0
2025-03-21 03:00:00,0.0,4.2,-0.130385160446167,-0.130385160446167,4.025289874523878,-0.130385160446167
2025-03-21 04:00:00,0.0,3.52,-0.8544921875,-0.8544921875,4.345724444836378,-0.8544921875
2025-03-21 05:00:00,0.0,4.2,-0.08149072527885437,-0.08149072527885437,4.3762834668159485,-0.08149072527885437
2025-03-21 06:00:00,0.0,8.85,0.0,0.0,4.3762834668159485,0.0
2025-03-21 07:00:00,0.01604812,15.46,0.0,0.0,4.3762834668159485,0.01604812
2025-03-21 08:00:00,0.09663292,10.6,0.0,0.0,4.3762834668159485,0.09663292
2025-03-21 09:00:00,1.66842716,3.52,-0.5340576171875,-0.5340576171875,4.576555073261261,1.1343695428125
2025-03-21 10:00:00,0.6790225599999999,3.52,-0.3337860107421875,-0.3337860107421875,4.701724827289581,0.34523654925781244
2025-03-21 11:00:00,1.91552984,0.74,-2.1875,-2.1875,5.522037327289581,-0.27197015999999996
2025-03-21 12:00:00,1.4563338,0.65,-4.0,-4.0,7.022037327289581,-2.5436662
2025-03-21 13:00:00,0.8541422,0.18,-4.0,-4.0,8.522037327289581,-3.1458578
2025-03-21 14:00:00,0.63750364,0.18,-4.0,-4.0,10.022037327289581,-3.3624963599999997
2025-03-21 15:00:00,1.4596874400000002,0.65,-3.5,-3.5,11.334537327289581,-2.04031256
2025-03-21 16:00:00,1.84009008,1.1,-1.3671875,-1.3671875,11.847232639789581,0.47290257999999996
2025-03-21 17:00:00,0.8749716000000001,3.52,-0.2086162567138672,-0.2086162567138672,11.925463736057281,0.6663553432861329
2025-03-21 18:00:00,0.07033952,9.5,0.0,0.0,11.925463736057281,0.07033952
2025-03-21 19:00:00,0.0,35.0,0.0,0.0,11.925463736057281,0.0
2025-03-21 20:00:00,0.0,40.0,4.0,1.5,7.9254637360572815,1.5
2025-03-21 21:00:00,0.0,35.01,4.0,1.5,3.9254637360572815,1.5
2025-03-21 22:00:00,0.0,29.42,0.0,0.0,3.9254637360572815,0.0
2025-03-21 23:00:00,0.0,15.0,0.0,0.0,3.9254637360572815,0.0
2025-03-22 00:00:00,0.0,3.52,0.0,0.0,3.9254637360572815,0.0
2025-03-22 01:00:00,0.0,3.52,0.0,0.0,3.9254637360572815,0.0
2025-03-22 02:00:00,0.0,1.0,0.0,0.0,3.9254637360572815,0.0
2025-03-22 03:00:00,0.0,0.5,-0.2086162567138672,-0.2086162567138672,4.003694832324982,-0.2086162567138672
2025-03-22 04:00:00,0.0,0.5,-0.130385160446167,-0.130385160446167,4.052589267492294,-0.130385160446167
2025-03-22 05:00:00,0.0,1.0,0.0,0.0,4.052589267492294,0.0
2025-03-22 06:00:00,0.0,0.65,0.0,0.0,4.052589267492294,0.0
2025-03-22 07:00:00,0.0541476,0.5,-0.08149072527885437,-0.08149072527885437,4.083148289471865,-0.027343125278854373
2025-03-22 08:00:00,0.25283252,0.1,-0.3337860107421875,-0.3337860107421875,4.208318043500185,-0.0809534907421875
2025-03-22 09:00:00,0.98675116,0.0,-4.0,-4.0,5.708318043500185,-3.01324884
2025-03-22 10:00:00,0.62539824,0.0,-4.0,-4.0,7.208318043500185,-3.37460176
2025-03-22 11:00:00,0.54155592,0.0,-3.5,-3.5,8.520818043500185,-2.95844408
2025-03-22 12:00:00,1.71877184,0.0,-2.1875,-2.1875,9.341130543500185,-0.46872815999999995
2025-03-22 13:00:00,1.04995604,0.0,-1.3671875,-1.3671875,9.853825856000185,-0.3172314599999999
2025-03-22 14:00:00,0.93576672,0.0,-0.8544921875,-0.8544921875,10.174260426312685,0.08127453250000005
2025-03-22 15:00:00,0.5905524400000001,-0.01,-4.0,-4.0,11.674260426312685,-3.40944756
2025-03-22 16:00:00,0.59184744,0.0,-0.5340576171875,-0.5340576171875,11.874532032757998,0.0577898228125
2025-03-22 17:00:00,0.05468832,0.65,0.0,0.0,11.874532032757998,0.05468832
2025-03-22 18:00:00,0.04605228,10.5,0.0,0.0,11.874532032757998,0.04605228
2025-03-22 19:00:00,0.0,40.0,0.0,0.0,11.874532032757998,0.0
2025-03-22 20:00:00,0.0,76.01,4.0,1.5,7.8745320327579975,1.5
2025-03-22 21:00:00,0.0,52.05,4.0,1.5,3.8745320327579975,1.5
2025-03-22 22:00:00,0.0,43.9,0.0,0.0,3.8745320327579975,0.0
2025-03-22 23:00:00,0.0,35.01,0.0,0.0,3.8745320327579975,0.0
2025-03-23 00:00:00,0.0,35.01,0.0,0.0,3.8745320327579975,0.0
2025-03-23 01:00:00,0.0,33.55,0.0,0.0,3.8745320327579975,0.0
2025-03-23 02:00:00,0.0,19.97,0.0,0.0,3.8745320327579975,0.0
2025-03-23 03:00:00,0.0,10.1,0.0,0.0,3.8745320327579975,0.0
2025-03-23 04:00:00,0.0,8.5,-0.130385160446167,-0.130385160446167,3.92342646792531,-0.130385160446167
2025-03-23 05:00:00,0.0,8.74,-0.08149072527885437,-0.08149072527885437,3.9539854899048805,-0.08149072527885437
2025-03-23 06:00:00,0.0,10.1,0.0,0.0,3.9539854899048805,0.0
2025-03-23 07:00:00,0.0339108,15.0,0.0,0.0,3.9539854899048805,0.0339108
2025-03-23 08:00:00,0.01367152,7.4,-0.2086162567138672,-0.2086162567138672,4.032216586172581,-0.1949447367138672
2025-03-23 09:00:00,1.65415072,3.52,-0.5340576171875,-0.5340576171875,4.232488192617893,1.1200931028125
2025-03-23 10:00:00,2.954067,0.65,-0.8544921875,-0.8544921875,4.552922762930393,2.0995748125
2025-03-23 11:00:00,3.35904904,0.54,-1.3671875,-1.3671875,5.065618075430393,1.99186154
2025-03-23 12:00:00,3.55440392,0.1,-3.5,-3.5,6.378118075430393,0.05440391999999994
2025-03-23 13:00:00,1.99352432,0.5,-2.1875,-2.1875,7.198430575430393,-0.1939756800000001
2025-03-23 14:00:00,3.17089424,0.06,-4.0,-4.0,8.698430575430393,-0.82910576
2025-03-23 15:00:00,2.6077174000000003,0.0,-4.0,-4.0,10.198430575430393,-1.3922825999999997
2025-03-23 16:00:00,1.48151308,0.02,-4.0,-4.0,11.698430575430393,-2.51848692
2025-03-23 17:00:00,0.02818988,3.52,-0.3337860107421875,-0.3337860107421875,11.823600329458714,-0.3055961307421875
2025-03-23 18:00:00,0.03304512,35.01,0.0,0.0,11.823600329458714,0.03304512
2025-03-23 19:00:00,0.0,89.73,0.0,0.0,11.823600329458714,0.0
2025-03-23 20:00:00,0.0,125.92,4.0,1.5,7.8236003294587135,1.5
2025-03-23 21:00:00,0.0,111.0,4.0,1.5,3.8236003294587135,1.5
2025-03-23 22:00:00,0.0,98.84,0.0,0.0,3.8236003294587135,0.0
2025-03-23 23:00:00,0.0,63.11,0.0,0.0,3.8236003294587135,0.0
2025-03-24 00:00:00,0.0,40.03,0.0,0.0,3.8236003294587135,0.0
2025-03-24 01:00:00,0.0,28.0,0.0,0.0,3.8236003294587135,0.0
2025-03-24 02:00:00,0.0,24.0,-0.08149072527885437,-0.08149072527885437,3.854159351438284,-0.08149072527885437
2025-03-24 03:00:00,0.0,21.96,-0.2086162567138672,-0.2086162567138672,3.932390447705984,-0.2086162567138672
2025-03-24 04:00:00,0.0,21.87,-0.3337860107421875,-0.3337860107421875,4.057560201734304,-0.3337860107421875
2025-03-24 05:00:00,0.0,25.0,0.0,0.0,4.057560201734304,0.0
2025-03-24 06:00:00,0.0,40.38,0.0,0.0,4.057560201734304,0.0
2025-03-24 07:00:00,0.0460832,61.51,0.0,0.0,4.057560201734304,0.0460832
2025-03-24 08:00:00,1.4097134400000002,37.93,0.0,0.0,4.057560201734304,1.4097134400000002
2025-03-24 09:00:00,2.26022472,20.19,-0.5340576171875,-0.5340576171875,4.257831808179617,1.7261671028125
2025-03-24 10:00:00,2.86962288,3.52,-3.5,-3.5,5.570331808179617,-0.6303771199999999
2025-03-24 11:00:00,2.1429266800000004,0.65,-4.0,-4.0,7.070331808179617,-1.8570733199999996
2025-03-24 12:00:00,1.39094292,0.65,-4.0,-4.0,8.570331808179617,-2.60905708
2025-03-24 13:00:00,1.96808944,2.0,-4.0,-4.0,10.070331808179617,-2.03191056
2025-03-24 14:00:00,1.77935056,3.52,-2.1875,-2.1875,10.890644308179617,-0.4081494400000001
2025-03-24 15:00:00,1.03059128,3.52,-1.3671875,-1.3671875,11.403339620679617,-0.3365962199999999
2025-03-24 16:00:00,1.1033920000000002,7.4,-0.8544921875,-0.8544921875,11.723774190992117,0.24889981250000015
2025-03-24 17:00:00,0.2179756799999999,23.79,-0.130385160446167,-0.130385160446167,11.77266862615943,0.0875905195538329
2025-03-24 18:00:00,0.01108592,59.99,0.0,0.0,11.77266862615943,0.01108592
2025-03-24 19:00:00,0.0,179.1,4.0,1.5,7.7726686261594296,1.5
2025-03-24 20:00:00,0.0,158.3,4.0,1.5,3.7726686261594296,1.5
2025-03-24 21:00:00,0.0,120.96,0.0,0.0,3.7726686261594296,0.0
2025-03-24 22:00:00,0.0,107.92,0.0,0.0,3.7726686261594296,0.0
2025-03-24 23:00:00,0.0,74.73,0.0,0.0,3.7726686261594296,0.0
2025-03-25 00:00:00,0.0,40.51,0.0,0.0,3.7726686261594296,0.0
2025-03-25 01:00:00,0.0,20.26,0.0,0.0,3.7726686261594296,0.0
2025-03-25 02:00:00,0.0,13.13,-0.08149072527885437,-0.08149072527885437,3.803227648139,-0.08149072527885437
2025-03-25 03:00:00,0.0,12.2,-0.3337860107421875,-0.3337860107421875,3.9283974021673203,-0.3337860107421875
2025-03-25 04:00:00,0.0,12.73,-0.130385160446167,-0.130385160446167,3.977291837334633,-0.130385160446167
2025-03-25 05:00:00,0.0,17.87,0.0,0.0,3.977291837334633,0.0
2025-03-25 06:00:00,0.0,32.38,0.0,0.0,3.977291837334633,0.0
2025-03-25 07:00:00,0.05733668,90.99,0.0,0.0,3.977291837334633,0.05733668
2025-03-25 08:00:00,0.03967264,37.93,0.0,0.0,3.977291837334633,0.03967264
2025-03-25 09:00:00,1.64431164,4.96,-0.5340576171875,-0.5340576171875,4.177563443779945,1.1102540228125
2025-03-25 10:00:00,1.4058784400000002,1.43,-1.3671875,-1.3671875,4.690258756279945,0.038690940000000174
2025-03-25 11:00:00,1.6319276000000005,0.0,-4.0,-4.0,6.190258756279945,-2.3680723999999995
2025-03-25 12:00:00,1.74634324,0.01,-4.0,-4.0,7.690258756279945,-2.25365676
2025-03-25 13:00:00,1.57410208,0.1,-4.0,-4.0,9.190258756279945,-2.4258979199999997
2025-03-25 14:00:00,3.1063478000000004,0.42,-3.5,-3.5,10.502758756279945,-0.39365219999999956
2025-03-25 15:00:00,2.57347708,1.03,-2.1875,-2.1875,11.323071256279945,0.38597708
2025-03-25 16:00:00,1.1601208,3.6,-0.8544921875,-0.8544921875,11.643505826592445,0.30562861250000006
2025-03-25 17:00:00,0.33798084,12.2,-0.2086162567138672,-0.2086162567138672,11.721736922860146,0.12936458328613282
2025-03-25 18:00:00,0.03080096,65.0,0.0,0.0,11.721736922860146,0.03080096
2025-03-25 19:00:00,0.0,160.86,4.0,1.5,7.721736922860146,1.5
2025-03-25 20:00:00,0.0,158.84,4.0,1.5,3.7217369228601456,1.5
2025-03-25 21:00:00,0.0,128.4,0.0,0.0,3.7217369228601456,0.0
2025-03-25 22:00:00,0.0,104.25,0.0,0.0,3.7217369228601456,0.0
2025-03-25 23:00:00,0.0,99.0,0.0,0.0,3.7217369228601456,0.0
2025-03-26 00:00:00,0.0,47.39,0.0,0.0,3.7217369228601456,0.0
2025-03-26 01:00:00,0.0,30.0,0.0,0.0,3.7217369228601456,0.0
2025-03-26 02:00:00,0.0,15.85,-0.130385160446167,-0.130385160446167,3.770631358027458,-0.130385160446167
2025-03-26 03:00:00,0.0,15.8,-0.2086162567138672,-0.2086162567138672,3.8488624542951584,-0.2086162567138672
2025-03-26 04:00:00,0.0,20.08,-0.08149072527885437,-0.08149072527885437,3.8794214762747288,-0.08149072527885437
2025-03-26 05:00:00,0.0,28.6,0.0,0.0,3.8794214762747288,0.0
2025-03-26 06:00:00,0.0,60.0,0.0,0.0,3.8794214762747288,0.0
2025-03-26 07:00:00,0.048165,95.79,0.0,0.0,3.8794214762747288,0.048165
2025-03-26 08:00:00,0.3835168399999999,21.7,0.0,0.0,3.8794214762747288,0.3835168399999999
2025-03-26 09:00:00,0.74358648,0.2,-0.3337860107421875,-0.3337860107421875,4.004591230303049,0.40980046925781255
2025-03-26 10:00:00,0.52164568,0.0,-4.0,-4.0,5.504591230303049,-3.47835432
2025-03-26 11:00:00,0.34515372,0.02,-0.8544921875,-0.8544921875,5.825025800615549,-0.5093384675
2025-03-26 12:00:00,0.56982336,0.01,-1.3671875,-1.3671875,6.337721113115549,-0.79736414
2025-03-26 13:00:00,0.58111812,0.0,-4.0,-4.0,7.837721113115549,-3.41888188
2025-03-26 14:00:00,0.42157452,0.0,-4.0,-4.0,9.337721113115549,-3.57842548
2025-03-26 15:00:00,0.2242844,0.0,-3.5,-3.5,10.650221113115549,-3.2757156
2025-03-26 16:00:00,0.14261796,0.0,-2.1875,-2.1875,11.470533613115549,-2.04488204
2025-03-26 17:00:00,0.18207184,0.02,-0.5340576171875,-0.5340576171875,11.670805219560862,-0.3519857771875
2025-03-26 18:00:00,0.01685056,27.0,0.0,0.0,11.670805219560862,0.01685056
2025-03-26 19:00:00,0.0,125.22,4.0,1.5,7.670805219560862,1.5
2025-03-26 20:00:00,0.0,126.66,4.0,1.5,3.6708052195608616,1.5
2025-03-26 21:00:00,0.0,104.94,0.0,0.0,3.6708052195608616,0.0
2025-03-26 22:00:00,0.0,97.33,0.0,0.0,3.6708052195608616,0.0
2025-03-26 23:00:00,0.0,54.68,0.0,0.0,3.6708052195608616,0.0
2025-03-27 00:00:00,0.0,93.52,0.0,0.0,3.6708052195608616,0.0
2025-03-27 01:00:00,0.0,63.09,0.0,0.0,3.6708052195608616,0.0
2025-03-27 02:00:00,0.0,60.0,0.0,0.0,3.6708052195608616,0.0
2025-03-27 03:00:00,0.0,52.98,-0.130385160446167,-0.130385160446167,3.719699654728174,-0.130385160446167
2025-03-27 04:00:00,0.0,52.98,-0.08149072527885437,-0.08149072527885437,3.7502586767077446,-0.08149072527885437
2025-03-27 05:00:00,0.0,63.09,0.0,0.0,3.7502586767077446,0.0
2025-03-27 06:00:00,0.0,85.92,0.0,0.0,3.7502586767077446,0.0
2025-03-27 07:00:00,0.4202722,125.03,0.0,0.0,3.7502586767077446,0.4202722
2025-03-27 08:00:00,0.5205168800000001,59.0,0.0,0.0,3.7502586767077446,0.5205168800000001
2025-03-27 09:00:00,0.98714784,3.52,-0.3337860107421875,-0.3337860107421875,3.875428430736065,0.6533618292578125
2025-03-27 10:00:00,1.95167052,0.1,-2.1875,-2.1875,4.695740930736065,-0.23582948000000004
2025-03-27 11:00:00,1.64583976,0.1,-1.3671875,-1.3671875,5.208436243236065,0.2786522600000001
2025-03-27 12:00:00,0.8939503999999999,0.1,-0.8544921875,-0.8544921875,5.528870813548565,0.03945821249999992
2025-03-27 13:00:00,1.44896716,0.0,-4.0,-4.0,7.028870813548565,-2.55103284
2025-03-27 14:00:00,0.95443436,0.0,-4.0,-4.0,8.528870813548565,-3.04556564
2025-03-27 15:00:00,1.52799236,0.0,-4.0,-4.0,10.028870813548565,-2.47200764
2025-03-27 16:00:00,1.17590976,0.0,-3.5,-3.5,11.341370813548565,-2.3240902400000003
2025-03-27 17:00:00,0.6015686800000001,0.65,-0.5340576171875,-0.5340576171875,11.541642419993877,0.06751106281250008
2025-03-27 18:00:00,0.02848164,47.81,-0.2086162567138672,-0.2086162567138672,11.619873516261578,-0.18013461671386718
2025-03-27 19:00:00,0.0,150.0,4.0,1.5,7.619873516261578,1.5
2025-03-27 20:00:00,0.0,135.57,4.0,1.5,3.6198735162615776,1.5
2025-03-27 21:00:00,0.0,117.75,0.0,0.0,3.6198735162615776,0.0
2025-03-27 22:00:00,0.0,106.1,0.0,0.0,3.6198735162615776,0.0
2025-03-27 23:00:00,0.0,93.2,0.0,0.0,3.6198735162615776,0.0
2025-03-28 00:00:00,0.0,51.4,0.0,0.0,3.6198735162615776,0.0
2025-03-28 01:00:00,0.0,37.0,0.0,0.0,3.6198735162615776,0.0
2025-03-28 02:00:00,0.0,21.61,0.0,0.0,3.6198735162615776,0.0
2025-03-28 03:00:00,0.0,20.8,-0.08149072527885437,-0.08149072527885437,3.650432538241148,-0.08149072527885437
2025-03-28 04:00:00,0.0,20.8,0.0,0.0,3.650432538241148,0.0
2025-03-28 05:00:00,0.0,29.5,0.0,0.0,3.650432538241148,0.0
2025-03-28 06:00:00,0.0,51.4,0.0,0.0,3.650432538241148,0.0
2025-03-28 07:00:00,0.48399472,86.9,4.0,1.5,-0.349567461758852,1.98399472
2025-03-28 08:00:00,1.4734158,20.08,-0.130385160446167,-0.130385160446167,-0.3006730265915394,1.343030639553833
2025-03-28 09:00:00,2.26716592,0.02,-0.3337860107421875,-0.3337860107421875,-0.17550327256321907,1.9333799092578126
2025-03-28 10:00:00,2.8498846,0.0,-2.1875,-2.1875,0.6448092274367809,0.6623846000000002
2025-03-28 11:00:00,3.1986490000000005,0.0,-1.3671875,-1.3671875,1.157504539936781,1.8314615000000005
2025-03-28 12:00:00,1.5550502,0.0,-0.8544921875,-0.8544921875,1.477939110249281,0.7005580124999999
2025-03-28 13:00:00,0.3257692399999999,-0.02,-4.0,-4.0,2.977939110249281,-3.67423076
2025-03-28 14:00:00,2.96354108,-0.1,-4.0,-4.0,4.477939110249281,-1.0364589199999998
2025-03-28 15:00:00,2.4697826000000003,-0.02,-4.0,-4.0,5.977939110249281,-1.5302173999999997
2025-03-28 16:00:00,0.9735424,-0.02,-3.5,-3.5,7.290439110249281,-2.5264576
2025-03-28 17:00:00,0.8678034800000001,0.0,-0.5340576171875,-0.5340576171875,7.490710716694593,0.33374586281250007
2025-03-28 18:00:00,0.07941652,3.52,-0.2086162567138672,-0.2086162567138672,7.568941812962294,-0.1291997367138672
2025-03-28 19:00:00,0.0,62.0,0.0,0.0,7.568941812962294,0.0
2025-03-28 20:00:00,0.0,85.36,4.0,1.5,3.5689418129622936,1.5
2025-03-28 21:00:00,0.0,63.53,0.0,0.0,3.5689418129622936,0.0
2025-03-28 22:00:00,0.0,50.0,0.0,0.0,3.5689418129622936,0.0
2025-03-28 23:00:00,0.0,20.8,0.0,0.0,3.5689418129622936,0.0
2025-03-29 00:00:00,0.0,13.29,0.0,0.0,3.5689418129622936,0.0
2025-03-29 01:00:00,0.0,10.63,0.0,0.0,3.5689418129622936,0.0
2025-03-29 02:00:00,0.0,7.0,0.0,0.0,3.5689418129622936,0.0
2025-03-29 03:00:00,0.0,5.0,0.0,0.0,3.5689418129622936,0.0
2025-03-29 04:00:00,0.0,4.96,0.0,0.0,3.5689418129622936,0.0
2025-03-29 05:00:00,0.0,4.96,0.0,0.0,3.5689418129622936,0.0
2025-03-29 06:00:00,0.0,5.0,0.0,0.0,3.5689418129622936,0.0
2025-03-29 07:00:00,0.50934568,3.52,-0.08149072527885437,-0.08149072527885437,3.599500834941864,0.42785495472114565
2025-03-29 08:00:00,1.52012592,0.0,-4.0,-4.0,5.099500834941864,-2.47987408
2025-03-29 09:00:00,2.32600236,-1.01,-4.0,-4.0,6.599500834941864,-1.67399764
2025-03-29 10:00:00,2.9136688000000004,0.87,-0.3337860107421875,-0.3337860107421875,6.724670588970184,2.579882789257813
2025-03-29 11:00:00,3.27112152,1.1,-0.130385160446167,-0.130385160446167,6.773565024137497,3.140736359553833
2025-03-29 12:00:00,2.92234736,0.87,-0.2086162567138672,-0.2086162567138672,6.851796120405197,2.7137311032861327
2025-03-29 13:00:00,3.3286073200000006,0.5,-0.5340576171875,-0.5340576171875,7.05206772685051,2.7945497028125006
2025-03-29 14:00:00,3.03328544,0.1,-2.1875,-2.1875,7.87238022685051,0.8457854400000002
2025-03-29 15:00:00,2.50859648,0.1,-1.3671875,-1.3671875,8.38507553935051,1.14140898
2025-03-29 16:00:00,1.7971546,0.1,-0.8544921875,-0.8544921875,8.70551010966301,0.9426624125
2025-03-29 17:00:00,0.86522164,0.02,-3.5,-3.5,10.01801010966301,-2.63477836
2025-03-29 18:00:00,0.08664976,0.0,-4.0,-4.0,11.51801010966301,-3.91335024
2025-03-29 19:00:00,0.0,11.13,0.0,0.0,11.51801010966301,0.0
2025-03-29 20:00:00,0.0,20.16,4.0,1.5,7.51801010966301,1.5
2025-03-29 21:00:00,0.0,18.58,4.0,1.5,3.5180101096630096,1.5
2025-03-29 22:00:00,0.0,11.13,0.0,0.0,3.5180101096630096,0.0
2025-03-29 23:00:00,0.0,6.0,0.0,0.0,3.5180101096630096,0.0
2025-03-30 00:00:00,0.0,3.6,0.0,0.0,3.5180101096630096,0.0
2025-03-30 01:00:00,0.0,3.2,0.0,0.0,3.5180101096630096,0.0
2025-03-30 02:00:00,0.0,0.65,0.0,0.0,3.5180101096630096,0.0
2025-03-30 03:00:00,0.0,0.1,0.0,0.0,3.5180101096630096,0.0
2025-03-30 04:00:00,0.0,0.09,0.0,0.0,3.5180101096630096,0.0
2025-03-30 05:00:00,0.0,0.17,0.0,0.0,3.5180101096630096,0.0
2025-03-30 06:00:00,0.0,0.13,0.0,0.0,3.5180101096630096,0.0
2025-03-30 07:00:00,0.157713,0.0,-0.130385160446167,-0.130385160446167,3.5669045448303223,0.027327839553833
2025-03-30 08:00:00,1.06811504,-1.53,-0.5340576171875,-0.5340576171875,3.7671761512756348,0.5340574228124999
2025-03-30 09:00:00,1.78181644,-2.31,-2.1875,-2.1875,4.587488651275635,-0.40568355999999994
2025-03-30 10:00:00,2.35937052,-3.8,-4.0,-4.0,6.087488651275635,-1.6406294799999999
2025-03-30 11:00:00,2.5931141600000003,-4.0,-4.0,-4.0,7.587488651275635,-1.4068858399999997
2025-03-30 12:00:00,3.3790704,-3.43,-4.0,-4.0,9.087488651275635,-0.6209296000000002
2025-03-30 13:00:00,3.27357796,-3.43,-3.5,-3.5,10.399988651275635,-0.2264220400000001
2025-03-30 14:00:00,2.47375488,-2.03,-1.3671875,-1.3671875,10.912683963775635,1.10656738
2025-03-30 15:00:00,2.46565968,-2.0,-0.8544921875,-0.8544921875,11.233118534088135,1.6111674925
2025-03-30 16:00:00,1.7578788399999998,-1.51,-0.3337860107421875,-0.3337860107421875,11.358288288116455,1.4240928292578123
2025-03-30 17:00:00,0.60121912,-1.51,-0.2086162567138672,-0.2086162567138672,11.436519384384155,0.3926028632861328
2025-03-30 18:00:00,0.10401352,0.02,-0.08149072527885437,-0.08149072527885437,11.467078406363726,0.022522794721145628
2025-03-30 19:00:00,0.0,25.46,0.0,0.0,11.467078406363726,0.0
2025-03-30 20:00:00,0.0,35.01,4.0,1.5,7.467078406363726,1.5
2025-03-30 21:00:00,0.0,25.63,4.0,1.5,3.4670784063637257,1.5
2025-03-30 22:00:00,0.0,10.63,0.0,0.0,3.4670784063637257,0.0
2025-03-30 23:00:00,0.0,10.63,0.0,0.0,3.4670784063637257,0.0
2025-03-31 00:00:00,0.0,0.65,-0.130385160446167,-0.130385160446167,3.5159728415310383,-0.130385160446167
2025-03-31 01:00:00,0.0,2.0,0.0,0.0,3.5159728415310383,0.0
2025-03-31 02:00:00,0.0,3.0,0.0,0.0,3.5159728415310383,0.0
2025-03-31 03:00:00,0.0,0.65,-0.08149072527885437,-0.08149072527885437,3.5465318635106087,-0.08149072527885437
2025-03-31 04:00:00,0.0,0.65,0.0,0.0,3.5465318635106087,0.0
2025-03-31 05:00:00,0.0,1.0,0.0,0.0,3.5465318635106087,0.0
2025-03-31 06:00:00,0.0,7.44,0.0,0.0,3.5465318635106087,0.0
2025-03-31 07:00:00,0.51871204,20.0,0.0,0.0,3.5465318635106087,0.51871204
2025-03-31 08:00:00,1.4998959200000002,40.16,0.0,0.0,3.5465318635106087,1.4998959200000002
2025-03-31 09:00:00,2.28879968,0.15,-0.3337860107421875,-0.3337860107421875,3.671701617538929,1.9550136692578124
2025-03-31 10:00:00,2.87278836,-0.01,-2.1875,-2.1875,4.492014117538929,0.6852883599999999
2025-03-31 11:00:00,3.2657278400000003,-0.1,-4.0,-4.0,5.992014117538929,-0.7342721599999997
2025-03-31 12:00:00,3.4465992,-0.1,-4.0,-4.0,7.492014117538929,-0.5534007999999999
2025-03-31 13:00:00,3.39423192,-0.1,-4.0,-4.0,8.992014117538929,-0.6057680799999998
2025-03-31 14:00:00,3.11352816,-0.02,-3.5,-3.5,10.304514117538929,-0.38647184
2025-03-31 15:00:00,2.57689752,0.0,-1.3671875,-1.3671875,10.817209430038929,1.2097100200000002
2025-03-31 16:00:00,1.8668068,0.02,-0.8544921875,-0.8544921875,11.137644000351429,1.0123146125
2025-03-31 17:00:00,0.90389616,0.12,-0.5340576171875,-0.5340576171875,11.337915606796741,0.36983854281249995
2025-03-31 18:00:00,0.09412132,0.2,-0.2086162567138672,-0.2086162567138672,11.416146703064442,-0.1144949367138672
2025-03-31 19:00:00,0.0,55.0,0.0,0.0,11.416146703064442,0.0
2025-03-31 20:00:00,0.0,146.79,4.0,1.5,7.416146703064442,1.5
2025-03-31 21:00:00,0.0,197.25,4.0,1.5,3.4161467030644417,1.5
2025-03-31 22:00:00,0.0,119.85,0.0,0.0,3.4161467030644417,0.0
2025-03-31 23:00:00,0.0,95.01,0.0,0.0,3.4161467030644417,0.0
2025-04-01 00:00:00,0.0,90.0,0.0,0.0,3.4161467030644417,0.0
2025-04-01 01:00:00,0.0,75.78,0.0,0.0,3.4161467030644417,0.0
2025-04-01 02:00:00,0.0,70.03,0.0,0.0,3.4161467030644417,0.0
2025-04-01 03:00:00,0.0,60.48,-0.08149072527885437,-0.08149072527885437,3.446705725044012,-0.08149072527885437
2025-04-01 04:00:00,0.0,61.59,0.0,0.0,3.446705725044012,0.0
2025-04-01 05:00:00,0.0,68.2,0.0,0.0,3.446705725044012,0.0
2025-04-01 06:00:00,0.0,84.2,0.0,0.0,3.446705725044012,0.0
2025-04-01 07:00:00,0.5620436400000001,155.5,4.0,1.5,-0.5532942749559879,2.06204364
2025-04-01 08:00:00,1.57709688,159.37,4.0,1.5,-4.553294274955988,3.07709688
2025-04-01 09:00:00,2.3493504400000003,87.97,0.0,0.0,-4.553294274955988,2.3493504400000003
2025-04-01 10:00:00,2.88362584,38.1,-0.3337860107421875,-0.3337860107421875,-4.428124520927668,2.5498398292578126
2025-04-01 11:00:00,3.19603332,12.0,-0.8544921875,-0.8544921875,-4.107689950615168,2.3415411325
2025-04-01 12:00:00,3.29174908,8.26,-1.3671875,-1.3671875,-3.5949946381151676,1.9245615800000002
2025-04-01 13:00:00,3.1963099200000005,6.48,-3.5,-3.5,-2.2824946381151676,-0.30369007999999953
2025-04-01 14:00:00,2.9200932,5.8,-4.0,-4.0,-0.7824946381151676,-1.0799067999999998
2025-04-01 15:00:00,2.44328536,6.38,-4.0,-4.0,0.7175053618848324,-1.55671464
2025-04-01 16:00:00,1.79290488,6.38,-4.0,-4.0,2.2175053618848324,-2.20709512
2025-04-01 17:00:00,0.87788192,6.59,-2.1875,-2.1875,3.0378178618848324,-1.30961808
2025-04-01 18:00:00,0.09468652,18.41,-0.5340576171875,-0.5340576171875,3.238089468330145,-0.4393710971875
2025-04-01 19:00:00,0.0,53.71,-0.2086162567138672,-0.2086162567138672,3.316320564597845,-0.2086162567138672
2025-04-01 20:00:00,0.0,114.96,0.0,0.0,3.316320564597845,0.0
2025-04-01 21:00:00,0.0,120.93,0.0,0.0,3.316320564597845,0.0
2025-04-01 22:00:00,0.0,84.2,0.0,0.0,3.316320564597845,0.0
2025-04-01 23:00:00,0.0,58.44,-0.130385160446167,-0.130385160446167,3.3652149997651577,-0.130385160446167
2025-04-02 00:00:00,0.0,38.11,0.0,0.0,3.3652149997651577,0.0
2025-04-02 01:00:00,0.0,26.34,0.0,0.0,3.3652149997651577,0.0
2025-04-02 02:00:00,0.0,26.1,-0.08149072527885437,-0.08149072527885437,3.395774021744728,-0.08149072527885437
2025-04-02 03:00:00,0.0,20.0,-0.3337860107421875,-0.3337860107421875,3.5209437757730484,-0.3337860107421875
2025-04-02 04:00:00,0.0,20.0,-0.2086162567138672,-0.2086162567138672,3.5991748720407486,-0.2086162567138672
2025-04-02 05:00:00,0.0,26.34,0.0,0.0,3.5991748720407486,0.0
2025-04-02 06:00:00,0.0,39.87,0.0,0.0,3.5991748720407486,0.0
2025-04-02 07:00:00,0.1086666,90.08,4.0,1.5,-0.4008251279592514,1.6086666
2025-04-02 08:00:00,1.53383604,104.9,4.0,1.5,-4.400825127959251,3.0338360399999997
2025-04-02 09:00:00,2.34036804,54.33,0.0,0.0,-4.400825127959251,2.34036804
2025-04-02 10:00:00,2.92109376,21.15,-0.130385160446167,-0.130385160446167,-4.351930692791939,2.790708599553833
2025-04-02 11:00:00,3.29014652,1.52,-0.8544921875,-0.8544921875,-4.031496122479439,2.4356543325
2025-04-02 12:00:00,3.42850876,0.0,-3.5,-3.5,-2.718996122479439,-0.07149123999999984
2025-04-02 13:00:00,3.33218468,0.0,-2.1875,-2.1875,-1.8986836224794388,1.1446846800000001
2025-04-02 14:00:00,2.64864648,-0.01,-4.0,-4.0,-0.3986836224794388,-1.35135352
2025-04-02 15:00:00,1.95487404,-0.02,-4.0,-4.0,1.1013163775205612,-2.04512596
2025-04-02 16:00:00,1.59272976,-0.01,-4.0,-4.0,2.601316377520561,-2.40727024
2025-04-02 17:00:00,0.8734350399999999,0.04,-1.3671875,-1.3671875,3.114011690020561,-0.49375246000000006
2025-04-02 18:00:00,0.1454995999999999,7.96,-0.5340576171875,-0.5340576171875,3.3142832964658737,-0.3885580171875001
2025-04-02 19:00:00,0.0,32.96,0.0,0.0,3.3142832964658737,0.0
2025-04-02 20:00:00,0.0,53.11,0.0,0.0,3.3142832964658737,0.0
2025-04-02 21:00:00,0.0,49.23,0.0,0.0,3.3142832964658737,0.0
2025-04-02 22:00:00,0.0,32.95,0.0,0.0,3.3142832964658737,0.0
2025-04-02 23:00:00,0.0,27.3,0.0,0.0,3.3142832964658737,0.0
2025-04-03 00:00:00,0.0,20.37,0.0,0.0,3.3142832964658737,0.0
2025-04-03 01:00:00,0.0,19.07,0.0,0.0,3.3142832964658737,0.0
2025-04-03 02:00:00,0.0,16.32,0.0,0.0,3.3142832964658737,0.0
2025-04-03 03:00:00,0.0,12.27,-0.08149072527885437,-0.08149072527885437,3.344842318445444,-0.08149072527885437
2025-04-03 04:00:00,0.0,9.07,-0.5340576171875,-0.5340576171875,3.5451139248907566,-0.5340576171875
2025-04-03 05:00:00,0.0,11.94,-0.130385160446167,-0.130385160446167,3.5940083600580692,-0.130385160446167
2025-04-03 06:00:00,0.0,19.7,0.0,0.0,3.5940083600580692,0.0
2025-04-03 07:00:00,0.1530875599999999,38.11,0.0,0.0,3.5940083600580692,0.1530875599999999
2025-04-03 08:00:00,0.7943806800000001,56.33,0.0,0.0,3.5940083600580692,0.7943806800000001
2025-04-03 09:00:00,1.22399324,38.11,0.0,0.0,3.5940083600580692,1.22399324
2025-04-03 10:00:00,2.51809756,28.96,0.0,0.0,3.5940083600580692,2.51809756
2025-04-03 11:00:00,2.59294292,3.52,-1.3671875,-1.3671875,4.106703672558069,1.22575542
2025-04-03 12:00:00,2.403198,0.5,-3.5,-3.5,5.419203672558069,-1.0968019999999998
2025-04-03 13:00:00,1.9885920800000003,0.0,-4.0,-4.0,6.919203672558069,-2.01140792
2025-04-03 14:00:00,2.3483946400000004,0.0,-4.0,-4.0,8.41920367255807,-1.6516053599999996
2025-04-03 15:00:00,1.68478816,0.0,-4.0,-4.0,9.91920367255807,-2.31521184
2025-04-03 16:00:00,1.3745099200000002,1.87,-2.1875,-2.1875,10.73951617255807,-0.8129900799999998
2025-04-03 17:00:00,0.55705248,5.0,-0.8544921875,-0.8544921875,11.05995074287057,-0.29743970750000004
2025-04-03 18:00:00,0.08360476,10.06,-0.3337860107421875,-0.3337860107421875,11.18512049689889,-0.2501812507421875
2025-04-03 19:00:00,0.0,35.0,0.0,0.0,11.18512049689889,0.0
2025-04-03 20:00:00,0.0,80.0,4.0,1.5,7.1851204968988895,1.5
2025-04-03 21:00:00,0.0,79.0,4.0,1.5,3.1851204968988895,1.5
2025-04-03 22:00:00,0.0,35.01,0.0,0.0,3.1851204968988895,0.0
2025-04-03 23:00:00,0.0,10.1,-0.2086162567138672,-0.2086162567138672,3.2633515931665897,-0.2086162567138672
2025-04-04 00:00:00,0.0,3.6,0.0,0.0,3.2633515931665897,0.0
2025-04-04 01:00:00,0.0,3.52,-0.3337860107421875,-0.3337860107421875,3.38852134719491,-0.3337860107421875
2025-04-04 02:00:00,0.0,3.52,-0.2086162567138672,-0.2086162567138672,3.4667524434626102,-0.2086162567138672
2025-04-04 03:00:00,0.0,3.51,-0.5340576171875,-0.5340576171875,3.6670240499079227,-0.5340576171875
2025-04-04 04:00:00,0.0,3.52,-0.130385160446167,-0.130385160446167,3.7159184850752354,-0.130385160446167
2025-04-04 05:00:00,0.0,3.52,-0.08149072527885437,-0.08149072527885437,3.7464775070548058,-0.08149072527885437
2025-04-04 06:00:00,0.0,3.52,0.0,0.0,3.7464775070548058,0.0
2025-04-04 07:00:00,0.53496116,14.16,0.0,0.0,3.7464775070548058,0.53496116
2025-04-04 08:00:00,0.92761228,17.72,0.0,0.0,3.7464775070548058,0.92761228
2025-04-04 09:00:00,2.16961008,18.83,0.0,0.0,3.7464775070548058,2.16961008
2025-04-04 10:00:00,1.84000284,4.73,0.0,0.0,3.7464775070548058,1.84000284
2025-04-04 11:00:00,2.37149548,3.52,0.0,0.0,3.7464775070548058,2.37149548
2025-04-04 12:00:00,1.53013508,0.0,-3.5,-3.5,5.058977507054806,-1.96986492
2025-04-04 13:00:00,3.0576644400000004,-0.01,-4.0,-4.0,6.558977507054806,-0.9423355599999996
2025-04-04 14:00:00,2.20917044,-0.02,-4.0,-4.0,8.058977507054806,-1.7908295600000002
2025-04-04 15:00:00,2.06135928,-0.01,-4.0,-4.0,9.558977507054806,-1.93864072
2025-04-04 16:00:00,1.20149784,0.0,-2.1875,-2.1875,10.379290007054806,-0.98600216
2025-04-04 17:00:00,0.2231154,0.01,-1.3671875,-1.3671875,10.891985319554806,-1.1440721
2025-04-04 18:00:00,0.15806132,0.65,-0.8544921875,-0.8544921875,11.212419889867306,-0.6964308674999999
2025-04-04 19:00:00,0.0,6.3,0.0,0.0,11.212419889867306,0.0
2025-04-04 20:00:00,0.0,35.01,0.0,0.0,11.212419889867306,0.0
2025-04-04 21:00:00,0.0,50.02,4.0,1.5,7.212419889867306,1.5
2025-04-04 22:00:00,0.0,35.01,4.0,1.5,3.2124198898673058,1.5
2025-04-04 23:00:00,0.0,20.91,0.0,0.0,3.2124198898673058,0.0
2025-04-05 00:00:00,0.0,35.0,0.0,0.0,3.2124198898673058,0.0
2025-04-05 01:00:00,0.0,19.97,0.0,0.0,3.2124198898673058,0.0
2025-04-05 02:00:00,0.0,19.1,0.0,0.0,3.2124198898673058,0.0
2025-04-05 03:00:00,0.0,19.34,0.0,0.0,3.2124198898673058,0.0
2025-04-05 04:00:00,0.0,13.2,-0.130385160446167,-0.130385160446167,3.2613143250346184,-0.130385160446167
2025-04-05 05:00:00,0.0,16.4,-0.08149072527885437,-0.08149072527885437,3.2918733470141888,-0.08149072527885437
2025-04-05 06:00:00,0.0,19.75,0.0,0.0,3.2918733470141888,0.0
2025-04-05 07:00:00,0.00777088,20.3,0.0,0.0,3.2918733470141888,0.00777088
2025-04-05 08:00:00,0.07735152,21.46,0.0,0.0,3.2918733470141888,0.07735152
2025-04-05 09:00:00,0.8969578800000001,10.0,-0.3337860107421875,-0.3337860107421875,3.417043101042509,0.5631718692578126
2025-04-05 10:00:00,1.70043124,0.66,-0.5340576171875,-0.5340576171875,3.6173147074878216,1.1663736228125
2025-04-05 11:00:00,2.19470924,-0.13,-1.3671875,-1.3671875,4.130010019987822,0.8275217399999999
2025-04-05 12:00:00,2.61565612,-0.3,-2.1875,-2.1875,4.950322519987822,0.42815612000000014
2025-04-05 13:00:00,0.8618292,-1.0,-4.0,-4.0,6.450322519987822,-3.1381708
2025-04-05 14:00:00,0.8255301200000001,-1.01,-4.0,-4.0,7.950322519987822,-3.1744698799999997
2025-04-05 15:00:00,0.5037119999999999,-1.2,-4.0,-4.0,9.450322519987822,-3.496288
2025-04-05 16:00:00,0.8062917600000001,-1.0,-3.5,-3.5,10.762822519987822,-2.69370824
2025-04-05 17:00:00,0.22611628,0.1,-0.8544921875,-0.8544921875,11.083257090300322,-0.6283759074999999
2025-04-05 18:00:00,0.04646476,10.0,-0.2086162567138672,-0.2086162567138672,11.161488186568022,-0.1621514967138672
2025-04-05 19:00:00,0.0,46.49,0.0,0.0,11.161488186568022,0.0
2025-04-05 20:00:00,0.0,95.61,4.0,1.5,7.161488186568022,1.5
2025-04-05 21:00:00,0.0,95.61,4.0,1.5,3.1614881865680218,1.5
2025-04-05 22:00:00,0.0,78.99,0.0,0.0,3.1614881865680218,0.0
2025-04-05 23:00:00,0.0,68.75,0.0,0.0,3.1614881865680218,0.0
2025-04-06 00:00:00,0.0,70.45,0.0,0.0,3.1614881865680218,0.0
2025-04-06 01:00:00,0.0,46.21,0.0,0.0,3.1614881865680218,0.0
2025-04-06 02:00:00,0.0,35.01,0.0,0.0,3.1614881865680218,0.0
2025-04-06 03:00:00,0.0,27.01,0.0,0.0,3.1614881865680218,0.0
2025-04-06 04:00:00,0.0,25.5,-0.130385160446167,-0.130385160446167,3.2103826217353344,-0.130385160446167
2025-04-06 05:00:00,0.0,25.57,-0.08149072527885437,-0.08149072527885437,3.240941643714905,-0.08149072527885437
2025-04-06 06:00:00,0.0,26.51,0.0,0.0,3.240941643714905,0.0
2025-04-06 07:00:00,0.49402696,28.87,0.0,0.0,3.240941643714905,0.49402696
2025-04-06 08:00:00,1.3653956,26.25,0.0,0.0,3.240941643714905,1.3653956
2025-04-06 09:00:00,1.00546056,0.1,-0.3337860107421875,-0.3337860107421875,3.366111397743225,0.6716745492578124
2025-04-06 10:00:00,0.6410818400000001,-1.01,-2.1875,-2.1875,4.186423897743225,-1.54641816
2025-04-06 11:00:00,0.27313244,-1.54,-4.0,-4.0,5.686423897743225,-3.72686756
2025-04-06 12:00:00,0.36311032,-1.54,-4.0,-4.0,7.186423897743225,-3.63688968
2025-04-06 13:00:00,0.56225404,-1.0,-1.3671875,-1.3671875,7.699119210243225,-0.80493346
2025-04-06 14:00:00,0.80881688,-1.0,-0.8544921875,-0.8544921875,8.019553780555725,-0.04567530750000004
2025-04-06 15:00:00,2.34031956,-1.32,-3.5,-3.5,9.332053780555725,-1.1596804399999998
2025-04-06 16:00:00,1.03006096,-1.49,-4.0,-4.0,10.832053780555725,-2.96993904
2025-04-06 17:00:00,0.69302968,-0.01,-0.5340576171875,-0.5340576171875,11.032325387001038,0.15897206281249998
2025-04-06 18:00:00,0.03983004,8.26,-0.2086162567138672,-0.2086162567138672,11.110556483268738,-0.16878621671386718
2025-04-06 19:00:00,0.0,35.2,0.0,0.0,11.110556483268738,0.0
2025-04-06 20:00:00,0.0,75.0,4.0,1.5,7.110556483268738,1.5
2025-04-06 21:00:00,0.0,80.0,4.0,1.5,3.110556483268738,1.5
2025-04-06 22:00:00,0.0,70.01,0.0,0.0,3.110556483268738,0.0
2025-04-06 23:00:00,0.0,66.38,0.0,0.0,3.110556483268738,0.0
2025-04-07 00:00:00,0.0,48.37,0.0,0.0,3.110556483268738,0.0
2025-04-07 01:00:00,0.0,41.9,-0.08149072527885437,-0.08149072527885437,3.141115505248308,-0.08149072527885437
2025-04-07 02:00:00,0.0,43.32,0.0,0.0,3.141115505248308,0.0
2025-04-07 03:00:00,0.0,39.54,-0.2086162567138672,-0.2086162567138672,3.2193466015160084,-0.2086162567138672
2025-04-07 04:00:00,0.0,39.74,-0.130385160446167,-0.130385160446167,3.268241036683321,-0.130385160446167
2025-04-07 05:00:00,0.0,46.22,0.0,0.0,3.268241036683321,0.0
2025-04-07 06:00:00,0.0,70.1,0.0,0.0,3.268241036683321,0.0
2025-04-07 07:00:00,0.1314888,132.57,0.0,0.0,3.268241036683321,0.1314888
2025-04-07 08:00:00,0.63769528,143.04,0.0,0.0,3.268241036683321,0.63769528
2025-04-07 09:00:00,1.35948036,60.0,0.0,0.0,3.268241036683321,1.35948036
2025-04-07 10:00:00,1.99730192,17.43,-0.5340576171875,-0.5340576171875,3.4685126431286335,1.4632443028125
2025-04-07 11:00:00,2.74093948,3.01,-0.8544921875,-0.8544921875,3.7889472134411335,1.8864472925000002
2025-04-07 12:00:00,2.8156805200000004,1.0,-2.1875,-2.1875,4.6092597134411335,0.6281805200000004
2025-04-07 13:00:00,2.7257800799999994,0.0,-4.0,-4.0,6.1092597134411335,-1.2742199200000006
2025-04-07 14:00:00,2.5350866,0.0,-4.0,-4.0,7.6092597134411335,-1.4649134
2025-04-07 15:00:00,1.96717888,0.0,-4.0,-4.0,9.109259713441133,-2.03282112
2025-04-07 16:00:00,0.65010796,0.0,-3.5,-3.5,10.421759713441133,-2.84989204
2025-04-07 17:00:00,0.396274,1.51,-1.3671875,-1.3671875,10.934455025941133,-0.9709135
2025-04-07 18:00:00,0.15962192,20.0,-0.3337860107421875,-0.3337860107421875,11.059624779969454,-0.1741640907421875
2025-04-07 19:00:00,0.0,69.1,0.0,0.0,11.059624779969454,0.0
2025-04-07 20:00:00,0.0,156.0,4.0,1.5,7.059624779969454,1.5
2025-04-07 21:00:00,0.0,170.01,4.0,1.5,3.059624779969454,1.5
2025-04-07 22:00:00,0.0,118.34,0.0,0.0,3.059624779969454,0.0
2025-04-07 23:00:00,0.0,99.84,0.0,0.0,3.059624779969454,0.0
2025-04-08 00:00:00,0.0,83.0,0.0,0.0,3.059624779969454,0.0
2025-04-08 01:00:00,0.0,71.8,0.0,0.0,3.059624779969454,0.0
2025-04-08 02:00:00,0.0,69.07,0.0,0.0,3.059624779969454,0.0
2025-04-08 03:00:00,0.0,57.65,0.0,0.0,3.059624779969454,0.0
2025-04-08 04:00:00,0.0,51.22,-0.08149072527885437,-0.08149072527885437,3.090183801949024,-0.08149072527885437
2025-04-08 05:00:00,0.0,53.16,0.0,0.0,3.090183801949024,0.0
2025-04-08 06:00:00,0.0,60.5,0.0,0.0,3.090183801949024,0.0
2025-04-08 07:00:00,0.01626384,131.17,4.0,1.5,-0.9098161980509758,1.51626384
2025-04-08 08:00:00,0.0422382,104.0,0.0,0.0,-0.9098161980509758,0.0422382
2025-04-08 09:00:00,0.1619997199999999,36.88,-0.130385160446167,-0.130385160446167,-0.8609217628836632,0.03161455955383291
2025-04-08 10:00:00,0.28657776,0.65,-0.3337860107421875,-0.3337860107421875,-0.7357520088553429,-0.047208250742187485
2025-04-08 11:00:00,0.9372512,-0.01,-1.3671875,-1.3671875,-0.22305669635534286,-0.42993630000000005
2025-04-08 12:00:00,0.59824764,-0.86,-2.1875,-2.1875,0.5972558036446571,-1.5892523600000001
2025-04-08 13:00:00,0.2596052,-1.01,-4.0,-4.0,2.097255803644657,-3.7403948
2025-04-08 14:00:00,0.24175252,-1.02,-4.0,-4.0,3.597255803644657,-3.75824748
2025-04-08 15:00:00,0.44866708,-1.01,-4.0,-4.0,5.097255803644657,-3.55133292
2025-04-08 16:00:00,0.34473208,-1.0,-3.5,-3.5,6.409755803644657,-3.15526792
2025-04-08 17:00:00,0.15171856,-0.01,-0.8544921875,-0.8544921875,6.730190373957157,-0.7027736275
2025-04-08 18:00:00,0.04107724,0.01,-0.5340576171875,-0.5340576171875,6.93046198040247,-0.4929803771875
2025-04-08 19:00:00,0.0,33.68,-0.2086162567138672,-0.2086162567138672,7.00869307667017,-0.2086162567138672
2025-04-08 20:00:00,0.0,117.6,0.0,0.0,7.00869307667017,0.0
2025-04-08 21:00:00,0.0,123.49,4.0,1.5,3.00869307667017,1.5
2025-04-08 22:00:00,0.0,85.95,0.0,0.0,3.00869307667017,0.0
2025-04-08 23:00:00,0.0,69.22,0.0,0.0,3.00869307667017,0.0
2025-04-09 00:00:00,0.0,50.13,0.0,0.0,3.00869307667017,0.0
2025-04-09 01:00:00,0.0,37.0,0.0,0.0,3.00869307667017,0.0
2025-04-09 02:00:00,0.0,33.68,0.0,0.0,3.00869307667017,0.0
2025-04-09 03:00:00,0.0,32.06,-0.08149072527885437,-0.08149072527885437,3.03925209864974,-0.08149072527885437
2025-04-09 04:00:00,0.0,28.46,-0.2086162567138672,-0.2086162567138672,3.1174831949174404,-0.2086162567138672
2025-04-09 05:00:00,0.0,28.9,-0.130385160446167,-0.130385160446167,3.166377630084753,-0.130385160446167
2025-04-09 06:00:00,0.00524216,37.0,0.0,0.0,3.166377630084753,0.00524216
2025-04-09 07:00:00,0.24601012,86.96,0.0,0.0,3.166377630084753,0.24601012
2025-04-09 08:00:00,0.56768996,98.21,4.0,1.5,-0.833622369915247,2.06768996
2025-04-09 09:00:00,1.25530432,33.68,0.0,0.0,-0.833622369915247,1.25530432
2025-04-09 10:00:00,1.3323170400000002,5.8,-0.5340576171875,-0.5340576171875,-0.6333507634699345,0.7982594228125002
2025-04-09 11:00:00,1.68314968,-0.01,-2.1875,-2.1875,0.18696173653006554,-0.5043503199999999
2025-04-09 12:00:00,3.42252252,-0.01,-1.3671875,-1.3671875,0.6996570490300655,2.05533502
2025-04-09 13:00:00,2.17034528,-0.02,-4.0,-4.0,2.1996570490300655,-1.8296547200000002
2025-04-09 14:00:00,3.04537476,-0.2,-4.0,-4.0,3.6996570490300655,-0.9546252399999999
2025-04-09 15:00:00,2.5223956000000003,-0.5,-4.0,-4.0,5.1996570490300655,-1.4776043999999997
2025-04-09 16:00:00,1.82190188,-0.02,-3.5,-3.5,6.5121570490300655,-1.67809812
2025-04-09 17:00:00,0.892367,0.0,-0.8544921875,-0.8544921875,6.8325916193425655,0.03787481250000002
2025-04-09 18:00:00,0.1313550799999999,9.81,-0.3337860107421875,-0.3337860107421875,6.957761373370886,-0.2024309307421876
2025-04-09 19:00:00,0.0,37.0,0.0,0.0,6.957761373370886,0.0
2025-04-09 20:00:00,0.0,70.0,0.0,0.0,6.957761373370886,0.0
2025-04-09 21:00:00,0.0,89.0,4.0,1.5,2.957761373370886,1.5
2025-04-09 22:00:00,0.0,53.96,0.0,0.0,2.957761373370886,0.0
2025-04-09 23:00:00,0.0,36.64,0.0,0.0,2.957761373370886,0.0
2025-04-10 00:00:00,0.0,33.68,0.0,0.0,2.957761373370886,0.0
2025-04-10 01:00:00,0.0,28.46,0.0,0.0,2.957761373370886,0.0
2025-04-10 02:00:00,0.0,21.46,0.0,0.0,2.957761373370886,0.0
2025-04-10 03:00:00,0.0,20.08,0.0,0.0,2.957761373370886,0.0
2025-04-10 04:00:00,0.0,18.36,-0.08149072527885437,-0.08149072527885437,2.9883203953504562,-0.08149072527885437
2025-04-10 05:00:00,0.0,17.46,-0.130385160446167,-0.130385160446167,3.037214830517769,-0.130385160446167
2025-04-10 06:00:00,0.0037130399999999,15.0,-0.2086162567138672,-0.2086162567138672,3.115445926785469,-0.2049032167138673
2025-04-10 07:00:00,0.00780076,35.01,0.0,0.0,3.115445926785469,0.00780076
2025-04-10 08:00:00,0.4902757199999999,37.5,0.0,0.0,3.115445926785469,0.4902757199999999
2025-04-10 09:00:00,0.6763789200000001,30.48,0.0,0.0,3.115445926785469,0.6763789200000001
2025-04-10 10:00:00,1.97959588,10.99,-0.3337860107421875,-0.3337860107421875,3.2406156808137894,1.6458098692578125
2025-04-10 11:00:00,1.0332374,0.65,-0.8544921875,-0.8544921875,3.5610502511262894,0.17874521249999997
2025-04-10 12:00:00,0.91078312,0.0,-4.0,-4.0,5.061050251126289,-3.08921688
2025-04-10 13:00:00,1.3091504799999998,0.0,-3.5,-3.5,6.373550251126289,-2.1908495200000004
2025-04-10 14:00:00,1.63650128,-0.01,-4.0,-4.0,7.873550251126289,-2.36349872
2025-04-10 15:00:00,1.32718972,-0.01,-4.0,-4.0,9.37355025112629,-2.67281028
2025-04-10 16:00:00,0.7126306,0.0,-2.1875,-2.1875,10.19386275112629,-1.4748694
2025-04-10 17:00:00,0.8461866800000002,0.0,-1.3671875,-1.3671875,10.70655806362629,-0.5210008199999998
2025-04-10 18:00:00,0.16332788,4.99,-0.5340576171875,-0.5340576171875,10.906829670071602,-0.3707297371875
2025-04-10 19:00:00,0.0,20.3,0.0,0.0,10.906829670071602,0.0
2025-04-10 20:00:00,0.0,38.54,0.0,0.0,10.906829670071602,0.0
2025-04-10 21:00:00,0.0,50.82,4.0,1.5,6.906829670071602,1.5
2025-04-10 22:00:00,0.0,43.3,4.0,1.5,2.906829670071602,1.5
2025-04-10 23:00:00,0.0,33.68,0.0,0.0,2.906829670071602,0.0
2025-04-11 00:00:00,0.0,21.63,0.0,0.0,2.906829670071602,0.0
2025-04-11 01:00:00,0.0,16.66,0.0,0.0,2.906829670071602,0.0
2025-04-11 02:00:00,0.0,11.98,-0.3337860107421875,-0.3337860107421875,3.031999424099922,-0.3337860107421875
2025-04-11 03:00:00,0.0,14.0,-0.08149072527885437,-0.08149072527885437,3.0625584460794926,-0.08149072527885437
2025-04-11 04:00:00,0.0,12.51,-0.2086162567138672,-0.2086162567138672,3.1407895423471928,-0.2086162567138672
2025-04-11 05:00:00,0.0,14.0,0.0,0.0,3.1407895423471928,0.0
2025-04-11 06:00:00,0.02700704,14.0,0.0,0.0,3.1407895423471928,0.02700704
2025-04-11 07:00:00,0.5882209199999999,30.48,0.0,0.0,3.1407895423471928,0.5882209199999999
2025-04-11 08:00:00,1.5100273199999998,34.37,0.0,0.0,3.1407895423471928,1.5100273199999998
2025-04-11 09:00:00,2.27069908,27.5,0.0,0.0,3.1407895423471928,2.27069908
2025-04-11 10:00:00,2.81427736,12.51,-0.130385160446167,-0.130385160446167,3.1896839775145054,2.683892199553833
2025-04-11 11:00:00,3.14499728,3.52,-1.3671875,-1.3671875,3.7023792900145054,1.7778097800000001
2025-04-11 12:00:00,3.27646632,0.01,-3.5,-3.5,5.014879290014505,-0.22353368000000007
2025-04-11 13:00:00,3.17755996,0.0,-4.0,-4.0,6.514879290014505,-0.82244004
2025-04-11 14:00:00,1.987655,0.0,-4.0,-4.0,8.014879290014505,-2.012345
2025-04-11 15:00:00,1.48908408,-0.01,-4.0,-4.0,9.514879290014505,-2.51091592
2025-04-11 16:00:00,0.9931245600000002,0.01,-2.1875,-2.1875,10.335191790014505,-1.19437544
2025-04-11 17:00:00,0.8698036400000001,3.52,-0.8544921875,-0.8544921875,10.655626360327005,0.0153114525000001
2025-04-11 18:00:00,0.00967248,8.3,-0.5340576171875,-0.5340576171875,10.855897966772318,-0.5243851371875
2025-04-11 19:00:00,0.0,28.46,0.0,0.0,10.855897966772318,0.0
2025-04-11 20:00:00,0.0,52.01,4.0,1.5,6.855897966772318,1.5
2025-04-11 21:00:00,0.0,58.02,4.0,1.5,2.855897966772318,1.5
2025-04-11 22:00:00,0.0,41.91,0.0,0.0,2.855897966772318,0.0
2025-04-11 23:00:00,0.0,35.0,0.0,0.0,2.855897966772318,0.0
2025-04-12 00:00:00,0.0,35.01,0.0,0.0,2.855897966772318,0.0
2025-04-12 01:00:00,0.0,29.24,-0.130385160446167,-0.130385160446167,2.9047924019396305,-0.130385160446167
2025-04-12 02:00:00,0.0,31.22,0.0,0.0,2.9047924019396305,0.0
2025-04-12 03:00:00,0.0,29.24,-0.08149072527885437,-0.08149072527885437,2.935351423919201,-0.08149072527885437
2025-04-12 04:00:00,0.0,29.09,-0.2086162567138672,-0.2086162567138672,3.013582520186901,-0.2086162567138672
2025-04-12 05:00:00,0.0,30.38,0.0,0.0,3.013582520186901,0.0
2025-04-12 06:00:00,0.03089476,32.68,0.0,0.0,3.013582520186901,0.03089476
2025-04-12 07:00:00,0.595242,29.24,0.0,0.0,3.013582520186901,0.595242
2025-04-12 08:00:00,1.51141856,30.95,0.0,0.0,3.013582520186901,1.51141856
2025-04-12 09:00:00,2.274583,33.0,0.0,0.0,3.013582520186901,2.274583
2025-04-12 10:00:00,2.83773816,20.19,-0.5340576171875,-0.5340576171875,3.2138541266322136,2.3036805428125
2025-04-12 11:00:00,3.19167868,8.01,-1.3671875,-1.3671875,3.7265494391322136,1.8244911799999999
2025-04-12 12:00:00,3.37105024,3.52,-2.1875,-2.1875,4.546861939132214,1.1835502400000002
2025-04-12 13:00:00,3.2596268800000003,1.8,-3.5,-3.5,5.859361939132214,-0.24037311999999966
2025-04-12 14:00:00,2.93973372,0.17,-4.0,-4.0,7.359361939132214,-1.06026628
2025-04-12 15:00:00,0.7059922800000001,0.01,-4.0,-4.0,8.859361939132214,-3.2940077199999998
2025-04-12 16:00:00,1.74077536,0.01,-4.0,-4.0,10.359361939132214,-2.2592246400000002
2025-04-12 17:00:00,0.86068484,18.08,-0.8544921875,-0.8544921875,10.679796509444714,0.0061926525000000066
2025-04-12 18:00:00,0.15840412,22.57,-0.3337860107421875,-0.3337860107421875,10.804966263473034,-0.1753818907421875
2025-04-12 19:00:00,0.0,33.84,0.0,0.0,10.804966263473034,0.0
2025-04-12 20:00:00,0.0,50.02,0.0,0.0,10.804966263473034,0.0
2025-04-12 21:00:00,0.0,79.0,4.0,1.5,6.804966263473034,1.5
2025-04-12 22:00:00,0.0,55.44,4.0,1.5,2.804966263473034,1.5
2025-04-12 23:00:00,0.0,45.59,0.0,0.0,2.804966263473034,0.0
2025-04-13 00:00:00,0.0,35.0,0.0,0.0,2.804966263473034,0.0
2025-04-13 01:00:00,0.0,35.0,0.0,0.0,2.804966263473034,0.0
2025-04-13 02:00:00,0.0,31.3,0.0,0.0,2.804966263473034,0.0
2025-04-13 03:00:00,0.0,20.08,0.0,0.0,2.804966263473034,0.0
2025-04-13 04:00:00,0.0,15.31,0.0,0.0,2.804966263473034,0.0
2025-04-13 05:00:00,0.0,14.99,-0.08149072527885437,-0.08149072527885437,2.8355252854526043,-0.08149072527885437
2025-04-13 06:00:00,0.03543712,21.63,0.0,0.0,2.8355252854526043,0.03543712
2025-04-13 07:00:00,0.6294176,27.75,0.0,0.0,2.8355252854526043,0.6294176
2025-04-13 08:00:00,1.57002708,17.23,0.0,0.0,2.8355252854526043,1.57002708
2025-04-13 09:00:00,2.3516656,9.0,-0.130385160446167,-0.130385160446167,2.884419720619917,2.221280439553833
2025-04-13 10:00:00,2.94100704,2.55,-0.3337860107421875,-0.3337860107421875,3.0095894746482372,2.6072210292578126
2025-04-13 11:00:00,3.28903104,0.18,-0.8544921875,-0.8544921875,3.3300240449607372,2.4345388525
2025-04-13 12:00:00,3.45547376,0.0,-2.1875,-2.1875,4.150336544960737,1.2679737599999998
2025-04-13 13:00:00,3.3632762400000003,-0.01,-4.0,-4.0,5.650336544960737,-0.6367237599999997
2025-04-13 14:00:00,3.05287084,-0.2,-4.0,-4.0,7.150336544960737,-0.9471291599999998
2025-04-13 15:00:00,2.5411538,-1.51,-4.0,-4.0,8.650336544960737,-1.4588462
2025-04-13 16:00:00,1.82092316,-0.01,-3.5,-3.5,9.962836544960737,-1.67907684
2025-04-13 17:00:00,0.8996649600000001,0.0,-1.3671875,-1.3671875,10.475531857460737,-0.46752253999999993
2025-04-13 18:00:00,0.15558636,1.35,-0.5340576171875,-0.5340576171875,10.67580346390605,-0.37847125718749997
2025-04-13 19:00:00,0.0,8.24,-0.2086162567138672,-0.2086162567138672,10.75403456017375,-0.2086162567138672
2025-04-13 20:00:00,0.0,44.31,0.0,0.0,10.75403456017375,0.0
2025-04-13 21:00:00,0.0,60.55,4.0,1.5,6.75403456017375,1.5
2025-04-13 22:00:00,0.0,59.04,4.0,1.5,2.75403456017375,1.5
2025-04-13 23:00:00,0.0,38.5,0.0,0.0,2.75403456017375,0.0
2025-04-14 00:00:00,0.0,39.23,0.0,0.0,2.75403456017375,0.0
2025-04-14 01:00:00,0.0,38.16,0.0,0.0,2.75403456017375,0.0
2025-04-14 02:00:00,0.0,37.74,0.0,0.0,2.75403456017375,0.0
2025-04-14 03:00:00,0.0,35.0,0.0,0.0,2.75403456017375,0.0
2025-04-14 04:00:00,0.0,30.01,-0.08149072527885437,-0.08149072527885437,2.7845935821533203,-0.08149072527885437
2025-04-14 05:00:00,0.0,35.01,0.0,0.0,2.7845935821533203,0.0
2025-04-14 06:00:00,0.00693152,42.5,0.0,0.0,2.7845935821533203,0.00693152
2025-04-14 07:00:00,0.01056296,68.19,4.0,1.5,-1.2154064178466797,1.51056296
2025-04-14 08:00:00,1.4517706,74.94,4.0,1.5,-5.21540641784668,2.9517705999999997
2025-04-14 09:00:00,0.41381596,37.74,0.0,0.0,-5.21540641784668,0.41381596
2025-04-14 10:00:00,1.49810128,30.55,0.0,0.0,-5.21540641784668,1.49810128
2025-04-14 11:00:00,1.9105188,7.4,-0.3337860107421875,-0.3337860107421875,-5.090236663818359,1.5767327892578125
2025-04-14 12:00:00,1.98770164,3.52,-0.8544921875,-0.8544921875,-4.769802093505859,1.1332094525
2025-04-14 13:00:00,2.05585116,0.65,-2.1875,-2.1875,-3.9494895935058594,-0.13164884
2025-04-14 14:00:00,0.63190972,0.0,-4.0,-4.0,-2.4494895935058594,-3.36809028
2025-04-14 15:00:00,2.3845088800000003,0.0,-4.0,-4.0,-0.9494895935058594,-1.6154911199999997
2025-04-14 16:00:00,1.7172026000000002,0.0,-4.0,-4.0,0.5505104064941406,-2.2827973999999998
2025-04-14 17:00:00,0.4228823200000001,0.0,-3.5,-3.5,1.8630104064941406,-3.0771176799999997
2025-04-14 18:00:00,0.06502172,0.65,-1.3671875,-1.3671875,2.3757057189941406,-1.30216578
2025-04-14 19:00:00,0.0,4.99,-0.5340576171875,-0.5340576171875,2.575977325439453,-0.5340576171875
2025-04-14 20:00:00,0.0,35.0,0.0,0.0,2.575977325439453,0.0
2025-04-14 21:00:00,0.0,35.0,0.0,0.0,2.575977325439453,0.0
2025-04-14 22:00:00,0.0,19.75,-0.130385160446167,-0.130385160446167,2.6248717606067657,-0.130385160446167
2025-04-14 23:00:00,0.0,13.0,-0.2086162567138672,-0.2086162567138672,2.703102856874466,-0.2086162567138672
2025-04-15 00:00:00,0.0,14.0,0.0,0.0,2.703102856874466,0.0
2025-04-15 01:00:00,0.0,7.5,0.0,0.0,2.703102856874466,0.0
2025-04-15 02:00:00,0.0,5.64,-0.08149072527885437,-0.08149072527885437,2.7336618788540363,-0.08149072527885437
2025-04-15 03:00:00,0.0,4.5,-0.2086162567138672,-0.2086162567138672,2.8118929751217365,-0.2086162567138672
2025-04-15 04:00:00,0.0,3.6,-0.3337860107421875,-0.3337860107421875,2.937062729150057,-0.3337860107421875
2025-04-15 05:00:00,0.0,7.08,0.0,0.0,2.937062729150057,0.0
2025-04-15 06:00:00,0.0224004399999999,20.08,0.0,0.0,2.937062729150057,0.0224004399999999
2025-04-15 07:00:00,0.03333788,34.45,0.0,0.0,2.937062729150057,0.03333788
2025-04-15 08:00:00,0.48056684,35.0,4.0,1.5,-1.0629372708499432,1.98056684
2025-04-15 09:00:00,2.35764512,18.74,0.0,0.0,-1.0629372708499432,2.35764512
2025-04-15 10:00:00,1.88464288,5.5,-0.130385160446167,-0.130385160446167,-1.0140428356826305,1.754257719553833
2025-04-15 11:00:00,1.906141,3.52,-0.5340576171875,-0.5340576171875,-0.813771229237318,1.3720833828125
2025-04-15 12:00:00,2.01040836,0.08,-1.3671875,-1.3671875,-0.30107591673731804,0.64322086
2025-04-15 13:00:00,2.04891668,0.0,-3.5,-3.5,1.011424083262682,-1.45108332
2025-04-15 14:00:00,1.92696784,-0.01,-4.0,-4.0,2.511424083262682,-2.07303216
2025-04-15 15:00:00,1.57287936,-0.01,-4.0,-4.0,4.011424083262682,-2.42712064
2025-04-15 16:00:00,1.78110596,-0.01,-4.0,-4.0,5.511424083262682,-2.21889404
2025-04-15 17:00:00,0.8863629199999999,0.0,-2.1875,-2.1875,6.331736583262682,-1.3011370800000002
2025-04-15 18:00:00,0.15680372,2.55,-0.8544921875,-0.8544921875,6.652171153575182,-0.6976884675
2025-04-15 19:00:00,0.0,7.5,0.0,0.0,6.652171153575182,0.0
2025-04-15 20:00:00,0.0,33.47,0.0,0.0,6.652171153575182,0.0
2025-04-15 21:00:00,0.0,35.0,4.0,1.5,2.652171153575182,1.5
2025-04-15 22:00:00,0.0,21.96,0.0,0.0,2.652171153575182,0.0
2025-04-15 23:00:00,0.0,21.46,0.0,0.0,2.652171153575182,0.0
2025-04-16 00:00:00,0.0,16.22,0.0,0.0,2.652171153575182,0.0
2025-04-16 01:00:00,0.0,16.22,0.0,0.0,2.652171153575182,0.0
2025-04-16 02:00:00,0.0,15.0,0.0,0.0,2.652171153575182,0.0
2025-04-16 03:00:00,0.0,12.96,0.0,0.0,2.652171153575182,0.0
2025-04-16 04:00:00,0.0,6.0,-0.130385160446167,-0.130385160446167,2.7010655887424946,-0.130385160446167
2025-04-16 05:00:00,0.0,6.99,0.0,0.0,2.7010655887424946,0.0
2025-04-16 06:00:00,0.04962224,15.98,0.0,0.0,2.7010655887424946,0.04962224
2025-04-16 07:00:00,0.6895840799999999,17.46,0.0,0.0,2.7010655887424946,0.6895840799999999
2025-04-16 08:00:00,1.6256673600000002,15.0,0.0,0.0,2.7010655887424946,1.6256673600000002
2025-04-16 09:00:00,2.36100752,3.8,-0.2086162567138672,-0.2086162567138672,2.779296685010195,2.1523912632861326
2025-04-16 10:00:00,2.88767088,0.66,-0.3337860107421875,-0.3337860107421875,2.904466439038515,2.5538848692578124
2025-04-16 11:00:00,3.2198818800000004,0.0,-4.0,-4.0,4.404466439038515,-0.7801181199999996
2025-04-16 12:00:00,1.57217884,0.0,-3.5,-3.5,5.716966439038515,-1.92782116
2025-04-16 13:00:00,1.65604096,0.0,-2.1875,-2.1875,6.537278939038515,-0.5314590400000001
2025-04-16 14:00:00,2.03775644,0.0,-1.3671875,-1.3671875,7.049974251538515,0.6705689399999999
2025-04-16 15:00:00,1.67848528,-0.01,-4.0,-4.0,8.549974251538515,-2.3215147199999997
2025-04-16 16:00:00,1.2013814,-0.01,-4.0,-4.0,10.049974251538515,-2.7986186
2025-04-16 17:00:00,0.78916792,0.0,-0.8544921875,-0.8544921875,10.370408821851015,-0.06532426749999998
2025-04-16 18:00:00,0.16007784,0.65,-0.5340576171875,-0.5340576171875,10.570680428296328,-0.3739797771875
2025-04-16 19:00:00,0.0,6.1,-0.08149072527885437,-0.08149072527885437,10.601239450275898,-0.08149072527885437
2025-04-16 20:00:00,0.0,30.92,0.0,0.0,10.601239450275898,0.0
2025-04-16 21:00:00,0.0,69.21,4.0,1.5,6.601239450275898,1.5
2025-04-16 22:00:00,0.0,36.0,4.0,1.5,2.601239450275898,1.5
2025-04-16 23:00:00,0.0,22.15,0.0,0.0,2.601239450275898,0.0
2025-04-17 00:00:00,0.0,20.19,0.0,0.0,2.601239450275898,0.0
2025-04-17 01:00:00,0.0,16.22,0.0,0.0,2.601239450275898,0.0
2025-04-17 02:00:00,0.0,15.98,0.0,0.0,2.601239450275898,0.0
2025-04-17 03:00:00,0.0,15.88,0.0,0.0,2.601239450275898,0.0
2025-04-17 04:00:00,0.0,15.5,-0.130385160446167,-0.130385160446167,2.6501338854432106,-0.130385160446167
2025-04-17 05:00:00,0.0,15.5,-0.08149072527885437,-0.08149072527885437,2.680692907422781,-0.08149072527885437
2025-04-17 06:00:00,0.02314672,16.46,0.0,0.0,2.680692907422781,0.02314672
2025-04-17 07:00:00,0.42819496,22.48,0.0,0.0,2.680692907422781,0.42819496
2025-04-17 08:00:00,1.17181792,19.97,0.0,0.0,2.680692907422781,1.17181792
2025-04-17 09:00:00,1.6231135200000002,9.5,-0.2086162567138672,-0.2086162567138672,2.758924003690481,1.414497263286133
2025-04-17 10:00:00,2.8230738000000004,3.52,-0.5340576171875,-0.5340576171875,2.9591956101357937,2.2890161828125004
2025-04-17 11:00:00,2.52028624,1.49,-0.8544921875,-0.8544921875,3.2796301804482937,1.6657940525
2025-04-17 12:00:00,2.55704784,0.0,-4.0,-4.0,4.779630180448294,-1.44295216
2025-04-17 13:00:00,2.5464496,0.0,-4.0,-4.0,6.279630180448294,-1.4535504000000001
2025-04-17 14:00:00,2.91037124,0.0,-4.0,-4.0,7.779630180448294,-1.08962876
2025-04-17 15:00:00,2.451401,0.0,-3.5,-3.5,9.092130180448294,-1.0485989999999998
2025-04-17 16:00:00,1.79049476,0.0,-2.1875,-2.1875,9.912442680448294,-0.3970052399999999
2025-04-17 17:00:00,0.9067444,0.0,-1.3671875,-1.3671875,10.425137992948294,-0.4604431
2025-04-17 18:00:00,0.2072212,3.52,-0.3337860107421875,-0.3337860107421875,10.550307746976614,-0.1265648107421875
2025-04-17 19:00:00,0.0,20.08,0.0,0.0,10.550307746976614,0.0
2025-04-17 20:00:00,0.0,72.83,0.0,0.0,10.550307746976614,0.0
2025-04-17 21:00:00,0.0,107.5,4.0,1.5,6.550307746976614,1.5
2025-04-17 22:00:00,0.0,87.56,4.0,1.5,2.550307746976614,1.5
2025-04-17 23:00:00,0.0,62.4,0.0,0.0,2.550307746976614,0.0
2025-04-18 00:00:00,0.0,36.0,4.0,1.5,-1.449692253023386,1.5
2025-04-18 01:00:00,0.0,21.53,0.0,0.0,-1.449692253023386,0.0
2025-04-18 02:00:00,0.0,20.26,0.0,0.0,-1.449692253023386,0.0
2025-04-18 03:00:00,0.0,20.57,0.0,0.0,-1.449692253023386,0.0
2025-04-18 04:00:00,0.0,20.57,0.0,0.0,-1.449692253023386,0.0
2025-04-18 05:00:00,0.0,20.26,0.0,0.0,-1.449692253023386,0.0
2025-04-18 06:00:00,0.0486235999999999,15.55,0.0,0.0,-1.449692253023386,0.0486235999999999
2025-04-18 07:00:00,0.44495716,18.98,0.0,0.0,-1.449692253023386,0.44495716
2025-04-18 08:00:00,1.70672408,12.05,-0.08149072527885437,-0.08149072527885437,-1.4191332310438156,1.6252333547211457
2025-04-18 09:00:00,2.44066812,4.31,-0.130385160446167,-0.130385160446167,-1.370238795876503,2.3102829595538332
2025-04-18 10:00:00,2.9823375600000004,2.0,-0.3337860107421875,-0.3337860107421875,-1.2450690418481827,2.648551549257813
2025-04-18 11:00:00,3.33961292,0.0,-0.8544921875,-0.8544921875,-0.9246344715356827,2.4851207325
2025-04-18 12:00:00,3.4706194,-0.3,-1.3671875,-1.3671875,-0.4119391590356827,2.1034319
2025-04-18 13:00:00,3.40586632,-0.79,-2.1875,-2.1875,0.4083733409643173,1.21836632
2025-04-18 14:00:00,3.10456088,-1.16,-3.5,-3.5,1.7208733409643173,-0.3954391199999998
2025-04-18 15:00:00,2.59695748,-1.54,-4.0,-4.0,3.2208733409643173,-1.40304252
2025-04-18 16:00:00,1.49235488,-1.54,-4.0,-4.0,4.720873340964317,-2.5076451200000003
2025-04-18 17:00:00,0.94568876,-1.51,-4.0,-4.0,6.220873340964317,-3.05431124
2025-04-18 18:00:00,0.15292364,0.0,-0.5340576171875,-0.5340576171875,6.42114494740963,-0.3811339771875
2025-04-18 19:00:00,0.0,3.52,-0.2086162567138672,-0.2086162567138672,6.49937604367733,-0.2086162567138672
2025-04-18 20:00:00,0.0,21.53,0.0,0.0,6.49937604367733,0.0
2025-04-18 21:00:00,0.0,35.0,4.0,1.5,2.49937604367733,1.5
2025-04-18 22:00:00,0.0,30.0,0.0,0.0,2.49937604367733,0.0
2025-04-18 23:00:00,0.0,21.05,0.0,0.0,2.49937604367733,0.0
2025-04-19 00:00:00,0.0,8.0,0.0,0.0,2.49937604367733,0.0
2025-04-19 01:00:00,0.0,4.83,0.0,0.0,2.49937604367733,0.0
2025-04-19 02:00:00,0.0,3.83,0.0,0.0,2.49937604367733,0.0
2025-04-19 03:00:00,0.0,3.52,0.0,0.0,2.49937604367733,0.0
2025-04-19 04:00:00,0.0,3.52,0.0,0.0,2.49937604367733,0.0
2025-04-19 05:00:00,0.0,3.52,0.0,0.0,2.49937604367733,0.0
2025-04-19 06:00:00,0.0433799199999999,3.52,0.0,0.0,2.49937604367733,0.0433799199999999
2025-04-19 07:00:00,0.3368999199999999,3.52,0.0,0.0,2.49937604367733,0.3368999199999999
2025-04-19 08:00:00,1.38716544,2.4,-0.08149072527885437,-0.08149072527885437,2.5299350656569004,1.3056747147211456
2025-04-19 09:00:00,2.45997052,0.0,-0.2086162567138672,-0.2086162567138672,2.6081661619246006,2.251354263286133
2025-04-19 10:00:00,2.9937018,-0.79,-0.3337860107421875,-0.3337860107421875,2.733335915952921,2.6599157892578127
2025-04-19 11:00:00,3.3077944400000003,-1.54,-1.3671875,-1.3671875,3.246031228452921,1.9406069400000003
2025-04-19 12:00:00,3.40774044,-1.54,-0.8544921875,-0.8544921875,3.566465798765421,2.5532482525
2025-04-19 13:00:00,3.3191496000000003,-2.2,-2.1875,-2.1875,4.386778298765421,1.1316496000000003
2025-04-19 14:00:00,3.02379496,-3.0,-4.0,-4.0,5.886778298765421,-0.97620504
2025-04-19 15:00:00,2.51609892,-4.0,-4.0,-4.0,7.386778298765421,-1.4839010799999999
2025-04-19 16:00:00,1.49691888,-4.0,-4.0,-4.0,8.886778298765421,-2.50308112
2025-04-19 17:00:00,0.92363492,-3.0,-3.5,-3.5,10.199278298765421,-2.57636508
2025-04-19 18:00:00,0.14901444,-1.54,-0.5340576171875,-0.5340576171875,10.399549905210733,-0.38504317718750003
2025-04-19 19:00:00,0.0,0.0,-0.130385160446167,-0.130385160446167,10.448444340378046,-0.130385160446167
2025-04-19 20:00:00,0.0,2.78,0.0,0.0,10.448444340378046,0.0
2025-04-19 21:00:00,0.0,8.0,4.0,1.5,6.448444340378046,1.5
2025-04-19 22:00:00,0.0,7.55,0.0,0.0,6.448444340378046,0.0
2025-04-19 23:00:00,0.0,8.0,4.0,1.5,2.448444340378046,1.5
2025-04-20 00:00:00,0.0,3.52,0.0,0.0,2.448444340378046,0.0
2025-04-20 01:00:00,0.0,2.78,0.0,0.0,2.448444340378046,0.0
2025-04-20 02:00:00,0.0,2.1,-0.130385160446167,-0.130385160446167,2.4973387755453587,-0.130385160446167
2025-04-20 03:00:00,0.0,2.17,-0.08149072527885437,-0.08149072527885437,2.527897797524929,-0.08149072527885437
2025-04-20 04:00:00,0.0,3.0,0.0,0.0,2.527897797524929,0.0
2025-04-20 05:00:00,0.0,3.52,0.0,0.0,2.527897797524929,0.0
2025-04-20 06:00:00,0.04373196,3.52,0.0,0.0,2.527897797524929,0.04373196
2025-04-20 07:00:00,0.7775755200000001,5.5,0.0,0.0,2.527897797524929,0.7775755200000001
2025-04-20 08:00:00,1.73570224,3.52,0.0,0.0,2.527897797524929,1.73570224
2025-04-20 09:00:00,2.45927772,1.6,-0.2086162567138672,-0.2086162567138672,2.6061288937926292,2.2506614632861326
2025-04-20 10:00:00,2.94775224,0.0,-0.3337860107421875,-0.3337860107421875,2.7312986478209496,2.6139662292578123
2025-04-20 11:00:00,3.19787148,-0.02,-0.5340576171875,-0.5340576171875,2.931570254266262,2.6638138628125
2025-04-20 12:00:00,3.2562628,-0.99,-1.3671875,-1.3671875,3.444265566766262,1.8890753
2025-04-20 13:00:00,3.146572480000001,-4.0,-4.0,-4.0,4.944265566766262,-0.853427519999999
2025-04-20 14:00:00,2.42204188,-4.99,-4.0,-4.0,6.444265566766262,-1.57795812
2025-04-20 15:00:00,1.85263692,-4.2,-4.0,-4.0,7.944265566766262,-2.14736308
2025-04-20 16:00:00,1.4627742,-1.54,-3.5,-3.5,9.256765566766262,-2.0372258
2025-04-20 17:00:00,0.61973172,-1.54,-2.1875,-2.1875,10.077078066766262,-1.5677682800000001
2025-04-20 18:00:00,0.20887376,-0.3,-0.8544921875,-0.8544921875,10.397512637078762,-0.6456184275
2025-04-20 19:00:00,0.0,3.05,0.0,0.0,10.397512637078762,0.0
2025-04-20 20:00:00,0.0,10.24,0.0,0.0,10.397512637078762,0.0
2025-04-20 21:00:00,0.0,32.93,0.0,0.0,10.397512637078762,0.0
2025-04-20 22:00:00,0.0,41.27,4.0,1.5,6.397512637078762,1.5
2025-04-20 23:00:00,0.0,39.0,4.0,1.5,2.397512637078762,1.5
2025-04-21 00:00:00,0.0,39.0,0.0,0.0,2.397512637078762,0.0
2025-04-21 01:00:00,0.0,25.5,-0.130385160446167,-0.130385160446167,2.4464070722460747,-0.130385160446167
2025-04-21 02:00:00,0.0,23.66,-0.3337860107421875,-0.3337860107421875,2.571576826274395,-0.3337860107421875
2025-04-21 03:00:00,0.0,22.5,-0.5340576171875,-0.5340576171875,2.7718484327197075,-0.5340576171875
2025-04-21 04:00:00,0.0,25.0,-0.2086162567138672,-0.2086162567138672,2.8500795289874077,-0.2086162567138672
2025-04-21 05:00:00,0.0,29.97,0.0,0.0,2.8500795289874077,0.0
2025-04-21 06:00:00,0.08385536,39.0,0.0,0.0,2.8500795289874077,0.08385536
2025-04-21 07:00:00,0.23792204,72.13,0.0,0.0,2.8500795289874077,0.23792204
2025-04-21 08:00:00,1.04784308,65.12,0.0,0.0,2.8500795289874077,1.04784308
2025-04-21 09:00:00,1.91610272,33.98,0.0,0.0,2.8500795289874077,1.91610272
2025-04-21 10:00:00,2.37644164,25.74,-0.08149072527885437,-0.08149072527885437,2.880638550966978,2.2949509147211455
2025-04-21 11:00:00,3.2860317200000004,15.0,-1.3671875,-1.3671875,3.393333863466978,1.9188442200000004
2025-04-21 12:00:00,2.76605792,11.83,-3.5,-3.5,4.705833863466978,-0.7339420799999998
2025-04-21 13:00:00,1.80175424,8.12,-4.0,-4.0,6.205833863466978,-2.19824576
2025-04-21 14:00:00,2.9669126,6.56,-4.0,-4.0,7.705833863466978,-1.0330873999999999
2025-04-21 15:00:00,1.5264184,9.27,-4.0,-4.0,9.205833863466978,-2.4735816
2025-04-21 16:00:00,0.8774577600000001,11.94,-2.1875,-2.1875,10.026146363466978,-1.31004224
2025-04-21 17:00:00,0.46659148,20.33,-0.8544921875,-0.8544921875,10.346580933779478,-0.3879007075
2025-04-21 18:00:00,0.1987462,44.86,0.0,0.0,10.346580933779478,0.1987462
2025-04-21 19:00:00,0.0,76.72,0.0,0.0,10.346580933779478,0.0
2025-04-21 20:00:00,0.0,134.09,4.0,1.5,6.346580933779478,1.5
2025-04-21 21:00:00,0.0,160.0,4.0,1.5,2.346580933779478,1.5
2025-04-21 22:00:00,0.0,122.77,0.0,0.0,2.346580933779478,0.0
2025-04-21 23:00:00,0.0,98.2,0.0,0.0,2.346580933779478,0.0
2025-04-22 00:00:00,0.0,85.1,0.0,0.0,2.346580933779478,0.0
2025-04-22 01:00:00,0.0,76.05,0.0,0.0,2.346580933779478,0.0
2025-04-22 02:00:00,0.0,71.73,0.0,0.0,2.346580933779478,0.0
2025-04-22 03:00:00,0.0,70.41,-0.08149072527885437,-0.08149072527885437,2.3771399557590485,-0.08149072527885437
2025-04-22 04:00:00,0.0,73.06,0.0,0.0,2.3771399557590485,0.0
2025-04-22 05:00:00,0.0,66.0,-0.2086162567138672,-0.2086162567138672,2.4553710520267487,-0.2086162567138672
2025-04-22 06:00:00,0.063208,84.48,0.0,0.0,2.4553710520267487,0.063208
2025-04-22 07:00:00,0.21838252,115.9,0.0,0.0,2.4553710520267487,0.21838252
2025-04-22 08:00:00,1.0229186,126.6,4.0,1.5,-1.5446289479732513,2.5229185999999997
2025-04-22 09:00:00,1.4806292,83.51,0.0,0.0,-1.5446289479732513,1.4806292
2025-04-22 10:00:00,2.9147165200000003,69.7,-0.130385160446167,-0.130385160446167,-1.4957345128059387,2.7843313595538333
2025-04-22 11:00:00,3.2398434000000003,45.0,-0.5340576171875,-0.5340576171875,-1.2954629063606262,2.7057857828125003
2025-04-22 12:00:00,3.30243052,30.0,-0.8544921875,-0.8544921875,-0.9750283360481262,2.4479383325
2025-04-22 13:00:00,3.25396424,20.37,-2.1875,-2.1875,-0.15471583604812622,1.0664642400000002
2025-04-22 14:00:00,2.98820752,15.0,-3.5,-3.5,1.1577841639518738,-0.51179248
2025-04-22 15:00:00,2.51393652,5.11,-4.0,-4.0,2.657784163951874,-1.4860634799999999
2025-04-22 16:00:00,1.82943724,4.31,-4.0,-4.0,4.157784163951874,-2.17056276
2025-04-22 17:00:00,0.92435424,5.79,-4.0,-4.0,5.657784163951874,-3.07564576
2025-04-22 18:00:00,0.16324964,21.7,-1.3671875,-1.3671875,6.170479476451874,-1.20393786
2025-04-22 19:00:00,0.0,60.0,-0.3337860107421875,-0.3337860107421875,6.295649230480194,-0.3337860107421875
2025-04-22 20:00:00,0.0,99.99,0.0,0.0,6.295649230480194,0.0
2025-04-22 21:00:00,0.0,130.04,4.0,1.5,2.295649230480194,1.5
2025-04-22 22:00:00,0.0,105.03,0.0,0.0,2.295649230480194,0.0
2025-04-22 23:00:00,0.0,75.81,0.0,0.0,2.295649230480194,0.0
2025-04-23 00:00:00,0.0,72.84,0.0,0.0,2.295649230480194,0.0
2025-04-23 01:00:00,0.0,62.4,0.0,0.0,2.295649230480194,0.0
2025-04-23 02:00:00,0.0,60.98,0.0,0.0,2.295649230480194,0.0
2025-04-23 03:00:00,0.0,53.17,0.0,0.0,2.295649230480194,0.0
2025-04-23 04:00:00,0.0,50.92,-0.08149072527885437,-0.08149072527885437,2.3262082524597645,-0.08149072527885437
2025-04-23 05:00:00,0.0,53.17,0.0,0.0,2.3262082524597645,0.0
2025-04-23 06:00:00,0.01028136,73.0,0.0,0.0,2.3262082524597645,0.01028136
2025-04-23 07:00:00,0.5566334,80.24,0.0,0.0,2.3262082524597645,0.5566334
2025-04-23 08:00:00,1.2122918399999998,67.11,0.0,0.0,2.3262082524597645,1.2122918399999998
2025-04-23 09:00:00,2.38536236,45.0,-0.130385160446167,-0.130385160446167,2.375102687627077,2.254977199553833
2025-04-23 10:00:00,2.83021708,11.5,-0.3337860107421875,-0.3337860107421875,2.5002724416553974,2.4964310692578127
2025-04-23 11:00:00,3.1232824400000005,4.31,-0.5340576171875,-0.5340576171875,2.70054404810071,2.5892248228125005
2025-04-23 12:00:00,3.24798268,0.65,-1.3671875,-1.3671875,3.21323936060071,1.8807951799999998
2025-04-23 13:00:00,3.20324572,0.28,-2.1875,-2.1875,4.03355186060071,1.01574572
2025-04-23 14:00:00,2.9429674800000005,0.01,-4.0,-4.0,5.53355186060071,-1.0570325199999995
2025-04-23 15:00:00,2.4781632,0.04,-4.0,-4.0,7.03355186060071,-1.5218368
2025-04-23 16:00:00,1.4490432800000002,0.04,-3.5,-3.5,8.34605186060071,-2.05095672
2025-04-23 17:00:00,0.77987776,0.01,-4.0,-4.0,9.84605186060071,-3.2201222400000002
2025-04-23 18:00:00,0.24458672,3.52,-0.8544921875,-0.8544921875,10.16648643091321,-0.6099054675
2025-04-23 19:00:00,0.0,31.24,-0.2086162567138672,-0.2086162567138672,10.24471752718091,-0.2086162567138672
2025-04-23 20:00:00,0.0,88.73,0.0,0.0,10.24471752718091,0.0
2025-04-23 21:00:00,0.0,116.7,4.0,1.5,6.24471752718091,1.5
2025-04-23 22:00:00,0.0,105.58,4.0,1.5,2.24471752718091,1.5
2025-04-23 23:00:00,0.0,80.24,0.0,0.0,2.24471752718091,0.0
2025-04-24 00:00:00,0.0,75.24,0.0,0.0,2.24471752718091,0.0
2025-04-24 01:00:00,0.0,55.89,0.0,0.0,2.24471752718091,0.0
2025-04-24 02:00:00,0.0,45.5,-0.130385160446167,-0.130385160446167,2.2936119623482227,-0.130385160446167
2025-04-24 03:00:00,0.0,47.46,-0.08149072527885437,-0.08149072527885437,2.324170984327793,-0.08149072527885437
2025-04-24 04:00:00,0.0,47.46,0.0,0.0,2.324170984327793,0.0
2025-04-24 05:00:00,0.0,53.17,0.0,0.0,2.324170984327793,0.0
2025-04-24 06:00:00,0.07009936,65.74,0.0,0.0,2.324170984327793,0.07009936
2025-04-24 07:00:00,0.36703564,95.0,0.0,0.0,2.324170984327793,0.36703564
2025-04-24 08:00:00,0.96376208,71.33,0.0,0.0,2.324170984327793,0.96376208
2025-04-24 09:00:00,0.80352884,19.97,-0.2086162567138672,-0.2086162567138672,2.4024020805954933,0.5949125832861328
2025-04-24 10:00:00,1.53094368,3.95,-0.3337860107421875,-0.3337860107421875,2.5275718346238136,1.1971576692578125
2025-04-24 11:00:00,1.44535736,0.1,-0.8544921875,-0.8544921875,2.8480064049363136,0.5908651725
2025-04-24 12:00:00,1.64428548,0.04,-1.3671875,-1.3671875,3.3607017174363136,0.27709797999999997
2025-04-24 13:00:00,1.81745292,0.0,-4.0,-4.0,4.860701717436314,-2.18254708
2025-04-24 14:00:00,1.23222924,0.0,-4.0,-4.0,6.360701717436314,-2.7677707600000003
2025-04-24 15:00:00,1.03471616,0.0,-4.0,-4.0,7.860701717436314,-2.9652838399999997
2025-04-24 16:00:00,0.63332148,0.0,-3.5,-3.5,9.173201717436314,-2.86667852
2025-04-24 17:00:00,0.8910501200000001,0.0,-2.1875,-2.1875,9.993514217436314,-1.29644988
2025-04-24 18:00:00,0.18335408,3.52,-0.5340576171875,-0.5340576171875,10.193785823881626,-0.3507035371875
2025-04-24 19:00:00,0.0,47.46,0.0,0.0,10.193785823881626,0.0
2025-04-24 20:00:00,0.0,102.35,0.0,0.0,10.193785823881626,0.0
2025-04-24 21:00:00,0.0,114.48,4.0,1.5,6.193785823881626,1.5
2025-04-24 22:00:00,0.0,106.53,4.0,1.5,2.193785823881626,1.5
2025-04-24 23:00:00,0.0,93.1,0.0,0.0,2.193785823881626,0.0
2025-04-25 00:00:00,0.0,74.24,0.0,0.0,2.193785823881626,0.0
2025-04-25 01:00:00,0.0,65.01,0.0,0.0,2.193785823881626,0.0
2025-04-25 02:00:00,0.0,69.39,0.0,0.0,2.193785823881626,0.0
2025-04-25 03:00:00,0.0,61.31,0.0,0.0,2.193785823881626,0.0
2025-04-25 04:00:00,0.0,65.2,0.0,0.0,2.193785823881626,0.0
2025-04-25 05:00:00,0.0,72.99,0.0,0.0,2.193785823881626,0.0
2025-04-25 06:00:00,0.0128680799999999,72.99,0.0,0.0,2.193785823881626,0.0128680799999999
2025-04-25 07:00:00,0.12917372,83.51,4.0,1.5,-1.8062141761183739,1.62917372
2025-04-25 08:00:00,0.4576814,78.87,4.0,1.5,-5.806214176118374,1.9576814
2025-04-25 09:00:00,0.93529436,40.5,-0.130385160446167,-0.130385160446167,-5.757319740951061,0.804909199553833
2025-04-25 10:00:00,0.8577241999999999,15.0,-0.3337860107421875,-0.3337860107421875,-5.632149986922741,0.5239381892578124
2025-04-25 11:00:00,0.87738272,0.65,-0.5340576171875,-0.5340576171875,-5.431878380477428,0.34332510281249995
2025-04-25 12:00:00,2.27751036,0.0,-2.1875,-2.1875,-4.611565880477428,0.09001035999999996
2025-04-25 13:00:00,2.030265,0.0,-1.3671875,-1.3671875,-4.098870567977428,0.6630775
2025-04-25 14:00:00,2.09746028,-0.01,-4.0,-4.0,-2.5988705679774284,-1.90253972
2025-04-25 15:00:00,1.7513743200000005,-0.12,-4.0,-4.0,-1.0988705679774284,-2.2486256799999995
2025-04-25 16:00:00,1.1920295200000002,-0.21,-4.0,-4.0,0.40112943202257156,-2.80797048
2025-04-25 17:00:00,0.72853648,-0.01,-3.5,-3.5,1.7136294320225716,-2.77146352
2025-04-25 18:00:00,0.10125084,0.0,-0.8544921875,-0.8544921875,2.0340640023350716,-0.7532413475
2025-04-25 19:00:00,0.0,20.08,-0.2086162567138672,-0.2086162567138672,2.1122950986027718,-0.2086162567138672
2025-04-25 20:00:00,0.0,44.03,0.0,0.0,2.1122950986027718,0.0
2025-04-25 21:00:00,0.0,47.46,0.0,0.0,2.1122950986027718,0.0
2025-04-25 22:00:00,0.0,47.46,0.0,0.0,2.1122950986027718,0.0
2025-04-25 23:00:00,0.0,40.7,-0.08149072527885437,-0.08149072527885437,2.142854120582342,-0.08149072527885437
2025-04-26 00:00:00,0.0,19.86,4.0,1.5,-1.8571458794176579,1.5
2025-04-26 01:00:00,0.0,7.83,0.0,0.0,-1.8571458794176579,0.0
2025-04-26 02:00:00,0.0,5.3,-0.08149072527885437,-0.08149072527885437,-1.8265868574380875,-0.08149072527885437
2025-04-26 03:00:00,0.0,7.11,0.0,0.0,-1.8265868574380875,0.0
2025-04-26 04:00:00,0.0,7.11,0.0,0.0,-1.8265868574380875,0.0
2025-04-26 05:00:00,0.0,5.3,0.0,0.0,-1.8265868574380875,0.0
2025-04-26 06:00:00,0.08664092,8.5,0.0,0.0,-1.8265868574380875,0.08664092
2025-04-26 07:00:00,0.0245348,15.5,0.0,0.0,-1.8265868574380875,0.0245348
2025-04-26 08:00:00,0.4480105599999999,6.98,0.0,0.0,-1.8265868574380875,0.4480105599999999
2025-04-26 09:00:00,2.5085816800000003,0.0,-0.2086162567138672,-0.2086162567138672,-1.7483557611703873,2.299965423286133
2025-04-26 10:00:00,3.0789474800000005,-0.51,-0.3337860107421875,-0.3337860107421875,-1.623186007142067,2.745161469257813
2025-04-26 11:00:00,1.75886792,-1.54,-0.8544921875,-0.8544921875,-1.302751436829567,0.9043757324999999
2025-04-26 12:00:00,3.5183139600000004,-2.0,-2.1875,-2.1875,-0.48243893682956696,1.3308139600000004
2025-04-26 13:00:00,1.80920088,-2.0,-1.3671875,-1.3671875,0.030256375670433044,0.4420133799999999
2025-04-26 14:00:00,3.09835624,-3.0,-4.0,-4.0,1.530256375670433,-0.9016437599999998
2025-04-26 15:00:00,2.5589986,-3.0,-4.0,-4.0,3.030256375670433,-1.4410014000000002
2025-04-26 16:00:00,0.35564972,-3.03,-4.0,-4.0,4.530256375670433,-3.64435028
2025-04-26 17:00:00,0.9318754,-2.5,-3.5,-3.5,5.842756375670433,-2.5681246
2025-04-26 18:00:00,0.01560056,-1.54,-0.5340576171875,-0.5340576171875,6.0430279821157455,-0.5184570571875
2025-04-26 19:00:00,0.0,0.0,-0.130385160446167,-0.130385160446167,6.091922417283058,-0.130385160446167
2025-04-26 20:00:00,0.0,11.0,0.0,0.0,6.091922417283058,0.0
2025-04-26 21:00:00,0.0,23.04,4.0,1.5,2.091922417283058,1.5
2025-04-26 22:00:00,0.0,18.45,0.0,0.0,2.091922417283058,0.0
2025-04-26 23:00:00,0.0,16.08,0.0,0.0,2.091922417283058,0.0
2025-04-27 00:00:00,0.0,14.0,0.0,0.0,2.091922417283058,0.0
2025-04-27 01:00:00,0.0,5.11,0.0,0.0,2.091922417283058,0.0
2025-04-27 02:00:00,0.0,3.6,0.0,0.0,2.091922417283058,0.0
2025-04-27 03:00:00,0.0,3.52,-0.08149072527885437,-0.08149072527885437,2.1224814392626286,-0.08149072527885437
2025-04-27 04:00:00,0.0,3.52,0.0,0.0,2.1224814392626286,0.0
2025-04-27 05:00:00,0.0,3.52,0.0,0.0,2.1224814392626286,0.0
2025-04-27 06:00:00,0.03537696,3.6,0.0,0.0,2.1224814392626286,0.03537696
2025-04-27 07:00:00,0.03333152,3.52,0.0,0.0,2.1224814392626286,0.03333152
2025-04-27 08:00:00,1.7450884400000002,0.0,-0.2086162567138672,-0.2086162567138672,2.2007125355303288,1.536472183286133
2025-04-27 09:00:00,2.46350008,-1.51,-1.3671875,-1.3671875,2.7134078480303288,1.0963125800000002
2025-04-27 10:00:00,1.55844416,-3.0,-2.1875,-2.1875,3.5337203480303288,-0.6290558399999999
2025-04-27 11:00:00,1.21779404,-5.0,-4.0,-4.0,5.033720348030329,-2.7822059599999998
2025-04-27 12:00:00,1.58736984,-5.0,-4.0,-4.0,6.533720348030329,-2.41263016
2025-04-27 13:00:00,2.2661863600000003,-5.0,-4.0,-4.0,8.033720348030329,-1.7338136399999997
2025-04-27 14:00:00,3.04476968,-5.0,-3.5,-3.5,9.346220348030329,-0.4552303200000001
2025-04-27 15:00:00,1.7109663200000005,-1.48,-0.8544921875,-0.8544921875,9.666654918342829,0.8564741325000005
2025-04-27 16:00:00,1.57035516,-0.5,-0.5340576171875,-0.5340576171875,9.866926524788141,1.0362975428125
2025-04-27 17:00:00,0.8234660000000001,-0.01,-0.3337860107421875,-0.3337860107421875,9.992096278816462,0.48967998925781264
2025-04-27 18:00:00,0.1775665599999999,0.0,-0.130385160446167,-0.130385160446167,10.040990713983774,0.04718139955383291
2025-04-27 19:00:00,0.0,3.52,0.0,0.0,10.040990713983774,0.0
2025-04-27 20:00:00,0.0,35.0,0.0,0.0,10.040990713983774,0.0
2025-04-27 21:00:00,0.0,100.7,4.0,1.5,6.040990713983774,1.5
2025-04-27 22:00:00,0.0,85.14,4.0,1.5,2.040990713983774,1.5
2025-04-27 23:00:00,0.0,40.0,0.0,0.0,2.040990713983774,0.0
2025-04-28 00:00:00,0.0,24.63,0.0,0.0,2.040990713983774,0.0
2025-04-28 01:00:00,0.0,16.3,-0.08149072527885437,-0.08149072527885437,2.0715497359633446,-0.08149072527885437
2025-04-28 02:00:00,0.0,18.1,0.0,0.0,2.0715497359633446,0.0
2025-04-28 03:00:00,0.0,18.0,0.0,0.0,2.0715497359633446,0.0
2025-04-28 04:00:00,0.0,18.0,0.0,0.0,2.0715497359633446,0.0
2025-04-28 05:00:00,0.0,25.0,0.0,0.0,2.0715497359633446,0.0
2025-04-28 06:00:00,0.0976047999999999,25.0,0.0,0.0,2.0715497359633446,0.0976047999999999
2025-04-28 07:00:00,0.82164948,40.7,0.0,0.0,2.0715497359633446,0.82164948
2025-04-28 08:00:00,1.73352204,33.0,0.0,0.0,2.0715497359633446,1.73352204
2025-04-28 09:00:00,2.40768172,3.52,-0.2086162567138672,-0.2086162567138672,2.1497808322310448,2.1990654632861326
2025-04-28 10:00:00,2.88146628,0.0,-0.5340576171875,-0.5340576171875,2.3500524386763573,2.3474086628125
2025-04-28 11:00:00,3.1606548,-0.01,-1.3671875,-1.3671875,2.8627477511763573,1.7934673
2025-04-28 12:00:00,3.2448286,-1.01,-3.5,-3.5,4.175247751176357,-0.25517140000000005
2025-04-28 13:00:00,3.17417696,-2.5,-4.0,-4.0,5.675247751176357,-0.82582304
2025-04-28 14:00:00,2.925489,-1.51,-4.0,-4.0,7.175247751176357,-1.0745110000000002
2025-04-28 15:00:00,2.47278392,-1.51,-4.0,-4.0,8.675247751176357,-1.52721608
2025-04-28 16:00:00,1.04478852,-0.3,-2.1875,-2.1875,9.495560251176357,-1.14271148
2025-04-28 17:00:00,0.83028552,-0.01,-0.8544921875,-0.8544921875,9.815994821488857,-0.0242066675
2025-04-28 18:00:00,0.16105376,0.01,-0.3337860107421875,-0.3337860107421875,9.941164575517178,-0.1727322507421875
2025-04-28 19:00:00,0.0,5.2,-0.130385160446167,-0.130385160446167,9.99005901068449,-0.130385160446167
2025-04-28 20:00:00,0.0,40.7,0.0,0.0,9.99005901068449,0.0
2025-04-28 21:00:00,0.0,80.8,4.0,1.5,5.99005901068449,1.5
2025-04-28 22:00:00,0.0,61.15,4.0,1.5,1.9900590106844902,1.5
2025-04-28 23:00:00,0.0,35.0,0.0,0.0,1.9900590106844902,0.0
2025-04-29 00:00:00,0.0,6.77,0.0,0.0,1.9900590106844902,0.0
2025-04-29 01:00:00,0.0,3.52,0.0,0.0,1.9900590106844902,0.0
2025-04-29 02:00:00,0.0,3.52,0.0,0.0,1.9900590106844902,0.0
2025-04-29 03:00:00,0.0,3.52,0.0,0.0,1.9900590106844902,0.0
2025-04-29 04:00:00,0.0,3.3,-0.08149072527885437,-0.08149072527885437,2.0206180326640606,-0.08149072527885437
2025-04-29 05:00:00,0.0,3.52,0.0,0.0,2.0206180326640606,0.0
2025-04-29 06:00:00,0.10138076,3.52,0.0,0.0,2.0206180326640606,0.10138076
2025-04-29 07:00:00,0.8213939200000001,14.0,0.0,0.0,2.0206180326640606,0.8213939200000001
2025-04-29 08:00:00,1.73839884,3.52,0.0,0.0,2.0206180326640606,1.73839884
2025-04-29 09:00:00,2.42924588,3.0,-0.130385160446167,-0.130385160446167,2.069512467831373,2.298860719553833
2025-04-29 10:00:00,2.93471076,0.0,-0.5340576171875,-0.5340576171875,2.2697840742766857,2.4006531428125
2025-04-29 11:00:00,3.22998264,-0.3,-0.8544921875,-0.8544921875,2.5902186445891857,2.3754904525
2025-04-29 12:00:00,3.3361847600000005,-1.01,-2.1875,-2.1875,3.4105311445891857,1.1486847600000005
2025-04-29 13:00:00,2.36604732,-1.9,-4.0,-4.0,4.910531144589186,-1.6339526800000002
2025-04-29 14:00:00,2.46087112,-1.66,-4.0,-4.0,6.410531144589186,-1.5391288799999998
2025-04-29 15:00:00,2.0549652,-1.54,-4.0,-4.0,7.910531144589186,-1.9450348000000002
2025-04-29 16:00:00,1.53511228,-1.54,-3.5,-3.5,9.223031144589186,-1.96488772
2025-04-29 17:00:00,0.7730136400000001,-1.0,-1.3671875,-1.3671875,9.735726457089186,-0.5941738599999999
2025-04-29 18:00:00,0.24937056,0.0,-0.3337860107421875,-0.3337860107421875,9.860896211117506,-0.08441545074218751
2025-04-29 19:00:00,0.0,0.65,-0.2086162567138672,-0.2086162567138672,9.939127307385206,-0.2086162567138672
2025-04-29 20:00:00,0.0,12.53,0.0,0.0,9.939127307385206,0.0
2025-04-29 21:00:00,0.0,35.01,4.0,1.5,5.939127307385206,1.5
2025-04-29 22:00:00,0.0,33.68,4.0,1.5,1.9391273073852062,1.5
2025-04-29 23:00:00,0.0,17.93,0.0,0.0,1.9391273073852062,0.0
2025-04-30 00:00:00,0.0,12.91,-0.5340576171875,-0.5340576171875,2.1393989138305187,-0.5340576171875
2025-04-30 01:00:00,0.0,22.23,0.0,0.0,2.1393989138305187,0.0
2025-04-30 02:00:00,0.0,12.53,-0.8544921875,-0.8544921875,2.4598334841430187,-0.8544921875
2025-04-30 03:00:00,0.0,5.5,-2.1875,-2.1875,3.2801459841430187,-2.1875
2025-04-30 04:00:00,0.0,3.3,-4.0,-4.0,4.780145984143019,-4.0
2025-04-30 05:00:00,0.0,3.18,-4.0,-4.0,6.280145984143019,-4.0
2025-04-30 06:00:00,0.0975669199999999,3.3,-3.5,-3.5,7.592645984143019,-3.40243308
2025-04-30 07:00:00,0.83008716,3.2,-4.0,-4.0,9.092645984143019,-3.16991284
2025-04-30 08:00:00,1.7379278,5.5,-1.3671875,-1.3671875,9.605341296643019,0.3707403
2025-04-30 09:00:00,2.4151455600000005,20.36,-0.3337860107421875,-0.3337860107421875,9.730511050671339,2.081359549257813
2025-04-30 10:00:00,2.8970085600000006,21.94,-0.130385160446167,-0.130385160446167,9.779405485838652,2.7666233995538336
2025-04-30 11:00:00,3.17720332,23.17,0.0,0.0,9.779405485838652,3.17720332
2025-04-30 12:00:00,3.2695568,21.94,-0.08149072527885437,-0.08149072527885437,9.809964507818222,3.188066074721146
2025-04-30 13:00:00,3.16037648,21.94,0.0,0.0,9.809964507818222,3.16037648
2025-04-30 14:00:00,2.88804236,21.56,-0.2086162567138672,-0.2086162567138672,9.888195604085922,2.679426103286133
2025-04-30 15:00:00,2.42977428,21.94,0.0,0.0,9.888195604085922,2.42977428
2025-04-30 16:00:00,1.78286796,22.23,0.0,0.0,9.888195604085922,1.78286796
2025-04-30 17:00:00,0.91021588,28.77,0.0,0.0,9.888195604085922,0.91021588
2025-04-30 18:00:00,0.1650252,26.86,0.0,0.0,9.888195604085922,0.1650252
2025-04-30 19:00:00,0.0,25.6,0.0,0.0,9.888195604085922,0.0
2025-04-30 20:00:00,0.0,38.58,0.0,0.0,9.888195604085922,0.0
2025-04-30 21:00:00,0.0,45.0,4.0,1.5,5.888195604085922,1.5
2025-04-30 22:00:00,0.0,42.88,4.0,1.5,1.8881956040859222,1.5
2025-04-30 23:00:00,0.0,38.58,0.0,0.0,1.8881956040859222,0.0
2025-05-01 00:00:00,0.0,29.2,0.0,0.0,1.8881956040859222,0.0
2025-05-01 01:00:00,0.0,22.66,0.0,0.0,1.8881956040859222,0.0
2025-05-01 02:00:00,0.0,22.59,0.0,0.0,1.8881956040859222,0.0
2025-05-01 03:00:00,0.0,23.22,0.0,0.0,1.8881956040859222,0.0
2025-05-01 04:00:00,0.0,22.59,0.0,0.0,1.8881956040859222,0.0
2025-05-01 05:00:00,0.0,27.2,0.0,0.0,1.8881956040859222,0.0
2025-05-01 06:00:00,0.11182216,28.16,0.0,0.0,1.8881956040859222,0.11182216
2025-05-01 07:00:00,0.8339892,23.02,0.0,0.0,1.8881956040859222,0.8339892
2025-05-01 08:00:00,1.7314151999999998,18.39,-0.08149072527885437,-0.08149072527885437,1.9187546260654926,1.6499244747211455
2025-05-01 09:00:00,2.38939316,17.95,-0.130385160446167,-0.130385160446167,1.9676490612328053,2.259007999553833
2025-05-01 10:00:00,2.87963024,5.79,-0.5340576171875,-0.5340576171875,2.1679206676781178,2.3455726228125
2025-05-01 11:00:00,3.17394544,5.1,-2.1875,-2.1875,2.9882331676781178,0.9864454399999998
2025-05-01 12:00:00,3.28252996,5.1,-1.3671875,-1.3671875,3.5009284801781178,1.9153424600000002
2025-05-01 13:00:00,3.19208936,5.0,-3.5,-3.5,4.813428480178118,-0.3079106399999998
2025-05-01 14:00:00,2.90686104,4.89,-4.0,-4.0,6.313428480178118,-1.09313896
2025-05-01 15:00:00,2.44466236,4.68,-4.0,-4.0,7.813428480178118,-1.5553376399999999
2025-05-01 16:00:00,1.77971124,4.89,-4.0,-4.0,9.313428480178118,-2.22028876
2025-05-01 17:00:00,0.92258028,5.1,-0.8544921875,-0.8544921875,9.633863050490618,0.06808809250000003
2025-05-01 18:00:00,0.1936725999999999,7.5,-0.3337860107421875,-0.3337860107421875,9.759032804518938,-0.1401134107421876
2025-05-01 19:00:00,0.0,15.0,-0.2086162567138672,-0.2086162567138672,9.837263900786638,-0.2086162567138672
2025-05-01 20:00:00,0.0,30.0,0.0,0.0,9.837263900786638,0.0
2025-05-01 21:00:00,0.0,55.0,4.0,1.5,5.837263900786638,1.5
2025-05-01 22:00:00,0.0,35.5,4.0,1.5,1.8372639007866383,1.5
2025-05-01 23:00:00,0.0,33.87,0.0,0.0,1.8372639007866383,0.0
2025-05-02 00:00:00,0.0,13.04,0.0,0.0,1.8372639007866383,0.0
2025-05-02 01:00:00,0.0,5.11,-0.2086162567138672,-0.2086162567138672,1.9154949970543385,-0.2086162567138672
2025-05-02 02:00:00,0.0,2.8,-4.0,-4.0,3.4154949970543385,-4.0
2025-05-02 03:00:00,0.0,2.5,-4.0,-4.0,4.9154949970543385,-4.0
2025-05-02 04:00:00,0.0,2.5,-4.0,-4.0,6.4154949970543385,-4.0
2025-05-02 05:00:00,0.0,3.17,-3.5,-3.5,7.7279949970543385,-3.5
2025-05-02 06:00:00,0.12160764,7.96,0.0,0.0,7.7279949970543385,0.12160764
2025-05-02 07:00:00,0.8182619199999999,7.96,0.0,0.0,7.7279949970543385,0.8182619199999999
2025-05-02 08:00:00,1.68846024,14.0,0.0,0.0,7.7279949970543385,1.68846024
2025-05-02 09:00:00,1.63380296,13.95,0.0,0.0,7.7279949970543385,1.63380296
2025-05-02 10:00:00,2.08113484,14.95,0.0,0.0,7.7279949970543385,2.08113484
2025-05-02 11:00:00,2.2887724,11.0,0.0,0.0,7.7279949970543385,2.2887724
2025-05-02 12:00:00,2.39891704,5.79,-0.130385160446167,-0.130385160446167,7.776889432221651,2.268531879553833
2025-05-02 13:00:00,2.5966406,4.31,-0.5340576171875,-0.5340576171875,7.977161038666964,2.0625829828125
2025-05-02 14:00:00,2.43433628,3.17,-2.1875,-2.1875,8.797473538666964,0.24683628000000013
2025-05-02 15:00:00,1.86838584,3.17,-1.3671875,-1.3671875,9.310168851166964,0.50119834
2025-05-02 16:00:00,1.41990956,3.17,-0.8544921875,-0.8544921875,9.630603421479464,0.5654173725
2025-05-02 17:00:00,0.8440690399999999,4.31,-0.3337860107421875,-0.3337860107421875,9.755773175507784,0.5102830292578124
2025-05-02 18:00:00,0.27798448,5.79,-0.08149072527885437,-0.08149072527885437,9.786332197487354,0.1964937547211456
2025-05-02 19:00:00,0.0,15.29,0.0,0.0,9.786332197487354,0.0
2025-05-02 20:00:00,0.0,35.01,0.0,0.0,9.786332197487354,0.0
2025-05-02 21:00:00,0.0,63.62,4.0,1.5,5.786332197487354,1.5
2025-05-02 22:00:00,0.0,52.05,4.0,1.5,1.7863321974873543,1.5
2025-05-02 23:00:00,0.0,41.05,0.0,0.0,1.7863321974873543,0.0
2025-05-03 00:00:00,0.0,36.13,0.0,0.0,1.7863321974873543,0.0
2025-05-03 01:00:00,0.0,26.0,0.0,0.0,1.7863321974873543,0.0
2025-05-03 02:00:00,0.0,16.16,0.0,0.0,1.7863321974873543,0.0
2025-05-03 03:00:00,0.0,13.89,0.0,0.0,1.7863321974873543,0.0
2025-05-03 04:00:00,0.0,13.37,-0.08149072527885437,-0.08149072527885437,1.8168912194669247,-0.08149072527885437
2025-05-03 05:00:00,0.0,15.17,0.0,0.0,1.8168912194669247,0.0
2025-05-03 06:00:00,0.03571944,16.91,0.0,0.0,1.8168912194669247,0.03571944
2025-05-03 07:00:00,0.81439396,14.13,0.0,0.0,1.8168912194669247,0.81439396
2025-05-03 08:00:00,0.57696908,12.67,-0.130385160446167,-0.130385160446167,1.8657856546342373,0.44658391955383303
2025-05-03 09:00:00,1.04853288,5.7,-0.2086162567138672,-0.2086162567138672,1.9440167509019375,0.8399166232861328
2025-05-03 10:00:00,1.09221968,4.31,-3.5,-3.5,3.2565167509019375,-2.40778032
2025-05-03 11:00:00,0.46872008,3.0,-4.0,-4.0,4.7565167509019375,-3.5312799200000002
2025-05-03 12:00:00,0.2631911999999999,4.31,-2.1875,-2.1875,5.5768292509019375,-1.9243088000000002
2025-05-03 13:00:00,1.0342228,4.7,-0.5340576171875,-0.5340576171875,5.77710085734725,0.5001651828125
2025-05-03 14:00:00,1.6815587600000002,4.31,-1.3671875,-1.3671875,6.28979616984725,0.31437126000000015
2025-05-03 15:00:00,1.5192407600000002,0.98,-4.0,-4.0,7.78979616984725,-2.48075924
2025-05-03 16:00:00,0.4093690400000001,0.27,-4.0,-4.0,9.28979616984725,-3.59063096
2025-05-03 17:00:00,0.4220234399999999,4.31,-0.8544921875,-0.8544921875,9.61023074015975,-0.4324687475000001
2025-05-03 18:00:00,0.00756368,5.0,-0.3337860107421875,-0.3337860107421875,9.73540049418807,-0.3262223307421875
2025-05-03 19:00:00,0.0,19.01,0.0,0.0,9.73540049418807,0.0
2025-05-03 20:00:00,0.0,35.24,0.0,0.0,9.73540049418807,0.0
2025-05-03 21:00:00,0.0,57.18,4.0,1.5,5.73540049418807,1.5
2025-05-03 22:00:00,0.0,57.18,4.0,1.5,1.7354004941880703,1.5
2025-05-03 23:00:00,0.0,47.36,0.0,0.0,1.7354004941880703,0.0
2025-05-04 00:00:00,0.0,36.13,4.0,1.5,-2.2645995058119297,1.5
2025-05-04 01:00:00,0.0,32.35,0.0,0.0,-2.2645995058119297,0.0
2025-05-04 02:00:00,0.0,24.01,0.0,0.0,-2.2645995058119297,0.0
2025-05-04 03:00:00,0.0,19.31,-0.2086162567138672,-0.2086162567138672,-2.1863684095442295,-0.2086162567138672
2025-05-04 04:00:00,0.0,16.54,-0.3337860107421875,-0.3337860107421875,-2.061198655515909,-0.3337860107421875
2025-05-04 05:00:00,0.0,15.58,-0.8544921875,-0.8544921875,-1.7407640852034092,-0.8544921875
2025-05-04 06:00:00,0.13094164,13.62,-2.1875,-2.1875,-0.9204515852034092,-2.05655836
2025-05-04 07:00:00,0.83800092,13.0,-3.5,-3.5,0.3920484147965908,-2.66199908
2025-05-04 08:00:00,1.73522192,20.93,-0.130385160446167,-0.130385160446167,0.4409428499639034,1.604836759553833
2025-05-04 09:00:00,2.4281708,20.93,-0.08149072527885437,-0.08149072527885437,0.4715018719434738,2.346680074721146
2025-05-04 10:00:00,2.9235511200000004,20.93,0.0,0.0,0.4715018719434738,2.9235511200000004
2025-05-04 11:00:00,3.2347326000000005,20.93,0.0,0.0,0.4715018719434738,3.2347326000000005
2025-05-04 12:00:00,3.3607845600000004,20.93,0.0,0.0,0.4715018719434738,3.3607845600000004
2025-05-04 13:00:00,1.90612512,20.93,0.0,0.0,0.4715018719434738,1.90612512
2025-05-04 14:00:00,1.98375924,16.2,-0.5340576171875,-0.5340576171875,0.6717734783887863,1.4497016228125
2025-05-04 15:00:00,1.4404854,6.3,-4.0,-4.0,2.1717734783887863,-2.5595146
2025-05-04 16:00:00,1.838798,6.09,-4.0,-4.0,3.6717734783887863,-2.1612020000000003
2025-05-04 17:00:00,0.9481428,6.09,-4.0,-4.0,5.171773478388786,-3.0518572
2025-05-04 18:00:00,0.1799178,14.86,-1.3671875,-1.3671875,5.684468790888786,-1.1872697
2025-05-04 19:00:00,0.0,20.94,0.0,0.0,5.684468790888786,0.0
2025-05-04 20:00:00,0.0,36.13,4.0,1.5,1.6844687908887863,1.5
2025-05-04 21:00:00,0.0,35.0,0.0,0.0,1.6844687908887863,0.0
2025-05-04 22:00:00,0.0,35.0,0.0,0.0,1.6844687908887863,0.0
2025-05-04 23:00:00,0.0,24.41,0.0,0.0,1.6844687908887863,0.0
2025-05-05 00:00:00,0.0,47.78,4.0,1.5,-2.3155312091112137,1.5
2025-05-05 01:00:00,0.0,47.56,-0.08149072527885437,-0.08149072527885437,-2.2849721871316433,-0.08149072527885437
2025-05-05 02:00:00,0.0,47.56,0.0,0.0,-2.2849721871316433,0.0
2025-05-05 03:00:00,0.0,47.56,0.0,0.0,-2.2849721871316433,0.0
2025-05-05 04:00:00,0.0,47.56,0.0,0.0,-2.2849721871316433,0.0
2025-05-05 05:00:00,0.0,45.73,-0.2086162567138672,-0.2086162567138672,-2.206741090863943,-0.2086162567138672
2025-05-05 06:00:00,0.13148864,47.56,0.0,0.0,-2.206741090863943,0.13148864
2025-05-05 07:00:00,0.8739267600000001,35.0,-2.1875,-2.1875,-1.386428590863943,-1.3135732399999998
2025-05-05 08:00:00,1.78750092,39.56,-1.3671875,-1.3671875,-0.8737332783639431,0.42031342000000005
2025-05-05 09:00:00,2.4820942,47.56,0.0,0.0,-0.8737332783639431,2.4820942
2025-05-05 10:00:00,2.37573784,45.43,-0.3337860107421875,-0.3337860107421875,-0.7485635243356228,2.0419518292578127
2025-05-05 11:00:00,3.27513908,62.73,4.0,1.5,-4.748563524335623,4.775139080000001
2025-05-05 12:00:00,3.3796779599999995,47.6,0.0,0.0,-4.748563524335623,3.3796779599999995
2025-05-05 13:00:00,3.2773338,47.56,0.0,0.0,-4.748563524335623,3.2773338
2025-05-05 14:00:00,2.98512048,41.27,-0.8544921875,-0.8544921875,-4.428128954023123,2.1306282925
2025-05-05 15:00:00,2.49102332,33.17,-3.5,-3.5,-3.115628954023123,-1.00897668
2025-05-05 16:00:00,1.82822116,30.36,-4.0,-4.0,-1.6156289540231228,-2.17177884
2025-05-05 17:00:00,0.94076332,30.36,-4.0,-4.0,-0.11562895402312279,-3.05923668
2025-05-05 18:00:00,0.19248012,31.01,-4.0,-4.0,1.3843710459768772,-3.80751988
2025-05-05 19:00:00,0.0,47.56,0.0,0.0,1.3843710459768772,0.0
2025-05-05 20:00:00,0.0,43.23,-0.5340576171875,-0.5340576171875,1.5846426524221897,-0.5340576171875
2025-05-05 21:00:00,0.0,47.56,0.0,0.0,1.5846426524221897,0.0
2025-05-05 22:00:00,0.0,47.56,0.0,0.0,1.5846426524221897,0.0
2025-05-05 23:00:00,0.0,45.73,-0.130385160446167,-0.130385160446167,1.6335370875895023,-0.130385160446167
2025-05-06 00:00:00,0.0,47.78,-0.130385160446167,-0.130385160446167,1.682431522756815,-0.130385160446167
2025-05-06 01:00:00,0.0,62.76,0.0,0.0,1.682431522756815,0.0
2025-05-06 02:00:00,0.0,51.33,0.0,0.0,1.682431522756815,0.0
2025-05-06 03:00:00,0.0,47.78,-0.08149072527885437,-0.08149072527885437,1.7129905447363853,-0.08149072527885437
2025-05-06 04:00:00,0.0,47.78,0.0,0.0,1.7129905447363853,0.0
2025-05-06 05:00:00,0.0,36.0,-4.0,-4.0,3.2129905447363853,-4.0
2025-05-06 06:00:00,0.13813056,38.0,-4.0,-4.0,4.712990544736385,-3.86186944
2025-05-06 07:00:00,0.60751432,39.0,-3.5,-3.5,6.025490544736385,-2.89248568
2025-05-06 08:00:00,1.7618592000000002,38.0,-4.0,-4.0,7.525490544736385,-2.2381408
2025-05-06 09:00:00,2.44916016,48.23,0.0,0.0,7.525490544736385,2.44916016
2025-05-06 10:00:00,2.9168770400000006,47.78,0.0,0.0,7.525490544736385,2.9168770400000006
2025-05-06 11:00:00,3.2017026799999995,47.56,-0.8544921875,-0.8544921875,7.845925115048885,2.3472104924999995
2025-05-06 12:00:00,3.29286044,47.56,-0.5340576171875,-0.5340576171875,8.046196721494198,2.7588028228125
2025-05-06 13:00:00,3.1842476,43.23,-2.1875,-2.1875,8.866509221494198,0.9967476
2025-05-06 14:00:00,2.257708,43.23,-1.3671875,-1.3671875,9.379204533994198,0.8905205
2025-05-06 15:00:00,1.60304056,47.56,-0.3337860107421875,-0.3337860107421875,9.504374288022518,1.2692545492578124
2025-05-06 16:00:00,1.4619464000000002,47.56,-0.2086162567138672,-0.2086162567138672,9.582605384290218,1.253330143286133
2025-05-06 17:00:00,0.93670952,48.23,0.0,0.0,9.582605384290218,0.93670952
2025-05-06 18:00:00,0.189438,47.78,0.0,0.0,9.582605384290218,0.189438
2025-05-06 19:00:00,0.0,64.04,4.0,1.5,5.582605384290218,1.5
2025-05-06 20:00:00,0.0,47.78,0.0,0.0,5.582605384290218,0.0
2025-05-06 21:00:00,0.0,65.12,4.0,1.5,1.5826053842902184,1.5
2025-05-06 22:00:00,0.0,48.23,0.0,0.0,1.5826053842902184,0.0
2025-05-06 23:00:00,0.0,47.78,0.0,0.0,1.5826053842902184,0.0
2025-05-07 00:00:00,0.0,46.42,-0.08149072527885437,-0.08149072527885437,1.6131644062697887,-0.08149072527885437
2025-05-07 01:00:00,0.0,41.22,-1.3671875,-1.3671875,2.1258597187697887,-1.3671875
2025-05-07 02:00:00,0.0,41.21,-2.1875,-2.1875,2.9461722187697887,-2.1875
2025-05-07 03:00:00,0.0,36.5,-3.5,-3.5,4.258672218769789,-3.5
2025-05-07 04:00:00,0.0,35.0,-4.0,-4.0,5.758672218769789,-4.0
2025-05-07 05:00:00,0.0,31.22,-4.0,-4.0,7.258672218769789,-4.0
2025-05-07 06:00:00,0.13930064,32.4,-4.0,-4.0,8.758672218769789,-3.86069936
2025-05-07 07:00:00,0.8861429600000001,49.1,0.0,0.0,8.758672218769789,0.8861429600000001
2025-05-07 08:00:00,1.80730808,43.23,-0.2086162567138672,-0.2086162567138672,8.836903315037489,1.598691823286133
2025-05-07 09:00:00,2.51549672,41.22,-0.8544921875,-0.8544921875,9.157337885349989,1.6610045324999998
2025-05-07 10:00:00,3.00783512,45.29,-0.130385160446167,-0.130385160446167,9.206232320517302,2.877449959553833
2025-05-07 11:00:00,3.298798,41.22,-0.5340576171875,-0.5340576171875,9.406503926962614,2.7647403828125
2025-05-07 12:00:00,3.38139592,41.22,-0.3337860107421875,-0.3337860107421875,9.531673680990934,3.0476099092578126
2025-05-07 13:00:00,3.28182492,46.42,0.0,0.0,9.531673680990934,3.28182492
2025-05-07 14:00:00,2.98103204,46.42,0.0,0.0,9.531673680990934,2.98103204
2025-05-07 15:00:00,2.49396704,46.42,0.0,0.0,9.531673680990934,2.49396704
2025-05-07 16:00:00,1.8191986,51.01,0.0,0.0,9.531673680990934,1.8191986
2025-05-07 17:00:00,0.59613824,54.15,0.0,0.0,9.531673680990934,0.59613824
2025-05-07 18:00:00,0.20521472,54.15,0.0,0.0,9.531673680990934,0.20521472
2025-05-07 19:00:00,0.0,52.5,0.0,0.0,9.531673680990934,0.0
2025-05-07 20:00:00,0.0,65.12,0.0,0.0,9.531673680990934,0.0
2025-05-07 21:00:00,0.0,80.0,4.0,1.5,5.531673680990934,1.5
2025-05-07 22:00:00,0.0,79.54,0.0,0.0,5.531673680990934,0.0
2025-05-07 23:00:00,0.0,79.54,4.0,1.5,1.5316736809909344,1.5
2025-05-08 00:00:00,0.0,40.1,0.0,0.0,1.5316736809909344,0.0
2025-05-08 01:00:00,0.0,39.47,-0.130385160446167,-0.130385160446167,1.580568116158247,-0.130385160446167
2025-05-08 02:00:00,0.0,30.3,-0.8544921875,-0.8544921875,1.901002686470747,-0.8544921875
2025-05-08 03:00:00,0.0,30.09,-3.5,-3.5,3.213502686470747,-3.5
2025-05-08 04:00:00,0.0,29.8,-4.0,-4.0,4.713502686470747,-4.0
2025-05-08 05:00:00,0.0,29.01,-4.0,-4.0,6.213502686470747,-4.0
2025-05-08 06:00:00,0.03322092,30.09,-2.1875,-2.1875,7.033815186470747,-2.15427908
2025-05-08 07:00:00,0.43722444,45.29,0.0,0.0,7.033815186470747,0.43722444
2025-05-08 08:00:00,1.7684831599999995,40.0,0.0,0.0,7.033815186470747,1.7684831599999995
2025-05-08 09:00:00,2.44250752,45.29,0.0,0.0,7.033815186470747,2.44250752
2025-05-08 10:00:00,2.9351550799999995,61.69,4.0,1.5,3.033815186470747,4.4351550799999995
2025-05-08 11:00:00,3.2199183600000003,59.2,0.0,0.0,3.033815186470747,3.2199183600000003
2025-05-08 12:00:00,3.30798696,55.0,0.0,0.0,3.033815186470747,3.30798696
2025-05-08 13:00:00,2.75059912,54.15,0.0,0.0,3.033815186470747,2.75059912
2025-05-08 14:00:00,2.5200931200000003,39.47,-0.08149072527885437,-0.08149072527885437,3.0643742084503174,2.438602394721146
2025-05-08 15:00:00,2.43197168,35.29,-0.2086162567138672,-0.2086162567138672,3.1426053047180176,2.223355423286133
2025-05-08 16:00:00,1.7783552799999998,30.3,-0.5340576171875,-0.5340576171875,3.34287691116333,1.2442976628124998
2025-05-08 17:00:00,0.75486488,30.3,-0.3337860107421875,-0.3337860107421875,3.4680466651916504,0.42107886925781246
2025-05-08 18:00:00,0.28488816,29.8,-4.0,-4.0,4.96804666519165,-3.71511184
2025-05-08 19:00:00,0.0,30.09,-1.3671875,-1.3671875,5.48074197769165,-1.3671875
2025-05-08 20:00:00,0.0,40.0,0.0,0.0,5.48074197769165,0.0
2025-05-08 21:00:00,0.0,79.59,4.0,1.5,1.4807419776916504,1.5
2025-05-08 22:00:00,0.0,54.15,0.0,0.0,1.4807419776916504,0.0
2025-05-08 23:00:00,0.0,46.21,0.0,0.0,1.4807419776916504,0.0
2025-05-09 00:00:00,0.0,31.27,0.0,0.0,1.4807419776916504,0.0
2025-05-09 01:00:00,0.0,30.09,-0.5340576171875,-0.5340576171875,1.681013584136963,-0.5340576171875
2025-05-09 02:00:00,0.0,29.41,-2.1875,-2.1875,2.501326084136963,-2.1875
2025-05-09 03:00:00,0.0,25.36,-4.0,-4.0,4.001326084136963,-4.0
2025-05-09 04:00:00,0.0,25.36,-4.0,-4.0,5.501326084136963,-4.0
2025-05-09 05:00:00,0.0,25.36,-4.0,-4.0,7.001326084136963,-4.0
2025-05-09 06:00:00,0.14031336,30.26,0.0,0.0,7.001326084136963,0.14031336
2025-05-09 07:00:00,0.89497488,39.37,0.0,0.0,7.001326084136963,0.89497488
2025-05-09 08:00:00,0.856002,30.58,0.0,0.0,7.001326084136963,0.856002
2025-05-09 09:00:00,2.02609268,35.56,0.0,0.0,7.001326084136963,2.02609268
2025-05-09 10:00:00,2.91973104,30.3,0.0,0.0,7.001326084136963,2.91973104
2025-05-09 11:00:00,3.20049528,30.09,-0.3337860107421875,-0.3337860107421875,7.126495838165283,2.8667092692578127
2025-05-09 12:00:00,3.27496964,35.56,0.0,0.0,7.126495838165283,3.27496964
2025-05-09 13:00:00,3.17039244,30.26,0.0,0.0,7.126495838165283,3.17039244
2025-05-09 14:00:00,2.8703965600000005,30.09,-0.2086162567138672,-0.2086162567138672,7.204726934432983,2.6617803032861334
2025-05-09 15:00:00,2.40045204,30.09,-0.130385160446167,-0.130385160446167,7.253621369600296,2.270066879553833
2025-05-09 16:00:00,1.7712620800000003,29.41,-1.3671875,-1.3671875,7.766316682100296,0.4040745800000003
2025-05-09 17:00:00,0.83694644,29.01,-3.5,-3.5,9.078816682100296,-2.66305356
2025-05-09 18:00:00,0.26488656,30.01,-0.8544921875,-0.8544921875,9.399251252412796,-0.5896056275
2025-05-09 19:00:00,0.0,30.09,-0.08149072527885437,-0.08149072527885437,9.429810274392366,-0.08149072527885437
2025-05-09 20:00:00,0.0,41.92,0.0,0.0,9.429810274392366,0.0
2025-05-09 21:00:00,0.0,80.27,4.0,1.5,5.429810274392366,1.5
2025-05-09 22:00:00,0.0,57.64,4.0,1.5,1.4298102743923664,1.5
2025-05-09 23:00:00,0.0,39.76,0.0,0.0,1.4298102743923664,0.0
2025-05-10 00:00:00,0.0,29.22,0.0,0.0,1.4298102743923664,0.0
2025-05-10 01:00:00,0.0,19.02,0.0,0.0,1.4298102743923664,0.0
2025-05-10 02:00:00,0.0,19.26,0.0,0.0,1.4298102743923664,0.0
2025-05-10 03:00:00,0.0,19.02,0.0,0.0,1.4298102743923664,0.0
2025-05-10 04:00:00,0.0,11.12,-0.3337860107421875,-0.3337860107421875,1.5549800284206867,-0.3337860107421875
2025-05-10 05:00:00,0.0,13.34,-0.130385160446167,-0.130385160446167,1.6038744635879993,-0.130385160446167
2025-05-10 06:00:00,0.14107392,16.1,0.0,0.0,1.6038744635879993,0.14107392
2025-05-10 07:00:00,0.8672799600000001,15.81,0.0,0.0,1.6038744635879993,0.8672799600000001
2025-05-10 08:00:00,1.280813,13.34,-0.08149072527885437,-0.08149072527885437,1.6344334855675697,1.1993222747211456
2025-05-10 09:00:00,2.39549188,19.02,0.0,0.0,1.6344334855675697,2.39549188
2025-05-10 10:00:00,2.8746574400000005,19.02,0.0,0.0,1.6344334855675697,2.8746574400000005
2025-05-10 11:00:00,3.15439236,12.01,-0.2086162567138672,-0.2086162567138672,1.71266458183527,2.945776103286133
2025-05-10 12:00:00,3.22873524,5.76,-0.8544921875,-0.8544921875,2.03309915214777,2.3742430525
2025-05-10 13:00:00,3.1091362,5.79,-0.5340576171875,-0.5340576171875,2.2333707585930824,2.5750785828125
2025-05-10 14:00:00,2.8262316,4.0,-1.3671875,-1.3671875,2.7460660710930824,1.4590440999999998
2025-05-10 15:00:00,2.01954296,0.1,-4.0,-4.0,4.246066071093082,-1.9804570400000001
2025-05-10 16:00:00,1.4761270400000002,0.0,-4.0,-4.0,5.746066071093082,-2.52387296
2025-05-10 17:00:00,0.9061286,0.0,-4.0,-4.0,7.246066071093082,-3.0938714000000003
2025-05-10 18:00:00,0.26056164,0.1,-3.5,-3.5,8.558566071093082,-3.23943836
2025-05-10 19:00:00,0.02458116,0.1,-2.1875,-2.1875,9.378878571093082,-2.16291884
2025-05-10 20:00:00,0.0,21.02,0.0,0.0,9.378878571093082,0.0
2025-05-10 21:00:00,0.0,36.88,4.0,1.5,5.378878571093082,1.5
2025-05-10 22:00:00,0.0,31.46,4.0,1.5,1.3788785710930824,1.5
2025-05-10 23:00:00,0.0,25.37,0.0,0.0,1.3788785710930824,0.0
2025-05-11 00:00:00,0.0,8.79,0.0,0.0,1.3788785710930824,0.0
2025-05-11 01:00:00,0.0,6.12,0.0,0.0,1.3788785710930824,0.0
2025-05-11 02:00:00,0.0,6.89,0.0,0.0,1.3788785710930824,0.0
2025-05-11 03:00:00,0.0,3.96,-0.130385160446167,-0.130385160446167,1.427773006260395,-0.130385160446167
2025-05-11 04:00:00,0.0,3.6,-0.2086162567138672,-0.2086162567138672,1.5060041025280952,-0.2086162567138672
2025-05-11 05:00:00,0.0,4.0,-0.08149072527885437,-0.08149072527885437,1.5365631245076656,-0.08149072527885437
2025-05-11 06:00:00,0.0646456,6.0,0.0,0.0,1.5365631245076656,0.0646456
2025-05-11 07:00:00,0.07074176,5.88,0.0,0.0,1.5365631245076656,0.07074176
2025-05-11 08:00:00,1.6406566800000002,1.1,-0.3337860107421875,-0.3337860107421875,1.661732878535986,1.3068706692578127
2025-05-11 09:00:00,2.2624512,1.0,-0.8544921875,-0.8544921875,1.982167448848486,1.4079590125
2025-05-11 10:00:00,2.25876028,1.0,-0.5340576171875,-0.5340576171875,2.1824390552937984,1.7247026628125002
2025-05-11 11:00:00,2.64480552,4.31,0.0,0.0,2.1824390552937984,2.64480552
2025-05-11 12:00:00,3.11830416,4.31,0.0,0.0,2.1824390552937984,3.11830416
2025-05-11 13:00:00,3.0717776000000003,4.31,0.0,0.0,2.1824390552937984,3.0717776000000003
2025-05-11 14:00:00,2.8105694400000005,0.9,-1.3671875,-1.3671875,2.6951343677937984,1.4433819400000005
2025-05-11 15:00:00,2.39425368,0.0,-4.0,-4.0,4.1951343677937984,-1.6057463200000002
2025-05-11 16:00:00,1.75876636,0.0,-4.0,-4.0,5.6951343677937984,-2.24123364
2025-05-11 17:00:00,0.92550316,0.0,-4.0,-4.0,7.1951343677937984,-3.07449684
2025-05-11 18:00:00,0.20503548,0.0,-3.5,-3.5,8.507634367793798,-3.29496452
2025-05-11 19:00:00,0.03072412,0.04,-2.1875,-2.1875,9.327946867793798,-2.15677588
2025-05-11 20:00:00,0.0,4.5,0.0,0.0,9.327946867793798,0.0
2025-05-11 21:00:00,0.0,35.01,4.0,1.5,5.3279468677937984,1.5
2025-05-11 22:00:00,0.0,35.01,4.0,1.5,1.3279468677937984,1.5
2025-05-11 23:00:00,0.0,30.28,0.0,0.0,1.3279468677937984,0.0
2025-05-12 00:00:00,0.0,15.3,0.0,0.0,1.3279468677937984,0.0
2025-05-12 01:00:00,0.0,14.88,-0.08149072527885437,-0.08149072527885437,1.3585058897733688,-0.08149072527885437
2025-05-12 02:00:00,0.0,17.7,0.0,0.0,1.3585058897733688,0.0
2025-05-12 03:00:00,0.0,15.3,0.0,0.0,1.3585058897733688,0.0
2025-05-12 04:00:00,0.0,14.0,-2.1875,-2.1875,2.178818389773369,-2.1875
2025-05-12 05:00:00,0.0,15.3,0.0,0.0,2.178818389773369,0.0
2025-05-12 06:00:00,0.15598624,22.34,0.0,0.0,2.178818389773369,0.15598624
2025-05-12 07:00:00,0.8602209200000001,35.01,0.0,0.0,2.178818389773369,0.8602209200000001
2025-05-12 08:00:00,1.27920568,22.1,0.0,0.0,2.178818389773369,1.27920568
2025-05-12 09:00:00,1.88927512,14.58,-1.3671875,-1.3671875,2.691513702273369,0.52208762
2025-05-12 10:00:00,2.24838468,14.88,0.0,0.0,2.691513702273369,2.24838468
2025-05-12 11:00:00,1.50102772,11.74,-3.5,-3.5,4.004013702273369,-1.99897228
2025-05-12 12:00:00,3.03576908,8.0,-4.0,-4.0,5.504013702273369,-0.9642309199999999
2025-05-12 13:00:00,2.6961974800000004,5.76,-4.0,-4.0,7.004013702273369,-1.3038025199999996
2025-05-12 14:00:00,2.75017828,14.58,-0.8544921875,-0.8544921875,7.324448272585869,1.8956860925
2025-05-12 15:00:00,2.35290204,14.58,-0.5340576171875,-0.5340576171875,7.524719879031181,1.8188444228125
2025-05-12 16:00:00,1.7339464,14.58,-0.3337860107421875,-0.3337860107421875,7.649889633059502,1.4001603892578125
2025-05-12 17:00:00,0.92732384,14.58,-0.2086162567138672,-0.2086162567138672,7.728120729327202,0.7187075832861328
2025-05-12 18:00:00,0.2184085999999999,14.58,-0.130385160446167,-0.130385160446167,7.7770151644945145,0.0880234395538329
2025-05-12 19:00:00,0.03458472,10.3,-4.0,-4.0,9.277015164494514,-3.96541528
2025-05-12 20:00:00,0.0,61.81,0.0,0.0,9.277015164494514,0.0
2025-05-12 21:00:00,0.0,122.03,4.0,1.5,5.2770151644945145,1.5
2025-05-12 22:00:00,0.0,103.75,4.0,1.5,1.2770151644945145,1.5
2025-05-12 23:00:00,0.0,70.44,0.0,0.0,1.2770151644945145,0.0
2025-05-13 00:00:00,0.0,67.0,0.0,0.0,1.2770151644945145,0.0
2025-05-13 01:00:00,0.0,45.01,0.0,0.0,1.2770151644945145,0.0
2025-05-13 02:00:00,0.0,37.83,0.0,0.0,1.2770151644945145,0.0
2025-05-13 03:00:00,0.0,35.01,-0.08149072527885437,-0.08149072527885437,1.3075741864740849,-0.08149072527885437
2025-05-13 04:00:00,0.0,35.01,0.0,0.0,1.3075741864740849,0.0
2025-05-13 05:00:00,0.0,39.79,0.0,0.0,1.3075741864740849,0.0
2025-05-13 06:00:00,0.163101,70.0,0.0,0.0,1.3075741864740849,0.163101
2025-05-13 07:00:00,0.86816184,108.09,0.0,0.0,1.3075741864740849,0.86816184
2025-05-13 08:00:00,1.7105592800000002,68.25,0.0,0.0,1.3075741864740849,1.7105592800000002
2025-05-13 09:00:00,2.35053616,29.6,-0.2086162567138672,-0.2086162567138672,1.385805282741785,2.1419199032861327
2025-05-13 10:00:00,2.38159252,27.51,-0.8544921875,-0.8544921875,1.706239853054285,1.5271003324999999
2025-05-13 11:00:00,2.64793212,29.2,-0.3337860107421875,-0.3337860107421875,1.8314096070826054,2.3141461092578126
2025-05-13 12:00:00,2.52028812,27.87,-0.5340576171875,-0.5340576171875,2.031681213527918,1.9862305028125
2025-05-13 13:00:00,2.654731,25.36,-1.3671875,-1.3671875,2.544376526027918,1.2875435
2025-05-13 14:00:00,2.4262066,24.7,-3.5,-3.5,3.856876526027918,-1.0737934
2025-05-13 15:00:00,1.90022412,20.3,-4.0,-4.0,5.356876526027918,-2.09977588
2025-05-13 16:00:00,1.77063756,20.09,-4.0,-4.0,6.856876526027918,-2.22936244
2025-05-13 17:00:00,0.93471924,20.09,-4.0,-4.0,8.356876526027918,-3.0652807600000003
2025-05-13 18:00:00,0.1968394,24.7,-2.1875,-2.1875,9.177189026027918,-1.9906606
2025-05-13 19:00:00,0.03655884,33.56,-0.130385160446167,-0.130385160446167,9.22608346119523,-0.09382632044616698
2025-05-13 20:00:00,0.0,92.67,0.0,0.0,9.22608346119523,0.0
2025-05-13 21:00:00,0.0,128.07,4.0,1.5,5.2260834611952305,1.5
2025-05-13 22:00:00,0.0,112.3,4.0,1.5,1.2260834611952305,1.5
2025-05-13 23:00:00,0.0,74.55,0.0,0.0,1.2260834611952305,0.0
2025-05-14 00:00:00,0.0,64.93,4.0,1.5,-2.7739165388047695,1.5
2025-05-14 01:00:00,0.0,45.33,0.0,0.0,-2.7739165388047695,0.0
2025-05-14 02:00:00,0.0,41.2,0.0,0.0,-2.7739165388047695,0.0
2025-05-14 03:00:00,0.0,37.41,-0.130385160446167,-0.130385160446167,-2.725022103637457,-0.130385160446167
2025-05-14 04:00:00,0.0,36.0,-0.2086162567138672,-0.2086162567138672,-2.6467910073697567,-0.2086162567138672
2025-05-14 05:00:00,0.0,40.05,-0.08149072527885437,-0.08149072527885437,-2.6162319853901863,-0.08149072527885437
2025-05-14 06:00:00,0.1676322,53.08,0.0,0.0,-2.6162319853901863,0.1676322
2025-05-14 07:00:00,0.68724028,91.53,4.0,1.5,-6.616231985390186,2.18724028
2025-05-14 08:00:00,1.67788308,57.64,0.0,0.0,-6.616231985390186,1.67788308
2025-05-14 09:00:00,2.3064658,41.44,0.0,0.0,-6.616231985390186,2.3064658
2025-05-14 10:00:00,2.76278748,41.2,0.0,0.0,-6.616231985390186,2.76278748
2025-05-14 11:00:00,2.65958092,34.88,-0.5340576171875,-0.5340576171875,-6.415960378944874,2.1255233028125
2025-05-14 12:00:00,2.74167556,34.88,-0.3337860107421875,-0.3337860107421875,-6.2907906249165535,2.4078895492578125
2025-05-14 13:00:00,2.51713564,29.01,-0.8544921875,-0.8544921875,-5.9703560546040535,1.6626434524999998
2025-05-14 14:00:00,2.158713,26.3,-1.3671875,-1.3671875,-5.4576607421040535,0.7915255000000001
2025-05-14 15:00:00,1.8090164,25.88,-3.5,-3.5,-4.1451607421040535,-1.6909836
2025-05-14 16:00:00,1.02059708,10.0,-4.0,-4.0,-2.6451607421040535,-2.97940292
2025-05-14 17:00:00,0.7493462,6.0,-4.0,-4.0,-1.1451607421040535,-3.2506538000000003
2025-05-14 18:00:00,0.26229112,10.0,-4.0,-4.0,0.3548392578959465,-3.73770888
2025-05-14 19:00:00,0.03674756,26.09,-2.1875,-2.1875,1.1751517578959465,-2.15075244
2025-05-14 20:00:00,0.0,46.5,0.0,0.0,1.1751517578959465,0.0
2025-05-14 21:00:00,0.0,64.03,0.0,0.0,1.1751517578959465,0.0
2025-05-14 22:00:00,0.0,61.51,0.0,0.0,1.1751517578959465,0.0
2025-05-14 23:00:00,0.0,40.14,0.0,0.0,1.1751517578959465,0.0
2025-05-15 00:00:00,0.0,32.95,0.0,0.0,1.1751517578959465,0.0
2025-05-15 01:00:00,0.0,19.71,0.0,0.0,1.1751517578959465,0.0
2025-05-15 02:00:00,0.0,18.47,0.0,0.0,1.1751517578959465,0.0
2025-05-15 03:00:00,0.0,10.55,-4.0,-4.0,2.6751517578959465,-4.0
2025-05-15 04:00:00,0.0,10.63,-4.0,-4.0,4.1751517578959465,-4.0
2025-05-15 05:00:00,0.0,16.26,-0.2086162567138672,-0.2086162567138672,4.253382854163647,-0.2086162567138672
2025-05-15 06:00:00,0.174333,20.0,0.0,0.0,4.253382854163647,0.174333
2025-05-15 07:00:00,0.85973996,35.01,4.0,1.5,0.2533828541636467,2.3597399599999997
2025-05-15 08:00:00,1.67121004,34.11,0.0,0.0,0.2533828541636467,1.67121004
2025-05-15 09:00:00,1.93243108,17.0,-0.130385160446167,-0.130385160446167,0.3022772893309593,1.802045919553833
2025-05-15 10:00:00,2.72482804,21.56,0.0,0.0,0.3022772893309593,2.72482804
2025-05-15 11:00:00,2.55925292,17.65,0.0,0.0,0.3022772893309593,2.55925292
2025-05-15 12:00:00,2.52211004,17.13,-0.08149072527885437,-0.08149072527885437,0.3328363113105297,2.4406193147211455
2025-05-15 13:00:00,2.426139,15.85,-3.5,-3.5,1.6453363113105297,-1.073861
2025-05-15 14:00:00,2.2954918400000004,15.85,-2.1875,-2.1875,2.4656488113105297,0.1079918400000004
2025-05-15 15:00:00,1.96045164,15.85,-1.3671875,-1.3671875,2.9783441238105297,0.59326414
2025-05-15 16:00:00,1.1868052,15.85,-0.8544921875,-0.8544921875,3.2987786941230297,0.3323130125
2025-05-15 17:00:00,0.76538072,15.85,-0.5340576171875,-0.5340576171875,3.499050300568342,0.23132310281250001
2025-05-15 18:00:00,0.3481458,15.85,-0.3337860107421875,-0.3337860107421875,3.6242200545966625,0.014359789257812505
2025-05-15 19:00:00,0.01859752,3.5,-4.0,-4.0,5.1242200545966625,-3.98140248
2025-05-15 20:00:00,0.0,18.57,0.0,0.0,5.1242200545966625,0.0
2025-05-15 21:00:00,0.0,35.01,4.0,1.5,1.1242200545966625,1.5
2025-05-15 22:00:00,0.0,30.64,0.0,0.0,1.1242200545966625,0.0
2025-05-15 23:00:00,0.0,19.98,0.0,0.0,1.1242200545966625,0.0
2025-05-16 00:00:00,0.0,5.11,-1.3671875,-1.3671875,1.6369153670966625,-1.3671875
2025-05-16 01:00:00,0.0,5.0,-2.1875,-2.1875,2.4572278670966625,-2.1875
2025-05-16 02:00:00,0.0,6.0,-0.8544921875,-0.8544921875,2.7776624374091625,-0.8544921875
2025-05-16 03:00:00,0.0,3.6,-4.0,-4.0,4.2776624374091625,-4.0
2025-05-16 04:00:00,0.0,3.28,-4.0,-4.0,5.7776624374091625,-4.0
2025-05-16 05:00:00,0.0,4.75,-3.5,-3.5,7.0901624374091625,-3.5
2025-05-16 06:00:00,0.18089388,6.0,-0.5340576171875,-0.5340576171875,7.290434043854475,-0.3531637371875
2025-05-16 07:00:00,0.8294318799999999,10.0,-0.3337860107421875,-0.3337860107421875,7.415603797882795,0.4956458692578124
2025-05-16 08:00:00,1.64289364,0.01,-4.0,-4.0,8.915603797882795,-2.35710636
2025-05-16 09:00:00,1.87733168,10.5,-0.2086162567138672,-0.2086162567138672,8.993834894150496,1.6687154232861328
2025-05-16 10:00:00,1.88310216,14.09,0.0,0.0,8.993834894150496,1.88310216
2025-05-16 11:00:00,2.98601996,14.09,0.0,0.0,8.993834894150496,2.98601996
2025-05-16 12:00:00,2.64382764,13.88,-0.08149072527885437,-0.08149072527885437,9.024393916130066,2.5623369147211457
2025-05-16 13:00:00,2.60838444,14.09,0.0,0.0,9.024393916130066,2.60838444
2025-05-16 14:00:00,2.2114518000000003,14.09,0.0,0.0,9.024393916130066,2.2114518000000003
2025-05-16 15:00:00,2.20397076,14.09,0.0,0.0,9.024393916130066,2.20397076
2025-05-16 16:00:00,1.60343344,14.09,0.0,0.0,9.024393916130066,1.60343344
2025-05-16 17:00:00,0.88263188,14.3,0.0,0.0,9.024393916130066,0.88263188
2025-05-16 18:00:00,0.29719856,15.85,0.0,0.0,9.024393916130066,0.29719856
2025-05-16 19:00:00,0.0242234,13.76,-0.130385160446167,-0.130385160446167,9.073288351297379,-0.10616176044616699
2025-05-16 20:00:00,0.0,18.04,0.0,0.0,9.073288351297379,0.0
2025-05-16 21:00:00,0.0,35.09,4.0,1.5,5.0732883512973785,1.5
2025-05-16 22:00:00,0.0,41.21,4.0,1.5,1.0732883512973785,1.5
2025-05-16 23:00:00,0.0,35.01,0.0,0.0,1.0732883512973785,0.0
2025-05-17 00:00:00,0.0,21.23,0.0,0.0,1.0732883512973785,0.0
2025-05-17 01:00:00,0.0,13.53,0.0,0.0,1.0732883512973785,0.0
2025-05-17 02:00:00,0.0,12.68,0.0,0.0,1.0732883512973785,0.0
2025-05-17 03:00:00,0.0,14.26,0.0,0.0,1.0732883512973785,0.0
2025-05-17 04:00:00,0.0,12.82,0.0,0.0,1.0732883512973785,0.0
2025-05-17 05:00:00,0.0,19.0,0.0,0.0,1.0732883512973785,0.0
2025-05-17 06:00:00,0.01015952,21.79,0.0,0.0,1.0732883512973785,0.01015952
2025-05-17 07:00:00,0.7269084800000001,20.23,0.0,0.0,1.0732883512973785,0.7269084800000001
2025-05-17 08:00:00,0.7767707199999999,6.09,-0.3337860107421875,-0.3337860107421875,1.1984581053256989,0.4429847092578124
2025-05-17 09:00:00,0.37606048,6.09,-0.2086162567138672,-0.2086162567138672,1.276689201593399,0.1674442232861328
2025-05-17 10:00:00,0.30761776,5.88,-0.8544921875,-0.8544921875,1.597123771905899,-0.5468744274999999
2025-05-17 11:00:00,1.88530084,5.48,-1.3671875,-1.3671875,2.109819084405899,0.51811334
2025-05-17 12:00:00,2.45325896,5.1,-4.0,-4.0,3.609819084405899,-1.5467410400000001
2025-05-17 13:00:00,2.4328214000000004,5.1,-4.0,-4.0,5.109819084405899,-1.5671785999999996
2025-05-17 14:00:00,2.5402782800000003,5.0,-4.0,-4.0,6.609819084405899,-1.4597217199999997
2025-05-17 15:00:00,1.882982,5.1,-3.5,-3.5,7.922319084405899,-1.617018
2025-05-17 16:00:00,1.3449761600000003,5.2,-2.1875,-2.1875,8.742631584405899,-0.8425238399999997
2025-05-17 17:00:00,0.8325057600000001,5.88,-0.5340576171875,-0.5340576171875,8.942903190851212,0.2984481428125001
2025-05-17 18:00:00,0.25678532,6.3,-0.08149072527885437,-0.08149072527885437,8.973462212830782,0.1752945947211456
2025-05-17 19:00:00,0.02817684,6.09,-0.130385160446167,-0.130385160446167,9.022356647998095,-0.10220832044616698
2025-05-17 20:00:00,0.0,26.56,0.0,0.0,9.022356647998095,0.0
2025-05-17 21:00:00,0.0,52.5,4.0,1.5,5.022356647998095,1.5
2025-05-17 22:00:00,0.0,57.12,4.0,1.5,1.0223566479980946,1.5
2025-05-17 23:00:00,0.0,41.28,0.0,0.0,1.0223566479980946,0.0
2025-05-18 00:00:00,0.0,37.0,0.0,0.0,1.0223566479980946,0.0
2025-05-18 01:00:00,0.0,21.73,0.0,0.0,1.0223566479980946,0.0
2025-05-18 02:00:00,0.0,15.49,0.0,0.0,1.0223566479980946,0.0
2025-05-18 03:00:00,0.0,15.0,0.0,0.0,1.0223566479980946,0.0
2025-05-18 04:00:00,0.0,13.9,0.0,0.0,1.0223566479980946,0.0
2025-05-18 05:00:00,0.0,15.79,0.0,0.0,1.0223566479980946,0.0
2025-05-18 06:00:00,0.007587,14.5,0.0,0.0,1.0223566479980946,0.007587
2025-05-18 07:00:00,0.26698108,8.99,0.0,0.0,1.0223566479980946,0.26698108
2025-05-18 08:00:00,0.45972724,0.01,-1.3671875,-1.3671875,1.5350519604980946,-0.90746026
2025-05-18 09:00:00,1.03744992,5.59,-0.130385160446167,-0.130385160446167,1.5839463956654072,0.907064759553833
2025-05-18 10:00:00,1.7341907600000002,5.59,-0.08149072527885437,-0.08149072527885437,1.6145054176449776,1.6527000347211458
2025-05-18 11:00:00,2.45795212,5.38,-0.2086162567138672,-0.2086162567138672,1.6927365139126778,2.2493358632861327
2025-05-18 12:00:00,2.71488184,5.0,-0.3337860107421875,-0.3337860107421875,1.817906267940998,2.3810958292578124
2025-05-18 13:00:00,3.23128084,4.31,-0.5340576171875,-0.5340576171875,2.0181778743863106,2.6972232228125
2025-05-18 14:00:00,2.65103356,0.0,-2.1875,-2.1875,2.8384903743863106,0.4635335600000001
2025-05-18 15:00:00,2.24786952,-0.02,-4.0,-4.0,4.338490374386311,-1.75213048
2025-05-18 16:00:00,1.5364126800000002,-1.0,-4.0,-4.0,5.838490374386311,-2.46358732
2025-05-18 17:00:00,0.5409339200000001,-0.02,-4.0,-4.0,7.338490374386311,-3.45906608
2025-05-18 18:00:00,0.16440864,-0.01,-3.5,-3.5,8.65099037438631,-3.33559136
2025-05-18 19:00:00,0.0366171999999999,0.28,-0.8544921875,-0.8544921875,8.97142494469881,-0.8178749875000001
2025-05-18 20:00:00,0.0,7.44,0.0,0.0,8.97142494469881,0.0
2025-05-18 21:00:00,0.0,37.0,4.0,1.5,4.971424944698811,1.5
2025-05-18 22:00:00,0.0,40.7,4.0,1.5,0.9714249446988106,1.5
2025-05-18 23:00:00,0.0,33.96,0.0,0.0,0.9714249446988106,0.0
2025-05-19 00:00:00,0.0,20.82,0.0,0.0,0.9714249446988106,0.0
2025-05-19 01:00:00,0.0,18.02,0.0,0.0,0.9714249446988106,0.0
2025-05-19 02:00:00,0.0,13.83,0.0,0.0,0.9714249446988106,0.0
2025-05-19 03:00:00,0.0,14.0,0.0,0.0,0.9714249446988106,0.0
2025-05-19 04:00:00,0.0,10.63,-0.08149072527885437,-0.08149072527885437,1.001983966678381,-0.08149072527885437
2025-05-19 05:00:00,0.0,19.94,0.0,0.0,1.001983966678381,0.0
2025-05-19 06:00:00,0.1627371199999999,25.95,0.0,0.0,1.001983966678381,0.1627371199999999
2025-05-19 07:00:00,0.96814972,32.41,0.0,0.0,1.001983966678381,0.96814972
2025-05-19 08:00:00,1.8900514,22.0,0.0,0.0,1.001983966678381,1.8900514
2025-05-19 09:00:00,2.58717244,5.41,-0.3337860107421875,-0.3337860107421875,1.1271537207067013,2.2533864292578123
2025-05-19 10:00:00,3.08697048,5.8,-0.130385160446167,-0.130385160446167,1.176048155874014,2.956585319553833
2025-05-19 11:00:00,3.3829827600000004,5.59,-0.2086162567138672,-0.2086162567138672,1.254279252141714,3.1743665032861332
2025-05-19 12:00:00,3.44154892,5.38,-0.8544921875,-0.8544921875,1.574713822454214,2.5870567325
2025-05-19 13:00:00,3.34030752,5.38,-0.5340576171875,-0.5340576171875,1.7749854288995266,2.8062499028125
2025-05-19 14:00:00,3.02770952,4.31,-2.1875,-2.1875,2.5952979288995266,0.8402095200000002
2025-05-19 15:00:00,2.5258642,4.31,-1.3671875,-1.3671875,3.1079932413995266,1.1586767
2025-05-19 16:00:00,1.85681952,4.0,-4.0,-4.0,4.607993241399527,-2.14318048
2025-05-19 17:00:00,0.99051876,2.4,-4.0,-4.0,6.107993241399527,-3.00948124
2025-05-19 18:00:00,0.2117982,2.2,-4.0,-4.0,7.607993241399527,-3.7882018
2025-05-19 19:00:00,0.0445356,4.0,-3.5,-3.5,8.920493241399527,-3.4554644
2025-05-19 20:00:00,0.0,22.2,0.0,0.0,8.920493241399527,0.0
2025-05-19 21:00:00,0.0,37.94,4.0,1.5,4.920493241399527,1.5
2025-05-19 22:00:00,0.0,37.22,4.0,1.5,0.9204932413995266,1.5
2025-05-19 23:00:00,0.0,29.86,0.0,0.0,0.9204932413995266,0.0
2025-05-20 00:00:00,0.0,20.53,0.0,0.0,0.9204932413995266,0.0
2025-05-20 01:00:00,0.0,16.93,0.0,0.0,0.9204932413995266,0.0
2025-05-20 02:00:00,0.0,13.58,-0.08149072527885437,-0.08149072527885437,0.951052263379097,-0.08149072527885437
2025-05-20 03:00:00,0.0,7.74,-0.130385160446167,-0.130385160446167,0.9999466985464096,-0.130385160446167
2025-05-20 04:00:00,0.0,7.0,-0.2086162567138672,-0.2086162567138672,1.0781777948141098,-0.2086162567138672
2025-05-20 05:00:00,0.0,18.26,0.0,0.0,1.0781777948141098,0.0
2025-05-20 06:00:00,0.16634432,25.66,0.0,0.0,1.0781777948141098,0.16634432
2025-05-20 07:00:00,0.931131,35.09,0.0,0.0,1.0781777948141098,0.931131
2025-05-20 08:00:00,1.80009476,20.2,0.0,0.0,1.0781777948141098,1.80009476
2025-05-20 09:00:00,1.9790488,20.0,0.0,0.0,1.0781777948141098,1.9790488
2025-05-20 10:00:00,2.9476198800000004,19.26,0.0,0.0,1.0781777948141098,2.9476198800000004
2025-05-20 11:00:00,3.2262118400000004,5.8,-0.3337860107421875,-0.3337860107421875,1.2033475488424301,2.892425829257813
2025-05-20 12:00:00,3.25695624,5.59,-0.5340576171875,-0.5340576171875,1.4036191552877426,2.7228986228125
2025-05-20 13:00:00,2.1463894000000003,5.38,-1.3671875,-1.3671875,1.9163144677877426,0.7792019000000003
2025-05-20 14:00:00,2.38610264,5.38,-0.8544921875,-0.8544921875,2.2367490381002426,1.5316104524999998
2025-05-20 15:00:00,2.35585532,4.31,-4.0,-4.0,3.7367490381002426,-1.6441446800000001
2025-05-20 16:00:00,1.51150824,4.31,-3.5,-3.5,5.049249038100243,-1.98849176
2025-05-20 17:00:00,0.93948584,4.31,-2.1875,-2.1875,5.869561538100243,-1.2480141599999999
2025-05-20 18:00:00,0.35380588,1.5,-4.0,-4.0,7.369561538100243,-3.64619412
2025-05-20 19:00:00,0.0466027599999999,3.52,-4.0,-4.0,8.869561538100243,-3.95339724
2025-05-20 20:00:00,0.0,25.96,0.0,0.0,8.869561538100243,0.0
2025-05-20 21:00:00,0.0,53.91,4.0,1.5,4.869561538100243,1.5
2025-05-20 22:00:00,0.0,54.0,4.0,1.5,0.8695615381002426,1.5
2025-05-20 23:00:00,0.0,35.01,0.0,0.0,0.8695615381002426,0.0
2025-05-21 00:00:00,0.0,35.0,0.0,0.0,0.8695615381002426,0.0
2025-05-21 01:00:00,0.0,30.2,0.0,0.0,0.8695615381002426,0.0
2025-05-21 02:00:00,0.0,28.65,0.0,0.0,0.8695615381002426,0.0
2025-05-21 03:00:00,0.0,22.03,-0.08149072527885437,-0.08149072527885437,0.900120560079813,-0.08149072527885437
2025-05-21 04:00:00,0.0,26.72,0.0,0.0,0.900120560079813,0.0
2025-05-21 05:00:00,0.0,30.2,0.0,0.0,0.900120560079813,0.0
2025-05-21 06:00:00,0.0076588,35.09,0.0,0.0,0.900120560079813,0.0076588
2025-05-21 07:00:00,0.08843168,49.7,4.0,1.5,-3.099879439920187,1.58843168
2025-05-21 08:00:00,1.08541008,35.01,0.0,0.0,-3.099879439920187,1.08541008
2025-05-21 09:00:00,2.0439794,20.93,-0.2086162567138672,-0.2086162567138672,-3.021648343652487,1.8353631432861328
2025-05-21 10:00:00,2.4618762000000003,20.93,-0.130385160446167,-0.130385160446167,-2.972753908485174,2.3314910395538333
2025-05-21 11:00:00,2.71212472,17.83,-0.3337860107421875,-0.3337860107421875,-2.847584154456854,2.3783387092578123
2025-05-21 12:00:00,3.2961327600000003,5.79,-0.8544921875,-0.8544921875,-2.527149584144354,2.4416405725000003
2025-05-21 13:00:00,3.22276868,5.3,-1.3671875,-1.3671875,-2.014454271644354,1.8555811800000002
2025-05-21 14:00:00,2.5661458400000003,5.09,-4.0,-4.0,-0.5144542716443539,-1.4338541599999997
2025-05-21 15:00:00,2.53090608,5.09,-3.5,-3.5,0.7980457283556461,-0.9690939200000002
2025-05-21 16:00:00,1.88096252,4.88,-4.0,-4.0,2.298045728355646,-2.1190374800000003
2025-05-21 17:00:00,1.00310324,4.88,-4.0,-4.0,3.798045728355646,-2.9968967600000003
2025-05-21 18:00:00,0.2277974,5.09,-2.1875,-2.1875,4.618358228355646,-1.9597026
2025-05-21 19:00:00,0.051346,5.79,-0.5340576171875,-0.5340576171875,4.818629834800959,-0.4827116171875
2025-05-21 20:00:00,0.0,34.94,0.0,0.0,4.818629834800959,0.0
2025-05-21 21:00:00,0.0,51.39,4.0,1.5,0.8186298348009586,1.5
2025-05-21 22:00:00,0.0,41.93,0.0,0.0,0.8186298348009586,0.0
2025-05-21 23:00:00,0.0,27.23,0.0,0.0,0.8186298348009586,0.0
2025-05-22 00:00:00,0.0,13.06,4.0,1.5,-3.1813701651990414,1.5
2025-05-22 01:00:00,0.0,11.0,0.0,0.0,-3.1813701651990414,0.0
2025-05-22 02:00:00,0.0,7.0,0.0,0.0,-3.1813701651990414,0.0
2025-05-22 03:00:00,0.0,5.11,0.0,0.0,-3.1813701651990414,0.0
2025-05-22 04:00:00,0.0,5.11,0.0,0.0,-3.1813701651990414,0.0
2025-05-22 05:00:00,0.0,5.11,0.0,0.0,-3.1813701651990414,0.0
2025-05-22 06:00:00,0.01882932,6.0,0.0,0.0,-3.1813701651990414,0.01882932
2025-05-22 07:00:00,0.14386108,12.1,0.0,0.0,-3.1813701651990414,0.14386108
2025-05-22 08:00:00,0.59378328,0.65,-4.0,-4.0,-1.6813701651990414,-3.4062167199999998
2025-05-22 09:00:00,1.7194366399999998,5.79,0.0,0.0,-1.6813701651990414,1.7194366399999998
2025-05-22 10:00:00,1.69432096,5.76,0.0,0.0,-1.6813701651990414,1.69432096
2025-05-22 11:00:00,1.80696188,5.09,-0.2086162567138672,-0.2086162567138672,-1.6031390689313412,1.5983456232861328
2025-05-22 12:00:00,3.42010136,5.09,-0.130385160446167,-0.130385160446167,-1.5542446337640285,3.289716199553833
2025-05-22 13:00:00,3.32735796,4.88,-0.8544921875,-0.8544921875,-1.2338100634515285,2.4728657725
2025-05-22 14:00:00,3.0246105200000004,4.63,-4.0,-4.0,0.26618993654847145,-0.9753894799999996
2025-05-22 15:00:00,2.5364868,4.63,-3.5,-3.5,1.5786899365484715,-0.9635132
2025-05-22 16:00:00,1.88058892,4.63,-2.1875,-2.1875,2.3990024365484715,-0.3069110799999999
2025-05-22 17:00:00,1.00224032,4.63,-1.3671875,-1.3671875,2.9116977490484715,-0.3649471799999999
2025-05-22 18:00:00,0.21205704,4.88,-0.5340576171875,-0.5340576171875,3.111969355493784,-0.32200057718749997
2025-05-22 19:00:00,0.04716332,5.09,-0.08149072527885437,-0.08149072527885437,3.1425283774733543,-0.03432740527885437
2025-05-22 20:00:00,0.0,3.6,-4.0,-4.0,4.642528377473354,-4.0
2025-05-22 21:00:00,0.0,24.42,4.0,1.5,0.6425283774733543,1.5
2025-05-22 22:00:00,0.0,12.82,0.0,0.0,0.6425283774733543,0.0
2025-05-22 23:00:00,0.0,5.0,-0.3337860107421875,-0.3337860107421875,0.7676981315016747,-0.3337860107421875
2025-05-23 00:00:00,0.0,9.22,0.0,0.0,0.7676981315016747,0.0
2025-05-23 01:00:00,0.0,7.69,0.0,0.0,0.7676981315016747,0.0
2025-05-23 02:00:00,0.0,9.37,0.0,0.0,0.7676981315016747,0.0
2025-05-23 03:00:00,0.0,5.8,0.0,0.0,0.7676981315016747,0.0
2025-05-23 04:00:00,0.0,5.11,-0.08149072527885437,-0.08149072527885437,0.798257153481245,-0.08149072527885437
2025-05-23 05:00:00,0.0,4.9,-0.8544921875,-0.8544921875,1.118691723793745,-0.8544921875
2025-05-23 06:00:00,0.16734716,5.66,0.0,0.0,1.118691723793745,0.16734716
2025-05-23 07:00:00,0.9659604,12.34,0.0,0.0,1.118691723793745,0.9659604
2025-05-23 08:00:00,1.8771082,4.23,-4.0,-4.0,2.618691723793745,-2.1228918
2025-05-23 09:00:00,2.5811594,4.69,-4.0,-4.0,4.118691723793745,-1.4188405999999998
2025-05-23 10:00:00,3.0909998400000003,4.9,-0.5340576171875,-0.5340576171875,4.3189633302390575,2.5569422228125003
2025-05-23 11:00:00,3.39354732,4.69,-4.0,-4.0,5.8189633302390575,-0.6064526799999999
2025-05-23 12:00:00,3.47383888,5.76,0.0,0.0,5.8189633302390575,3.47383888
2025-05-23 13:00:00,3.35094576,4.9,-0.3337860107421875,-0.3337860107421875,5.944133084267378,3.0171597492578126
2025-05-23 14:00:00,3.04905004,4.69,-3.5,-3.5,7.256633084267378,-0.45094996
2025-05-23 15:00:00,2.55341012,4.9,-0.2086162567138672,-0.2086162567138672,7.334864180535078,2.344793863286133
2025-05-23 16:00:00,1.88883164,4.69,-2.1875,-2.1875,8.155176680535078,-0.29866835999999997
2025-05-23 17:00:00,1.00777768,4.9,-0.130385160446167,-0.130385160446167,8.20407111570239,0.877392519553833
2025-05-23 18:00:00,0.213122,5.66,0.0,0.0,8.20407111570239,0.213122
2025-05-23 19:00:00,0.04708536,4.69,-1.3671875,-1.3671875,8.71676642820239,-1.32010214
2025-05-23 20:00:00,0.0,5.76,0.0,0.0,8.71676642820239,0.0
2025-05-23 21:00:00,0.0,31.0,4.0,1.5,4.716766428202391,1.5
2025-05-23 22:00:00,0.0,17.94,4.0,1.5,0.7167664282023907,1.5
2025-05-23 23:00:00,0.0,12.58,0.0,0.0,0.7167664282023907,0.0
2025-05-24 00:00:00,0.0,14.0,0.0,0.0,0.7167664282023907,0.0
2025-05-24 01:00:00,0.0,12.0,0.0,0.0,0.7167664282023907,0.0
2025-05-24 02:00:00,0.0,10.93,0.0,0.0,0.7167664282023907,0.0
2025-05-24 03:00:00,0.0,10.34,0.0,0.0,0.7167664282023907,0.0
2025-05-24 04:00:00,0.0,9.56,0.0,0.0,0.7167664282023907,0.0
2025-05-24 05:00:00,0.0,9.99,0.0,0.0,0.7167664282023907,0.0
2025-05-24 06:00:00,0.1688480399999999,13.32,0.0,0.0,0.7167664282023907,0.1688480399999999
2025-05-24 07:00:00,0.96654904,6.0,0.0,0.0,0.7167664282023907,0.96654904
2025-05-24 08:00:00,1.85977192,3.28,-4.0,-4.0,2.2167664282023907,-2.14022808
2025-05-24 09:00:00,2.51502656,5.73,-0.08149072527885437,-0.08149072527885437,2.247325450181961,2.4335358347211455
2025-05-24 10:00:00,2.96616664,5.1,-0.130385160446167,-0.130385160446167,2.2962198853492737,2.835781479553833
2025-05-24 11:00:00,3.2393232400000005,4.89,-1.3671875,-1.3671875,2.8089151978492737,1.8721357400000005
2025-05-24 12:00:00,3.30311696,4.89,-0.8544921875,-0.8544921875,3.1293497681617737,2.4486247725
2025-05-24 13:00:00,3.18851808,4.89,-0.5340576171875,-0.5340576171875,3.329621374607086,2.6544604628125
2025-05-24 14:00:00,2.90576132,4.68,-3.5,-3.5,4.642121374607086,-0.5942386800000001
2025-05-24 15:00:00,2.44212328,4.31,-4.0,-4.0,6.142121374607086,-1.5578767199999999
2025-05-24 16:00:00,1.81168216,4.31,-4.0,-4.0,7.642121374607086,-2.18831784
2025-05-24 17:00:00,0.98249696,4.68,-2.1875,-2.1875,8.462433874607086,-1.20500304
2025-05-24 18:00:00,0.2179889199999999,4.89,-0.3337860107421875,-0.3337860107421875,8.587603628635406,-0.11579709074218761
2025-05-24 19:00:00,0.0486772,4.89,-0.2086162567138672,-0.2086162567138672,8.665834724903107,-0.15993905671386718
2025-05-24 20:00:00,0.0,17.72,0.0,0.0,8.665834724903107,0.0
2025-05-24 21:00:00,0.0,36.1,0.0,0.0,8.665834724903107,0.0
2025-05-24 22:00:00,0.0,52.0,4.0,1.5,4.665834724903107,1.5
2025-05-24 23:00:00,0.0,37.0,4.0,1.5,0.6658347249031067,1.5
2025-05-25 00:00:00,0.0,30.0,4.0,1.5,-3.3341652750968933,1.5
2025-05-25 01:00:00,0.0,21.0,0.0,0.0,-3.3341652750968933,0.0
2025-05-25 02:00:00,0.0,18.66,0.0,0.0,-3.3341652750968933,0.0
2025-05-25 03:00:00,0.0,17.08,0.0,0.0,-3.3341652750968933,0.0
2025-05-25 04:00:00,0.0,16.01,0.0,0.0,-3.3341652750968933,0.0
2025-05-25 05:00:00,0.0,15.1,0.0,0.0,-3.3341652750968933,0.0
2025-05-25 06:00:00,0.1731251999999999,15.5,0.0,0.0,-3.3341652750968933,0.1731251999999999
2025-05-25 07:00:00,0.93382148,5.71,0.0,0.0,-3.3341652750968933,0.93382148
2025-05-25 08:00:00,1.7923147599999998,0.01,-4.0,-4.0,-1.8341652750968933,-2.20768524
2025-05-25 09:00:00,2.44093456,4.89,-0.08149072527885437,-0.08149072527885437,-1.803606253117323,2.3594438347211457
2025-05-25 10:00:00,2.9201354,4.68,-0.130385160446167,-0.130385160446167,-1.7547118179500103,2.789750239553833
2025-05-25 11:00:00,3.21233716,4.43,-0.2086162567138672,-0.2086162567138672,-1.67648072168231,3.003720903286133
2025-05-25 12:00:00,3.28554868,4.41,-0.3337860107421875,-0.3337860107421875,-1.5513109676539898,2.9517626692578127
2025-05-25 13:00:00,3.18820896,4.31,-0.5340576171875,-0.5340576171875,-1.3510393612086773,2.6541513428125
2025-05-25 14:00:00,2.38751872,0.1,-1.3671875,-1.3671875,-0.8383440487086773,1.02033122
2025-05-25 15:00:00,1.87988308,0.01,-3.5,-3.5,0.4741559512913227,-1.62011692
2025-05-25 16:00:00,1.7894002,0.0,-4.0,-4.0,1.9741559512913227,-2.2105998
2025-05-25 17:00:00,0.7676817600000001,0.0,-4.0,-4.0,3.4741559512913227,-3.2323182399999997
2025-05-25 18:00:00,0.2604941999999999,0.05,-2.1875,-2.1875,4.294468451291323,-1.9270058
2025-05-25 19:00:00,0.05681084,3.66,-0.8544921875,-0.8544921875,4.614903021603823,-0.7976813475
2025-05-25 20:00:00,0.0,17.03,0.0,0.0,4.614903021603823,0.0
2025-05-25 21:00:00,0.0,26.71,0.0,0.0,4.614903021603823,0.0
2025-05-25 22:00:00,0.0,35.01,4.0,1.5,0.6149030216038227,1.5
2025-05-25 23:00:00,0.0,20.17,0.0,0.0,0.6149030216038227,0.0
2025-05-26 00:00:00,0.0,26.25,0.0,0.0,0.6149030216038227,0.0
2025-05-26 01:00:00,0.0,18.04,0.0,0.0,0.6149030216038227,0.0
2025-05-26 02:00:00,0.0,16.64,0.0,0.0,0.6149030216038227,0.0
2025-05-26 03:00:00,0.0,14.43,-0.08149072527885437,-0.08149072527885437,0.6454620435833931,-0.08149072527885437
2025-05-26 04:00:00,0.0,16.4,0.0,0.0,0.6454620435833931,0.0
2025-05-26 05:00:00,0.0,20.0,0.0,0.0,0.6454620435833931,0.0
2025-05-26 06:00:00,0.01311376,25.78,0.0,0.0,0.6454620435833931,0.01311376
2025-05-26 07:00:00,0.8464448399999999,35.01,0.0,0.0,0.6454620435833931,0.8464448399999999
2025-05-26 08:00:00,1.6422584,25.3,0.0,0.0,0.6454620435833931,1.6422584
2025-05-26 09:00:00,2.29121252,14.31,-0.130385160446167,-0.130385160446167,0.6943564787507057,2.160827359553833
2025-05-26 10:00:00,2.37026252,5.79,-0.2086162567138672,-0.2086162567138672,0.7725875750184059,2.1616462632861326
2025-05-26 11:00:00,3.0581336,4.31,-0.8544921875,-0.8544921875,1.093022145330906,2.2036414125
2025-05-26 12:00:00,3.2376296,4.31,-0.5340576171875,-0.5340576171875,1.2932937517762184,2.7035719828125
2025-05-26 13:00:00,3.13196792,3.89,-4.0,-4.0,2.7932937517762184,-0.8680320799999999
2025-05-26 14:00:00,2.84571956,3.68,-4.0,-4.0,4.293293751776218,-1.15428044
2025-05-26 15:00:00,1.82948084,3.89,-4.0,-4.0,5.793293751776218,-2.17051916
2025-05-26 16:00:00,1.7381724,3.89,-3.5,-3.5,7.105793751776218,-1.7618276
2025-05-26 17:00:00,0.9436802,3.89,-2.1875,-2.1875,7.926106251776218,-1.2438198
2025-05-26 18:00:00,0.26458504,3.89,-1.3671875,-1.3671875,8.438801564276218,-1.10260246
2025-05-26 19:00:00,0.05663596,5.11,-0.3337860107421875,-0.3337860107421875,8.563971318304539,-0.2771500507421875
2025-05-26 20:00:00,0.0,35.09,0.0,0.0,8.563971318304539,0.0
2025-05-26 21:00:00,0.0,76.06,4.0,1.5,4.563971318304539,1.5
2025-05-26 22:00:00,0.0,60.14,4.0,1.5,0.5639713183045387,1.5
2025-05-26 23:00:00,0.0,35.33,0.0,0.0,0.5639713183045387,0.0
2025-05-27 00:00:00,0.0,35.01,0.0,0.0,0.5639713183045387,0.0
2025-05-27 01:00:00,0.0,30.5,0.0,0.0,0.5639713183045387,0.0
2025-05-27 02:00:00,0.0,22.46,0.0,0.0,0.5639713183045387,0.0
2025-05-27 03:00:00,0.0,20.0,-0.130385160446167,-0.130385160446167,0.6128657534718513,-0.130385160446167
2025-05-27 04:00:00,0.0,21.03,-0.08149072527885437,-0.08149072527885437,0.6434247754514217,-0.08149072527885437
2025-05-27 05:00:00,0.0,26.01,0.0,0.0,0.6434247754514217,0.0
2025-05-27 06:00:00,0.0075442,33.44,0.0,0.0,0.6434247754514217,0.0075442
2025-05-27 07:00:00,0.5219305200000001,36.26,0.0,0.0,0.6434247754514217,0.5219305200000001
2025-05-27 08:00:00,1.39397308,33.0,0.0,0.0,0.6434247754514217,1.39397308
2025-05-27 09:00:00,1.96888328,19.81,-0.2086162567138672,-0.2086162567138672,0.7216558717191219,1.7602670232861328
2025-05-27 10:00:00,2.45447388,14.89,-0.3337860107421875,-0.3337860107421875,0.8468256257474422,2.1206878692578126
2025-05-27 11:00:00,2.58828548,14.68,-0.5340576171875,-0.5340576171875,1.0470972321927547,2.0542278628125
2025-05-27 12:00:00,3.10694768,9.51,-4.0,-4.0,2.5470972321927547,-0.8930523199999998
2025-05-27 13:00:00,2.17045068,9.51,-4.0,-4.0,4.047097232192755,-1.82954932
2025-05-27 14:00:00,2.7078590000000005,9.51,-4.0,-4.0,5.547097232192755,-1.2921409999999995
2025-05-27 15:00:00,1.77460948,9.51,-3.5,-3.5,6.859597232192755,-1.72539052
2025-05-27 16:00:00,1.45567952,9.51,-2.1875,-2.1875,7.679909732192755,-0.7318204800000001
2025-05-27 17:00:00,0.92470732,9.51,-1.3671875,-1.3671875,8.192605044692755,-0.44248018
2025-05-27 18:00:00,0.2990557199999999,9.51,-0.8544921875,-0.8544921875,8.513039615005255,-0.5554364675000001
2025-05-27 19:00:00,0.0543272,32.5,0.0,0.0,8.513039615005255,0.0543272
2025-05-27 20:00:00,0.0,49.56,0.0,0.0,8.513039615005255,0.0
2025-05-27 21:00:00,0.0,111.16,4.0,1.5,4.513039615005255,1.5
2025-05-27 22:00:00,0.0,100.0,4.0,1.5,0.5130396150052547,1.5
2025-05-27 23:00:00,0.0,75.31,0.0,0.0,0.5130396150052547,0.0
2025-05-28 00:00:00,0.0,35.01,0.0,0.0,0.5130396150052547,0.0
2025-05-28 01:00:00,0.0,30.5,-0.08149072527885437,-0.08149072527885437,0.5435986369848251,-0.08149072527885437
2025-05-28 02:00:00,0.0,33.27,0.0,0.0,0.5435986369848251,0.0
2025-05-28 03:00:00,0.0,32.02,0.0,0.0,0.5435986369848251,0.0
2025-05-28 04:00:00,0.0,32.0,0.0,0.0,0.5435986369848251,0.0
2025-05-28 05:00:00,0.0,31.08,0.0,0.0,0.5435986369848251,0.0
2025-05-28 06:00:00,0.2101945999999999,35.01,0.0,0.0,0.5435986369848251,0.2101945999999999
2025-05-28 07:00:00,0.7968980000000001,54.88,0.0,0.0,0.5435986369848251,0.7968980000000001
2025-05-28 08:00:00,1.55820068,35.01,0.0,0.0,0.5435986369848251,1.55820068
2025-05-28 09:00:00,2.19653948,29.88,-0.130385160446167,-0.130385160446167,0.5924930721521378,2.066154319553833
2025-05-28 10:00:00,2.6851264,18.48,-0.3337860107421875,-0.3337860107421875,0.7176628261804581,2.3513403892578126
2025-05-28 11:00:00,2.96903888,13.89,-0.8544921875,-0.8544921875,1.038097396492958,2.1145466925
2025-05-28 12:00:00,3.0913032799999995,13.68,-2.1875,-2.1875,1.858409896492958,0.9038032799999995
2025-05-28 13:00:00,2.9995198,13.43,-4.0,-4.0,3.358409896492958,-1.0004802000000002
2025-05-28 14:00:00,2.7122883200000003,9.51,-4.0,-4.0,4.858409896492958,-1.2877116799999997
2025-05-28 15:00:00,2.25286652,13.43,-4.0,-4.0,6.358409896492958,-1.74713348
2025-05-28 16:00:00,1.65872496,13.43,-3.5,-3.5,7.670909896492958,-1.84127504
2025-05-28 17:00:00,0.91313624,13.68,-1.3671875,-1.3671875,8.183605208992958,-0.45405125999999996
2025-05-28 18:00:00,0.27873264,14.1,-0.5340576171875,-0.5340576171875,8.38387681543827,-0.2553249771875
2025-05-28 19:00:00,0.05960764,29.5,-0.2086162567138672,-0.2086162567138672,8.46210791170597,-0.14900861671386717
2025-05-28 20:00:00,0.0,55.18,0.0,0.0,8.46210791170597,0.0
2025-05-28 21:00:00,0.0,96.0,4.0,1.5,4.462107911705971,1.5
2025-05-28 22:00:00,0.0,100.86,4.0,1.5,0.46210791170597076,1.5
2025-05-28 23:00:00,0.0,54.88,0.0,0.0,0.46210791170597076,0.0
2025-05-29 00:00:00,0.0,49.63,0.0,0.0,0.46210791170597076,0.0
2025-05-29 01:00:00,0.0,39.0,0.0,0.0,0.46210791170597076,0.0
2025-05-29 02:00:00,0.0,43.81,0.0,0.0,0.46210791170597076,0.0
2025-05-29 03:00:00,0.0,39.22,0.0,0.0,0.46210791170597076,0.0
2025-05-29 04:00:00,0.0,38.24,0.0,0.0,0.46210791170597076,0.0
2025-05-29 05:00:00,0.0,40.01,0.0,0.0,0.46210791170597076,0.0
2025-05-29 06:00:00,0.19866868,37.95,-0.08149072527885437,-0.08149072527885437,0.49266693368554115,0.11717795472114562
2025-05-29 07:00:00,0.81492012,45.0,0.0,0.0,0.49266693368554115,0.81492012
2025-05-29 08:00:00,1.58554852,38.24,0.0,0.0,0.49266693368554115,1.58554852
2025-05-29 09:00:00,2.2016135200000004,33.5,-0.2086162567138672,-0.2086162567138672,0.5708980299532413,1.9929972632861332
2025-05-29 10:00:00,2.6527437600000003,16.1,-0.5340576171875,-0.5340576171875,0.7711696363985538,2.1186861428125003
2025-05-29 11:00:00,2.92994944,15.68,-1.3671875,-1.3671875,1.2838649488985538,1.5627619400000001
2025-05-29 12:00:00,3.05501972,15.43,-2.1875,-2.1875,2.104177448898554,0.8675197200000002
2025-05-29 13:00:00,2.96845152,13.0,-4.0,-4.0,3.604177448898554,-1.03154848
2025-05-29 14:00:00,2.70653696,9.51,-4.0,-4.0,5.104177448898554,-1.2934630399999998
2025-05-29 15:00:00,2.2636534,10.0,-4.0,-4.0,6.604177448898554,-1.7363466
2025-05-29 16:00:00,1.67889676,14.0,-3.5,-3.5,7.916677448898554,-1.82110324
2025-05-29 17:00:00,0.93101736,15.68,-0.8544921875,-0.8544921875,8.237112019211054,0.07652517250000002
2025-05-29 18:00:00,0.27452472,17.77,-0.3337860107421875,-0.3337860107421875,8.362281773239374,-0.0592612907421875
2025-05-29 19:00:00,0.06016636,36.13,-0.130385160446167,-0.130385160446167,8.411176208406687,-0.07021880044616699
2025-05-29 20:00:00,0.0,71.63,0.0,0.0,8.411176208406687,0.0
2025-05-29 21:00:00,0.0,134.99,4.0,1.5,4.411176208406687,1.5
2025-05-29 22:00:00,0.0,119.02,4.0,1.5,0.4111762084066868,1.5
2025-05-29 23:00:00,0.0,70.9,0.0,0.0,0.4111762084066868,0.0
2025-05-30 00:00:00,0.0,55.0,0.0,0.0,0.4111762084066868,0.0
2025-05-30 01:00:00,0.0,53.1,0.0,0.0,0.4111762084066868,0.0
2025-05-30 02:00:00,0.0,47.7,0.0,0.0,0.4111762084066868,0.0
2025-05-30 03:00:00,0.0,45.78,-0.130385160446167,-0.130385160446167,0.4600706435739994,-0.130385160446167
2025-05-30 04:00:00,0.0,45.54,-0.2086162567138672,-0.2086162567138672,0.5383017398416996,-0.2086162567138672
2025-05-30 05:00:00,0.0,46.08,-0.08149072527885437,-0.08149072527885437,0.56886076182127,-0.08149072527885437
2025-05-30 06:00:00,0.2100314399999999,49.55,0.0,0.0,0.56886076182127,0.2100314399999999
2025-05-30 07:00:00,0.8073124800000001,68.38,0.0,0.0,0.56886076182127,0.8073124800000001
2025-05-30 08:00:00,1.56337008,53.01,0.0,0.0,0.56886076182127,1.56337008
2025-05-30 09:00:00,0.32255132,46.08,0.0,0.0,0.56886076182127,0.32255132
2025-05-30 10:00:00,0.32257604,24.25,-0.5340576171875,-0.5340576171875,0.7691323682665825,-0.2114815771875
2025-05-30 11:00:00,0.49363536,16.1,-0.8544921875,-0.8544921875,1.0895669385790825,-0.3608568275
2025-05-30 12:00:00,0.5259742399999999,15.95,-1.3671875,-1.3671875,1.6022622510790825,-0.8412132600000001
2025-05-30 13:00:00,0.40679712,15.68,-3.5,-3.5,2.9147622510790825,-3.0932028799999998
2025-05-30 14:00:00,0.59945192,15.43,-4.0,-4.0,4.4147622510790825,-3.40054808
2025-05-30 15:00:00,0.6781917999999999,15.43,-4.0,-4.0,5.9147622510790825,-3.3218082
2025-05-30 16:00:00,0.2740356,15.43,-4.0,-4.0,7.4147622510790825,-3.7259644
2025-05-30 17:00:00,0.9366467200000002,15.89,-2.1875,-2.1875,8.235074751079082,-1.2508532799999998
2025-05-30 18:00:00,0.33926084,45.36,-0.3337860107421875,-0.3337860107421875,8.360244505107403,0.005474829257812508
2025-05-30 19:00:00,0.05891604,55.28,0.0,0.0,8.360244505107403,0.05891604
2025-05-30 20:00:00,0.0,100.29,0.0,0.0,8.360244505107403,0.0
2025-05-30 21:00:00,0.0,120.59,4.0,1.5,4.360244505107403,1.5
2025-05-30 22:00:00,0.0,130.19,4.0,1.5,0.3602445051074028,1.5
2025-05-30 23:00:00,0.0,103.35,0.0,0.0,0.3602445051074028,0.0
2025-05-31 00:00:00,0.0,107.0,4.0,1.5,-3.639755494892597,1.5
2025-05-31 01:00:00,0.0,89.74,4.0,1.5,-7.639755494892597,1.5
2025-05-31 02:00:00,0.0,70.55,0.0,0.0,-7.639755494892597,0.0
2025-05-31 03:00:00,0.0,72.0,0.0,0.0,-7.639755494892597,0.0
2025-05-31 04:00:00,0.0,83.61,0.0,0.0,-7.639755494892597,0.0
2025-05-31 05:00:00,0.0,80.0,0.0,0.0,-7.639755494892597,0.0
2025-05-31 06:00:00,0.21639632,83.61,0.0,0.0,-7.639755494892597,0.21639632
2025-05-31 07:00:00,0.0325325199999999,64.31,0.0,0.0,-7.639755494892597,0.0325325199999999
2025-05-31 08:00:00,0.41407456,33.55,-0.08149072527885437,-0.08149072527885437,-7.609196472913027,0.3325838347211456
2025-05-31 09:00:00,0.7288211199999999,25.01,-0.2086162567138672,-0.2086162567138672,-7.530965376645327,0.5202048632861327
2025-05-31 10:00:00,0.8082601600000001,16.89,-0.3337860107421875,-0.3337860107421875,-7.405795622617006,0.4744741492578126
2025-05-31 11:00:00,1.0750318,16.43,-0.5340576171875,-0.5340576171875,-7.205524016171694,0.5409741828125001
2025-05-31 12:00:00,1.33415588,6.55,-0.8544921875,-0.8544921875,-6.885089445859194,0.47966369249999996
2025-05-31 13:00:00,1.3441366,5.99,-2.1875,-2.1875,-6.064776945859194,-0.8433634000000001
2025-05-31 14:00:00,1.5065176000000002,4.31,-4.0,-4.0,-4.564776945859194,-2.4934823999999995
2025-05-31 15:00:00,0.9581331600000002,4.31,-4.0,-4.0,-3.064776945859194,-3.04186684
2025-05-31 16:00:00,0.4998818,4.31,-4.0,-4.0,-1.5647769458591938,-3.5001182
2025-05-31 17:00:00,0.5482468,5.76,-3.5,-3.5,-0.2522769458591938,-2.9517531999999997
2025-05-31 18:00:00,0.3204458,5.99,-1.3671875,-1.3671875,0.2604183666408062,-1.0467417
2025-05-31 19:00:00,0.0693616,31.78,-0.130385160446167,-0.130385160446167,0.3093128018081188,-0.061023560446167
2025-05-31 20:00:00,0.0,62.0,0.0,0.0,0.3093128018081188,0.0
2025-05-31 21:00:00,0.0,64.31,0.0,0.0,0.3093128018081188,0.0
2025-05-31 22:00:00,0.0,74.44,0.0,0.0,0.3093128018081188,0.0
2025-05-31 23:00:00,0.0,63.5,0.0,0.0,0.3093128018081188,0.0
2025-06-01 00:00:00,0.0,60.0,4.0,1.5,-3.690687198191881,1.5
2025-06-01 01:00:00,0.0,36.07,0.0,0.0,-3.690687198191881,0.0
2025-06-01 02:00:00,0.0,35.01,0.0,0.0,-3.690687198191881,0.0
2025-06-01 03:00:00,0.0,34.95,0.0,0.0,-3.690687198191881,0.0
2025-06-01 04:00:00,0.0,34.43,0.0,0.0,-3.690687198191881,0.0
2025-06-01 05:00:00,0.0,35.0,0.0,0.0,-3.690687198191881,0.0
2025-06-01 06:00:00,0.01309736,35.01,0.0,0.0,-3.690687198191881,0.01309736
2025-06-01 07:00:00,0.3472162,32.22,0.0,0.0,-3.690687198191881,0.3472162
2025-06-01 08:00:00,0.40357188,2.4,-4.0,-4.0,-2.190687198191881,-3.59642812
2025-06-01 09:00:00,0.6180148000000001,18.43,-0.130385160446167,-0.130385160446167,-2.1417927630245686,0.4876296395538331
2025-06-01 10:00:00,0.90803292,15.01,-0.2086162567138672,-0.2086162567138672,-2.0635616667568684,0.6994166632861328
2025-06-01 11:00:00,0.5291857200000001,7.0,-0.3337860107421875,-0.3337860107421875,-1.938391912728548,0.19539970925781258
2025-06-01 12:00:00,0.5616772,6.55,-1.3671875,-1.3671875,-1.425696600228548,-0.8055103
2025-06-01 13:00:00,0.64629756,6.55,-0.8544921875,-0.8544921875,-1.105262029916048,-0.20819462749999995
2025-06-01 14:00:00,0.92178764,5.99,-3.5,-3.5,0.20723797008395195,-2.57821236
2025-06-01 15:00:00,1.44738792,5.79,-4.0,-4.0,1.707237970083952,-2.5526120800000003
2025-06-01 16:00:00,1.84848144,5.76,-4.0,-4.0,3.207237970083952,-2.15151856
2025-06-01 17:00:00,1.01425568,5.99,-2.1875,-2.1875,4.027550470083952,-1.17324432
2025-06-01 18:00:00,0.23360176,6.55,-0.5340576171875,-0.5340576171875,4.2278220765292645,-0.3004558571875
2025-06-01 19:00:00,0.05382284,22.82,-0.08149072527885437,-0.08149072527885437,4.258381098508835,-0.027667885278854373
2025-06-01 20:00:00,0.0,35.01,0.0,0.0,4.258381098508835,0.0
2025-06-01 21:00:00,0.0,40.55,0.0,0.0,4.258381098508835,0.0
2025-06-01 22:00:00,0.0,53.96,4.0,1.5,0.25838109850883484,1.5
2025-06-01 23:00:00,0.0,40.41,0.0,0.0,0.25838109850883484,0.0
2025-06-02 00:00:00,0.0,30.24,0.0,0.0,0.25838109850883484,0.0
2025-06-02 01:00:00,0.0,27.25,0.0,0.0,0.25838109850883484,0.0
2025-06-02 02:00:00,0.0,26.66,0.0,0.0,0.25838109850883484,0.0
2025-06-02 03:00:00,0.0,19.1,-0.2086162567138672,-0.2086162567138672,0.33661219477653503,-0.2086162567138672
2025-06-02 04:00:00,0.0,20.01,-0.130385160446167,-0.130385160446167,0.38550662994384766,-0.130385160446167
2025-06-02 05:00:00,0.0,18.89,-0.5340576171875,-0.5340576171875,0.5857782363891602,-0.5340576171875
2025-06-02 06:00:00,0.17261636,35.01,0.0,0.0,0.5857782363891602,0.17261636
2025-06-02 07:00:00,0.92213468,45.59,0.0,0.0,0.5857782363891602,0.92213468
2025-06-02 08:00:00,1.76041508,52.96,0.0,0.0,0.5857782363891602,1.76041508
2025-06-02 09:00:00,2.3763288,42.66,0.0,0.0,0.5857782363891602,2.3763288
2025-06-02 10:00:00,2.8365657600000005,25.01,-0.08149072527885437,-0.08149072527885437,0.6163372583687305,2.755075034721146
2025-06-02 11:00:00,3.1225552000000003,18.89,-0.3337860107421875,-0.3337860107421875,0.7415070123970509,2.788769189257813
2025-06-02 12:00:00,3.233533,18.68,-0.8544921875,-0.8544921875,1.0619415827095509,2.3790408125
2025-06-02 13:00:00,3.1798606800000004,15.01,-2.1875,-2.1875,1.8822540827095509,0.9923606800000004
2025-06-02 14:00:00,2.9130774400000004,7.0,-4.0,-4.0,3.382254082709551,-1.0869225599999996
2025-06-02 15:00:00,2.45841472,15.01,-1.3671875,-1.3671875,3.894949395209551,1.09122722
2025-06-02 16:00:00,1.83576768,6.55,-4.0,-4.0,5.394949395209551,-2.16423232
2025-06-02 17:00:00,1.00884196,6.55,-4.0,-4.0,6.894949395209551,-2.99115804
2025-06-02 18:00:00,0.2453314,14.9,-3.5,-3.5,8.20744939520955,-3.2546686
2025-06-02 19:00:00,0.06102024,40.3,0.0,0.0,8.20744939520955,0.06102024
2025-06-02 20:00:00,0.0,88.05,0.0,0.0,8.20744939520955,0.0
2025-06-02 21:00:00,0.0,100.0,4.0,1.5,4.207449395209551,1.5
2025-06-02 22:00:00,0.0,98.21,4.0,1.5,0.20744939520955086,1.5
2025-06-02 23:00:00,0.0,66.5,0.0,0.0,0.20744939520955086,0.0
2025-06-03 00:00:00,0.0,80.0,0.0,0.0,0.20744939520955086,0.0
2025-06-03 01:00:00,0.0,69.76,0.0,0.0,0.20744939520955086,0.0
2025-06-03 02:00:00,0.0,69.76,0.0,0.0,0.20744939520955086,0.0
2025-06-03 03:00:00,0.0,69.76,0.0,0.0,0.20744939520955086,0.0
2025-06-03 04:00:00,0.0,69.76,0.0,0.0,0.20744939520955086,0.0
2025-06-03 05:00:00,0.0,80.95,0.0,0.0,0.20744939520955086,0.0
2025-06-03 06:00:00,0.18307832,95.94,0.0,0.0,0.20744939520955086,0.18307832
2025-06-03 07:00:00,0.90778072,107.61,0.0,0.0,0.20744939520955086,0.90778072
2025-06-03 08:00:00,1.7541338400000002,82.0,0.0,0.0,0.20744939520955086,1.7541338400000002
2025-06-03 09:00:00,2.38089092,52.0,-0.130385160446167,-0.130385160446167,0.2563438303768635,2.250505759553833
2025-06-03 10:00:00,2.81730508,31.45,-0.3337860107421875,-0.3337860107421875,0.3815135844051838,2.4835190692578126
2025-06-03 11:00:00,3.07221248,17.78,-0.5340576171875,-0.5340576171875,0.5817851908504963,2.5381548628125
2025-06-03 12:00:00,3.20461028,15.4,-1.3671875,-1.3671875,1.0944805033504963,1.8374227799999998
2025-06-03 13:00:00,3.15160952,6.55,-2.1875,-2.1875,1.9147930033504963,0.96410952
2025-06-03 14:00:00,2.90685252,5.99,-4.0,-4.0,3.4147930033504963,-1.0931474799999998
2025-06-03 15:00:00,2.45169452,5.99,-3.5,-3.5,4.727293003350496,-1.0483054799999998
2025-06-03 16:00:00,1.84329448,5.79,-4.0,-4.0,6.227293003350496,-2.15670552
2025-06-03 17:00:00,1.01680284,5.79,-4.0,-4.0,7.727293003350496,-2.98319716
2025-06-03 18:00:00,0.24302872,17.71,-0.8544921875,-0.8544921875,8.047727573662996,-0.6114634675
2025-06-03 19:00:00,0.0578418,38.57,-0.2086162567138672,-0.2086162567138672,8.125958669930696,-0.1507744567138672
2025-06-03 20:00:00,0.0,53.1,-0.08149072527885437,-0.08149072527885437,8.156517691910267,-0.08149072527885437
2025-06-03 21:00:00,0.0,108.27,4.0,1.5,4.156517691910267,1.5
2025-06-03 22:00:00,0.0,108.78,4.0,1.5,0.15651769191026688,1.5
2025-06-03 23:00:00,0.0,96.05,0.0,0.0,0.15651769191026688,0.0
2025-06-04 00:00:00,0.0,89.6,0.0,0.0,0.15651769191026688,0.0
2025-06-04 01:00:00,0.0,80.71,0.0,0.0,0.15651769191026688,0.0
2025-06-04 02:00:00,0.0,75.14,0.0,0.0,0.15651769191026688,0.0
2025-06-04 03:00:00,0.0,75.0,0.0,0.0,0.15651769191026688,0.0
2025-06-04 04:00:00,0.0,74.52,-0.08149072527885437,-0.08149072527885437,0.18707671388983727,-0.08149072527885437
2025-06-04 05:00:00,0.0,82.13,0.0,0.0,0.18707671388983727,0.0
2025-06-04 06:00:00,0.1752066,98.22,0.0,0.0,0.18707671388983727,0.1752066
2025-06-04 07:00:00,0.95049952,105.0,0.0,0.0,0.18707671388983727,0.95049952
2025-06-04 08:00:00,1.82671652,78.1,0.0,0.0,0.18707671388983727,1.82671652
2025-06-04 09:00:00,2.47674304,59.85,-0.2086162567138672,-0.2086162567138672,0.26530781015753746,2.268126783286133
2025-06-04 10:00:00,2.9206692800000003,53.6,-0.3337860107421875,-0.3337860107421875,0.3904775641858578,2.5868832692578128
2025-06-04 11:00:00,3.1685626,35.1,-0.5340576171875,-0.5340576171875,0.5907491706311703,2.6345049828125
2025-06-04 12:00:00,3.22098004,34.68,-0.8544921875,-0.8544921875,0.9111837409436703,2.3664878525
2025-06-04 13:00:00,3.13346844,28.0,-2.1875,-2.1875,1.7314962409436703,0.9459684400000001
2025-06-04 14:00:00,2.88313344,15.01,-4.0,-4.0,3.2314962409436703,-1.11686656
2025-06-04 15:00:00,2.45325848,26.35,-3.5,-3.5,4.54399624094367,-1.0467415199999999
2025-06-04 16:00:00,1.84941024,11.45,-4.0,-4.0,6.04399624094367,-2.15058976
2025-06-04 17:00:00,1.02241108,18.99,-4.0,-4.0,7.54399624094367,-2.97758892
2025-06-04 18:00:00,0.23583764,28.04,-1.3671875,-1.3671875,8.05669155344367,-1.13134986
2025-06-04 19:00:00,0.05444292,60.0,-0.130385160446167,-0.130385160446167,8.105585988610983,-0.07594224044616699
2025-06-04 20:00:00,0.0,108.38,0.0,0.0,8.105585988610983,0.0
2025-06-04 21:00:00,0.0,127.01,4.0,1.5,4.105585988610983,1.5
2025-06-04 22:00:00,0.0,123.46,4.0,1.5,0.1055859886109829,1.5
2025-06-04 23:00:00,0.0,99.38,0.0,0.0,0.1055859886109829,0.0
2025-06-05 00:00:00,0.0,110.73,0.0,0.0,0.1055859886109829,0.0
2025-06-05 01:00:00,0.0,96.0,0.0,0.0,0.1055859886109829,0.0
2025-06-05 02:00:00,0.0,94.25,0.0,0.0,0.1055859886109829,0.0
2025-06-05 03:00:00,0.0,92.28,0.0,0.0,0.1055859886109829,0.0
2025-06-05 04:00:00,0.0,92.28,0.0,0.0,0.1055859886109829,0.0
2025-06-05 05:00:00,0.0,93.86,0.0,0.0,0.1055859886109829,0.0
2025-06-05 06:00:00,0.18322752,101.27,0.0,0.0,0.1055859886109829,0.18322752
2025-06-05 07:00:00,0.89068416,111.24,0.0,0.0,0.1055859886109829,0.89068416
2025-06-05 08:00:00,1.7062354400000002,82.13,-0.08149072527885437,-0.08149072527885437,0.13614501059055328,1.6247447147211458
2025-06-05 09:00:00,2.28580348,39.1,-0.2086162567138672,-0.2086162567138672,0.21437610685825348,2.077187223286133
2025-06-05 10:00:00,2.6815155200000005,34.68,-0.3337860107421875,-0.3337860107421875,0.3395458608865738,2.347729509257813
2025-06-05 11:00:00,2.9745365200000005,29.34,-0.5340576171875,-0.5340576171875,0.5398174673318863,2.4404789028125005
2025-06-05 12:00:00,3.124483,25.15,-2.1875,-2.1875,1.3601299673318863,0.9369830000000001
2025-06-05 13:00:00,3.07417568,25.15,-1.3671875,-1.3671875,1.8728252798318863,1.7069881800000002
2025-06-05 14:00:00,2.8320341200000003,5.79,-4.0,-4.0,3.3728252798318863,-1.1679658799999997
2025-06-05 15:00:00,2.3854148800000003,5.79,-4.0,-4.0,4.872825279831886,-1.6145851199999997
2025-06-05 16:00:00,1.79032408,5.0,-4.0,-4.0,6.372825279831886,-2.20967592
2025-06-05 17:00:00,0.9963402,5.79,-3.5,-3.5,7.685325279831886,-2.5036598
2025-06-05 18:00:00,0.2546788399999999,25.15,-0.8544921875,-0.8544921875,8.005759850144386,-0.5998133475
2025-06-05 19:00:00,0.06148932,52.85,-0.130385160446167,-0.130385160446167,8.054654285311699,-0.06889584044616699
2025-06-05 20:00:00,0.0,99.77,0.0,0.0,8.054654285311699,0.0
2025-06-05 21:00:00,0.0,140.34,4.0,1.5,4.054654285311699,1.5
2025-06-05 22:00:00,0.0,142.03,4.0,1.5,0.054654285311698914,1.5
2025-06-05 23:00:00,0.0,118.24,0.0,0.0,0.054654285311698914,0.0
2025-06-06 00:00:00,0.0,130.05,0.0,0.0,0.054654285311698914,0.0
2025-06-06 01:00:00,0.0,127.93,0.0,0.0,0.054654285311698914,0.0
2025-06-06 02:00:00,0.0,118.24,0.0,0.0,0.054654285311698914,0.0
2025-06-06 03:00:00,0.0,112.75,0.0,0.0,0.054654285311698914,0.0
2025-06-06 04:00:00,0.0,112.24,0.0,0.0,0.054654285311698914,0.0
2025-06-06 05:00:00,0.0,113.77,0.0,0.0,0.054654285311698914,0.0
2025-06-06 06:00:00,0.17692668,123.26,0.0,0.0,0.054654285311698914,0.17692668
2025-06-06 07:00:00,0.89742012,126.83,0.0,0.0,0.054654285311698914,0.89742012
2025-06-06 08:00:00,1.7038242000000003,123.26,0.0,0.0,0.054654285311698914,1.7038242000000003
2025-06-06 09:00:00,2.26914264,57.03,-0.130385160446167,-0.130385160446167,0.10354872047901154,2.138757479553833
2025-06-06 10:00:00,2.6748456400000005,16.98,-0.3337860107421875,-0.3337860107421875,0.22871847450733185,2.341059629257813
2025-06-06 11:00:00,2.9321843199999997,15.73,-0.5340576171875,-0.5340576171875,0.42899008095264435,2.3981267028124997
2025-06-06 12:00:00,3.06860164,5.79,-1.3671875,-1.3671875,0.9416853934526443,1.7014141399999998
2025-06-06 13:00:00,3.04297156,5.76,-2.1875,-2.1875,1.7619978934526443,0.8554715599999998
2025-06-06 14:00:00,2.82188544,4.31,-4.0,-4.0,3.2619978934526443,-1.17811456
2025-06-06 15:00:00,2.40499088,4.31,-4.0,-4.0,4.761997893452644,-1.5950091199999998
2025-06-06 16:00:00,1.81300972,4.31,-4.0,-4.0,6.261997893452644,-2.18699028
2025-06-06 17:00:00,1.0101628,4.31,-3.5,-3.5,7.574497893452644,-2.4898372
2025-06-06 18:00:00,0.23628228,14.34,-0.8544921875,-0.8544921875,7.894932463765144,-0.6182099075
2025-06-06 19:00:00,0.05293184,44.69,-0.2086162567138672,-0.2086162567138672,7.9731635600328445,-0.15568441671386718
2025-06-06 20:00:00,0.0,105.0,-0.08149072527885437,-0.08149072527885437,8.003722582012415,-0.08149072527885437
2025-06-06 21:00:00,0.0,135.01,4.0,1.5,4.003722582012415,1.5
2025-06-06 22:00:00,0.0,140.34,4.0,1.5,0.0037225820124149323,1.5
2025-06-06 23:00:00,0.0,121.35,0.0,0.0,0.0037225820124149323,0.0
2025-06-07 00:00:00,0.0,112.84,4.0,1.5,-3.996277417987585,1.5
2025-06-07 01:00:00,0.0,103.77,0.0,0.0,-3.996277417987585,0.0
2025-06-07 02:00:00,0.0,101.57,0.0,0.0,-3.996277417987585,0.0
2025-06-07 03:00:00,0.0,100.59,0.0,0.0,-3.996277417987585,0.0
2025-06-07 04:00:00,0.0,100.59,0.0,0.0,-3.996277417987585,0.0
2025-06-07 05:00:00,0.0,101.57,0.0,0.0,-3.996277417987585,0.0
2025-06-07 06:00:00,0.16963016,104.0,0.0,0.0,-3.996277417987585,0.16963016
2025-06-07 07:00:00,0.8965092800000001,93.8,0.0,0.0,-3.996277417987585,0.8965092800000001
2025-06-07 08:00:00,1.6979860000000002,22.2,-0.08149072527885437,-0.08149072527885437,-3.9657183960080147,1.6164952747211458
2025-06-07 09:00:00,2.27346752,14.89,-0.130385160446167,-0.130385160446167,-3.916823960840702,2.143082359553833
2025-06-07 10:00:00,2.6953243600000003,2.5,-0.3337860107421875,-0.3337860107421875,-3.7916542068123817,2.361538349257813
2025-06-07 11:00:00,2.9511935600000005,1.51,-0.5340576171875,-0.5340576171875,-3.5913826003670692,2.4171359428125005
2025-06-07 12:00:00,3.0559016,1.5,-1.3671875,-1.3671875,-3.0786872878670692,1.6887140999999999
2025-06-07 13:00:00,2.99633848,1.5,-0.8544921875,-0.8544921875,-2.7582527175545692,2.1418462925
2025-06-07 14:00:00,2.77115844,0.05,-2.1875,-2.1875,-1.9379402175545692,0.5836584399999998
2025-06-07 15:00:00,2.35513392,0.0,-4.0,-4.0,-0.43794021755456924,-1.64486608
2025-06-07 16:00:00,1.78069908,-1.01,-4.0,-4.0,1.0620597824454308,-2.2193009200000002
2025-06-07 17:00:00,0.99838724,-0.6,-4.0,-4.0,2.5620597824454308,-3.00161276
2025-06-07 18:00:00,0.24231508,0.0,-3.5,-3.5,3.8745597824454308,-3.25768492
2025-06-07 19:00:00,0.0570928,4.31,-0.2086162567138672,-0.2086162567138672,3.952790878713131,-0.1515234567138672
2025-06-07 20:00:00,0.0,45.0,0.0,0.0,3.952790878713131,0.0
2025-06-07 21:00:00,0.0,110.2,4.0,1.5,-0.04720912128686905,1.5
2025-06-07 22:00:00,0.0,104.0,0.0,0.0,-0.04720912128686905,0.0
2025-06-07 23:00:00,0.0,90.0,0.0,0.0,-0.04720912128686905,0.0
2025-06-08 00:00:00,0.0,79.47,0.0,0.0,-0.04720912128686905,0.0
2025-06-08 01:00:00,0.0,78.49,0.0,0.0,-0.04720912128686905,0.0
2025-06-08 02:00:00,0.0,79.0,0.0,0.0,-0.04720912128686905,0.0
2025-06-08 03:00:00,0.0,65.0,0.0,0.0,-0.04720912128686905,0.0
2025-06-08 04:00:00,0.0,65.0,0.0,0.0,-0.04720912128686905,0.0
2025-06-08 05:00:00,0.0,65.0,0.0,0.0,-0.04720912128686905,0.0
2025-06-08 06:00:00,0.16976384,64.36,0.0,0.0,-0.04720912128686905,0.16976384
2025-06-08 07:00:00,0.9018582,22.02,0.0,0.0,-0.04720912128686905,0.9018582
2025-06-08 08:00:00,1.72649156,0.83,-4.0,-4.0,1.452790878713131,-2.27350844
2025-06-08 09:00:00,2.30588468,2.39,-0.130385160446167,-0.130385160446167,1.5016853138804436,2.175499519553833
2025-06-08 10:00:00,2.71010624,1.93,-2.1875,-2.1875,2.3219978138804436,0.52260624
2025-06-08 11:00:00,2.9459335200000005,1.93,-1.3671875,-1.3671875,2.8346931263804436,1.5787460200000005
2025-06-08 12:00:00,3.03682096,1.93,-0.8544921875,-0.8544921875,3.1551276966929436,2.1823287725
2025-06-08 13:00:00,2.97571384,2.18,-0.3337860107421875,-0.3337860107421875,3.280297450721264,2.6419278292578126
2025-06-08 14:00:00,2.7585908,1.93,-0.5340576171875,-0.5340576171875,3.4805690571665764,2.2245331828125
2025-06-08 15:00:00,2.3444824,1.51,-3.5,-3.5,4.793069057166576,-1.1555176
2025-06-08 16:00:00,1.7713564000000002,0.99,-4.0,-4.0,6.293069057166576,-2.2286436
2025-06-08 17:00:00,0.84190616,1.5,-4.0,-4.0,7.793069057166576,-3.1580938400000003
2025-06-08 18:00:00,0.35459864,2.18,-0.2086162567138672,-0.2086162567138672,7.871300153434277,0.14598238328613283
2025-06-08 19:00:00,0.07184904,12.3,-0.08149072527885437,-0.08149072527885437,7.901859175413847,-0.009641685278854367
2025-06-08 20:00:00,0.0,86.78,0.0,0.0,7.901859175413847,0.0
2025-06-08 21:00:00,0.0,108.78,4.0,1.5,3.901859175413847,1.5
2025-06-08 22:00:00,0.0,109.29,4.0,1.5,-0.09814082458615303,1.5
2025-06-08 23:00:00,0.0,98.8,0.0,0.0,-0.09814082458615303,0.0
2025-06-09 00:00:00,0.0,90.6,0.0,0.0,-0.09814082458615303,0.0
2025-06-09 01:00:00,0.0,77.94,-0.130385160446167,-0.130385160446167,-0.04924638941884041,-0.130385160446167
2025-06-09 02:00:00,0.0,77.94,-0.08149072527885437,-0.08149072527885437,-0.01868736743927002,-0.08149072527885437
2025-06-09 03:00:00,0.0,80.0,0.0,0.0,-0.01868736743927002,0.0
2025-06-09 04:00:00,0.0,82.86,0.0,0.0,-0.01868736743927002,0.0
2025-06-09 05:00:00,0.0,87.35,0.0,0.0,-0.01868736743927002,0.0
2025-06-09 06:00:00,0.0792435599999999,102.25,0.0,0.0,-0.01868736743927002,0.0792435599999999
2025-06-09 07:00:00,0.39546312,107.06,0.0,0.0,-0.01868736743927002,0.39546312
2025-06-09 08:00:00,0.98865772,85.01,0.0,0.0,-0.01868736743927002,0.98865772
2025-06-09 09:00:00,1.82298068,20.1,-0.3337860107421875,-0.3337860107421875,0.10648238658905029,1.4891946692578124
2025-06-09 10:00:00,2.65690092,12.6,-0.5340576171875,-0.5340576171875,0.3067539930343628,2.1228433028125
2025-06-09 11:00:00,2.89956424,12.18,-1.3671875,-1.3671875,0.8194493055343628,1.5323767400000001
2025-06-09 12:00:00,3.02156964,11.93,-3.5,-3.5,2.131949305534363,-0.47843035999999994
2025-06-09 13:00:00,3.00856668,11.93,-2.1875,-2.1875,2.952261805534363,0.8210666799999999
2025-06-09 14:00:00,2.8000164,5.79,-4.0,-4.0,4.452261805534363,-1.1999836
2025-06-09 15:00:00,2.3828502,6.0,-4.0,-4.0,5.952261805534363,-1.6171498
2025-06-09 16:00:00,1.7819886400000002,5.57,-4.0,-4.0,7.452261805534363,-2.2180113599999998
2025-06-09 17:00:00,0.99792092,12.39,-0.8544921875,-0.8544921875,7.772696375846863,0.1434287325
2025-06-09 18:00:00,0.2984212,50.0,-0.2086162567138672,-0.2086162567138672,7.850927472114563,0.08980494328613281
2025-06-09 19:00:00,0.06403584,90.0,0.0,0.0,7.850927472114563,0.06403584
2025-06-09 20:00:00,0.0,113.76,0.0,0.0,7.850927472114563,0.0
2025-06-09 21:00:00,0.0,135.0,4.0,1.5,3.850927472114563,1.5
2025-06-09 22:00:00,0.0,124.1,4.0,1.5,-0.149072527885437,1.5
2025-06-09 23:00:00,0.0,114.27,0.0,0.0,-0.149072527885437,0.0
2025-06-10 00:00:00,0.0,118.97,0.0,0.0,-0.149072527885437,0.0
2025-06-10 01:00:00,0.0,114.99,0.0,0.0,-0.149072527885437,0.0
2025-06-10 02:00:00,0.0,114.4,0.0,0.0,-0.149072527885437,0.0
2025-06-10 03:00:00,0.0,113.01,-0.08149072527885437,-0.08149072527885437,-0.11851350590586662,-0.08149072527885437
2025-06-10 04:00:00,0.0,113.03,0.0,0.0,-0.11851350590586662,0.0
2025-06-10 05:00:00,0.0,113.2,0.0,0.0,-0.11851350590586662,0.0
2025-06-10 06:00:00,0.20179332,114.4,0.0,0.0,-0.11851350590586662,0.20179332
2025-06-10 07:00:00,0.8391767600000002,117.0,0.0,0.0,-0.11851350590586662,0.8391767600000002
2025-06-10 08:00:00,1.5937256,114.99,0.0,0.0,-0.11851350590586662,1.5937256
2025-06-10 09:00:00,2.17237856,111.72,-0.130385160446167,-0.130385160446167,-0.069619070738554,2.041993399553833
2025-06-10 10:00:00,2.62119876,105.0,-0.5340576171875,-0.5340576171875,0.1306525357067585,2.0871411428125
2025-06-10 11:00:00,2.89504812,87.47,-1.3671875,-1.3671875,0.6433478482067585,1.5278606199999998
2025-06-10 12:00:00,3.0167751600000003,56.6,-2.1875,-2.1875,1.4636603482067585,0.8292751600000003
2025-06-10 13:00:00,2.9902052,56.0,-3.5,-3.5,2.7761603482067585,-0.5097947999999999
2025-06-10 14:00:00,2.7722186800000004,55.4,-4.0,-4.0,4.2761603482067585,-1.2277813199999996
2025-06-10 15:00:00,2.36539892,54.88,-4.0,-4.0,5.7761603482067585,-1.63460108
2025-06-10 16:00:00,1.782851,55.01,-4.0,-4.0,7.2761603482067585,-2.217149
2025-06-10 17:00:00,1.00551692,93.35,-0.8544921875,-0.8544921875,7.5965949185192585,0.15102473250000004
2025-06-10 18:00:00,0.27884204,105.0,-0.3337860107421875,-0.3337860107421875,7.721764672547579,-0.05494397074218749
2025-06-10 19:00:00,0.06059532,110.7,-0.2086162567138672,-0.2086162567138672,7.799995768815279,-0.14802093671386718
2025-06-10 20:00:00,0.0,119.58,0.0,0.0,7.799995768815279,0.0
2025-06-10 21:00:00,0.0,124.35,4.0,1.5,3.799995768815279,1.5
2025-06-10 22:00:00,0.0,121.18,4.0,1.5,-0.200004231184721,1.5
2025-06-10 23:00:00,0.0,114.4,0.0,0.0,-0.200004231184721,0.0
2025-06-11 00:00:00,0.0,111.89,0.0,0.0,-0.200004231184721,0.0
2025-06-11 01:00:00,0.0,108.56,0.0,0.0,-0.200004231184721,0.0
2025-06-11 02:00:00,0.0,106.07,0.0,0.0,-0.200004231184721,0.0
2025-06-11 03:00:00,0.0,106.02,0.0,0.0,-0.200004231184721,0.0
2025-06-11 04:00:00,0.0,104.0,-0.08149072527885437,-0.08149072527885437,-0.1694452092051506,-0.08149072527885437
2025-06-11 05:00:00,0.0,106.02,0.0,0.0,-0.1694452092051506,0.0
2025-06-11 06:00:00,0.18507616,107.49,0.0,0.0,-0.1694452092051506,0.18507616
2025-06-11 07:00:00,0.8721072000000001,110.63,0.0,0.0,-0.1694452092051506,0.8721072000000001
2025-06-11 08:00:00,1.6843733600000002,109.58,0.0,0.0,-0.1694452092051506,1.6843733600000002
2025-06-11 09:00:00,2.2803536,101.27,-0.130385160446167,-0.130385160446167,-0.12055077403783798,2.149968439553833
2025-06-11 10:00:00,2.68357192,82.28,-0.2086162567138672,-0.2086162567138672,-0.04231967777013779,2.4749556632861327
2025-06-11 11:00:00,2.9476228000000004,49.99,-0.5340576171875,-0.5340576171875,0.1579519286751747,2.4135651828125004
2025-06-11 12:00:00,3.07815316,14.28,-1.3671875,-1.3671875,0.6706472411751747,1.7109656599999998
2025-06-11 13:00:00,3.02728244,5.0,-2.1875,-2.1875,1.4909597411751747,0.83978244
2025-06-11 14:00:00,2.78388552,3.52,-3.5,-3.5,2.8034597411751747,-0.7161144799999999
2025-06-11 15:00:00,2.3716176800000004,1.1,-4.0,-4.0,4.303459741175175,-1.6283823199999996
2025-06-11 16:00:00,1.7756216800000002,2.5,-4.0,-4.0,5.803459741175175,-2.2243783199999996
2025-06-11 17:00:00,1.0009360799999998,3.0,-4.0,-4.0,7.303459741175175,-2.99906392
2025-06-11 18:00:00,0.29113524,15.0,-0.8544921875,-0.8544921875,7.623894311487675,-0.5633569475
2025-06-11 19:00:00,0.06485204,74.0,-0.3337860107421875,-0.3337860107421875,7.749064065515995,-0.2689339707421875
2025-06-11 20:00:00,0.0,105.01,0.0,0.0,7.749064065515995,0.0
2025-06-11 21:00:00,0.0,115.5,4.0,1.5,3.749064065515995,1.5
2025-06-11 22:00:00,0.0,114.81,4.0,1.5,-0.250935934484005,1.5
2025-06-11 23:00:00,0.0,109.58,0.0,0.0,-0.250935934484005,0.0
2025-06-12 00:00:00,0.0,104.59,0.0,0.0,-0.250935934484005,0.0
2025-06-12 01:00:00,0.0,99.97,0.0,0.0,-0.250935934484005,0.0
2025-06-12 02:00:00,0.0,95.11,0.0,0.0,-0.250935934484005,0.0
2025-06-12 03:00:00,0.0,93.94,0.0,0.0,-0.250935934484005,0.0
2025-06-12 04:00:00,0.0,93.94,0.0,0.0,-0.250935934484005,0.0
2025-06-12 05:00:00,0.0,98.27,0.0,0.0,-0.250935934484005,0.0
2025-06-12 06:00:00,0.1931086,102.98,0.0,0.0,-0.250935934484005,0.1931086
2025-06-12 07:00:00,0.8381306399999999,103.8,0.0,0.0,-0.250935934484005,0.8381306399999999
2025-06-12 08:00:00,1.6339854399999998,90.0,-0.08149072527885437,-0.08149072527885437,-0.22037691250443459,1.5524947147211454
2025-06-12 09:00:00,2.26185376,23.14,-0.2086162567138672,-0.2086162567138672,-0.1421458162367344,2.053237503286133
2025-06-12 10:00:00,2.7406342,15.47,-0.3337860107421875,-0.3337860107421875,-0.016976062208414078,2.4068481892578126
2025-06-12 11:00:00,2.13719192,15.19,-0.8544921875,-0.8544921875,0.3034585081040859,1.2826997324999998
2025-06-12 12:00:00,1.97873292,14.14,-1.3671875,-1.3671875,0.8161538206040859,0.6115454199999999
2025-06-12 13:00:00,2.4368506,4.31,-4.0,-4.0,2.316153820604086,-1.5631494
2025-06-12 14:00:00,1.18984128,5.0,-4.0,-4.0,3.816153820604086,-2.81015872
2025-06-12 15:00:00,1.8516818,5.76,-2.1875,-2.1875,4.636466320604086,-0.33581820000000007
2025-06-12 16:00:00,1.75187508,5.0,-3.5,-3.5,5.948966320604086,-1.74812492
2025-06-12 17:00:00,1.00040652,4.31,-4.0,-4.0,7.448966320604086,-2.9995934799999997
2025-06-12 18:00:00,0.30431404,15.27,-0.5340576171875,-0.5340576171875,7.649237927049398,-0.2297435771875
2025-06-12 19:00:00,0.06432648,89.6,-0.130385160446167,-0.130385160446167,7.698132362216711,-0.06605868044616699
2025-06-12 20:00:00,0.0,104.01,0.0,0.0,7.698132362216711,0.0
2025-06-12 21:00:00,0.0,131.71,4.0,1.5,3.698132362216711,1.5
2025-06-12 22:00:00,0.0,140.64,4.0,1.5,-0.30186763778328896,1.5
2025-06-12 23:00:00,0.0,117.96,0.0,0.0,-0.30186763778328896,0.0
2025-06-13 00:00:00,0.0,126.84,4.0,1.5,-4.301867637783289,1.5
2025-06-13 01:00:00,0.0,119.08,0.0,0.0,-4.301867637783289,0.0
2025-06-13 02:00:00,0.0,113.98,0.0,0.0,-4.301867637783289,0.0
2025-06-13 03:00:00,0.0,112.33,0.0,0.0,-4.301867637783289,0.0
2025-06-13 04:00:00,0.0,111.35,0.0,0.0,-4.301867637783289,0.0
2025-06-13 05:00:00,0.0,111.35,0.0,0.0,-4.301867637783289,0.0
2025-06-13 06:00:00,0.19747348,113.89,0.0,0.0,-4.301867637783289,0.19747348
2025-06-13 07:00:00,0.82993072,113.86,0.0,0.0,-4.301867637783289,0.82993072
2025-06-13 08:00:00,0.42872596,112.47,0.0,0.0,-4.301867637783289,0.42872596
2025-06-13 09:00:00,2.24279388,50.0,-0.2086162567138672,-0.2086162567138672,-4.223636541515589,2.0341776232861326
2025-06-13 10:00:00,1.4253964,19.23,-0.3337860107421875,-0.3337860107421875,-4.0984667874872684,1.0916103892578124
2025-06-13 11:00:00,3.02629244,16.47,-0.8544921875,-0.8544921875,-3.7780322171747684,2.1718002525
2025-06-13 12:00:00,3.15252496,14.14,-1.3671875,-1.3671875,-3.2653369046747684,1.78533746
2025-06-13 13:00:00,3.0822412000000003,4.31,-4.0,-4.0,-1.7653369046747684,-0.9177587999999997
2025-06-13 14:00:00,2.81855576,5.0,-2.1875,-2.1875,-0.9450244046747684,0.6310557600000002
2025-06-13 15:00:00,2.3903844000000003,4.31,-4.0,-4.0,0.5549755953252316,-1.6096155999999997
2025-06-13 16:00:00,1.79530156,4.31,-4.0,-4.0,2.0549755953252316,-2.20469844
2025-06-13 17:00:00,1.00916556,4.31,-3.5,-3.5,3.3674755953252316,-2.49083444
2025-06-13 18:00:00,0.26854644,17.43,-0.5340576171875,-0.5340576171875,3.567747201770544,-0.2655111771875
2025-06-13 19:00:00,0.06338524,90.4,-0.130385160446167,-0.130385160446167,3.6166416369378567,-0.066999920446167
2025-06-13 20:00:00,0.0,105.47,-0.08149072527885437,-0.08149072527885437,3.647200658917427,-0.08149072527885437
2025-06-13 21:00:00,0.0,120.58,0.0,0.0,3.647200658917427,0.0
2025-06-13 22:00:00,0.0,120.98,4.0,1.5,-0.35279934108257294,1.5
2025-06-13 23:00:00,0.0,113.98,0.0,0.0,-0.35279934108257294,0.0
2025-06-14 00:00:00,0.0,110.02,4.0,1.5,-4.352799341082573,1.5
2025-06-14 01:00:00,0.0,109.7,0.0,0.0,-4.352799341082573,0.0
2025-06-14 02:00:00,0.0,109.8,4.0,1.5,-8.352799341082573,1.5
2025-06-14 03:00:00,0.0,108.98,0.0,0.0,-8.352799341082573,0.0
2025-06-14 04:00:00,0.0,109.0,0.0,0.0,-8.352799341082573,0.0
2025-06-14 05:00:00,0.0,109.7,0.0,0.0,-8.352799341082573,0.0
2025-06-14 06:00:00,0.18426508,109.73,0.0,0.0,-8.352799341082573,0.18426508
2025-06-14 07:00:00,0.8401338800000001,104.9,0.0,0.0,-8.352799341082573,0.8401338800000001
2025-06-14 08:00:00,1.6076018,51.21,-0.08149072527885437,-0.08149072527885437,-8.322240319103003,1.5261110747211457
2025-06-14 09:00:00,2.19792248,11.14,-0.2086162567138672,-0.2086162567138672,-8.244009222835302,1.9893062232861327
2025-06-14 10:00:00,2.63776532,3.14,-0.5340576171875,-0.5340576171875,-8.04373761638999,2.1037077028125
2025-06-14 11:00:00,2.93936752,1.99,-3.5,-3.5,-6.73123761638999,-0.5606324800000002
2025-06-14 12:00:00,3.09801436,1.99,-2.1875,-2.1875,-5.91092511638999,0.9105143600000001
2025-06-14 13:00:00,3.05001216,2.73,-0.8544921875,-0.8544921875,-5.59049054607749,2.1955199725
2025-06-14 14:00:00,2.80830768,1.99,-1.3671875,-1.3671875,-5.07779523357749,1.44112018
2025-06-14 15:00:00,2.369707,0.05,-4.0,-4.0,-3.57779523357749,-1.630293
2025-06-14 16:00:00,1.79070864,-0.37,-4.0,-4.0,-2.07779523357749,-2.20929136
2025-06-14 17:00:00,1.00753564,0.65,-4.0,-4.0,-0.5777952335774899,-2.99246436
2025-06-14 18:00:00,0.2724897599999999,5.0,-0.3337860107421875,-0.3337860107421875,-0.45262547954916954,-0.061296250742187586
2025-06-14 19:00:00,0.0568086,36.27,-0.130385160446167,-0.130385160446167,-0.4037310443818569,-0.07357656044616699
2025-06-14 20:00:00,0.0,86.0,0.0,0.0,-0.4037310443818569,0.0
2025-06-14 21:00:00,0.0,101.96,0.0,0.0,-0.4037310443818569,0.0
2025-06-14 22:00:00,0.0,105.88,0.0,0.0,-0.4037310443818569,0.0
2025-06-14 23:00:00,0.0,100.98,0.0,0.0,-0.4037310443818569,0.0
2025-06-15 00:00:00,0.0,87.47,4.0,1.5,-4.403731044381857,1.5
2025-06-15 01:00:00,0.0,62.0,0.0,0.0,-4.403731044381857,0.0
2025-06-15 02:00:00,0.0,38.7,0.0,0.0,-4.403731044381857,0.0
2025-06-15 03:00:00,0.0,34.7,0.0,0.0,-4.403731044381857,0.0
2025-06-15 04:00:00,0.0,24.35,0.0,0.0,-4.403731044381857,0.0
2025-06-15 05:00:00,0.0,20.0,0.0,0.0,-4.403731044381857,0.0
2025-06-15 06:00:00,0.1235028,18.47,0.0,0.0,-4.403731044381857,0.1235028
2025-06-15 07:00:00,0.1188178,15.13,0.0,0.0,-4.403731044381857,0.1188178
2025-06-15 08:00:00,0.7888337200000001,2.73,-0.3337860107421875,-0.3337860107421875,-4.278561290353537,0.45504770925781257
2025-06-15 09:00:00,1.7546816800000002,0.0,-4.0,-4.0,-2.7785612903535366,-2.24531832
2025-06-15 10:00:00,2.63350964,0.0,-4.0,-4.0,-1.2785612903535366,-1.3664903599999998
2025-06-15 11:00:00,2.95481884,0.05,-4.0,-4.0,0.2214387096464634,-1.0451811599999998
2025-06-15 12:00:00,2.41161992,1.21,-2.1875,-2.1875,1.0417512096464634,0.22411992000000014
2025-06-15 13:00:00,2.95534036,2.73,-0.2086162567138672,-0.2086162567138672,1.1199823059141636,2.746724103286133
2025-06-15 14:00:00,2.71551556,1.99,-1.3671875,-1.3671875,1.6326776184141636,1.34832806
2025-06-15 15:00:00,2.37443344,1.99,-0.8544921875,-0.8544921875,1.9531121887266636,1.5199412524999998
2025-06-15 16:00:00,1.77496328,0.05,-3.5,-3.5,3.2656121887266636,-1.72503672
2025-06-15 17:00:00,1.01079372,1.99,-0.5340576171875,-0.5340576171875,3.465883795171976,0.4767361028124999
2025-06-15 18:00:00,0.304315,3.14,-0.130385160446167,-0.130385160446167,3.5147782303392887,0.173929839553833
2025-06-15 19:00:00,0.066886,13.02,-0.08149072527885437,-0.08149072527885437,3.545337252318859,-0.014604725278854369
2025-06-15 20:00:00,0.0,53.55,0.0,0.0,3.545337252318859,0.0
2025-06-15 21:00:00,0.0,76.85,0.0,0.0,3.545337252318859,0.0
2025-06-15 22:00:00,0.0,78.43,4.0,1.5,-0.4546627476811409,1.5
2025-06-15 23:00:00,0.0,53.97,0.0,0.0,-0.4546627476811409,0.0
2025-06-16 00:00:00,0.0,32.74,0.0,0.0,-0.4546627476811409,0.0
2025-06-16 01:00:00,0.0,19.96,-0.130385160446167,-0.130385160446167,-0.4057683125138283,-0.130385160446167
2025-06-16 02:00:00,0.0,16.58,-0.3337860107421875,-0.3337860107421875,-0.28059855848550797,-0.3337860107421875
2025-06-16 03:00:00,0.0,13.27,-4.0,-4.0,1.219401441514492,-4.0
2025-06-16 04:00:00,0.0,15.0,-4.0,-4.0,2.719401441514492,-4.0
2025-06-16 05:00:00,0.0,24.76,0.0,0.0,2.719401441514492,0.0
2025-06-16 06:00:00,0.13028552,60.0,0.0,0.0,2.719401441514492,0.13028552
2025-06-16 07:00:00,0.344575,71.6,0.0,0.0,2.719401441514492,0.344575
2025-06-16 08:00:00,0.6387382,58.49,0.0,0.0,2.719401441514492,0.6387382
2025-06-16 09:00:00,0.5646660400000001,20.0,-0.08149072527885437,-0.08149072527885437,2.7499604634940624,0.4831753147211457
2025-06-16 10:00:00,0.75999088,14.73,-4.0,-4.0,4.249960463494062,-3.24000912
2025-06-16 11:00:00,1.51196268,15.01,-3.5,-3.5,5.562460463494062,-1.98803732
2025-06-16 12:00:00,1.6730864799999998,15.73,-2.1875,-2.1875,6.382772963494062,-0.5144135200000002
2025-06-16 13:00:00,1.68681408,15.73,-1.3671875,-1.3671875,6.895468275994062,0.31962658
2025-06-16 14:00:00,1.46444068,15.73,-0.8544921875,-0.8544921875,7.215902846306562,0.6099484925
2025-06-16 15:00:00,1.5624371200000002,15.73,-0.5340576171875,-0.5340576171875,7.416174452751875,1.0283795028125002
2025-06-16 16:00:00,0.9882846400000002,17.73,-0.2086162567138672,-0.2086162567138672,7.494405549019575,0.779668383286133
2025-06-16 17:00:00,0.62937132,47.69,0.0,0.0,7.494405549019575,0.62937132
2025-06-16 18:00:00,0.3081172399999999,101.64,0.0,0.0,7.494405549019575,0.3081172399999999
2025-06-16 19:00:00,0.06520904,117.2,0.0,0.0,7.494405549019575,0.06520904
2025-06-16 20:00:00,0.0,125.41,0.0,0.0,7.494405549019575,0.0
2025-06-16 21:00:00,0.0,210.0,4.0,1.5,3.494405549019575,1.5
2025-06-16 22:00:00,0.0,166.91,4.0,1.5,-0.5055944509804249,1.5
2025-06-16 23:00:00,0.0,125.41,0.0,0.0,-0.5055944509804249,0.0
2025-06-17 00:00:00,0.0,128.64,0.0,0.0,-0.5055944509804249,0.0
2025-06-17 01:00:00,0.0,124.76,0.0,0.0,-0.5055944509804249,0.0
2025-06-17 02:00:00,0.0,120.0,0.0,0.0,-0.5055944509804249,0.0
2025-06-17 03:00:00,0.0,119.82,0.0,0.0,-0.5055944509804249,0.0
2025-06-17 04:00:00,0.0,120.0,0.0,0.0,-0.5055944509804249,0.0
2025-06-17 05:00:00,0.0,117.1,-0.08149072527885437,-0.08149072527885437,-0.4750354290008545,-0.08149072527885437
2025-06-17 06:00:00,0.0075861199999999,119.82,0.0,0.0,-0.4750354290008545,0.0075861199999999
2025-06-17 07:00:00,0.11774536,124.59,0.0,0.0,-0.4750354290008545,0.11774536
2025-06-17 08:00:00,0.1577452,126.91,0.0,0.0,-0.4750354290008545,0.1577452
2025-06-17 09:00:00,0.26923412,112.96,-0.2086162567138672,-0.2086162567138672,-0.3968043327331543,0.060617863286132834
2025-06-17 10:00:00,0.5496403200000001,72.88,-0.8544921875,-0.8544921875,-0.0763697624206543,-0.30485186749999993
2025-06-17 11:00:00,0.6620836400000001,27.01,-2.1875,-2.1875,0.7439427375793457,-1.52541636
2025-06-17 12:00:00,1.02418404,26.01,-4.0,-4.0,2.2439427375793457,-2.9758159600000003
2025-06-17 13:00:00,1.1656732,22.57,-4.0,-4.0,3.7439427375793457,-2.8343268
2025-06-17 14:00:00,1.1788708,25.01,-4.0,-4.0,5.243942737579346,-2.8211291999999997
2025-06-17 15:00:00,2.41691172,26.01,-3.5,-3.5,6.556442737579346,-1.0830882800000001
2025-06-17 16:00:00,1.81172428,27.01,-1.3671875,-1.3671875,7.069138050079346,0.44453677999999996
2025-06-17 17:00:00,1.02930144,75.48,-0.5340576171875,-0.5340576171875,7.269409656524658,0.4952438228125
2025-06-17 18:00:00,0.29379364,94.78,-0.3337860107421875,-0.3337860107421875,7.3945794105529785,-0.03999237074218748
2025-06-17 19:00:00,0.0615147599999999,115.0,-0.130385160446167,-0.130385160446167,7.443473845720291,-0.0688704004461671
2025-06-17 20:00:00,0.0,126.68,0.0,0.0,7.443473845720291,0.0
2025-06-17 21:00:00,0.0,154.76,4.0,1.5,3.443473845720291,1.5
2025-06-17 22:00:00,0.0,152.03,4.0,1.5,-0.5565261542797089,1.5
2025-06-17 23:00:00,0.0,127.91,0.0,0.0,-0.5565261542797089,0.0
2025-06-18 00:00:00,0.0,128.37,0.0,0.0,-0.5565261542797089,0.0
2025-06-18 01:00:00,0.0,123.17,0.0,0.0,-0.5565261542797089,0.0
2025-06-18 02:00:00,0.0,121.86,-0.08149072527885437,-0.08149072527885437,-0.5259671323001385,-0.08149072527885437
2025-06-18 03:00:00,0.0,122.11,0.0,0.0,-0.5259671323001385,0.0
2025-06-18 04:00:00,0.0,123.17,0.0,0.0,-0.5259671323001385,0.0
2025-06-18 05:00:00,0.0,125.97,0.0,0.0,-0.5259671323001385,0.0
2025-06-18 06:00:00,0.0131516,125.07,0.0,0.0,-0.5259671323001385,0.0131516
2025-06-18 07:00:00,0.3567592,128.31,0.0,0.0,-0.5259671323001385,0.3567592
2025-06-18 08:00:00,1.67565536,121.12,-0.130385160446167,-0.130385160446167,-0.47707269713282585,1.545270199553833
2025-06-18 09:00:00,2.3195494,114.68,-0.2086162567138672,-0.2086162567138672,-0.39884160086512566,2.110933143286133
2025-06-18 10:00:00,2.0990525200000003,80.4,-0.8544921875,-0.8544921875,-0.07840703055262566,1.2445603325000003
2025-06-18 11:00:00,1.00597904,61.0,-1.3671875,-1.3671875,0.43428828194737434,-0.36120846000000006
2025-06-18 12:00:00,0.95698604,46.01,-3.5,-3.5,1.7467882819473743,-2.54301396
2025-06-18 13:00:00,3.2226388000000004,41.55,-4.0,-4.0,3.2467882819473743,-0.7773611999999996
2025-06-18 14:00:00,1.8459958,41.11,-4.0,-4.0,4.746788281947374,-2.1540042
2025-06-18 15:00:00,0.44906532,40.01,-4.0,-4.0,6.246788281947374,-3.55093468
2025-06-18 16:00:00,1.88897996,51.77,-2.1875,-2.1875,7.067100781947374,-0.2985200400000001
2025-06-18 17:00:00,1.0695846,82.9,-0.5340576171875,-0.5340576171875,7.267372388392687,0.5355269828125
2025-06-18 18:00:00,0.29335056,114.67,-0.3337860107421875,-0.3337860107421875,7.392542142421007,-0.04043545074218752
2025-06-18 19:00:00,0.0638912,123.17,0.0,0.0,7.392542142421007,0.0638912
2025-06-18 20:00:00,0.0,139.03,0.0,0.0,7.392542142421007,0.0
2025-06-18 21:00:00,0.0,194.56,4.0,1.5,3.392542142421007,1.5
2025-06-18 22:00:00,0.0,166.75,4.0,1.5,-0.6074578575789928,1.5
2025-06-18 23:00:00,0.0,135.01,0.0,0.0,-0.6074578575789928,0.0
2025-06-19 00:00:00,0.0,139.01,0.0,0.0,-0.6074578575789928,0.0
2025-06-19 01:00:00,0.0,131.68,0.0,0.0,-0.6074578575789928,0.0
2025-06-19 02:00:00,0.0,128.61,0.0,0.0,-0.6074578575789928,0.0
2025-06-19 03:00:00,0.0,128.31,0.0,0.0,-0.6074578575789928,0.0
2025-06-19 04:00:00,0.0,128.12,-0.08149072527885437,-0.08149072527885437,-0.5768988355994225,-0.08149072527885437
2025-06-19 05:00:00,0.0,128.96,0.0,0.0,-0.5768988355994225,0.0
2025-06-19 06:00:00,0.1872902,135.01,0.0,0.0,-0.5768988355994225,0.1872902
2025-06-19 07:00:00,0.84516076,139.01,0.0,0.0,-0.5768988355994225,0.84516076
2025-06-19 08:00:00,1.6720728,128.37,0.0,0.0,-0.5768988355994225,1.6720728
2025-06-19 09:00:00,0.91832172,124.19,-0.130385160446167,-0.130385160446167,-0.5280044004321098,0.787936559553833
2025-06-19 10:00:00,0.75499572,114.26,-0.5340576171875,-0.5340576171875,-0.32773279398679733,0.22093810281250004
2025-06-19 11:00:00,0.98707152,80.27,-1.3671875,-1.3671875,0.18496251851320267,-0.38011598
2025-06-19 12:00:00,1.20718392,75.75,-3.5,-3.5,1.4974625185132027,-2.2928160799999997
2025-06-19 13:00:00,1.1363864,70.0,-4.0,-4.0,2.9974625185132027,-2.8636136
2025-06-19 14:00:00,1.30329296,67.86,-4.0,-4.0,4.497462518513203,-2.6967070399999997
2025-06-19 15:00:00,1.64583876,65.0,-4.0,-4.0,5.997462518513203,-2.35416124
2025-06-19 16:00:00,1.30468116,76.0,-2.1875,-2.1875,6.817775018513203,-0.8828188400000001
2025-06-19 17:00:00,1.06296976,95.0,-0.8544921875,-0.8544921875,7.138209588825703,0.2084775725000001
2025-06-19 18:00:00,0.29271476,118.18,-0.3337860107421875,-0.3337860107421875,7.263379342854023,-0.04107125074218748
2025-06-19 19:00:00,0.06770968,123.0,-0.2086162567138672,-0.2086162567138672,7.341610439121723,-0.1409065767138672
2025-06-19 20:00:00,0.0,133.22,0.0,0.0,7.341610439121723,0.0
2025-06-19 21:00:00,0.0,167.55,4.0,1.5,3.341610439121723,1.5
2025-06-19 22:00:00,0.0,164.6,4.0,1.5,-0.6583895608782768,1.5
2025-06-19 23:00:00,0.0,133.02,0.0,0.0,-0.6583895608782768,0.0
2025-06-20 00:00:00,0.0,130.78,0.0,0.0,-0.6583895608782768,0.0
2025-06-20 01:00:00,0.0,127.9,0.0,0.0,-0.6583895608782768,0.0
2025-06-20 02:00:00,0.0,125.25,0.0,0.0,-0.6583895608782768,0.0
2025-06-20 03:00:00,0.0,125.25,0.0,0.0,-0.6583895608782768,0.0
2025-06-20 04:00:00,0.0,124.94,0.0,0.0,-0.6583895608782768,0.0
2025-06-20 05:00:00,0.0,124.33,-0.08149072527885437,-0.08149072527885437,-0.6278305388987064,-0.08149072527885437
2025-06-20 06:00:00,0.1548132,127.97,0.0,0.0,-0.6278305388987064,0.1548132
2025-06-20 07:00:00,0.03278668,128.08,0.0,0.0,-0.6278305388987064,0.03278668
2025-06-20 08:00:00,0.25870348,122.57,-0.130385160446167,-0.130385160446167,-0.5789361037313938,0.128318319553833
2025-06-20 09:00:00,0.29756,113.94,-0.2086162567138672,-0.2086162567138672,-0.5007050074636936,0.0889437432861328
2025-06-20 10:00:00,2.83089236,86.9,-0.8544921875,-0.8544921875,-0.18027043715119362,1.9764001725
2025-06-20 11:00:00,0.52306396,84.35,-1.3671875,-1.3671875,0.3324248753488064,-0.84412354
2025-06-20 12:00:00,0.53104868,77.0,-3.5,-3.5,1.6449248753488064,-2.96895132
2025-06-20 13:00:00,0.3758426,72.0,-4.0,-4.0,3.1449248753488064,-3.6241574
2025-06-20 14:00:00,2.93760416,71.0,-4.0,-4.0,4.644924875348806,-1.0623958400000002
2025-06-20 15:00:00,0.90442252,70.0,-4.0,-4.0,6.144924875348806,-3.09557748
2025-06-20 16:00:00,0.4626095199999999,81.5,-2.1875,-2.1875,6.965237375348806,-1.72489048
2025-06-20 17:00:00,1.07322964,88.0,-0.5340576171875,-0.5340576171875,7.165508981794119,0.5391720228125001
2025-06-20 18:00:00,0.27829948,111.79,-0.3337860107421875,-0.3337860107421875,7.290678735822439,-0.05548653074218751
2025-06-20 19:00:00,0.06263992,128.74,0.0,0.0,7.290678735822439,0.06263992
2025-06-20 20:00:00,0.0,140.0,0.0,0.0,7.290678735822439,0.0
2025-06-20 21:00:00,0.0,163.49,4.0,1.5,3.290678735822439,1.5
2025-06-20 22:00:00,0.0,159.99,4.0,1.5,-0.7093212641775608,1.5
2025-06-20 23:00:00,0.0,132.21,0.0,0.0,-0.7093212641775608,0.0
2025-06-21 00:00:00,0.0,128.89,0.0,0.0,-0.7093212641775608,0.0
2025-06-21 01:00:00,0.0,126.93,0.0,0.0,-0.7093212641775608,0.0
2025-06-21 02:00:00,0.0,125.87,0.0,0.0,-0.7093212641775608,0.0
2025-06-21 03:00:00,0.0,122.86,0.0,0.0,-0.7093212641775608,0.0
2025-06-21 04:00:00,0.0,122.42,0.0,0.0,-0.7093212641775608,0.0
2025-06-21 05:00:00,0.0,121.44,0.0,0.0,-0.7093212641775608,0.0
2025-06-21 06:00:00,0.0131066,122.86,0.0,0.0,-0.7093212641775608,0.0131066
2025-06-21 07:00:00,0.10327688,115.56,0.0,0.0,-0.7093212641775608,0.10327688
2025-06-21 08:00:00,0.4427044,103.6,-0.130385160446167,-0.130385160446167,-0.6604268290102482,0.312319239553833
2025-06-21 09:00:00,0.22993676,40.0,-0.3337860107421875,-0.3337860107421875,-0.5352570749819279,-0.10384925074218751
2025-06-21 10:00:00,0.4494769600000001,2.5,-0.8544921875,-0.8544921875,-0.21482250466942787,-0.4050152274999999
2025-06-21 11:00:00,1.33491924,1.2,-1.3671875,-1.3671875,0.29787280783057213,-0.03226825999999994
2025-06-21 12:00:00,0.8721334000000001,0.0,-4.0,-4.0,1.7978728078305721,-3.1278666
2025-06-21 13:00:00,1.0036182,0.0,-4.0,-4.0,3.297872807830572,-2.9963818
2025-06-21 14:00:00,1.4695796,0.0,-4.0,-4.0,4.797872807830572,-2.5304203999999997
2025-06-21 15:00:00,1.34299508,0.0,-3.5,-3.5,6.110372807830572,-2.1570049200000003
2025-06-21 16:00:00,1.88054548,0.1,-2.1875,-2.1875,6.930685307830572,-0.3069545199999999
2025-06-21 17:00:00,1.074587,4.31,-0.5340576171875,-0.5340576171875,7.130956914275885,0.5405293828125
2025-06-21 18:00:00,0.2807156799999999,74.27,-0.2086162567138672,-0.2086162567138672,7.209188010543585,0.07209942328613272
2025-06-21 19:00:00,0.06239684,109.99,-0.08149072527885437,-0.08149072527885437,7.239747032523155,-0.019093885278854368
2025-06-21 20:00:00,0.0,126.34,0.0,0.0,7.239747032523155,0.0
2025-06-21 21:00:00,0.0,134.93,4.0,1.5,3.239747032523155,1.5
2025-06-21 22:00:00,0.0,138.81,4.0,1.5,-0.7602529674768448,1.5
2025-06-21 23:00:00,0.0,126.07,0.0,0.0,-0.7602529674768448,0.0
2025-06-22 00:00:00,0.0,124.24,0.0,0.0,-0.7602529674768448,0.0
2025-06-22 01:00:00,0.0,121.96,0.0,0.0,-0.7602529674768448,0.0
2025-06-22 02:00:00,0.0,122.94,0.0,0.0,-0.7602529674768448,0.0
2025-06-22 03:00:00,0.0,123.92,0.0,0.0,-0.7602529674768448,0.0
2025-06-22 04:00:00,0.0,122.94,0.0,0.0,-0.7602529674768448,0.0
2025-06-22 05:00:00,0.0,123.58,0.0,0.0,-0.7602529674768448,0.0
2025-06-22 06:00:00,0.15448468,122.94,0.0,0.0,-0.7602529674768448,0.15448468
2025-06-22 07:00:00,0.8709489599999999,119.0,0.0,0.0,-0.7602529674768448,0.8709489599999999
2025-06-22 08:00:00,0.63180872,60.0,-0.130385160446167,-0.130385160446167,-0.7113585323095322,0.501423559553833
2025-06-22 09:00:00,1.33612688,0.65,-0.3337860107421875,-0.3337860107421875,-0.5861887782812119,1.0023408692578124
2025-06-22 10:00:00,2.82745248,-0.05,-1.3671875,-1.3671875,-0.07349346578121185,1.4602649799999998
2025-06-22 11:00:00,3.1238746399999995,-0.05,-0.8544921875,-0.8544921875,0.24694110453128815,2.2693824524999995
2025-06-22 12:00:00,3.2443573599999995,-0.1,-2.1875,-2.1875,1.0672536045312881,1.0568573599999995
2025-06-22 13:00:00,3.18729168,-1.01,-4.0,-4.0,2.567253604531288,-0.81270832
2025-06-22 14:00:00,2.9231874400000004,-0.62,-3.5,-3.5,3.879753604531288,-0.5768125599999996
2025-06-22 15:00:00,2.49083976,-1.21,-4.0,-4.0,5.379753604531288,-1.50916024
2025-06-22 16:00:00,1.87830648,-1.1,-4.0,-4.0,6.879753604531288,-2.12169352
2025-06-22 17:00:00,1.06869372,0.0,-0.5340576171875,-0.5340576171875,7.080025210976601,0.5346361028125
2025-06-22 18:00:00,0.2838874,5.0,-0.2086162567138672,-0.2086162567138672,7.158256307244301,0.07527114328613282
2025-06-22 19:00:00,0.06191792,71.14,-0.08149072527885437,-0.08149072527885437,7.188815329223871,-0.01957280527885437
2025-06-22 20:00:00,0.0,114.12,0.0,0.0,7.188815329223871,0.0
2025-06-22 21:00:00,0.0,128.76,0.0,0.0,7.188815329223871,0.0
2025-06-22 22:00:00,0.0,130.78,4.0,1.5,3.1888153292238712,1.5
2025-06-22 23:00:00,0.0,128.76,4.0,1.5,-0.8111846707761288,1.5
2025-06-23 00:00:00,0.0,127.73,0.0,0.0,-0.8111846707761288,0.0
2025-06-23 01:00:00,0.0,123.58,0.0,0.0,-0.8111846707761288,0.0
2025-06-23 02:00:00,0.0,117.78,0.0,0.0,-0.8111846707761288,0.0
2025-06-23 03:00:00,0.0,115.2,0.0,0.0,-0.8111846707761288,0.0
2025-06-23 04:00:00,0.0,114.72,-0.130385160446167,-0.130385160446167,-0.7622902356088161,-0.130385160446167
2025-06-23 05:00:00,0.0,114.96,-0.08149072527885437,-0.08149072527885437,-0.7317312136292458,-0.08149072527885437
2025-06-23 06:00:00,0.15001688,121.85,0.0,0.0,-0.7317312136292458,0.15001688
2025-06-23 07:00:00,0.8626439200000001,127.0,0.0,0.0,-0.7317312136292458,0.8626439200000001
2025-06-23 08:00:00,1.69036,117.05,0.0,0.0,-0.7317312136292458,1.69036
2025-06-23 09:00:00,2.28823536,98.86,-0.3337860107421875,-0.3337860107421875,-0.6065614596009254,1.9544493492578123
2025-06-23 10:00:00,2.7097665600000003,91.75,-0.5340576171875,-0.5340576171875,-0.40628985315561295,2.1757089428125003
2025-06-23 11:00:00,2.94872412,75.48,-1.3671875,-1.3671875,0.10640545934438705,1.58153662
2025-06-23 12:00:00,3.0797000800000003,71.27,-3.5,-3.5,1.418905459344387,-0.4202999199999997
2025-06-23 13:00:00,3.04754056,70.75,-4.0,-4.0,2.918905459344387,-0.9524594400000002
2025-06-23 14:00:00,2.8355148,57.42,-4.0,-4.0,4.418905459344387,-1.1644852
2025-06-23 15:00:00,2.42491664,70.75,-4.0,-4.0,5.918905459344387,-1.5750833599999998
2025-06-23 16:00:00,1.84983704,71.4,-2.1875,-2.1875,6.739217959344387,-0.33766296000000007
2025-06-23 17:00:00,1.05650092,90.0,-0.8544921875,-0.8544921875,7.059652529656887,0.20200873249999995
2025-06-23 18:00:00,0.2764633199999999,108.0,-0.2086162567138672,-0.2086162567138672,7.137883625924587,0.06784706328613271
2025-06-23 19:00:00,0.062006,124.72,0.0,0.0,7.137883625924587,0.062006
2025-06-23 20:00:00,0.0,136.43,0.0,0.0,7.137883625924587,0.0
2025-06-23 21:00:00,0.0,195.77,4.0,1.5,3.1378836259245872,1.5
2025-06-23 22:00:00,0.0,175.14,4.0,1.5,-0.8621163740754128,1.5
2025-06-23 23:00:00,0.0,135.82,0.0,0.0,-0.8621163740754128,0.0
2025-06-24 00:00:00,0.0,129.82,0.0,0.0,-0.8621163740754128,0.0
2025-06-24 01:00:00,0.0,126.84,0.0,0.0,-0.8621163740754128,0.0
2025-06-24 02:00:00,0.0,123.94,-0.08149072527885437,-0.08149072527885437,-0.8315573520958424,-0.08149072527885437
2025-06-24 03:00:00,0.0,124.92,0.0,0.0,-0.8315573520958424,0.0
2025-06-24 04:00:00,0.0,124.92,0.0,0.0,-0.8315573520958424,0.0
2025-06-24 05:00:00,0.0,125.21,0.0,0.0,-0.8315573520958424,0.0
2025-06-24 06:00:00,0.14324096,126.1,0.0,0.0,-0.8315573520958424,0.14324096
2025-06-24 07:00:00,0.8445936,126.73,0.0,0.0,-0.8315573520958424,0.8445936
2025-06-24 08:00:00,1.67408816,126.9,0.0,0.0,-0.8315573520958424,1.67408816
2025-06-24 09:00:00,2.30517524,119.04,-0.130385160446167,-0.130385160446167,-0.7826629169285297,2.174790079553833
2025-06-24 10:00:00,2.77233456,100.47,-0.3337860107421875,-0.3337860107421875,-0.6574931629002094,2.4385485492578125
2025-06-24 11:00:00,3.05124344,77.69,-0.5340576171875,-0.5340576171875,-0.4572215564548969,2.5171858228125
2025-06-24 12:00:00,3.14341344,76.75,-0.8544921875,-0.8544921875,-0.13678698614239693,2.2889212525
2025-06-24 13:00:00,3.05264852,37.28,-2.1875,-2.1875,0.6835255138576031,0.86514852
2025-06-24 14:00:00,2.79562376,16.23,-4.0,-4.0,2.183525513857603,-1.2043762400000002
2025-06-24 15:00:00,2.37569184,7.5,-4.0,-4.0,3.683525513857603,-1.62430816
2025-06-24 16:00:00,1.8109208,7.5,-4.0,-4.0,5.183525513857603,-2.1890792
2025-06-24 17:00:00,1.04279484,20.06,-3.5,-3.5,6.496025513857603,-2.45720516
2025-06-24 18:00:00,0.2736458,71.95,-1.3671875,-1.3671875,7.008720826357603,-1.0935417
2025-06-24 19:00:00,0.05983136,104.61,-0.2086162567138672,-0.2086162567138672,7.086951922625303,-0.1487848967138672
2025-06-24 20:00:00,0.0,125.4,0.0,0.0,7.086951922625303,0.0
2025-06-24 21:00:00,0.0,146.03,4.0,1.5,3.0869519226253033,1.5
2025-06-24 22:00:00,0.0,154.52,4.0,1.5,-0.9130480773746967,1.5
2025-06-24 23:00:00,0.0,131.81,0.0,0.0,-0.9130480773746967,0.0
2025-06-25 00:00:00,0.0,129.8,0.0,0.0,-0.9130480773746967,0.0
2025-06-25 01:00:00,0.0,118.37,0.0,0.0,-0.9130480773746967,0.0
2025-06-25 02:00:00,0.0,116.76,0.0,0.0,-0.9130480773746967,0.0
2025-06-25 03:00:00,0.0,116.46,0.0,0.0,-0.9130480773746967,0.0
2025-06-25 04:00:00,0.0,116.46,0.0,0.0,-0.9130480773746967,0.0
2025-06-25 05:00:00,0.0,117.14,0.0,0.0,-0.9130480773746967,0.0
2025-06-25 06:00:00,0.1468168399999999,119.44,0.0,0.0,-0.9130480773746967,0.1468168399999999
2025-06-25 07:00:00,0.83893264,125.21,0.0,0.0,-0.9130480773746967,0.83893264
2025-06-25 08:00:00,1.6737048800000005,114.8,-0.08149072527885437,-0.08149072527885437,-0.8824890553951263,1.5922141547211461
2025-06-25 09:00:00,2.30961184,85.23,-0.2086162567138672,-0.2086162567138672,-0.8042579591274261,2.100995583286133
2025-06-25 10:00:00,2.7839094400000004,42.63,-0.3337860107421875,-0.3337860107421875,-0.6790882050991058,2.450123429257813
2025-06-25 11:00:00,3.07417832,27.98,-0.8544921875,-0.8544921875,-0.35865363478660583,2.2196861325
2025-06-25 12:00:00,3.17444744,15.0,-1.3671875,-1.3671875,0.15404167771339417,1.8072599399999998
2025-06-25 13:00:00,3.08876212,5.79,-2.1875,-2.1875,0.9743541777133942,0.9012621200000002
2025-06-25 14:00:00,2.83147172,3.52,-4.0,-4.0,2.474354177713394,-1.1685282799999999
2025-06-25 15:00:00,2.41044872,2.44,-4.0,-4.0,3.974354177713394,-1.5895512799999998
2025-06-25 16:00:00,1.83056104,3.52,-4.0,-4.0,5.474354177713394,-2.16943896
2025-06-25 17:00:00,1.05146552,4.9,-3.5,-3.5,6.786854177713394,-2.44853448
2025-06-25 18:00:00,0.2799552,35.0,-0.5340576171875,-0.5340576171875,6.987125784158707,-0.2541024171875
2025-06-25 19:00:00,0.0627284,96.0,-0.130385160446167,-0.130385160446167,7.036020219326019,-0.06765676044616699
2025-06-25 20:00:00,0.0,119.26,0.0,0.0,7.036020219326019,0.0
2025-06-25 21:00:00,0.0,150.0,4.0,1.5,3.0360202193260193,1.5
2025-06-25 22:00:00,0.0,154.52,4.0,1.5,-0.9639797806739807,1.5
2025-06-25 23:00:00,0.0,125.21,0.0,0.0,-0.9639797806739807,0.0
2025-06-26 00:00:00,0.0,119.95,0.0,0.0,-0.9639797806739807,0.0
2025-06-26 01:00:00,0.0,116.43,0.0,0.0,-0.9639797806739807,0.0
2025-06-26 02:00:00,0.0,112.0,0.0,0.0,-0.9639797806739807,0.0
2025-06-26 03:00:00,0.0,110.0,0.0,0.0,-0.9639797806739807,0.0
2025-06-26 04:00:00,0.0,109.57,-0.08149072527885437,-0.08149072527885437,-0.9334207586944103,-0.08149072527885437
2025-06-26 05:00:00,0.0,110.55,0.0,0.0,-0.9334207586944103,0.0
2025-06-26 06:00:00,0.1468894399999999,116.43,0.0,0.0,-0.9334207586944103,0.1468894399999999
2025-06-26 07:00:00,0.81910968,117.05,0.0,0.0,-0.9334207586944103,0.81910968
2025-06-26 08:00:00,1.61483036,111.53,0.0,0.0,-0.9334207586944103,1.61483036
2025-06-26 09:00:00,2.2229455600000003,85.0,-0.2086162567138672,-0.2086162567138672,-0.8551896624267101,2.014329303286133
2025-06-26 10:00:00,2.67978684,50.24,-2.1875,-2.1875,-0.03487716242671013,0.4922868399999998
2025-06-26 11:00:00,2.9787723200000005,63.0,-0.5340576171875,-0.5340576171875,0.16539444401860237,2.4447147028125005
2025-06-26 12:00:00,3.1161877600000003,62.59,-0.8544921875,-0.8544921875,0.48582901433110237,2.2616955725000003
2025-06-26 13:00:00,3.06484832,45.64,-3.5,-3.5,1.7983290143311024,-0.43515168000000015
2025-06-26 14:00:00,2.83350668,37.39,-4.0,-4.0,3.2983290143311024,-1.1664933199999998
2025-06-26 15:00:00,2.41995248,36.2,-4.0,-4.0,4.798329014331102,-1.58004752
2025-06-26 16:00:00,1.84341592,37.39,-4.0,-4.0,6.298329014331102,-2.15658408
2025-06-26 17:00:00,1.06493696,59.13,-1.3671875,-1.3671875,6.811024326831102,-0.30225053999999996
2025-06-26 18:00:00,0.28052624,80.09,-0.3337860107421875,-0.3337860107421875,6.936194080859423,-0.05325977074218752
2025-06-26 19:00:00,0.06102048,97.81,-0.130385160446167,-0.130385160446167,6.985088516026735,-0.06936468044616699
2025-06-26 20:00:00,0.0,118.33,0.0,0.0,6.985088516026735,0.0
2025-06-26 21:00:00,0.0,159.62,4.0,1.5,2.9850885160267353,1.5
2025-06-26 22:00:00,0.0,157.0,4.0,1.5,-1.0149114839732647,1.5
2025-06-26 23:00:00,0.0,119.77,0.0,0.0,-1.0149114839732647,0.0
2025-06-27 00:00:00,0.0,115.98,0.0,0.0,-1.0149114839732647,0.0
2025-06-27 01:00:00,0.0,111.91,0.0,0.0,-1.0149114839732647,0.0
2025-06-27 02:00:00,0.0,111.38,0.0,0.0,-1.0149114839732647,0.0
2025-06-27 03:00:00,0.0,111.57,0.0,0.0,-1.0149114839732647,0.0
2025-06-27 04:00:00,0.0,111.01,-0.08149072527885437,-0.08149072527885437,-0.9843524619936943,-0.08149072527885437
2025-06-27 05:00:00,0.0,111.91,0.0,0.0,-0.9843524619936943,0.0
2025-06-27 06:00:00,0.15052088,113.21,0.0,0.0,-0.9843524619936943,0.15052088
2025-06-27 07:00:00,0.8564944800000001,115.11,0.0,0.0,-0.9843524619936943,0.8564944800000001
2025-06-27 08:00:00,1.7092507600000002,111.25,0.0,0.0,-0.9843524619936943,1.7092507600000002
2025-06-27 09:00:00,2.34848308,92.91,-0.2086162567138672,-0.2086162567138672,-0.9061213657259941,2.1398668232861326
2025-06-27 10:00:00,2.8252772800000003,78.73,-0.5340576171875,-0.5340576171875,-0.7058497592806816,2.2912196628125003
2025-06-27 11:00:00,3.11650944,67.45,-1.3671875,-1.3671875,-0.1931544467806816,1.7493219400000002
2025-06-27 12:00:00,3.24129608,54.6,-2.1875,-2.1875,0.6271580532193184,1.0537960800000001
2025-06-27 13:00:00,3.18680776,36.95,-4.0,-4.0,2.1271580532193184,-0.8131922399999998
2025-06-27 14:00:00,2.9440290000000005,36.95,-4.0,-4.0,3.6271580532193184,-1.0559709999999995
2025-06-27 15:00:00,2.50469856,35.0,-4.0,-4.0,5.127158053219318,-1.49530144
2025-06-27 16:00:00,1.89945228,37.2,-3.5,-3.5,6.439658053219318,-1.60054772
2025-06-27 17:00:00,1.08471464,71.87,-0.8544921875,-0.8544921875,6.760092623531818,0.23022245250000006
2025-06-27 18:00:00,0.28319116,88.27,-0.3337860107421875,-0.3337860107421875,6.885262377560139,-0.0505948507421875
2025-06-27 19:00:00,0.05679232,109.29,-0.130385160446167,-0.130385160446167,6.934156812727451,-0.07359284044616698
2025-06-27 20:00:00,0.0,116.83,0.0,0.0,6.934156812727451,0.0
2025-06-27 21:00:00,0.0,141.05,4.0,1.5,2.9341568127274513,1.5
2025-06-27 22:00:00,0.0,138.56,4.0,1.5,-1.0658431872725487,1.5
2025-06-27 23:00:00,0.0,115.31,0.0,0.0,-1.0658431872725487,0.0
2025-06-28 00:00:00,0.0,112.96,0.0,0.0,-1.0658431872725487,0.0
2025-06-28 01:00:00,0.0,112.92,0.0,0.0,-1.0658431872725487,0.0
2025-06-28 02:00:00,0.0,108.5,0.0,0.0,-1.0658431872725487,0.0
2025-06-28 03:00:00,0.0,108.25,0.0,0.0,-1.0658431872725487,0.0
2025-06-28 04:00:00,0.0,107.04,0.0,0.0,-1.0658431872725487,0.0
2025-06-28 05:00:00,0.0,108.0,0.0,0.0,-1.0658431872725487,0.0
2025-06-28 06:00:00,0.14553404,108.0,0.0,0.0,-1.0658431872725487,0.14553404
2025-06-28 07:00:00,0.87060804,108.0,0.0,0.0,-1.0658431872725487,0.87060804
2025-06-28 08:00:00,1.7582298,91.0,-0.130385160446167,-0.130385160446167,-1.016948752105236,1.627844639553833
2025-06-28 09:00:00,2.42331188,22.22,-0.3337860107421875,-0.3337860107421875,-0.8917789980769157,2.0895258692578125
2025-06-28 10:00:00,2.92157632,6.0,-0.8544921875,-0.8544921875,-0.5713444277644157,2.0670841325
2025-06-28 11:00:00,3.2234185600000007,4.31,-2.1875,-2.1875,0.24896807223558426,1.0359185600000007
2025-06-28 12:00:00,3.33888244,4.31,-1.3671875,-1.3671875,0.7616633847355843,1.97169494
2025-06-28 13:00:00,3.2677938400000004,2.2,-3.5,-3.5,2.0741633847355843,-0.2322061599999996
2025-06-28 14:00:00,3.0050406,2.0,-4.0,-4.0,3.5741633847355843,-0.9949593999999999
2025-06-28 15:00:00,2.5351242000000003,1.88,-4.0,-4.0,5.074163384735584,-1.4648757999999997
2025-06-28 16:00:00,1.9217954,2.12,-4.0,-4.0,6.574163384735584,-2.0782046000000003
2025-06-28 17:00:00,1.10400652,10.26,-0.5340576171875,-0.5340576171875,6.774434991180897,0.5699489028125
2025-06-28 18:00:00,0.2906064,46.0,-0.2086162567138672,-0.2086162567138672,6.852666087448597,0.0819901432861328
2025-06-28 19:00:00,0.06436928,96.26,-0.08149072527885437,-0.08149072527885437,6.883225109428167,-0.01712144527885437
2025-06-28 20:00:00,0.0,111.38,0.0,0.0,6.883225109428167,0.0
2025-06-28 21:00:00,0.0,131.33,4.0,1.5,2.8832251094281673,1.5
2025-06-28 22:00:00,0.0,132.65,4.0,1.5,-1.1167748905718327,1.5
2025-06-28 23:00:00,0.0,115.0,0.0,0.0,-1.1167748905718327,0.0
2025-06-29 00:00:00,0.0,111.38,0.0,0.0,-1.1167748905718327,0.0
2025-06-29 01:00:00,0.0,108.02,0.0,0.0,-1.1167748905718327,0.0
2025-06-29 02:00:00,0.0,107.0,0.0,0.0,-1.1167748905718327,0.0
2025-06-29 03:00:00,0.0,106.06,0.0,0.0,-1.1167748905718327,0.0
2025-06-29 04:00:00,0.0,107.0,0.0,0.0,-1.1167748905718327,0.0
2025-06-29 05:00:00,0.0,108.02,0.0,0.0,-1.1167748905718327,0.0
2025-06-29 06:00:00,0.14258888,109.98,0.0,0.0,-1.1167748905718327,0.14258888
2025-06-29 07:00:00,0.86795768,107.04,0.0,0.0,-1.1167748905718327,0.86795768
2025-06-29 08:00:00,1.73179956,81.0,-0.130385160446167,-0.130385160446167,-1.06788045540452,1.601414399553833
2025-06-29 09:00:00,2.37357044,20.0,-0.5340576171875,-0.5340576171875,-0.8676088489592075,1.8395128228125
2025-06-29 10:00:00,2.82763964,3.5,-4.0,-4.0,0.6323911510407925,-1.1723603599999999
2025-06-29 11:00:00,3.0993088,0.85,-4.0,-4.0,2.1323911510407925,-0.9006911999999998
2025-06-29 12:00:00,3.2071220799999995,0.85,-4.0,-4.0,3.6323911510407925,-0.7928779200000005
2025-06-29 13:00:00,3.15606404,3.5,-3.5,-3.5,4.9448911510407925,-0.34393596000000004
2025-06-29 14:00:00,2.93163968,4.31,-2.1875,-2.1875,5.7652036510407925,0.74413968
2025-06-29 15:00:00,2.50803544,4.31,-1.3671875,-1.3671875,6.2778989635407925,1.14084794
2025-06-29 16:00:00,1.90503,5.0,-0.8544921875,-0.8544921875,6.5983335338532925,1.0505378125
2025-06-29 17:00:00,1.0986044,20.0,-0.3337860107421875,-0.3337860107421875,6.723503287881613,0.7648183892578124
2025-06-29 18:00:00,0.2939364,66.27,-0.2086162567138672,-0.2086162567138672,6.801734384149313,0.0853201432861328
2025-06-29 19:00:00,0.06187856,102.14,-0.08149072527885437,-0.08149072527885437,6.832293406128883,-0.01961216527885437
2025-06-29 20:00:00,0.0,111.98,0.0,0.0,6.832293406128883,0.0
2025-06-29 21:00:00,0.0,129.45,0.0,0.0,6.832293406128883,0.0
2025-06-29 22:00:00,0.0,154.52,4.0,1.5,2.8322934061288834,1.5
2025-06-29 23:00:00,0.0,133.61,4.0,1.5,-1.1677065938711166,1.5
2025-06-30 00:00:00,0.0,125.5,0.0,0.0,-1.1677065938711166,0.0
2025-06-30 01:00:00,0.0,116.18,0.0,0.0,-1.1677065938711166,0.0
2025-06-30 02:00:00,0.0,113.18,0.0,0.0,-1.1677065938711166,0.0
2025-06-30 03:00:00,0.0,111.74,-0.08149072527885437,-0.08149072527885437,-1.1371475718915462,-0.08149072527885437
2025-06-30 04:00:00,0.0,114.89,0.0,0.0,-1.1371475718915462,0.0
2025-06-30 05:00:00,0.0,115.0,0.0,0.0,-1.1371475718915462,0.0
2025-06-30 06:00:00,0.13936568,115.0,0.0,0.0,-1.1371475718915462,0.13936568
2025-06-30 07:00:00,0.86408336,121.0,0.0,0.0,-1.1371475718915462,0.86408336
2025-06-30 08:00:00,1.72075528,115.0,0.0,0.0,-1.1371475718915462,1.72075528
2025-06-30 09:00:00,2.33537828,109.63,-0.3337860107421875,-0.3337860107421875,-1.011977817863226,2.0015922692578125
2025-06-30 10:00:00,2.7515809200000003,85.0,-2.1875,-2.1875,-0.19166531786322594,0.5640809200000003
2025-06-30 11:00:00,3.0365516400000003,78.27,-4.0,-4.0,1.308334682136774,-0.9634483599999997
2025-06-30 12:00:00,3.18493304,77.75,-4.0,-4.0,2.808334682136774,-0.8150669599999998
2025-06-30 13:00:00,3.14575284,78.01,-4.0,-4.0,4.308334682136774,-0.8542471599999999
2025-06-30 14:00:00,2.91259244,78.4,-3.5,-3.5,5.620834682136774,-0.5874075599999999
2025-06-30 15:00:00,2.47679388,88.18,-1.3671875,-1.3671875,6.133529994636774,1.1096063799999998
2025-06-30 16:00:00,1.89153968,99.32,-0.8544921875,-0.8544921875,6.453964564949274,1.0370474925
2025-06-30 17:00:00,1.09524732,104.1,-0.5340576171875,-0.5340576171875,6.654236171394587,0.5611897028124999
2025-06-30 18:00:00,0.29012024,110.1,-0.2086162567138672,-0.2086162567138672,6.732467267662287,0.08150398328613279
2025-06-30 19:00:00,0.05882444,111.38,-0.130385160446167,-0.130385160446167,6.781361702829599,-0.07156072044616699
2025-06-30 20:00:00,0.0,135.0,0.0,0.0,6.781361702829599,0.0
2025-06-30 21:00:00,0.0,175.01,4.0,1.5,2.7813617028295994,1.5
2025-06-30 22:00:00,0.0,157.0,4.0,1.5,-1.2186382971704006,1.5
2025-06-30 23:00:00,0.0,127.86,0.0,0.0,-1.2186382971704006,0.0
2025-07-01 00:00:00,0.0,129.98,0.0,0.0,-1.2186382971704006,0.0
2025-07-01 01:00:00,0.0,118.32,0.0,0.0,-1.2186382971704006,0.0
2025-07-01 02:00:00,0.0,116.7,0.0,0.0,-1.2186382971704006,0.0
2025-07-01 03:00:00,0.0,115.98,0.0,0.0,-1.2186382971704006,0.0
2025-07-01 04:00:00,0.0,114.8,-0.08149072527885437,-0.08149072527885437,-1.1880792751908302,-0.08149072527885437
2025-07-01 05:00:00,0.0,115.98,0.0,0.0,-1.1880792751908302,0.0
2025-07-01 06:00:00,0.13739948,116.22,0.0,0.0,-1.1880792751908302,0.13739948
2025-07-01 07:00:00,0.864731,121.4,0.0,0.0,-1.1880792751908302,0.864731
2025-07-01 08:00:00,1.75032724,114.74,-0.130385160446167,-0.130385160446167,-1.1391848400235176,1.619942079553833
2025-07-01 09:00:00,2.42108868,105.0,-0.3337860107421875,-0.3337860107421875,-1.0140150859951973,2.0873026692578125
2025-07-01 10:00:00,2.9116658,96.91,-0.8544921875,-0.8544921875,-0.6935805156826973,2.0571736125
2025-07-01 11:00:00,3.2109020000000004,80.7,-2.1875,-2.1875,0.1267319843173027,1.0234020000000004
2025-07-01 12:00:00,3.30004996,80.0,-4.0,-4.0,1.6267319843173027,-0.69995004
2025-07-01 13:00:00,3.20073296,80.0,-4.0,-4.0,3.1267319843173027,-0.7992670400000002
2025-07-01 14:00:00,2.91643708,80.19,-4.0,-4.0,4.626731984317303,-1.0835629199999999
2025-07-01 15:00:00,2.46642944,80.4,-3.5,-3.5,5.939231984317303,-1.0335705599999998
2025-07-01 16:00:00,1.87393056,92.0,-1.3671875,-1.3671875,6.451927296817303,0.50674306
2025-07-01 17:00:00,1.0844980000000002,102.65,-0.5340576171875,-0.5340576171875,6.652198903262615,0.5504403828125002
2025-07-01 18:00:00,0.290619,109.91,-0.2086162567138672,-0.2086162567138672,6.730429999530315,0.08200274328613283
2025-07-01 19:00:00,0.05809748,115.5,0.0,0.0,6.730429999530315,0.05809748
2025-07-01 20:00:00,0.0,125.0,0.0,0.0,6.730429999530315,0.0
2025-07-01 21:00:00,0.0,167.0,4.0,1.5,2.7304299995303154,1.5
2025-07-01 22:00:00,0.0,159.66,4.0,1.5,-1.2695700004696846,1.5
2025-07-01 23:00:00,0.0,129.78,0.0,0.0,-1.2695700004696846,0.0
2025-07-02 00:00:00,0.0,130.14,4.0,1.5,-5.269570000469685,1.5
2025-07-02 01:00:00,0.0,120.0,0.0,0.0,-5.269570000469685,0.0
2025-07-02 02:00:00,0.0,112.13,0.0,0.0,-5.269570000469685,0.0
2025-07-02 03:00:00,0.0,111.63,0.0,0.0,-5.269570000469685,0.0
2025-07-02 04:00:00,0.0,112.13,0.0,0.0,-5.269570000469685,0.0
2025-07-02 05:00:00,0.0,112.92,0.0,0.0,-5.269570000469685,0.0
2025-07-02 06:00:00,0.1304824799999999,111.0,0.0,0.0,-5.269570000469685,0.1304824799999999
2025-07-02 07:00:00,0.84117628,113.55,0.0,0.0,-5.269570000469685,0.84117628
2025-07-02 08:00:00,1.70139312,110.45,0.0,0.0,-5.269570000469685,1.70139312
2025-07-02 09:00:00,2.36131884,104.1,-0.2086162567138672,-0.2086162567138672,-5.191338904201984,2.152702583286133
2025-07-02 10:00:00,2.84035592,81.79,-0.5340576171875,-0.5340576171875,-4.991067297756672,2.3062983028125
2025-07-02 11:00:00,3.1437402000000003,76.39,-2.1875,-2.1875,-4.170754797756672,0.9562402000000003
2025-07-02 12:00:00,3.24814568,70.64,-4.0,-4.0,-2.670754797756672,-0.7518543200000001
2025-07-02 13:00:00,3.1614562800000003,70.64,-4.0,-4.0,-1.170754797756672,-0.8385437199999997
2025-07-02 14:00:00,2.8949806800000006,70.64,-4.0,-4.0,0.3292452022433281,-1.1050193199999994
2025-07-02 15:00:00,2.4590012,71.57,-3.5,-3.5,1.641745202243328,-1.0409988000000001
2025-07-02 16:00:00,1.869769,79.73,-1.3671875,-1.3671875,2.154440514743328,0.5025815
2025-07-02 17:00:00,1.08078244,80.0,-0.8544921875,-0.8544921875,2.474875085055828,0.2262902524999999
2025-07-02 18:00:00,0.28696404,87.68,-0.3337860107421875,-0.3337860107421875,2.6000448390841484,-0.046821970742187524
2025-07-02 19:00:00,0.05766808,107.04,-0.130385160446167,-0.130385160446167,2.648939274251461,-0.072717080446167
2025-07-02 20:00:00,0.0,112.92,0.0,0.0,2.648939274251461,0.0
2025-07-02 21:00:00,0.0,126.16,4.0,1.5,-1.351060725748539,1.5
2025-07-02 22:00:00,0.0,125.1,0.0,0.0,-1.351060725748539,0.0
2025-07-02 23:00:00,0.0,110.25,-0.08149072527885437,-0.08149072527885437,-1.3205017037689686,-0.08149072527885437
2025-07-03 00:00:00,0.0,111.96,0.0,0.0,-1.3205017037689686,0.0
2025-07-03 01:00:00,0.0,110.0,0.0,0.0,-1.3205017037689686,0.0
2025-07-03 02:00:00,0.0,109.12,0.0,0.0,-1.3205017037689686,0.0
2025-07-03 03:00:00,0.0,101.9,0.0,0.0,-1.3205017037689686,0.0
2025-07-03 04:00:00,0.0,91.21,-0.2086162567138672,-0.2086162567138672,-1.2422706075012684,-0.2086162567138672
2025-07-03 05:00:00,0.0,100.18,-0.08149072527885437,-0.08149072527885437,-1.211711585521698,-0.08149072527885437
2025-07-03 06:00:00,0.12809436,109.81,0.0,0.0,-1.211711585521698,0.12809436
2025-07-03 07:00:00,0.8321411999999999,111.51,0.0,0.0,-1.211711585521698,0.8321411999999999
2025-07-03 08:00:00,1.69300708,104.9,0.0,0.0,-1.211711585521698,1.69300708
2025-07-03 09:00:00,2.3539482,70.58,-0.5340576171875,-0.5340576171875,-1.0114399790763855,1.8198905828125
2025-07-03 10:00:00,2.84796392,67.42,-0.8544921875,-0.8544921875,-0.6910054087638855,1.9934717325000002
2025-07-03 11:00:00,3.15292132,55.58,-3.5,-3.5,0.6214945912361145,-0.3470786800000001
2025-07-03 12:00:00,3.2737540000000003,42.16,-4.0,-4.0,2.1214945912361145,-0.7262459999999997
2025-07-03 13:00:00,3.19709252,37.2,-4.0,-4.0,3.6214945912361145,-0.80290748
2025-07-03 14:00:00,2.9339540000000004,39.63,-4.0,-4.0,5.1214945912361145,-1.0660459999999996
2025-07-03 15:00:00,2.46514716,56.67,-2.1875,-2.1875,5.9418070912361145,0.2776471599999999
2025-07-03 16:00:00,1.86974028,64.71,-1.3671875,-1.3671875,6.4545024037361145,0.50255278
2025-07-03 17:00:00,1.07936292,81.0,-0.3337860107421875,-0.3337860107421875,6.579672157764435,0.7455769092578124
2025-07-03 18:00:00,0.30631688,96.34,-0.130385160446167,-0.130385160446167,6.628566592931747,0.17593171955383302
2025-07-03 19:00:00,0.06357984,109.0,0.0,0.0,6.628566592931747,0.06357984
2025-07-03 20:00:00,0.0,118.8,0.0,0.0,6.628566592931747,0.0
2025-07-03 21:00:00,0.0,142.59,4.0,1.5,2.6285665929317474,1.5
2025-07-03 22:00:00,0.0,140.34,4.0,1.5,-1.3714334070682526,1.5
2025-07-03 23:00:00,0.0,119.35,0.0,0.0,-1.3714334070682526,0.0
2025-07-04 00:00:00,0.0,110.62,0.0,0.0,-1.3714334070682526,0.0
2025-07-04 01:00:00,0.0,107.9,0.0,0.0,-1.3714334070682526,0.0
2025-07-04 02:00:00,0.0,107.26,0.0,0.0,-1.3714334070682526,0.0
2025-07-04 03:00:00,0.0,106.76,-0.130385160446167,-0.130385160446167,-1.32253897190094,-0.130385160446167
2025-07-04 04:00:00,0.0,107.02,-0.08149072527885437,-0.08149072527885437,-1.2919799499213696,-0.08149072527885437
2025-07-04 05:00:00,0.0,107.83,0.0,0.0,-1.2919799499213696,0.0
2025-07-04 06:00:00,0.14190344,111.04,0.0,0.0,-1.2919799499213696,0.14190344
2025-07-04 07:00:00,0.79679064,113.37,0.0,0.0,-1.2919799499213696,0.79679064
2025-07-04 08:00:00,1.6395952,110.0,0.0,0.0,-1.2919799499213696,1.6395952
2025-07-04 09:00:00,2.2886562400000003,91.15,-0.2086162567138672,-0.2086162567138672,-1.2137488536536694,2.080039983286133
2025-07-04 10:00:00,2.78273616,76.14,-1.3671875,-1.3671875,-0.7010535411536694,1.4155486599999998
2025-07-04 11:00:00,3.085406,72.0,-4.0,-4.0,0.7989464588463306,-0.9145940000000001
2025-07-04 12:00:00,3.2079658,75.0,-4.0,-4.0,2.2989464588463306,-0.7920341999999998
2025-07-04 13:00:00,3.13518968,75.58,-4.0,-4.0,3.7989464588463306,-0.8648103200000001
2025-07-04 14:00:00,2.87003344,75.88,-3.5,-3.5,5.111446458846331,-0.6299665600000002
2025-07-04 15:00:00,2.4335086,75.88,-2.1875,-2.1875,5.931758958846331,0.24600860000000013
2025-07-04 16:00:00,1.84687016,76.14,-0.8544921875,-0.8544921875,6.252193529158831,0.9923779724999999
2025-07-04 17:00:00,1.07238312,78.98,-0.5340576171875,-0.5340576171875,6.452465135604143,0.5383255028125
2025-07-04 18:00:00,0.31605252,90.19,-0.3337860107421875,-0.3337860107421875,6.5776348896324635,-0.017733490742187497
2025-07-04 19:00:00,0.0655105199999999,108.5,0.0,0.0,6.5776348896324635,0.0655105199999999
2025-07-04 20:00:00,0.0,113.85,0.0,0.0,6.5776348896324635,0.0
2025-07-04 21:00:00,0.0,139.26,4.0,1.5,2.5776348896324635,1.5
2025-07-04 22:00:00,0.0,138.03,4.0,1.5,-1.4223651103675365,1.5
2025-07-04 23:00:00,0.0,122.72,0.0,0.0,-1.4223651103675365,0.0
2025-07-05 00:00:00,0.0,131.56,4.0,1.5,-5.4223651103675365,1.5
2025-07-05 01:00:00,0.0,118.8,0.0,0.0,-5.4223651103675365,0.0
2025-07-05 02:00:00,0.0,110.0,0.0,0.0,-5.4223651103675365,0.0
2025-07-05 03:00:00,0.0,107.02,0.0,0.0,-5.4223651103675365,0.0
2025-07-05 04:00:00,0.0,107.0,0.0,0.0,-5.4223651103675365,0.0
2025-07-05 05:00:00,0.0,106.69,0.0,0.0,-5.4223651103675365,0.0
2025-07-05 06:00:00,0.15259124,109.42,0.0,0.0,-5.4223651103675365,0.15259124
2025-07-05 07:00:00,0.7823406800000001,110.62,0.0,0.0,-5.4223651103675365,0.7823406800000001
2025-07-05 08:00:00,1.57705644,100.0,-0.130385160446167,-0.130385160446167,-5.373470675200224,1.446671279553833
2025-07-05 09:00:00,2.17262156,36.8,-0.3337860107421875,-0.3337860107421875,-5.248300921171904,1.8388355492578126
2025-07-05 10:00:00,2.63863952,5.76,-0.8544921875,-0.8544921875,-4.927866350859404,1.7841473325
2025-07-05 11:00:00,2.9801584,3.52,-4.0,-4.0,-3.4278663508594036,-1.0198416
2025-07-05 12:00:00,3.15381348,4.31,-4.0,-4.0,-1.9278663508594036,-0.8461865199999998
2025-07-05 13:00:00,3.12086508,5.0,-4.0,-4.0,-0.4278663508594036,-0.8791349199999998
2025-07-05 14:00:00,2.89449328,5.0,-3.5,-3.5,0.8846336491405964,-0.6055067200000002
2025-07-05 15:00:00,2.44540636,5.0,-2.1875,-2.1875,1.7049461491405964,0.2579063599999998
2025-07-05 16:00:00,1.86814072,5.0,-1.3671875,-1.3671875,2.2176414616405964,0.50095322
2025-07-05 17:00:00,1.086361,25.44,-0.5340576171875,-0.5340576171875,2.417913068085909,0.5523033828124999
2025-07-05 18:00:00,0.42063236,41.25,-0.2086162567138672,-0.2086162567138672,2.496144164353609,0.2120161032861328
2025-07-05 19:00:00,0.0646246,100.0,-0.08149072527885437,-0.08149072527885437,2.5267031863331795,-0.016866125278854366
2025-07-05 20:00:00,0.0,112.8,0.0,0.0,2.5267031863331795,0.0
2025-07-05 21:00:00,0.0,131.33,0.0,0.0,2.5267031863331795,0.0
2025-07-05 22:00:00,0.0,134.0,4.0,1.5,-1.4732968136668205,1.5
2025-07-05 23:00:00,0.0,120.0,0.0,0.0,-1.4732968136668205,0.0
2025-07-06 00:00:00,0.0,112.17,4.0,1.5,-5.4732968136668205,1.5
2025-07-06 01:00:00,0.0,106.01,0.0,0.0,-5.4732968136668205,0.0
2025-07-06 02:00:00,0.0,103.6,0.0,0.0,-5.4732968136668205,0.0
2025-07-06 03:00:00,0.0,100.58,0.0,0.0,-5.4732968136668205,0.0
2025-07-06 04:00:00,0.0,100.1,0.0,0.0,-5.4732968136668205,0.0
2025-07-06 05:00:00,0.0,100.82,0.0,0.0,-5.4732968136668205,0.0
2025-07-06 06:00:00,0.1270016,101.3,0.0,0.0,-5.4732968136668205,0.1270016
2025-07-06 07:00:00,0.8070398,96.98,0.0,0.0,-5.4732968136668205,0.8070398
2025-07-06 08:00:00,1.65820416,52.0,-0.08149072527885437,-0.08149072527885437,-5.44273779168725,1.5767134347211456
2025-07-06 09:00:00,2.3039684,7.4,-0.2086162567138672,-0.2086162567138672,-5.36450669541955,2.095352143286133
2025-07-06 10:00:00,2.7949190000000006,2.0,-1.3671875,-1.3671875,-4.85181138291955,1.4277315000000006
2025-07-06 11:00:00,1.821942,1.0,-2.1875,-2.1875,-4.03149888291955,-0.36555800000000005
2025-07-06 12:00:00,1.90066616,0.85,-3.5,-3.5,-2.71899888291955,-1.59933384
2025-07-06 13:00:00,1.8821278,3.52,-0.5340576171875,-0.5340576171875,-2.5187272764742374,1.3480701828125
2025-07-06 14:00:00,2.9662003200000004,2.99,-0.8544921875,-0.8544921875,-2.1982927061617374,2.1117081325000004
2025-07-06 15:00:00,2.51227688,0.65,-4.0,-4.0,-0.6982927061617374,-1.48772312
2025-07-06 16:00:00,1.90462996,0.65,-4.0,-4.0,0.8017072938382626,-2.0953700399999997
2025-07-06 17:00:00,1.10143104,0.65,-4.0,-4.0,2.3017072938382626,-2.89856896
2025-07-06 18:00:00,0.29550608,4.31,-0.3337860107421875,-0.3337860107421875,2.426877047866583,-0.038279930742187496
2025-07-06 19:00:00,0.05439088,31.53,-0.130385160446167,-0.130385160446167,2.4757714830338955,-0.07599428044616699
2025-07-06 20:00:00,0.0,90.0,0.0,0.0,2.4757714830338955,0.0
2025-07-06 21:00:00,0.0,108.21,0.0,0.0,2.4757714830338955,0.0
2025-07-06 22:00:00,0.0,110.62,4.0,1.5,-1.5242285169661045,1.5
2025-07-06 23:00:00,0.0,108.68,0.0,0.0,-1.5242285169661045,0.0
2025-07-07 00:00:00,0.0,106.65,4.0,1.5,-5.5242285169661045,1.5
2025-07-07 01:00:00,0.0,96.18,0.0,0.0,-5.5242285169661045,0.0
2025-07-07 02:00:00,0.0,92.25,0.0,0.0,-5.5242285169661045,0.0
2025-07-07 03:00:00,0.0,89.01,0.0,0.0,-5.5242285169661045,0.0
2025-07-07 04:00:00,0.0,85.01,0.0,0.0,-5.5242285169661045,0.0
2025-07-07 05:00:00,0.0,95.0,0.0,0.0,-5.5242285169661045,0.0
2025-07-07 06:00:00,0.1321444,103.5,0.0,0.0,-5.5242285169661045,0.1321444
2025-07-07 07:00:00,0.7828763200000001,106.65,4.0,1.5,-9.524228516966105,2.28287632
2025-07-07 08:00:00,1.62004796,94.0,0.0,0.0,-9.524228516966105,1.62004796
2025-07-07 09:00:00,2.2723756400000004,57.5,-0.2086162567138672,-0.2086162567138672,-9.445997420698404,2.063759383286133
2025-07-07 10:00:00,2.77015876,37.5,-0.3337860107421875,-0.3337860107421875,-9.320827666670084,2.4363727492578127
2025-07-07 11:00:00,3.07826636,18.01,-0.8544921875,-0.8544921875,-9.000393096357584,2.2237741725
2025-07-07 12:00:00,3.22414984,15.01,-1.3671875,-1.3671875,-8.487697783857584,1.85696234
2025-07-07 13:00:00,3.17416916,6.0,-2.1875,-2.1875,-7.667385283857584,0.9866691599999999
2025-07-07 14:00:00,2.92899416,5.79,-3.5,-3.5,-6.354885283857584,-0.5710058400000002
2025-07-07 15:00:00,2.48662564,5.0,-4.0,-4.0,-4.854885283857584,-1.5133743599999998
2025-07-07 16:00:00,1.8771804,4.31,-4.0,-4.0,-3.354885283857584,-2.1228195999999997
2025-07-07 17:00:00,1.08129252,4.31,-4.0,-4.0,-1.854885283857584,-2.91870748
2025-07-07 18:00:00,0.3320812799999999,18.01,-0.5340576171875,-0.5340576171875,-1.6546136774122715,-0.20197633718750008
2025-07-07 19:00:00,0.07034204,65.06,-0.130385160446167,-0.130385160446167,-1.6057192422449589,-0.060043120446167
2025-07-07 20:00:00,0.0,80.0,-0.08149072527885437,-0.08149072527885437,-1.5751602202653885,-0.08149072527885437
2025-07-07 21:00:00,0.0,105.75,0.0,0.0,-1.5751602202653885,0.0
2025-07-07 22:00:00,0.0,104.48,0.0,0.0,-1.5751602202653885,0.0
2025-07-07 23:00:00,0.0,95.1,0.0,0.0,-1.5751602202653885,0.0
2025-07-08 00:00:00,0.0,80.1,0.0,0.0,-1.5751602202653885,0.0
2025-07-08 01:00:00,0.0,62.4,0.0,0.0,-1.5751602202653885,0.0
2025-07-08 02:00:00,0.0,50.0,0.0,0.0,-1.5751602202653885,0.0
2025-07-08 03:00:00,0.0,35.1,-0.130385160446167,-0.130385160446167,-1.5262657850980759,-0.130385160446167
2025-07-08 04:00:00,0.0,35.1,-0.08149072527885437,-0.08149072527885437,-1.4957067631185055,-0.08149072527885437
2025-07-08 05:00:00,0.0,30.1,-0.2086162567138672,-0.2086162567138672,-1.4174756668508053,-0.2086162567138672
2025-07-08 06:00:00,0.14833872,60.73,0.0,0.0,-1.4174756668508053,0.14833872
2025-07-08 07:00:00,0.7539839200000001,74.99,0.0,0.0,-1.4174756668508053,0.7539839200000001
2025-07-08 08:00:00,0.44410328,60.0,0.0,0.0,-1.4174756668508053,0.44410328
2025-07-08 09:00:00,0.94365804,18.01,-0.3337860107421875,-0.3337860107421875,-1.292305912822485,0.6098720292578125
2025-07-08 10:00:00,2.64448084,4.31,-2.1875,-2.1875,-0.47199341282248497,0.45698083999999994
2025-07-08 11:00:00,2.9378936,1.72,-4.0,-4.0,1.028006587177515,-1.0621063999999998
2025-07-08 12:00:00,3.10982084,1.72,-4.0,-4.0,2.528006587177515,-0.8901791600000002
2025-07-08 13:00:00,3.0698328000000004,2.99,-4.0,-4.0,4.028006587177515,-0.9301671999999996
2025-07-08 14:00:00,2.8352774,3.52,-3.5,-3.5,5.340506587177515,-0.6647226000000002
2025-07-08 15:00:00,2.41823868,4.31,-1.3671875,-1.3671875,5.853201899677515,1.05105118
2025-07-08 16:00:00,1.83466868,5.79,-0.8544921875,-0.8544921875,6.173636469990015,0.9801764925
2025-07-08 17:00:00,1.0604962,17.1,-0.5340576171875,-0.5340576171875,6.3739080764353275,0.5264385828125
2025-07-08 18:00:00,0.32538464,60.73,0.0,0.0,6.3739080764353275,0.32538464
2025-07-08 19:00:00,0.06808696,62.19,0.0,0.0,6.3739080764353275,0.06808696
2025-07-08 20:00:00,0.0,104.5,0.0,0.0,6.3739080764353275,0.0
2025-07-08 21:00:00,0.0,110.69,4.0,1.5,2.3739080764353275,1.5
2025-07-08 22:00:00,0.0,110.62,4.0,1.5,-1.6260919235646725,1.5
2025-07-08 23:00:00,0.0,106.06,0.0,0.0,-1.6260919235646725,0.0
2025-07-09 00:00:00,0.0,110.62,0.0,0.0,-1.6260919235646725,0.0
2025-07-09 01:00:00,0.0,104.01,0.0,0.0,-1.6260919235646725,0.0
2025-07-09 02:00:00,0.0,101.42,-0.130385160446167,-0.130385160446167,-1.5771974883973598,-0.130385160446167
2025-07-09 03:00:00,0.0,103.32,-0.08149072527885437,-0.08149072527885437,-1.5466384664177895,-0.08149072527885437
2025-07-09 04:00:00,0.0,108.6,0.0,0.0,-1.5466384664177895,0.0
2025-07-09 05:00:00,0.0,110.37,0.0,0.0,-1.5466384664177895,0.0
2025-07-09 06:00:00,0.13982316,107.27,0.0,0.0,-1.5466384664177895,0.13982316
2025-07-09 07:00:00,0.77920584,111.82,0.0,0.0,-1.5466384664177895,0.77920584
2025-07-09 08:00:00,1.6129818,108.75,0.0,0.0,-1.5466384664177895,1.6129818
2025-07-09 09:00:00,2.2613849600000004,99.5,-0.2086162567138672,-0.2086162567138672,-1.4684073701500893,2.0527687032861333
2025-07-09 10:00:00,2.74319656,56.91,-0.8544921875,-0.8544921875,-1.1479727998375893,1.8887043725
2025-07-09 11:00:00,3.05371776,40.0,-2.1875,-2.1875,-0.32766029983758926,0.8662177600000001
2025-07-09 12:00:00,3.1774370400000005,35.1,-4.0,-4.0,1.1723397001624107,-0.8225629599999995
2025-07-09 13:00:00,3.1227764399999995,36.2,-4.0,-4.0,2.6723397001624107,-0.8772235600000005
2025-07-09 14:00:00,2.890022,36.2,-4.0,-4.0,4.172339700162411,-1.109978
2025-07-09 15:00:00,2.4751134,37.55,-3.5,-3.5,5.484839700162411,-1.0248865999999999
2025-07-09 16:00:00,1.89243656,50.0,-1.3671875,-1.3671875,5.997535012662411,0.5252490599999999
2025-07-09 17:00:00,1.09928528,73.55,-0.5340576171875,-0.5340576171875,6.197806619107723,0.5652276628124999
2025-07-09 18:00:00,0.29322296,75.4,-0.3337860107421875,-0.3337860107421875,6.3229763731360435,-0.04056305074218752
2025-07-09 19:00:00,0.0570818,110.41,0.0,0.0,6.3229763731360435,0.0570818
2025-07-09 20:00:00,0.0,115.04,0.0,0.0,6.3229763731360435,0.0
2025-07-09 21:00:00,0.0,155.75,4.0,1.5,2.3229763731360435,1.5
2025-07-09 22:00:00,0.0,145.01,4.0,1.5,-1.6770236268639565,1.5
2025-07-09 23:00:00,0.0,120.0,0.0,0.0,-1.6770236268639565,0.0
2025-07-10 00:00:00,0.0,123.51,0.0,0.0,-1.6770236268639565,0.0
2025-07-10 01:00:00,0.0,115.5,0.0,0.0,-1.6770236268639565,0.0
2025-07-10 02:00:00,0.0,113.02,0.0,0.0,-1.6770236268639565,0.0
2025-07-10 03:00:00,0.0,112.38,0.0,0.0,-1.6770236268639565,0.0
2025-07-10 04:00:00,0.0,112.38,0.0,0.0,-1.6770236268639565,0.0
2025-07-10 05:00:00,0.0,113.53,0.0,0.0,-1.6770236268639565,0.0
2025-07-10 06:00:00,0.12174276,117.89,0.0,0.0,-1.6770236268639565,0.12174276
2025-07-10 07:00:00,0.82015264,123.51,0.0,0.0,-1.6770236268639565,0.82015264
2025-07-10 08:00:00,1.70154752,110.66,-0.08149072527885437,-0.08149072527885437,-1.646464604884386,1.6200567947211457
2025-07-10 09:00:00,2.36431616,108.1,-0.130385160446167,-0.130385160446167,-1.5975701697170734,2.233930999553833
2025-07-10 10:00:00,2.84715744,106.5,-0.2086162567138672,-0.2086162567138672,-1.5193390734493732,2.638541183286133
2025-07-10 11:00:00,3.1380258000000003,90.01,-0.5340576171875,-0.5340576171875,-1.3190674670040607,2.6039681828125003
2025-07-10 12:00:00,3.2478260800000003,76.98,-1.3671875,-1.3671875,-0.8063721545040607,1.8806385800000003
2025-07-10 13:00:00,3.17708636,75.57,-3.5,-3.5,0.5061278454959393,-0.3229136399999999
2025-07-10 14:00:00,2.9290184000000004,75.44,-4.0,-4.0,2.0061278454959393,-1.0709815999999996
2025-07-10 15:00:00,2.4896156,75.0,-4.0,-4.0,3.5061278454959393,-1.5103844
2025-07-10 16:00:00,1.89711384,74.0,-4.0,-4.0,5.006127845495939,-2.1028861599999997
2025-07-10 17:00:00,1.10030592,76.73,-2.1875,-2.1875,5.826440345495939,-1.08719408
2025-07-10 18:00:00,0.2953388,88.08,-0.8544921875,-0.8544921875,6.146874915808439,-0.5591533875
2025-07-10 19:00:00,0.0613342,103.99,-0.3337860107421875,-0.3337860107421875,6.27204466983676,-0.2724518107421875
2025-07-10 20:00:00,0.0,118.65,0.0,0.0,6.27204466983676,0.0
2025-07-10 21:00:00,0.0,153.75,4.0,1.5,2.2720446698367596,1.5
2025-07-10 22:00:00,0.0,170.0,4.0,1.5,-1.7279553301632404,1.5
2025-07-10 23:00:00,0.0,132.0,0.0,0.0,-1.7279553301632404,0.0
2025-07-11 00:00:00,0.0,121.74,0.0,0.0,-1.7279553301632404,0.0
2025-07-11 01:00:00,0.0,115.46,0.0,0.0,-1.7279553301632404,0.0
2025-07-11 02:00:00,0.0,113.85,0.0,0.0,-1.7279553301632404,0.0
2025-07-11 03:00:00,0.0,112.73,0.0,0.0,-1.7279553301632404,0.0
2025-07-11 04:00:00,0.0,112.73,0.0,0.0,-1.7279553301632404,0.0
2025-07-11 05:00:00,0.0,113.33,0.0,0.0,-1.7279553301632404,0.0
2025-07-11 06:00:00,0.12119484,118.47,0.0,0.0,-1.7279553301632404,0.12119484
2025-07-11 07:00:00,0.8199704400000001,125.0,0.0,0.0,-1.7279553301632404,0.8199704400000001
2025-07-11 08:00:00,1.6855056,111.07,-0.08149072527885437,-0.08149072527885437,-1.69739630818367,1.6040148747211456
2025-07-11 09:00:00,2.31658992,105.34,-0.130385160446167,-0.130385160446167,-1.6485018730163574,2.186204759553833
2025-07-11 10:00:00,2.7146541600000003,63.1,-2.1875,-2.1875,-0.8281893730163574,0.5271541600000003
2025-07-11 11:00:00,2.9115462400000003,76.75,-0.5340576171875,-0.5340576171875,-0.6279177665710449,2.3774886228125003
2025-07-11 12:00:00,3.0356938,80.0,-0.3337860107421875,-0.3337860107421875,-0.5027480125427246,2.7019077892578127
2025-07-11 13:00:00,3.02764348,74.01,-0.8544921875,-0.8544921875,-0.1823134422302246,2.1731512925
2025-07-11 14:00:00,2.8264484800000003,62.19,-3.5,-3.5,1.1301865577697754,-0.6735515199999997
2025-07-11 15:00:00,2.43343512,59.9,-4.0,-4.0,2.6301865577697754,-1.56656488
2025-07-11 16:00:00,1.86733156,55.4,-4.0,-4.0,4.130186557769775,-2.1326684399999998
2025-07-11 17:00:00,1.08320744,61.98,-4.0,-4.0,5.630186557769775,-2.91679256
2025-07-11 18:00:00,0.29253692,67.0,-1.3671875,-1.3671875,6.142881870269775,-1.0746505800000001
2025-07-11 19:00:00,0.05608092,100.0,-0.2086162567138672,-0.2086162567138672,6.221112966537476,-0.15253533671386718
2025-07-11 20:00:00,0.0,114.23,0.0,0.0,6.221112966537476,0.0
2025-07-11 21:00:00,0.0,125.67,0.0,0.0,6.221112966537476,0.0
2025-07-11 22:00:00,0.0,138.16,4.0,1.5,2.2211129665374756,1.5
2025-07-11 23:00:00,0.0,130.0,4.0,1.5,-1.7788870334625244,1.5
2025-07-12 00:00:00,0.0,119.78,0.0,0.0,-1.7788870334625244,0.0
2025-07-12 01:00:00,0.0,116.62,0.0,0.0,-1.7788870334625244,0.0
2025-07-12 02:00:00,0.0,112.18,0.0,0.0,-1.7788870334625244,0.0
2025-07-12 03:00:00,0.0,107.53,0.0,0.0,-1.7788870334625244,0.0
2025-07-12 04:00:00,0.0,105.42,0.0,0.0,-1.7788870334625244,0.0
2025-07-12 05:00:00,0.0,103.79,-0.08149072527885437,-0.08149072527885437,-1.748328011482954,-0.08149072527885437
2025-07-12 06:00:00,0.14174184,109.85,0.0,0.0,-1.748328011482954,0.14174184
2025-07-12 07:00:00,0.74218732,118.99,0.0,0.0,-1.748328011482954,0.74218732
2025-07-12 08:00:00,1.5131471599999995,105.42,0.0,0.0,-1.748328011482954,1.5131471599999995
2025-07-12 09:00:00,2.1021378,72.95,-0.2086162567138672,-0.2086162567138672,-1.6700969152152538,1.8935215432861328
2025-07-12 10:00:00,2.52761376,42.1,-0.5340576171875,-0.5340576171875,-1.4698253087699413,1.9935561428125
2025-07-12 11:00:00,2.47660072,19.0,-1.3671875,-1.3671875,-0.9571299962699413,1.10941322
2025-07-12 12:00:00,2.92548816,15.0,-2.1875,-2.1875,-0.13681749626994133,0.73798816
2025-07-12 13:00:00,2.8873042800000004,5.76,-4.0,-4.0,1.3631825037300587,-1.1126957199999996
2025-07-12 14:00:00,2.40260136,4.31,-4.0,-4.0,2.8631825037300587,-1.5973986400000002
2025-07-12 15:00:00,2.23362604,0.85,-4.0,-4.0,4.363182503730059,-1.7663739600000001
2025-07-12 16:00:00,1.66925216,13.68,-3.5,-3.5,5.675682503730059,-1.83074784
2025-07-12 17:00:00,0.99795972,35.0,-0.8544921875,-0.8544921875,5.996117074042559,0.1434675325
2025-07-12 18:00:00,0.44307724,50.08,-0.3337860107421875,-0.3337860107421875,6.121286828070879,0.10929122925781248
2025-07-12 19:00:00,0.06593288,75.4,-0.130385160446167,-0.130385160446167,6.170181263238192,-0.06445228044616699
2025-07-12 20:00:00,0.0,107.75,0.0,0.0,6.170181263238192,0.0
2025-07-12 21:00:00,0.0,125.67,4.0,1.5,2.1701812632381916,1.5
2025-07-12 22:00:00,0.0,133.0,4.0,1.5,-1.8298187367618084,1.5
2025-07-12 23:00:00,0.0,121.74,0.0,0.0,-1.8298187367618084,0.0
2025-07-13 00:00:00,0.0,119.36,0.0,0.0,-1.8298187367618084,0.0
2025-07-13 01:00:00,0.0,117.06,0.0,0.0,-1.8298187367618084,0.0
2025-07-13 02:00:00,0.0,114.11,0.0,0.0,-1.8298187367618084,0.0
2025-07-13 03:00:00,0.0,113.99,0.0,0.0,-1.8298187367618084,0.0
2025-07-13 04:00:00,0.0,108.67,0.0,0.0,-1.8298187367618084,0.0
2025-07-13 05:00:00,0.0,104.64,0.0,0.0,-1.8298187367618084,0.0
2025-07-13 06:00:00,0.16680612,104.64,0.0,0.0,-1.8298187367618084,0.16680612
2025-07-13 07:00:00,0.69756224,90.0,0.0,0.0,-1.8298187367618084,0.69756224
2025-07-13 08:00:00,1.4265472,55.0,-0.130385160446167,-0.130385160446167,-1.7809243015944958,1.296162039553833
2025-07-13 09:00:00,2.0303406400000004,22.5,-0.3337860107421875,-0.3337860107421875,-1.6557545475661755,1.6965546292578129
2025-07-13 10:00:00,2.50867116,4.28,-0.8544921875,-0.8544921875,-1.3353199772536755,1.6541789725
2025-07-13 11:00:00,2.81155972,0.05,-2.1875,-2.1875,-0.5150074772536755,0.62405972
2025-07-13 12:00:00,2.97600976,0.0,-4.0,-4.0,0.9849925227463245,-1.0239902399999998
2025-07-13 13:00:00,2.93269468,0.0,-4.0,-4.0,2.4849925227463245,-1.06730532
2025-07-13 14:00:00,2.70649708,0.0,-4.0,-4.0,3.9849925227463245,-1.29350292
2025-07-13 15:00:00,2.2866766000000003,0.0,-3.5,-3.5,5.2974925227463245,-1.2133233999999997
2025-07-13 16:00:00,1.73161456,1.0,-1.3671875,-1.3671875,5.8101878352463245,0.3644270599999999
2025-07-13 17:00:00,1.02246468,5.79,-0.5340576171875,-0.5340576171875,6.010459441691637,0.4884070628124999
2025-07-13 18:00:00,0.34378532,30.39,-0.2086162567138672,-0.2086162567138672,6.088690537959337,0.13516906328613282
2025-07-13 19:00:00,0.06661128,70.1,-0.08149072527885437,-0.08149072527885437,6.119249559938908,-0.014879445278854375
2025-07-13 20:00:00,0.0,107.69,0.0,0.0,6.119249559938908,0.0
2025-07-13 21:00:00,0.0,124.5,4.0,1.5,2.1192495599389076,1.5
2025-07-13 22:00:00,0.0,134.62,4.0,1.5,-1.8807504400610924,1.5
2025-07-13 23:00:00,0.0,121.74,0.0,0.0,-1.8807504400610924,0.0
2025-07-14 00:00:00,0.0,118.1,0.0,0.0,-1.8807504400610924,0.0
2025-07-14 01:00:00,0.0,112.45,0.0,0.0,-1.8807504400610924,0.0
2025-07-14 02:00:00,0.0,109.86,0.0,0.0,-1.8807504400610924,0.0
2025-07-14 03:00:00,0.0,109.23,0.0,0.0,-1.8807504400610924,0.0
2025-07-14 04:00:00,0.0,108.9,-0.08149072527885437,-0.08149072527885437,-1.850191418081522,-0.08149072527885437
2025-07-14 05:00:00,0.0,110.1,0.0,0.0,-1.850191418081522,0.0
2025-07-14 06:00:00,0.1447244,118.06,0.0,0.0,-1.850191418081522,0.1447244
2025-07-14 07:00:00,0.7298475999999999,122.72,0.0,0.0,-1.850191418081522,0.7298475999999999
2025-07-14 08:00:00,1.51094036,116.0,0.0,0.0,-1.850191418081522,1.51094036
2025-07-14 09:00:00,2.09887728,75.19,-0.2086162567138672,-0.2086162567138672,-1.7719603218138218,1.8902610232861328
2025-07-14 10:00:00,2.508661,65.0,-0.3337860107421875,-0.3337860107421875,-1.6467905677855015,2.1748749892578125
2025-07-14 11:00:00,2.8401458,33.72,-3.5,-3.5,-0.3342905677855015,-0.6598541999999998
2025-07-14 12:00:00,2.9924441600000007,34.06,-2.1875,-2.1875,0.4860219322144985,0.8049441600000007
2025-07-14 13:00:00,2.96666924,38.8,-1.3671875,-1.3671875,0.9987172447144985,1.5994817399999999
2025-07-14 14:00:00,2.74974688,31.49,-4.0,-4.0,2.4987172447144985,-1.25025312
2025-07-14 15:00:00,2.3601246,18.21,-4.0,-4.0,3.9987172447144985,-1.6398754000000002
2025-07-14 16:00:00,1.79995052,27.09,-4.0,-4.0,5.4987172447144985,-2.2000494799999997
2025-07-14 17:00:00,1.05411496,47.5,-0.8544921875,-0.8544921875,5.8191518150269985,0.19962277249999993
2025-07-14 18:00:00,0.31761128,60.0,-0.5340576171875,-0.5340576171875,6.019423421472311,-0.2164463371875
2025-07-14 19:00:00,0.06266432,77.76,-0.130385160446167,-0.130385160446167,6.068317856639624,-0.067720840446167
2025-07-14 20:00:00,0.0,117.06,0.0,0.0,6.068317856639624,0.0
2025-07-14 21:00:00,0.0,126.64,4.0,1.5,2.0683178566396236,1.5
2025-07-14 22:00:00,0.0,124.68,4.0,1.5,-1.9316821433603764,1.5
2025-07-14 23:00:00,0.0,118.26,0.0,0.0,-1.9316821433603764,0.0
2025-07-15 00:00:00,0.0,113.16,0.0,0.0,-1.9316821433603764,0.0
2025-07-15 01:00:00,0.0,109.48,0.0,0.0,-1.9316821433603764,0.0
2025-07-15 02:00:00,0.0,107.41,0.0,0.0,-1.9316821433603764,0.0
2025-07-15 03:00:00,0.0,107.22,0.0,0.0,-1.9316821433603764,0.0
2025-07-15 04:00:00,0.0,105.43,-0.08149072527885437,-0.08149072527885437,-1.901123121380806,-0.08149072527885437
2025-07-15 05:00:00,0.0,107.38,0.0,0.0,-1.901123121380806,0.0
2025-07-15 06:00:00,0.13074644,113.16,0.0,0.0,-1.901123121380806,0.13074644
2025-07-15 07:00:00,0.75582488,118.81,0.0,0.0,-1.901123121380806,0.75582488
2025-07-15 08:00:00,1.5584385999999997,107.4,0.0,0.0,-1.901123121380806,1.5584385999999997
2025-07-15 09:00:00,2.1684985200000004,72.97,-0.130385160446167,-0.130385160446167,-1.8522286862134933,2.0381133595538334
2025-07-15 10:00:00,2.63499132,30.5,-4.0,-4.0,-0.35222868621349335,-1.3650086799999999
2025-07-15 11:00:00,2.9560956400000005,39.87,-2.1875,-2.1875,0.46808381378650665,0.7685956400000005
2025-07-15 12:00:00,3.07979048,46.2,-0.8544921875,-0.8544921875,0.7885183840990067,2.2252982925
2025-07-15 13:00:00,3.0510997200000003,45.0,-1.3671875,-1.3671875,1.3012136965990067,1.6839122200000003
2025-07-15 14:00:00,2.824985,35.0,-3.5,-3.5,2.6137136965990067,-0.6750150000000001
2025-07-15 15:00:00,2.42931976,29.95,-4.0,-4.0,4.113713696599007,-1.5706802400000002
2025-07-15 16:00:00,1.85250076,29.95,-4.0,-4.0,5.613713696599007,-2.14749924
2025-07-15 17:00:00,1.08590344,49.0,-0.5340576171875,-0.5340576171875,5.813985303044319,0.5518458228125
2025-07-15 18:00:00,0.3079708,50.08,-0.3337860107421875,-0.3337860107421875,5.9391550570726395,-0.02581521074218751
2025-07-15 19:00:00,0.06479172,72.84,-0.2086162567138672,-0.2086162567138672,6.01738615334034,-0.1438245367138672
2025-07-15 20:00:00,0.0,112.92,0.0,0.0,6.01738615334034,0.0
2025-07-15 21:00:00,0.0,135.87,4.0,1.5,2.0173861533403397,1.5
2025-07-15 22:00:00,0.0,135.05,4.0,1.5,-1.9826138466596603,1.5
2025-07-15 23:00:00,0.0,120.05,0.0,0.0,-1.9826138466596603,0.0
2025-07-16 00:00:00,0.0,113.31,0.0,0.0,-1.9826138466596603,0.0
2025-07-16 01:00:00,0.0,107.85,0.0,0.0,-1.9826138466596603,0.0
2025-07-16 02:00:00,0.0,106.83,-0.130385160446167,-0.130385160446167,-1.9337194114923477,-0.130385160446167
2025-07-16 03:00:00,0.0,106.83,-0.08149072527885437,-0.08149072527885437,-1.9031603895127773,-0.08149072527885437
2025-07-16 04:00:00,0.0,107.22,0.0,0.0,-1.9031603895127773,0.0
2025-07-16 05:00:00,0.0,110.68,0.0,0.0,-1.9031603895127773,0.0
2025-07-16 06:00:00,0.15710152,117.61,0.0,0.0,-1.9031603895127773,0.15710152
2025-07-16 07:00:00,0.7136676799999999,125.67,0.0,0.0,-1.9031603895127773,0.7136676799999999
2025-07-16 08:00:00,1.4946889199999998,109.5,0.0,0.0,-1.9031603895127773,1.4946889199999998
2025-07-16 09:00:00,2.12744832,89.0,-0.2086162567138672,-0.2086162567138672,-1.8249292932450771,1.9188320632861329
2025-07-16 10:00:00,2.5926578,75.0,-0.5340576171875,-0.5340576171875,-1.6246576867997646,2.0586001828125
2025-07-16 11:00:00,2.8802072,70.1,-3.5,-3.5,-0.31215768679976463,-0.6197927999999999
2025-07-16 12:00:00,2.9888338,70.1,-2.1875,-2.1875,0.5081548132002354,0.8013338000000001
2025-07-16 13:00:00,2.935359,70.1,-1.3671875,-1.3671875,1.0208501257002354,1.5681715
2025-07-16 14:00:00,2.6949807600000004,70.0,-4.0,-4.0,2.5208501257002354,-1.3050192399999996
2025-07-16 15:00:00,2.28925456,69.84,-4.0,-4.0,4.020850125700235,-1.7107454400000002
2025-07-16 16:00:00,1.7202946,69.95,-4.0,-4.0,5.520850125700235,-2.2797054
2025-07-16 17:00:00,0.99084532,70.1,-0.8544921875,-0.8544921875,5.841284696012735,0.13635313250000003
2025-07-16 18:00:00,0.38144972,79.1,-0.3337860107421875,-0.3337860107421875,5.966454450041056,0.04766370925781249
2025-07-16 19:00:00,0.06262756,109.62,0.0,0.0,5.966454450041056,0.06262756
2025-07-16 20:00:00,0.0,125.0,0.0,0.0,5.966454450041056,0.0
2025-07-16 21:00:00,0.0,175.49,4.0,1.5,1.9664544500410557,1.5
2025-07-16 22:00:00,0.0,169.2,4.0,1.5,-2.0335455499589443,1.5
2025-07-16 23:00:00,0.0,129.36,0.0,0.0,-2.0335455499589443,0.0
2025-07-17 00:00:00,0.0,119.78,0.0,0.0,-2.0335455499589443,0.0
2025-07-17 01:00:00,0.0,115.13,0.0,0.0,-2.0335455499589443,0.0
2025-07-17 02:00:00,0.0,113.84,0.0,0.0,-2.0335455499589443,0.0
2025-07-17 03:00:00,0.0,108.62,-0.130385160446167,-0.130385160446167,-1.9846511147916317,-0.130385160446167
2025-07-17 04:00:00,0.0,108.62,-0.08149072527885437,-0.08149072527885437,-1.9540920928120613,-0.08149072527885437
2025-07-17 05:00:00,0.0,113.46,0.0,0.0,-1.9540920928120613,0.0
2025-07-17 06:00:00,0.16040736,118.36,0.0,0.0,-1.9540920928120613,0.16040736
2025-07-17 07:00:00,0.6473176,125.0,0.0,0.0,-1.9540920928120613,0.6473176
2025-07-17 08:00:00,1.34328256,115.45,0.0,0.0,-1.9540920928120613,1.34328256
2025-07-17 09:00:00,1.97018964,104.27,-0.2086162567138672,-0.2086162567138672,-1.8758609965443611,1.7615733832861329
2025-07-17 10:00:00,2.2061567600000003,85.0,-0.5340576171875,-0.5340576171875,-1.6755893900990486,1.6720991428125003
2025-07-17 11:00:00,2.8110426400000006,77.07,-1.3671875,-1.3671875,-1.1628940775990486,1.4438551400000006
2025-07-17 12:00:00,2.93374076,76.8,-3.5,-3.5,0.14960592240095139,-0.5662592399999999
2025-07-17 13:00:00,2.87784072,76.68,-4.0,-4.0,1.6496059224009514,-1.12215928
2025-07-17 14:00:00,2.6345059200000005,75.2,-4.0,-4.0,3.1496059224009514,-1.3654940799999995
2025-07-17 15:00:00,2.2306274,73.0,-4.0,-4.0,4.649605922400951,-1.7693726
2025-07-17 16:00:00,1.68248824,76.81,-2.1875,-2.1875,5.469918422400951,-0.5050117599999999
2025-07-17 17:00:00,1.00728672,84.36,-0.8544921875,-0.8544921875,5.790352992713451,0.15279453249999997
2025-07-17 18:00:00,0.3787576799999999,91.52,-0.3337860107421875,-0.3337860107421875,5.915522746741772,0.044971669257812374
2025-07-17 19:00:00,0.0624922,108.66,0.0,0.0,5.915522746741772,0.0624922
2025-07-17 20:00:00,0.0,121.41,0.0,0.0,5.915522746741772,0.0
2025-07-17 21:00:00,0.0,128.67,4.0,1.5,1.9155227467417717,1.5
2025-07-17 22:00:00,0.0,129.85,4.0,1.5,-2.0844772532582283,1.5
2025-07-17 23:00:00,0.0,120.76,0.0,0.0,-2.0844772532582283,0.0
2025-07-18 00:00:00,0.0,114.0,0.0,0.0,-2.0844772532582283,0.0
2025-07-18 01:00:00,0.0,107.61,0.0,0.0,-2.0844772532582283,0.0
2025-07-18 02:00:00,0.0,107.22,0.0,0.0,-2.0844772532582283,0.0
2025-07-18 03:00:00,0.0,105.9,0.0,0.0,-2.0844772532582283,0.0
2025-07-18 04:00:00,0.0,105.0,-0.08149072527885437,-0.08149072527885437,-2.053918231278658,-0.08149072527885437
2025-07-18 05:00:00,0.0,107.17,0.0,0.0,-2.053918231278658,0.0
2025-07-18 06:00:00,0.16112576,111.55,0.0,0.0,-2.053918231278658,0.16112576
2025-07-18 07:00:00,0.674602,115.14,0.0,0.0,-2.053918231278658,0.674602
2025-07-18 08:00:00,1.39420712,109.39,0.0,0.0,-2.053918231278658,1.39420712
2025-07-18 09:00:00,1.99618564,90.64,-0.130385160446167,-0.130385160446167,-2.0050237961113453,1.865800479553833
2025-07-18 10:00:00,2.44530716,80.0,-0.5340576171875,-0.5340576171875,-1.8047521896660328,1.9112495428125
2025-07-18 11:00:00,2.31704716,81.58,-0.2086162567138672,-0.2086162567138672,-1.7265210933983326,2.108430903286133
2025-07-18 12:00:00,2.9561476799999995,80.0,-0.3337860107421875,-0.3337860107421875,-1.6013513393700123,2.622361669257812
2025-07-18 13:00:00,2.94673888,73.02,-0.8544921875,-0.8544921875,-1.2809167690575123,2.0922466925
2025-07-18 14:00:00,2.3390112,71.2,-4.0,-4.0,0.21908323094248772,-1.6609888000000002
2025-07-18 15:00:00,2.08887252,72.68,-4.0,-4.0,1.7190832309424877,-1.9111274800000002
2025-07-18 16:00:00,1.6032852400000002,72.81,-1.3671875,-1.3671875,2.2317785434424877,0.23609774000000017
2025-07-18 17:00:00,0.99685512,72.8,-3.5,-3.5,3.5442785434424877,-2.50314488
2025-07-18 18:00:00,0.40536068,71.08,-4.0,-4.0,5.044278543442488,-3.59463932
2025-07-18 19:00:00,0.07054184,72.8,-2.1875,-2.1875,5.864591043442488,-2.11695816
2025-07-18 20:00:00,0.0,110.0,0.0,0.0,5.864591043442488,0.0
2025-07-18 21:00:00,0.0,119.39,4.0,1.5,1.8645910434424877,1.5
2025-07-18 22:00:00,0.0,119.19,4.0,1.5,-2.1354089565575123,1.5
2025-07-18 23:00:00,0.0,111.65,0.0,0.0,-2.1354089565575123,0.0
2025-07-19 00:00:00,0.0,101.72,4.0,1.5,-6.135408956557512,1.5
2025-07-19 01:00:00,0.0,98.25,0.0,0.0,-6.135408956557512,0.0
2025-07-19 02:00:00,0.0,90.0,0.0,0.0,-6.135408956557512,0.0
2025-07-19 03:00:00,0.0,84.99,0.0,0.0,-6.135408956557512,0.0
2025-07-19 04:00:00,0.0,82.5,0.0,0.0,-6.135408956557512,0.0
2025-07-19 05:00:00,0.0,83.74,0.0,0.0,-6.135408956557512,0.0
2025-07-19 06:00:00,0.1013914799999999,90.0,0.0,0.0,-6.135408956557512,0.1013914799999999
2025-07-19 07:00:00,0.7480386,79.3,0.0,0.0,-6.135408956557512,0.7480386
2025-07-19 08:00:00,1.5978056400000002,56.62,-0.08149072527885437,-0.08149072527885437,-6.104849934577942,1.5163149147211459
2025-07-19 09:00:00,2.24853988,9.83,-0.2086162567138672,-0.2086162567138672,-6.026618838310242,2.039923623286133
2025-07-19 10:00:00,2.73720016,3.52,-0.5340576171875,-0.5340576171875,-5.826347231864929,2.2031425428125
2025-07-19 11:00:00,3.05468132,0.65,-1.3671875,-1.3671875,-5.313651919364929,1.6874938199999998
2025-07-19 12:00:00,3.22136984,0.0,-4.0,-4.0,-3.813651919364929,-0.7786301600000001
2025-07-19 13:00:00,3.18132032,0.0,-4.0,-4.0,-2.313651919364929,-0.8186796799999998
2025-07-19 14:00:00,2.94278952,0.0,-4.0,-4.0,-0.8136519193649292,-1.0572104800000002
2025-07-19 15:00:00,2.4985734,0.0,-3.5,-3.5,0.4988480806350708,-1.0014265999999998
2025-07-19 16:00:00,1.9018635200000005,0.0,-2.1875,-2.1875,1.3191605806350708,-0.2856364799999995
2025-07-19 17:00:00,1.1017006,0.65,-0.8544921875,-0.8544921875,1.6395951509475708,0.24720841250000003
2025-07-19 18:00:00,0.29455096,3.52,-0.3337860107421875,-0.3337860107421875,1.7647649049758911,-0.03923505074218753
2025-07-19 19:00:00,0.0576908,42.32,-0.130385160446167,-0.130385160446167,1.8136593401432037,-0.07269436044616699
2025-07-19 20:00:00,0.0,72.92,0.0,0.0,1.8136593401432037,0.0
2025-07-19 21:00:00,0.0,100.28,0.0,0.0,1.8136593401432037,0.0
2025-07-19 22:00:00,0.0,106.8,4.0,1.5,-2.1863406598567963,1.5
2025-07-19 23:00:00,0.0,96.25,0.0,0.0,-2.1863406598567963,0.0
2025-07-20 00:00:00,0.0,57.73,0.0,0.0,-2.1863406598567963,0.0
2025-07-20 01:00:00,0.0,45.0,0.0,0.0,-2.1863406598567963,0.0
2025-07-20 02:00:00,0.0,43.94,0.0,0.0,-2.1863406598567963,0.0
2025-07-20 03:00:00,0.0,43.81,0.0,0.0,-2.1863406598567963,0.0
2025-07-20 04:00:00,0.0,43.81,0.0,0.0,-2.1863406598567963,0.0
2025-07-20 05:00:00,0.0,43.81,0.0,0.0,-2.1863406598567963,0.0
2025-07-20 06:00:00,0.11185352,43.94,0.0,0.0,-2.1863406598567963,0.11185352
2025-07-20 07:00:00,0.77238496,38.3,0.0,0.0,-2.1863406598567963,0.77238496
2025-07-20 08:00:00,1.6622276000000002,3.6,-0.130385160446167,-0.130385160446167,-2.1374462246894836,1.5318424395538333
2025-07-20 09:00:00,2.35272284,0.65,-0.2086162567138672,-0.2086162567138672,-2.0592151284217834,2.144106583286133
2025-07-20 10:00:00,2.8689248,0.0,-0.8544921875,-0.8544921875,-1.7387805581092834,2.0144326125
2025-07-20 11:00:00,3.1872914800000003,0.0,-0.5340576171875,-0.5340576171875,-1.538508951663971,2.6532338628125003
2025-07-20 12:00:00,3.31518736,-0.01,-3.5,-3.5,-0.22600895166397095,-0.18481264000000008
2025-07-20 13:00:00,3.25801988,-0.01,-2.1875,-2.1875,0.594303548336029,1.07051988
2025-07-20 14:00:00,2.9944715200000003,-0.01,-1.3671875,-1.3671875,1.106998860836029,1.6272840200000003
2025-07-20 15:00:00,2.5501556400000003,-0.66,-4.0,-4.0,2.606998860836029,-1.4498443599999997
2025-07-20 16:00:00,1.9328358,-1.01,-4.0,-4.0,4.106998860836029,-2.0671641999999997
2025-07-20 17:00:00,1.11676984,-0.62,-4.0,-4.0,5.606998860836029,-2.88323016
2025-07-20 18:00:00,0.410499,0.0,-0.3337860107421875,-0.3337860107421875,5.732168614864349,0.0767129892578125
2025-07-20 19:00:00,0.05843992,3.6,-0.08149072527885437,-0.08149072527885437,5.76272763684392,-0.02305080527885437
2025-07-20 20:00:00,0.0,43.81,0.0,0.0,5.76272763684392,0.0
2025-07-20 21:00:00,0.0,75.3,0.0,0.0,5.76272763684392,0.0
2025-07-20 22:00:00,0.0,92.0,4.0,1.5,1.7627276368439198,1.5
2025-07-20 23:00:00,0.0,76.26,4.0,1.5,-2.2372723631560802,1.5
2025-07-21 00:00:00,0.0,64.99,0.0,0.0,-2.2372723631560802,0.0
2025-07-21 01:00:00,0.0,51.48,0.0,0.0,-2.2372723631560802,0.0
2025-07-21 02:00:00,0.0,45.0,0.0,0.0,-2.2372723631560802,0.0
2025-07-21 03:00:00,0.0,40.0,-0.2086162567138672,-0.2086162567138672,-2.15904126688838,-0.2086162567138672
2025-07-21 04:00:00,0.0,17.88,-0.8544921875,-0.8544921875,-1.83860669657588,-0.8544921875
2025-07-21 05:00:00,0.0,50.0,0.0,0.0,-1.83860669657588,0.0
2025-07-21 06:00:00,0.1062434,75.54,0.0,0.0,-1.83860669657588,0.1062434
2025-07-21 07:00:00,0.76890196,107.88,0.0,0.0,-1.83860669657588,0.76890196
2025-07-21 08:00:00,1.65627856,80.0,0.0,0.0,-1.83860669657588,1.65627856
2025-07-21 09:00:00,2.35168008,40.0,-0.130385160446167,-0.130385160446167,-1.7897122614085674,2.221294919553833
2025-07-21 10:00:00,2.8718688400000003,5.11,-4.0,-4.0,-0.28971226140856743,-1.1281311599999997
2025-07-21 11:00:00,3.18986668,6.0,-4.0,-4.0,1.2102877385914326,-0.8101333199999998
2025-07-21 12:00:00,3.3101863600000003,15.23,-3.5,-3.5,2.5227877385914326,-0.18981363999999967
2025-07-21 13:00:00,3.24484172,22.63,-0.5340576171875,-0.5340576171875,2.723059345036745,2.7107841028125
2025-07-21 14:00:00,2.97955732,17.22,-1.3671875,-1.3671875,3.235754657536745,1.61236982
2025-07-21 15:00:00,2.52899884,16.01,-2.1875,-2.1875,4.056067157536745,0.34149883999999986
2025-07-21 16:00:00,1.9208862,8.93,-4.0,-4.0,5.556067157536745,-2.0791138
2025-07-21 17:00:00,1.10492844,30.17,-0.3337860107421875,-0.3337860107421875,5.681236911565065,0.7711424292578124
2025-07-21 18:00:00,0.29163844,43.81,-0.08149072527885437,-0.08149072527885437,5.711795933544636,0.21014771472114563
2025-07-21 19:00:00,0.05350564,75.11,0.0,0.0,5.711795933544636,0.05350564
2025-07-21 20:00:00,0.0,115.15,0.0,0.0,5.711795933544636,0.0
2025-07-21 21:00:00,0.0,169.2,4.0,1.5,1.7117959335446358,1.5
2025-07-21 22:00:00,0.0,165.43,4.0,1.5,-2.2882040664553642,1.5
2025-07-21 23:00:00,0.0,119.78,0.0,0.0,-2.2882040664553642,0.0
2025-07-22 00:00:00,0.0,116.69,0.0,0.0,-2.2882040664553642,0.0
2025-07-22 01:00:00,0.0,112.66,0.0,0.0,-2.2882040664553642,0.0
2025-07-22 02:00:00,0.0,100.0,0.0,0.0,-2.2882040664553642,0.0
2025-07-22 03:00:00,0.0,100.62,0.0,0.0,-2.2882040664553642,0.0
2025-07-22 04:00:00,0.0,99.96,-0.08149072527885437,-0.08149072527885437,-2.257645044475794,-0.08149072527885437
2025-07-22 05:00:00,0.0,107.4,0.0,0.0,-2.257645044475794,0.0
2025-07-22 06:00:00,0.1005287199999999,114.56,0.0,0.0,-2.257645044475794,0.1005287199999999
2025-07-22 07:00:00,0.77448608,120.76,0.0,0.0,-2.257645044475794,0.77448608
2025-07-22 08:00:00,1.6621678800000002,105.46,0.0,0.0,-2.257645044475794,1.6621678800000002
2025-07-22 09:00:00,2.34719568,69.57,-0.2086162567138672,-0.2086162567138672,-2.1794139482080936,2.138579423286133
2025-07-22 10:00:00,2.84803632,38.5,-0.5340576171875,-0.5340576171875,-1.9791423417627811,2.3139787028125
2025-07-22 11:00:00,3.15276004,35.01,-3.5,-3.5,-0.6666423417627811,-0.34723996
2025-07-22 12:00:00,3.25381312,35.1,-1.3671875,-1.3671875,-0.15394702926278114,1.8866256199999998
2025-07-22 13:00:00,3.1863124,35.1,-0.8544921875,-0.8544921875,0.16648754104971886,2.3318202125
2025-07-22 14:00:00,2.9329562800000004,34.75,-4.0,-4.0,1.6664875410497189,-1.0670437199999996
2025-07-22 15:00:00,2.4932602,31.25,-4.0,-4.0,3.166487541049719,-1.5067398
2025-07-22 16:00:00,1.89073988,31.11,-4.0,-4.0,4.666487541049719,-2.10926012
2025-07-22 17:00:00,1.0878281200000002,35.01,-2.1875,-2.1875,5.486800041049719,-1.0996718799999998
2025-07-22 18:00:00,0.28628948,51.83,-0.3337860107421875,-0.3337860107421875,5.611969795078039,-0.047496530742187515
2025-07-22 19:00:00,0.0536414,86.66,-0.130385160446167,-0.130385160446167,5.660864230245352,-0.07674376044616699
2025-07-22 20:00:00,0.0,113.92,0.0,0.0,5.660864230245352,0.0
2025-07-22 21:00:00,0.0,138.83,4.0,1.5,1.6608642302453518,1.5
2025-07-22 22:00:00,0.0,135.05,4.0,1.5,-2.339135769754648,1.5
2025-07-22 23:00:00,0.0,115.39,0.0,0.0,-2.339135769754648,0.0
2025-07-23 00:00:00,0.0,112.91,4.0,1.5,-6.339135769754648,1.5
2025-07-23 01:00:00,0.0,106.53,0.0,0.0,-6.339135769754648,0.0
2025-07-23 02:00:00,0.0,100.62,0.0,0.0,-6.339135769754648,0.0
2025-07-23 03:00:00,0.0,100.5,0.0,0.0,-6.339135769754648,0.0
2025-07-23 04:00:00,0.0,101.15,0.0,0.0,-6.339135769754648,0.0
2025-07-23 05:00:00,0.0,101.0,0.0,0.0,-6.339135769754648,0.0
2025-07-23 06:00:00,0.09510528,105.46,0.0,0.0,-6.339135769754648,0.09510528
2025-07-23 07:00:00,0.77142156,113.91,4.0,1.5,-10.339135769754648,2.27142156
2025-07-23 08:00:00,1.6528704000000003,96.5,-0.08149072527885437,-0.08149072527885437,-10.308576747775078,1.571379674721146
2025-07-23 09:00:00,2.30914832,83.31,-0.130385160446167,-0.130385160446167,-10.259682312607765,2.178763159553833
2025-07-23 10:00:00,2.76593892,76.4,-0.2086162567138672,-0.2086162567138672,-10.181451216340065,2.557322663286133
2025-07-23 11:00:00,3.0366293199999994,68.64,-0.5340576171875,-0.5340576171875,-9.981179609894753,2.5025717028124994
2025-07-23 12:00:00,3.15118024,61.97,-0.8544921875,-0.8544921875,-9.660745039582253,2.2966880525
2025-07-23 13:00:00,3.1144391600000008,51.89,-2.1875,-2.1875,-8.840432539582253,0.9269391600000008
2025-07-23 14:00:00,2.8798528000000005,44.88,-4.0,-4.0,-7.3404325395822525,-1.1201471999999995
2025-07-23 15:00:00,2.4646742,46.0,-4.0,-4.0,-5.8404325395822525,-1.5353257999999999
2025-07-23 16:00:00,1.87609808,47.0,-4.0,-4.0,-4.3404325395822525,-2.1239019199999998
2025-07-23 17:00:00,1.07952224,51.76,-3.5,-3.5,-3.0279325395822525,-2.42047776
2025-07-23 18:00:00,0.28566068,52.13,-1.3671875,-1.3671875,-2.5152372270822525,-1.08152682
2025-07-23 19:00:00,0.05102924,75.92,-0.3337860107421875,-0.3337860107421875,-2.390067473053932,-0.2827567707421875
2025-07-23 20:00:00,0.0,105.46,0.0,0.0,-2.390067473053932,0.0
2025-07-23 21:00:00,0.0,112.0,0.0,0.0,-2.390067473053932,0.0
2025-07-23 22:00:00,0.0,109.96,0.0,0.0,-2.390067473053932,0.0
2025-07-23 23:00:00,0.0,100.39,0.0,0.0,-2.390067473053932,0.0
2025-07-24 00:00:00,0.0,95.0,4.0,1.5,-6.390067473053932,1.5
2025-07-24 01:00:00,0.0,85.0,0.0,0.0,-6.390067473053932,0.0
2025-07-24 02:00:00,0.0,81.88,0.0,0.0,-6.390067473053932,0.0
2025-07-24 03:00:00,0.0,71.79,0.0,0.0,-6.390067473053932,0.0
2025-07-24 04:00:00,0.0,63.27,0.0,0.0,-6.390067473053932,0.0
2025-07-24 05:00:00,0.0,80.9,0.0,0.0,-6.390067473053932,0.0
2025-07-24 06:00:00,0.09766376,85.62,0.0,0.0,-6.390067473053932,0.09766376
2025-07-24 07:00:00,0.748971,90.44,0.0,0.0,-6.390067473053932,0.748971
2025-07-24 08:00:00,1.62037396,60.51,0.0,0.0,-6.390067473053932,1.62037396
2025-07-24 09:00:00,2.28969404,35.5,-0.130385160446167,-0.130385160446167,-6.34117303788662,2.159308879553833
2025-07-24 10:00:00,2.7801471200000005,5.11,-0.3337860107421875,-0.3337860107421875,-6.216003283858299,2.446361109257813
2025-07-24 11:00:00,3.07364124,3.52,-2.1875,-2.1875,-5.395690783858299,0.8861412400000002
2025-07-24 12:00:00,3.15776464,2.0,-3.5,-3.5,-4.083190783858299,-0.3422353600000001
2025-07-24 13:00:00,3.10025768,3.52,-1.3671875,-1.3671875,-3.5704954713582993,1.73307018
2025-07-24 14:00:00,2.86186024,3.52,-0.8544921875,-0.8544921875,-3.2500609010457993,2.0073680525
2025-07-24 15:00:00,2.45477952,1.72,-4.0,-4.0,-1.7500609010457993,-1.5452204799999998
2025-07-24 16:00:00,1.8639992,1.72,-4.0,-4.0,-0.25006090104579926,-2.1360007999999997
2025-07-24 17:00:00,1.07013976,1.72,-4.0,-4.0,1.2499390989542007,-2.92986024
2025-07-24 18:00:00,0.2822106399999999,3.52,-0.5340576171875,-0.5340576171875,1.4502107053995132,-0.2518469771875001
2025-07-24 19:00:00,0.05153276,29.97,-0.2086162567138672,-0.2086162567138672,1.5284418016672134,-0.15708349671386718
2025-07-24 20:00:00,0.0,50.0,-0.08149072527885437,-0.08149072527885437,1.5590008236467838,-0.08149072527885437
2025-07-24 21:00:00,0.0,90.92,4.0,1.5,-2.440999176353216,1.5
2025-07-24 22:00:00,0.0,90.68,0.0,0.0,-2.440999176353216,0.0
2025-07-24 23:00:00,0.0,71.05,0.0,0.0,-2.440999176353216,0.0
2025-07-25 00:00:00,0.0,73.63,0.0,0.0,-2.440999176353216,0.0
2025-07-25 01:00:00,0.0,65.95,0.0,0.0,-2.440999176353216,0.0
2025-07-25 02:00:00,0.0,62.0,0.0,0.0,-2.440999176353216,0.0
2025-07-25 03:00:00,0.0,58.99,0.0,0.0,-2.440999176353216,0.0
2025-07-25 04:00:00,0.0,51.97,-0.08149072527885437,-0.08149072527885437,-2.410440154373646,-0.08149072527885437
2025-07-25 05:00:00,0.0,63.43,0.0,0.0,-2.410440154373646,0.0
2025-07-25 06:00:00,0.09846492,65.95,0.0,0.0,-2.410440154373646,0.09846492
2025-07-25 07:00:00,0.7082303999999999,76.0,0.0,0.0,-2.410440154373646,0.7082303999999999
2025-07-25 08:00:00,1.54165732,58.99,0.0,0.0,-2.410440154373646,1.54165732
2025-07-25 09:00:00,2.1836175200000003,12.75,-0.2086162567138672,-0.2086162567138672,-2.3322090581059456,1.9750012632861331
2025-07-25 10:00:00,2.6192245200000004,2.51,-1.3671875,-1.3671875,-1.8195137456059456,1.2520370200000004
2025-07-25 11:00:00,2.86165296,0.65,-4.0,-4.0,-0.3195137456059456,-1.1383470400000002
2025-07-25 12:00:00,2.9073124800000003,0.75,-4.0,-4.0,1.1804862543940544,-1.0926875199999997
2025-07-25 13:00:00,2.90048244,0.85,-3.5,-3.5,2.4929862543940544,-0.5995175599999998
2025-07-25 14:00:00,2.71224488,1.1,-2.1875,-2.1875,3.3132987543940544,0.5247448800000001
2025-07-25 15:00:00,2.3211516,2.51,-0.8544921875,-0.8544921875,3.6337333247065544,1.4666594124999999
2025-07-25 16:00:00,1.75548056,4.31,-0.5340576171875,-0.5340576171875,3.834004931151867,1.2214229428125
2025-07-25 17:00:00,1.01598956,0.65,-4.0,-4.0,5.334004931151867,-2.98401044
2025-07-25 18:00:00,0.2923868,4.31,-0.3337860107421875,-0.3337860107421875,5.459174685180187,-0.0413992107421875
2025-07-25 19:00:00,0.05084192,30.85,-0.130385160446167,-0.130385160446167,5.5080691203475,-0.079543240446167
2025-07-25 20:00:00,0.0,85.0,0.0,0.0,5.5080691203475,0.0
2025-07-25 21:00:00,0.0,104.72,4.0,1.5,1.5080691203474998,1.5
2025-07-25 22:00:00,0.0,101.94,4.0,1.5,-2.4919308796525,1.5
2025-07-25 23:00:00,0.0,79.99,0.0,0.0,-2.4919308796525,0.0
2025-07-26 00:00:00,0.0,96.27,4.0,1.5,-6.4919308796525,1.5
2025-07-26 01:00:00,0.0,77.16,0.0,0.0,-6.4919308796525,0.0
2025-07-26 02:00:00,0.0,66.28,0.0,0.0,-6.4919308796525,0.0
2025-07-26 03:00:00,0.0,56.84,0.0,0.0,-6.4919308796525,0.0
2025-07-26 04:00:00,0.0,46.4,0.0,0.0,-6.4919308796525,0.0
2025-07-26 05:00:00,0.0,50.74,0.0,0.0,-6.4919308796525,0.0
2025-07-26 06:00:00,0.09537848,57.33,0.0,0.0,-6.4919308796525,0.09537848
2025-07-26 07:00:00,0.63900412,55.01,0.0,0.0,-6.4919308796525,0.63900412
2025-07-26 08:00:00,1.3916146400000002,41.05,-0.08149072527885437,-0.08149072527885437,-6.46137185767293,1.3101239147211459
2025-07-26 09:00:00,2.01039752,3.6,-0.2086162567138672,-0.2086162567138672,-6.38314076140523,1.801781263286133
2025-07-26 10:00:00,2.48884024,0.65,-0.5340576171875,-0.5340576171875,-6.182869154959917,1.9547826228125
2025-07-26 11:00:00,2.78159164,0.09,-2.1875,-2.1875,-5.362556654959917,0.5940916399999998
2025-07-26 12:00:00,2.989945,0.15,-0.8544921875,-0.8544921875,-5.042122084647417,2.1354528125
2025-07-26 13:00:00,2.92873368,0.09,-1.3671875,-1.3671875,-4.529426772147417,1.5615461800000001
2025-07-26 14:00:00,2.7046812,0.01,-3.5,-3.5,-3.216926772147417,-0.7953188
2025-07-26 15:00:00,2.32038568,0.0,-4.0,-4.0,-1.716926772147417,-1.6796143200000002
2025-07-26 16:00:00,1.76449612,0.0,-4.0,-4.0,-0.21692677214741707,-2.23550388
2025-07-26 17:00:00,1.0191524,0.0,-4.0,-4.0,1.283073227852583,-2.9808475999999997
2025-07-26 18:00:00,0.29473944,0.65,-0.3337860107421875,-0.3337860107421875,1.4082429818809032,-0.03904657074218748
2025-07-26 19:00:00,0.0530888,23.99,-0.130385160446167,-0.130385160446167,1.4571374170482159,-0.077296360446167
2025-07-26 20:00:00,0.0,65.29,0.0,0.0,1.4571374170482159,0.0
2025-07-26 21:00:00,0.0,92.57,0.0,0.0,1.4571374170482159,0.0
2025-07-26 22:00:00,0.0,100.0,4.0,1.5,-2.542862582951784,1.5
2025-07-26 23:00:00,0.0,90.66,0.0,0.0,-2.542862582951784,0.0
2025-07-27 00:00:00,0.0,72.74,4.0,1.5,-6.542862582951784,1.5
2025-07-27 01:00:00,0.0,62.67,0.0,0.0,-6.542862582951784,0.0
2025-07-27 02:00:00,0.0,63.0,0.0,0.0,-6.542862582951784,0.0
2025-07-27 03:00:00,0.0,62.94,0.0,0.0,-6.542862582951784,0.0
2025-07-27 04:00:00,0.0,56.4,0.0,0.0,-6.542862582951784,0.0
2025-07-27 05:00:00,0.0,56.16,0.0,0.0,-6.542862582951784,0.0
2025-07-27 06:00:00,0.092407,56.16,0.0,0.0,-6.542862582951784,0.092407
2025-07-27 07:00:00,0.72050792,50.0,0.0,0.0,-6.542862582951784,0.72050792
2025-07-27 08:00:00,1.5789522,32.34,-0.08149072527885437,-0.08149072527885437,-6.512303560972214,1.4974614747211457
2025-07-27 09:00:00,2.2379842,3.52,-0.2086162567138672,-0.2086162567138672,-6.4340724647045135,2.029367943286133
2025-07-27 10:00:00,2.71308288,0.0,-0.5340576171875,-0.5340576171875,-6.233800858259201,2.1790252628125
2025-07-27 11:00:00,2.99148108,-0.01,-3.5,-3.5,-4.921300858259201,-0.5085189200000002
2025-07-27 12:00:00,3.1166276400000004,-0.01,-2.1875,-2.1875,-4.100988358259201,0.9291276400000004
2025-07-27 13:00:00,3.0870142,-0.01,-1.3671875,-1.3671875,-3.588293045759201,1.7198267
2025-07-27 14:00:00,2.8730468,-0.01,-0.8544921875,-0.8544921875,-3.267858475446701,2.0185546125
2025-07-27 15:00:00,2.46239916,-0.5,-4.0,-4.0,-1.767858475446701,-1.53760084
2025-07-27 16:00:00,1.88670428,-0.6,-4.0,-4.0,-0.26785847544670105,-2.11329572
2025-07-27 17:00:00,1.08684948,-0.5,-4.0,-4.0,1.232141524553299,-2.9131505200000003
2025-07-27 18:00:00,0.2713272,0.0,-0.3337860107421875,-0.3337860107421875,1.3573112785816193,-0.06245881074218751
2025-07-27 19:00:00,0.04919016,4.9,-0.130385160446167,-0.130385160446167,1.4062057137489319,-0.081195000446167
2025-07-27 20:00:00,0.0,40.0,0.0,0.0,1.4062057137489319,0.0
2025-07-27 21:00:00,0.0,62.67,0.0,0.0,1.4062057137489319,0.0
2025-07-27 22:00:00,0.0,88.64,4.0,1.5,-2.593794286251068,1.5
2025-07-27 23:00:00,0.0,66.95,0.0,0.0,-2.593794286251068,0.0
2025-07-28 00:00:00,0.0,62.29,0.0,0.0,-2.593794286251068,0.0
2025-07-28 01:00:00,0.0,55.75,0.0,0.0,-2.593794286251068,0.0
2025-07-28 02:00:00,0.0,50.0,0.0,0.0,-2.593794286251068,0.0
2025-07-28 03:00:00,0.0,45.03,0.0,0.0,-2.593794286251068,0.0
2025-07-28 04:00:00,0.0,42.49,-0.08149072527885437,-0.08149072527885437,-2.5632352642714977,-0.08149072527885437
2025-07-28 05:00:00,0.0,45.07,0.0,0.0,-2.5632352642714977,0.0
2025-07-28 06:00:00,0.08645448,50.0,0.0,0.0,-2.5632352642714977,0.08645448
2025-07-28 07:00:00,0.7581823200000001,56.23,0.0,0.0,-2.5632352642714977,0.7581823200000001
2025-07-28 08:00:00,1.6467308799999998,63.71,0.0,0.0,-2.5632352642714977,1.6467308799999998
2025-07-28 09:00:00,2.31305748,30.0,-0.130385160446167,-0.130385160446167,-2.514340829104185,2.182672319553833
2025-07-28 10:00:00,2.79980184,5.79,-0.3337860107421875,-0.3337860107421875,-2.389171075075865,2.4660158292578127
2025-07-28 11:00:00,3.07651764,3.52,-0.8544921875,-0.8544921875,-2.068736504763365,2.2220254525
2025-07-28 12:00:00,3.1552894000000005,1.21,-1.3671875,-1.3671875,-1.5560411922633648,1.7881019000000005
2025-07-28 13:00:00,3.08485516,0.85,-4.0,-4.0,-0.05604119226336479,-0.91514484
2025-07-28 14:00:00,2.8636729200000004,0.85,-3.5,-3.5,1.2564588077366352,-0.6363270799999996
2025-07-28 15:00:00,2.43135756,0.65,-4.0,-4.0,2.756458807736635,-1.56864244
2025-07-28 16:00:00,1.8527866,0.65,-4.0,-4.0,4.256458807736635,-2.1472134
2025-07-28 17:00:00,1.0562508,0.9,-2.1875,-2.1875,5.076771307736635,-1.1312492
2025-07-28 18:00:00,0.28670736,3.52,-0.5340576171875,-0.5340576171875,5.277042914181948,-0.24735025718749998
2025-07-28 19:00:00,0.05694292,16.0,-0.2086162567138672,-0.2086162567138672,5.355274010449648,-0.15167333671386718
2025-07-28 20:00:00,0.0,60.0,0.0,0.0,5.355274010449648,0.0
2025-07-28 21:00:00,0.0,74.98,4.0,1.5,1.355274010449648,1.5
2025-07-28 22:00:00,0.0,88.54,4.0,1.5,-2.644725989550352,1.5
2025-07-28 23:00:00,0.0,63.25,0.0,0.0,-2.644725989550352,0.0
2025-07-29 00:00:00,0.0,50.68,0.0,0.0,-2.644725989550352,0.0
2025-07-29 01:00:00,0.0,37.97,0.0,0.0,-2.644725989550352,0.0
2025-07-29 02:00:00,0.0,34.78,0.0,0.0,-2.644725989550352,0.0
2025-07-29 03:00:00,0.0,32.0,-0.08149072527885437,-0.08149072527885437,-2.6141669675707817,-0.08149072527885437
2025-07-29 04:00:00,0.0,30.28,-0.130385160446167,-0.130385160446167,-2.565272532403469,-0.130385160446167
2025-07-29 05:00:00,0.0,34.78,0.0,0.0,-2.565272532403469,0.0
2025-07-29 06:00:00,0.1203356799999999,45.0,0.0,0.0,-2.565272532403469,0.1203356799999999
2025-07-29 07:00:00,0.46604936,50.0,0.0,0.0,-2.565272532403469,0.46604936
2025-07-29 08:00:00,1.44125004,49.45,0.0,0.0,-2.565272532403469,1.44125004
2025-07-29 09:00:00,2.07042076,13.0,-0.2086162567138672,-0.2086162567138672,-2.487041436135769,1.861804503286133
2025-07-29 10:00:00,2.53855824,3.52,-0.5340576171875,-0.5340576171875,-2.2867698296904564,2.0045006228125
2025-07-29 11:00:00,2.82078812,0.09,-4.0,-4.0,-0.7867698296904564,-1.17921188
2025-07-29 12:00:00,2.97351968,0.15,-4.0,-4.0,0.7132301703095436,-1.0264803200000001
2025-07-29 13:00:00,2.93776512,0.65,-4.0,-4.0,2.2132301703095436,-1.06223488
2025-07-29 14:00:00,2.7249878,0.65,-3.5,-3.5,3.5257301703095436,-0.7750121999999999
2025-07-29 15:00:00,2.34083724,0.65,-2.1875,-2.1875,4.346042670309544,0.15333723999999993
2025-07-29 16:00:00,1.7717698400000002,0.65,-1.3671875,-1.3671875,4.858737982809544,0.40458234000000015
2025-07-29 17:00:00,1.01617108,1.11,-0.8544921875,-0.8544921875,5.179172553122044,0.1616788924999999
2025-07-29 18:00:00,0.29382672,8.0,-0.3337860107421875,-0.3337860107421875,5.304342307150364,-0.039959290742187514
2025-07-29 19:00:00,0.05525808,35.17,0.0,0.0,5.304342307150364,0.05525808
2025-07-29 20:00:00,0.0,57.58,0.0,0.0,5.304342307150364,0.0
2025-07-29 21:00:00,0.0,98.0,4.0,1.5,1.304342307150364,1.5
2025-07-29 22:00:00,0.0,103.27,4.0,1.5,-2.695657692849636,1.5
2025-07-29 23:00:00,0.0,84.13,0.0,0.0,-2.695657692849636,0.0
2025-07-30 00:00:00,0.0,66.7,0.0,0.0,-2.695657692849636,0.0
2025-07-30 01:00:00,0.0,50.92,0.0,0.0,-2.695657692849636,0.0
2025-07-30 02:00:00,0.0,43.75,0.0,0.0,-2.695657692849636,0.0
2025-07-30 03:00:00,0.0,38.48,-0.08149072527885437,-0.08149072527885437,-2.6650986708700657,-0.08149072527885437
2025-07-30 04:00:00,0.0,32.55,-0.2086162567138672,-0.2086162567138672,-2.5868675746023655,-0.2086162567138672
2025-07-30 05:00:00,0.0,38.48,0.0,0.0,-2.5868675746023655,0.0
2025-07-30 06:00:00,0.1010368,45.51,0.0,0.0,-2.5868675746023655,0.1010368
2025-07-30 07:00:00,0.70071472,72.96,0.0,0.0,-2.5868675746023655,0.70071472
2025-07-30 08:00:00,1.54810096,57.38,0.0,0.0,-2.5868675746023655,1.54810096
2025-07-30 09:00:00,2.22734076,35.17,-0.130385160446167,-0.130385160446167,-2.537973139435053,2.096955599553833
2025-07-30 10:00:00,2.718903,9.07,-0.5340576171875,-0.5340576171875,-2.3377015329897404,2.1848453828125
2025-07-30 11:00:00,3.0256784800000003,3.52,-4.0,-4.0,-0.8377015329897404,-0.9743215199999997
2025-07-30 12:00:00,3.16885608,4.31,-4.0,-4.0,0.6622984670102596,-0.8311439200000001
2025-07-30 13:00:00,3.1036270000000004,5.11,-2.1875,-2.1875,1.4826109670102596,0.9161270000000004
2025-07-30 14:00:00,2.8576966,5.79,-1.3671875,-1.3671875,1.9953062795102596,1.4905091000000001
2025-07-30 15:00:00,2.42937436,4.31,-4.0,-4.0,3.4953062795102596,-1.5706256399999998
2025-07-30 16:00:00,1.83600208,5.0,-3.5,-3.5,4.80780627951026,-1.66399792
2025-07-30 17:00:00,1.04117008,6.0,-0.8544921875,-0.8544921875,5.12824084982276,0.1866778925000001
2025-07-30 18:00:00,0.28495476,30.5,-0.3337860107421875,-0.3337860107421875,5.25341060385108,-0.048831250742187526
2025-07-30 19:00:00,0.05339472,39.6,0.0,0.0,5.25341060385108,0.05339472
2025-07-30 20:00:00,0.0,77.99,0.0,0.0,5.25341060385108,0.0
2025-07-30 21:00:00,0.0,101.49,4.0,1.5,1.25341060385108,1.5
2025-07-30 22:00:00,0.0,104.36,4.0,1.5,-2.74658939614892,1.5
2025-07-30 23:00:00,0.0,92.18,0.0,0.0,-2.74658939614892,0.0
2025-07-31 00:00:00,0.0,90.0,0.0,0.0,-2.74658939614892,0.0
2025-07-31 01:00:00,0.0,77.37,0.0,0.0,-2.74658939614892,0.0
2025-07-31 02:00:00,0.0,71.07,0.0,0.0,-2.74658939614892,0.0
2025-07-31 03:00:00,0.0,58.38,-0.08149072527885437,-0.08149072527885437,-2.7160303741693497,-0.08149072527885437
2025-07-31 04:00:00,0.0,57.75,-0.130385160446167,-0.130385160446167,-2.667135939002037,-0.130385160446167
2025-07-31 05:00:00,0.0,59.01,0.0,0.0,-2.667135939002037,0.0
2025-07-31 06:00:00,0.09748708,81.96,0.0,0.0,-2.667135939002037,0.09748708
2025-07-31 07:00:00,0.7222028,100.46,0.0,0.0,-2.667135939002037,0.7222028
2025-07-31 08:00:00,1.61253316,91.55,0.0,0.0,-2.667135939002037,1.61253316
2025-07-31 09:00:00,2.31306072,51.31,-0.3337860107421875,-0.3337860107421875,-2.5419661849737167,1.9792747092578127
2025-07-31 10:00:00,2.8233706800000005,30.5,-0.8544921875,-0.8544921875,-2.2215316146612167,1.9688784925000005
2025-07-31 11:00:00,3.13350736,23.92,-4.0,-4.0,-0.7215316146612167,-0.8664926400000001
2025-07-31 12:00:00,3.2567166800000003,29.01,-2.1875,-2.1875,0.09878088533878326,1.0692166800000003
2025-07-31 13:00:00,3.19225056,23.5,-4.0,-4.0,1.5987808853387833,-0.8077494399999998
2025-07-31 14:00:00,2.93437252,25.26,-4.0,-4.0,3.0987808853387833,-1.0656274799999998
2025-07-31 15:00:00,2.49022448,28.5,-3.5,-3.5,4.411280885338783,-1.0097755199999998
2025-07-31 16:00:00,1.5719114000000003,30.0,-1.3671875,-1.3671875,4.923976197838783,0.2047239000000003
2025-07-31 17:00:00,0.8936374400000001,39.1,-0.5340576171875,-0.5340576171875,5.124247804284096,0.3595798228125001
2025-07-31 18:00:00,0.1797828,54.92,-0.2086162567138672,-0.2086162567138672,5.202478900551796,-0.028833456713867195
2025-07-31 19:00:00,0.04634908,86.71,0.0,0.0,5.202478900551796,0.04634908
2025-07-31 20:00:00,0.0,107.99,0.0,0.0,5.202478900551796,0.0
2025-07-31 21:00:00,0.0,114.45,4.0,1.5,1.202478900551796,1.5
2025-07-31 22:00:00,0.0,110.27,4.0,1.5,-2.797521099448204,1.5
2025-07-31 23:00:00,0.0,98.32,0.0,0.0,-2.797521099448204,0.0
2025-08-01 00:00:00,0.0,102.22,0.0,0.0,-2.797521099448204,0.0
2025-08-01 01:00:00,0.0,93.47,0.0,0.0,-2.797521099448204,0.0
2025-08-01 02:00:00,0.0,81.0,0.0,0.0,-2.797521099448204,0.0
2025-08-01 03:00:00,0.0,72.55,0.0,0.0,-2.797521099448204,0.0
2025-08-01 04:00:00,0.0,63.98,-0.2086162567138672,-0.2086162567138672,-2.719290003180504,-0.2086162567138672
2025-08-01 05:00:00,0.0,73.6,0.0,0.0,-2.719290003180504,0.0
2025-08-01 06:00:00,0.03212524,83.14,0.0,0.0,-2.719290003180504,0.03212524
2025-08-01 07:00:00,0.51795528,100.62,0.0,0.0,-2.719290003180504,0.51795528
2025-08-01 08:00:00,1.61892128,100.0,0.0,0.0,-2.719290003180504,1.61892128
2025-08-01 09:00:00,2.313243,65.06,-0.130385160446167,-0.130385160446167,-2.6703955680131912,2.182857839553833
2025-08-01 10:00:00,2.82716752,45.81,-0.3337860107421875,-0.3337860107421875,-2.545225813984871,2.4933815092578127
2025-08-01 11:00:00,3.15565968,35.08,-0.8544921875,-0.8544921875,-2.224791243672371,2.3011674925
2025-08-01 12:00:00,3.26780368,31.87,-1.3671875,-1.3671875,-1.712095931172371,1.90061618
2025-08-01 13:00:00,2.83203668,25.06,-3.5,-3.5,-0.3995959311723709,-0.6679633200000001
2025-08-01 14:00:00,2.95100012,20.01,-4.0,-4.0,1.100404068827629,-1.0489998800000002
2025-08-01 15:00:00,2.239014,13.43,-4.0,-4.0,2.600404068827629,-1.760986
2025-08-01 16:00:00,1.89351576,17.42,-4.0,-4.0,4.100404068827629,-2.10648424
2025-08-01 17:00:00,1.07030392,27.47,-2.1875,-2.1875,4.920716568827629,-1.11719608
2025-08-01 18:00:00,0.26411052,44.8,-0.5340576171875,-0.5340576171875,5.120988175272942,-0.2699470971875
2025-08-01 19:00:00,0.04605592,70.12,-0.08149072527885437,-0.08149072527885437,5.151547197252512,-0.03543480527885437
2025-08-01 20:00:00,0.0,87.34,0.0,0.0,5.151547197252512,0.0
2025-08-01 21:00:00,0.0,103.02,4.0,1.5,1.151547197252512,1.5
2025-08-01 22:00:00,0.0,102.52,4.0,1.5,-2.848452802747488,1.5
2025-08-01 23:00:00,0.0,95.41,0.0,0.0,-2.848452802747488,0.0
2025-08-02 00:00:00,0.0,97.8,0.0,0.0,-2.848452802747488,0.0
2025-08-02 01:00:00,0.0,77.08,0.0,0.0,-2.848452802747488,0.0
2025-08-02 02:00:00,0.0,65.27,0.0,0.0,-2.848452802747488,0.0
2025-08-02 03:00:00,0.0,49.56,0.0,0.0,-2.848452802747488,0.0
2025-08-02 04:00:00,0.0,43.33,0.0,0.0,-2.848452802747488,0.0
2025-08-02 05:00:00,0.0,44.29,0.0,0.0,-2.848452802747488,0.0
2025-08-02 06:00:00,0.12642412,51.08,0.0,0.0,-2.848452802747488,0.12642412
2025-08-02 07:00:00,0.7448092,49.81,0.0,0.0,-2.848452802747488,0.7448092
2025-08-02 08:00:00,1.65412236,37.33,-0.08149072527885437,-0.08149072527885437,-2.8178937807679176,1.5726316347211455
2025-08-02 09:00:00,2.34104364,3.52,-0.3337860107421875,-0.3337860107421875,-2.6927240267395973,2.0072576292578126
2025-08-02 10:00:00,2.8501708000000003,1.06,-0.5340576171875,-0.5340576171875,-2.492452420294285,2.3161131828125003
2025-08-02 11:00:00,3.13216616,0.0,-4.0,-4.0,-0.9924524202942848,-0.8678338399999999
2025-08-02 12:00:00,3.21418184,0.0,-4.0,-4.0,0.5075475797057152,-0.7858181599999998
2025-08-02 13:00:00,3.1482344,0.0,-4.0,-4.0,2.007547579705715,-0.8517655999999998
2025-08-02 14:00:00,2.9124505200000006,0.0,-3.5,-3.5,3.320047579705715,-0.5875494799999994
2025-08-02 15:00:00,2.48008116,0.0,-2.1875,-2.1875,4.140360079705715,0.2925811600000001
2025-08-02 16:00:00,1.87960188,0.0,-1.3671875,-1.3671875,4.653055392205715,0.5124143800000001
2025-08-02 17:00:00,1.06502472,0.65,-0.8544921875,-0.8544921875,4.973489962518215,0.21053253250000004
2025-08-02 18:00:00,0.2588252,4.31,-0.2086162567138672,-0.2086162567138672,5.051721058785915,0.05020894328613279
2025-08-02 19:00:00,0.04375572,15.2,-0.130385160446167,-0.130385160446167,5.100615493953228,-0.086629440446167
2025-08-02 20:00:00,0.0,74.53,0.0,0.0,5.100615493953228,0.0
2025-08-02 21:00:00,0.0,99.64,4.0,1.5,1.100615493953228,1.5
2025-08-02 22:00:00,0.0,99.64,4.0,1.5,-2.899384506046772,1.5
2025-08-02 23:00:00,0.0,80.5,0.0,0.0,-2.899384506046772,0.0
2025-08-03 00:00:00,0.0,80.4,0.0,0.0,-2.899384506046772,0.0
2025-08-03 01:00:00,0.0,69.26,0.0,0.0,-2.899384506046772,0.0
2025-08-03 02:00:00,0.0,42.96,0.0,0.0,-2.899384506046772,0.0
2025-08-03 03:00:00,0.0,37.38,0.0,0.0,-2.899384506046772,0.0
2025-08-03 04:00:00,0.0,30.02,0.0,0.0,-2.899384506046772,0.0
2025-08-03 05:00:00,0.0,30.2,0.0,0.0,-2.899384506046772,0.0
2025-08-03 06:00:00,0.07585452,32.03,0.0,0.0,-2.899384506046772,0.07585452
2025-08-03 07:00:00,0.7235448800000001,26.28,-0.08149072527885437,-0.08149072527885437,-2.8688254840672016,0.6420541547211457
2025-08-03 08:00:00,1.6165907199999998,6.16,-0.130385160446167,-0.130385160446167,-2.819931048899889,1.4862055595538328
2025-08-03 09:00:00,2.29915752,0.0,-1.3671875,-1.3671875,-2.307235736399889,0.9319700200000001
2025-08-03 10:00:00,2.7925780400000004,-1.01,-3.5,-3.5,-0.994735736399889,-0.7074219599999996
2025-08-03 11:00:00,3.08306528,-2.1,-4.0,-4.0,0.505264263600111,-0.91693472
2025-08-03 12:00:00,3.1839698,-2.0,-4.0,-4.0,2.005264263600111,-0.8160302000000001
2025-08-03 13:00:00,3.105123,0.0,-0.8544921875,-0.8544921875,2.325698833912611,2.2506308125
2025-08-03 14:00:00,2.85485928,0.0,-0.5340576171875,-0.5340576171875,2.5259704403579235,2.3208016628125
2025-08-03 15:00:00,2.41938272,-0.01,-2.1875,-2.1875,3.3462829403579235,0.2318827200000002
2025-08-03 16:00:00,1.81925396,-1.2,-4.0,-4.0,4.8462829403579235,-2.18074604
2025-08-03 17:00:00,1.0224126,0.0,-0.3337860107421875,-0.3337860107421875,4.971452694386244,0.6886265892578125
2025-08-03 18:00:00,0.23510212,0.05,-0.2086162567138672,-0.2086162567138672,5.049683790653944,0.02648586328613281
2025-08-03 19:00:00,0.0370158,27.08,0.0,0.0,5.049683790653944,0.0370158
2025-08-03 20:00:00,0.0,78.2,0.0,0.0,5.049683790653944,0.0
2025-08-03 21:00:00,0.0,96.13,4.0,1.5,1.049683790653944,1.5
2025-08-03 22:00:00,0.0,97.4,4.0,1.5,-2.950316209346056,1.5
2025-08-03 23:00:00,0.0,85.09,0.0,0.0,-2.950316209346056,0.0
2025-08-04 00:00:00,0.0,80.99,0.0,0.0,-2.950316209346056,0.0
2025-08-04 01:00:00,0.0,80.4,0.0,0.0,-2.950316209346056,0.0
2025-08-04 02:00:00,0.0,80.0,-0.08149072527885437,-0.08149072527885437,-2.9197571873664856,-0.08149072527885437
2025-08-04 03:00:00,0.0,80.4,0.0,0.0,-2.9197571873664856,0.0
2025-08-04 04:00:00,0.0,85.27,0.0,0.0,-2.9197571873664856,0.0
2025-08-04 05:00:00,0.0,85.27,0.0,0.0,-2.9197571873664856,0.0
2025-08-04 06:00:00,0.07117452,95.67,0.0,0.0,-2.9197571873664856,0.07117452
2025-08-04 07:00:00,0.6958837600000001,106.23,0.0,0.0,-2.9197571873664856,0.6958837600000001
2025-08-04 08:00:00,1.55925464,97.81,0.0,0.0,-2.9197571873664856,1.55925464
2025-08-04 09:00:00,2.20397496,52.57,-0.2086162567138672,-0.2086162567138672,-2.8415260910987854,1.9953587032861329
2025-08-04 10:00:00,2.6526259600000004,30.0,-0.5340576171875,-0.5340576171875,-2.641254484653473,2.1185683428125004
2025-08-04 11:00:00,2.9126300000000005,13.75,-1.3671875,-1.3671875,-2.128559172153473,1.5454425000000005
2025-08-04 12:00:00,2.99286808,6.76,-2.1875,-2.1875,-1.308246672153473,0.80536808
2025-08-04 13:00:00,2.9395286,4.31,-4.0,-4.0,0.1917533278465271,-1.0604714
2025-08-04 14:00:00,2.7342576000000003,4.31,-4.0,-4.0,1.691753327846527,-1.2657423999999997
2025-08-04 15:00:00,2.32649128,4.31,-4.0,-4.0,3.191753327846527,-1.67350872
2025-08-04 16:00:00,1.77111308,5.79,-3.5,-3.5,4.504253327846527,-1.72888692
2025-08-04 17:00:00,0.99333504,26.35,-0.8544921875,-0.8544921875,4.824687898159027,0.13884285249999995
2025-08-04 18:00:00,0.24972432,38.94,-0.3337860107421875,-0.3337860107421875,4.949857652187347,-0.0840616907421875
2025-08-04 19:00:00,0.04070556,70.77,-0.130385160446167,-0.130385160446167,4.99875208735466,-0.08967960044616699
2025-08-04 20:00:00,0.0,103.25,0.0,0.0,4.99875208735466,0.0
2025-08-04 21:00:00,0.0,168.02,4.0,1.5,0.99875208735466,1.5
2025-08-04 22:00:00,0.0,138.8,4.0,1.5,-3.00124791264534,1.5
2025-08-04 23:00:00,0.0,115.04,0.0,0.0,-3.00124791264534,0.0
2025-08-05 00:00:00,0.0,140.7,4.0,1.5,-7.00124791264534,1.5
2025-08-05 01:00:00,0.0,107.94,4.0,1.5,-11.00124791264534,1.5
2025-08-05 02:00:00,0.0,95.4,0.0,0.0,-11.00124791264534,0.0
2025-08-05 03:00:00,0.0,95.4,0.0,0.0,-11.00124791264534,0.0
2025-08-05 04:00:00,0.0,94.5,0.0,0.0,-11.00124791264534,0.0
2025-08-05 05:00:00,0.0,91.25,0.0,0.0,-11.00124791264534,0.0
2025-08-05 06:00:00,0.078454,101.42,0.0,0.0,-11.00124791264534,0.078454
2025-08-05 07:00:00,0.6809674000000001,106.22,0.0,0.0,-11.00124791264534,0.6809674000000001
2025-08-05 08:00:00,1.54281724,80.0,-0.08149072527885437,-0.08149072527885437,-10.97068889066577,1.4613265147211456
2025-08-05 09:00:00,2.21367428,30.1,-0.2086162567138672,-0.2086162567138672,-10.89245779439807,2.005058023286133
2025-08-05 10:00:00,2.70342524,18.1,-0.5340576171875,-0.5340576171875,-10.692186187952757,2.1693676228125
2025-08-05 11:00:00,2.99227728,1.72,-1.3671875,-1.3671875,-10.179490875452757,1.6250897800000002
2025-08-05 12:00:00,3.10926792,0.8,-4.0,-4.0,-8.679490875452757,-0.8907320799999998
2025-08-05 13:00:00,3.04732016,0.85,-4.0,-4.0,-7.179490875452757,-0.95267984
2025-08-05 14:00:00,2.816277040000001,1.0,-3.5,-3.5,-5.866990875452757,-0.683722959999999
2025-08-05 15:00:00,2.39604468,1.01,-2.1875,-2.1875,-5.046678375452757,0.20854468000000015
2025-08-05 16:00:00,1.78574184,1.72,-0.8544921875,-0.8544921875,-4.726243805140257,0.9312496525
2025-08-05 17:00:00,1.00104252,0.66,-4.0,-4.0,-3.226243805140257,-2.99895748
2025-08-05 18:00:00,0.28755824,18.1,-0.3337860107421875,-0.3337860107421875,-3.1010740511119366,-0.04622777074218748
2025-08-05 19:00:00,0.04323048,56.0,-0.130385160446167,-0.130385160446167,-3.052179615944624,-0.08715468044616699
2025-08-05 20:00:00,0.0,84.21,0.0,0.0,-3.052179615944624,0.0
2025-08-05 21:00:00,0.0,102.62,0.0,0.0,-3.052179615944624,0.0
2025-08-05 22:00:00,0.0,98.36,0.0,0.0,-3.052179615944624,0.0
2025-08-05 23:00:00,0.0,83.16,0.0,0.0,-3.052179615944624,0.0
2025-08-06 00:00:00,0.0,81.35,0.0,0.0,-3.052179615944624,0.0
2025-08-06 01:00:00,0.0,80.32,-0.130385160446167,-0.130385160446167,-3.0032851807773113,-0.130385160446167
2025-08-06 02:00:00,0.0,80.0,-0.2086162567138672,-0.2086162567138672,-2.925054084509611,-0.2086162567138672
2025-08-06 03:00:00,0.0,80.4,0.0,0.0,-2.925054084509611,0.0
2025-08-06 04:00:00,0.0,85.72,0.0,0.0,-2.925054084509611,0.0
2025-08-06 05:00:00,0.0,97.35,0.0,0.0,-2.925054084509611,0.0
2025-08-06 06:00:00,0.10134008,94.0,0.0,0.0,-2.925054084509611,0.10134008
2025-08-06 07:00:00,0.66706792,104.41,0.0,0.0,-2.925054084509611,0.66706792
2025-08-06 08:00:00,1.49247808,97.35,0.0,0.0,-2.925054084509611,1.49247808
2025-08-06 09:00:00,2.16441284,76.95,-0.3337860107421875,-0.3337860107421875,-2.799884330481291,1.8306268292578123
2025-08-06 10:00:00,2.64745028,51.0,-0.8544921875,-0.8544921875,-2.479449760168791,1.7929580925000002
2025-08-06 11:00:00,2.9270104,27.67,-3.5,-3.5,-1.1669497601687908,-0.5729896000000001
2025-08-06 12:00:00,3.0653767200000006,28.4,-2.1875,-2.1875,-0.3466372601687908,0.8778767200000006
2025-08-06 13:00:00,2.9997452000000004,27.2,-4.0,-4.0,1.1533627398312092,-1.0002547999999996
2025-08-06 14:00:00,2.28181632,27.2,-4.0,-4.0,2.653362739831209,-1.71818368
2025-08-06 15:00:00,2.31678784,27.2,-4.0,-4.0,4.153362739831209,-1.68321216
2025-08-06 16:00:00,1.7315562400000002,28.8,-1.3671875,-1.3671875,4.666058052331209,0.3643687400000002
2025-08-06 17:00:00,0.96833328,52.0,-0.5340576171875,-0.5340576171875,4.866329658776522,0.43427566281249996
2025-08-06 18:00:00,0.30466892,80.32,-0.08149072527885437,-0.08149072527885437,4.896888680756092,0.22317819472114564
2025-08-06 19:00:00,0.03336356,106.22,0.0,0.0,4.896888680756092,0.03336356
2025-08-06 20:00:00,0.0,114.64,0.0,0.0,4.896888680756092,0.0
2025-08-06 21:00:00,0.0,170.0,4.0,1.5,0.8968886807560921,1.5
2025-08-06 22:00:00,0.0,150.01,4.0,1.5,-3.103111319243908,1.5
2025-08-06 23:00:00,0.0,115.43,0.0,0.0,-3.103111319243908,0.0
2025-08-07 00:00:00,0.0,116.95,0.0,0.0,-3.103111319243908,0.0
2025-08-07 01:00:00,0.0,108.66,0.0,0.0,-3.103111319243908,0.0
2025-08-07 02:00:00,0.0,105.0,-0.08149072527885437,-0.08149072527885437,-3.0725522972643375,-0.08149072527885437
2025-08-07 03:00:00,0.0,108.62,0.0,0.0,-3.0725522972643375,0.0
2025-08-07 04:00:00,0.0,107.96,0.0,0.0,-3.0725522972643375,0.0
2025-08-07 05:00:00,0.0,108.59,0.0,0.0,-3.0725522972643375,0.0
2025-08-07 06:00:00,0.10187348,114.7,0.0,0.0,-3.0725522972643375,0.10187348
2025-08-07 07:00:00,0.63364888,119.28,0.0,0.0,-3.0725522972643375,0.63364888
2025-08-07 08:00:00,0.8574471200000001,119.22,0.0,0.0,-3.0725522972643375,0.8574471200000001
2025-08-07 09:00:00,2.1265578400000003,80.43,-0.2086162567138672,-0.2086162567138672,-2.9943212009966373,1.917941583286133
2025-08-07 10:00:00,2.6246313600000004,50.0,-0.5340576171875,-0.5340576171875,-2.794049594551325,2.0905737428125004
2025-08-07 11:00:00,2.89923784,26.39,-4.0,-4.0,-1.2940495945513248,-1.10076216
2025-08-07 12:00:00,3.00568692,26.39,-4.0,-4.0,0.20595040544867516,-0.99431308
2025-08-07 13:00:00,2.98961992,28.42,-1.3671875,-1.3671875,0.7186457179486752,1.62243242
2025-08-07 14:00:00,2.76934232,27.2,-3.5,-3.5,2.031145717948675,-0.7306576800000002
2025-08-07 15:00:00,2.3639476000000004,26.39,-4.0,-4.0,3.531145717948675,-1.6360523999999996
2025-08-07 16:00:00,1.76241488,27.2,-2.1875,-2.1875,4.351458217948675,-0.4250851200000001
2025-08-07 17:00:00,0.9950981600000002,48.97,-0.8544921875,-0.8544921875,4.671892788261175,0.14060597250000018
2025-08-07 18:00:00,0.28343412,70.0,-0.3337860107421875,-0.3337860107421875,4.7970625422894955,-0.05035189074218749
2025-08-07 19:00:00,0.03767208,101.53,-0.130385160446167,-0.130385160446167,4.845956977456808,-0.092713080446167
2025-08-07 20:00:00,0.0,115.42,0.0,0.0,4.845956977456808,0.0
2025-08-07 21:00:00,0.0,145.01,4.0,1.5,0.8459569774568081,1.5
2025-08-07 22:00:00,0.0,125.16,4.0,1.5,-3.154043022543192,1.5
2025-08-07 23:00:00,0.0,110.0,0.0,0.0,-3.154043022543192,0.0
2025-08-08 00:00:00,0.0,106.54,0.0,0.0,-3.154043022543192,0.0
2025-08-08 01:00:00,0.0,103.4,-0.08149072527885437,-0.08149072527885437,-3.1234840005636215,-0.08149072527885437
2025-08-08 02:00:00,0.0,104.4,0.0,0.0,-3.1234840005636215,0.0
2025-08-08 03:00:00,0.0,103.52,0.0,0.0,-3.1234840005636215,0.0
2025-08-08 04:00:00,0.0,102.39,-0.130385160446167,-0.130385160446167,-3.074589565396309,-0.130385160446167
2025-08-08 05:00:00,0.0,104.72,0.0,0.0,-3.074589565396309,0.0
2025-08-08 06:00:00,0.07470236,105.68,0.0,0.0,-3.074589565396309,0.07470236
2025-08-08 07:00:00,0.72477616,110.46,0.0,0.0,-3.074589565396309,0.72477616
2025-08-08 08:00:00,1.647871,104.72,0.0,0.0,-3.074589565396309,1.647871
2025-08-08 09:00:00,2.36756436,68.65,-0.3337860107421875,-0.3337860107421875,-2.9494198113679886,2.0337783492578123
2025-08-08 10:00:00,2.8959781600000003,41.13,-0.8544921875,-0.8544921875,-2.6289852410554886,2.0414859725000003
2025-08-08 11:00:00,3.2243003600000004,20.75,-1.3671875,-1.3671875,-2.1162899285554886,1.8571128600000004
2025-08-08 12:00:00,3.3412264000000005,20.35,-4.0,-4.0,-0.6162899285554886,-0.6587735999999995
2025-08-08 13:00:00,3.2654823200000003,6.0,-4.0,-4.0,0.8837100714445114,-0.7345176799999997
2025-08-08 14:00:00,3.00789236,5.79,-4.0,-4.0,2.3837100714445114,-0.99210764
2025-08-08 15:00:00,2.54547324,20.35,-3.5,-3.5,3.6962100714445114,-0.9545267599999998
2025-08-08 16:00:00,1.91381688,20.35,-2.1875,-2.1875,4.516522571444511,-0.27368312000000006
2025-08-08 17:00:00,1.0622794800000002,69.6,-0.2086162567138672,-0.2086162567138672,4.594753667712212,0.853663223286133
2025-08-08 18:00:00,0.22863096,68.62,-0.5340576171875,-0.5340576171875,4.795025274157524,-0.3054266571875
2025-08-08 19:00:00,0.03203384,104.07,0.0,0.0,4.795025274157524,0.03203384
2025-08-08 20:00:00,0.0,109.9,0.0,0.0,4.795025274157524,0.0
2025-08-08 21:00:00,0.0,136.87,4.0,1.5,0.7950252741575241,1.5
2025-08-08 22:00:00,0.0,115.97,4.0,1.5,-3.204974725842476,1.5
2025-08-08 23:00:00,0.0,109.0,0.0,0.0,-3.204974725842476,0.0
2025-08-09 00:00:00,0.0,105.43,0.0,0.0,-3.204974725842476,0.0
2025-08-09 01:00:00,0.0,105.43,0.0,0.0,-3.204974725842476,0.0
2025-08-09 02:00:00,0.0,105.43,0.0,0.0,-3.204974725842476,0.0
2025-08-09 03:00:00,0.0,105.41,0.0,0.0,-3.204974725842476,0.0
2025-08-09 04:00:00,0.0,104.72,0.0,0.0,-3.204974725842476,0.0
2025-08-09 05:00:00,0.0,104.72,0.0,0.0,-3.204974725842476,0.0
2025-08-09 06:00:00,0.0675488,110.7,4.0,1.5,-7.204974725842476,1.5675488
2025-08-09 07:00:00,0.7329941999999999,113.12,4.0,1.5,-11.204974725842476,2.2329942
2025-08-09 08:00:00,1.66292644,102.07,0.0,0.0,-11.204974725842476,1.66292644
2025-08-09 09:00:00,2.38471232,43.09,-0.2086162567138672,-0.2086162567138672,-11.126743629574776,2.176096063286133
2025-08-09 10:00:00,2.9149003600000003,0.85,-0.8544921875,-0.8544921875,-10.806309059262276,2.0604081725000003
2025-08-09 11:00:00,3.24002904,0.2,-1.3671875,-1.3671875,-10.293613746762276,1.87284154
2025-08-09 12:00:00,3.33878728,0.1,-2.1875,-2.1875,-9.473301246762276,1.15128728
2025-08-09 13:00:00,3.27340352,0.0,-4.0,-4.0,-7.973301246762276,-0.72659648
2025-08-09 14:00:00,3.00845816,0.0,-4.0,-4.0,-6.473301246762276,-0.99154184
2025-08-09 15:00:00,2.546402,0.0,-4.0,-4.0,-4.973301246762276,-1.453598
2025-08-09 16:00:00,1.9065834400000004,0.0,-3.5,-3.5,-3.6608012467622757,-1.5934165599999996
2025-08-09 17:00:00,1.05026608,3.52,-0.5340576171875,-0.5340576171875,-3.460529640316963,0.5162084628125001
2025-08-09 18:00:00,0.24021816,28.61,-0.3337860107421875,-0.3337860107421875,-3.335359886288643,-0.09356785074218751
2025-08-09 19:00:00,0.03226076,69.99,-0.130385160446167,-0.130385160446167,-3.2864654511213303,-0.09812440044616699
2025-08-09 20:00:00,0.0,94.0,-0.08149072527885437,-0.08149072527885437,-3.25590642914176,-0.08149072527885437
2025-08-09 21:00:00,0.0,100.26,0.0,0.0,-3.25590642914176,0.0
2025-08-09 22:00:00,0.0,96.64,0.0,0.0,-3.25590642914176,0.0
2025-08-09 23:00:00,0.0,94.78,0.0,0.0,-3.25590642914176,0.0
2025-08-10 00:00:00,0.0,104.72,0.0,0.0,-3.25590642914176,0.0
2025-08-10 01:00:00,0.0,85.44,0.0,0.0,-3.25590642914176,0.0
2025-08-10 02:00:00,0.0,79.0,0.0,0.0,-3.25590642914176,0.0
2025-08-10 03:00:00,0.0,68.0,-0.08149072527885437,-0.08149072527885437,-3.2253474071621895,-0.08149072527885437
2025-08-10 04:00:00,0.0,85.0,0.0,0.0,-3.2253474071621895,0.0
2025-08-10 05:00:00,0.0,90.5,0.0,0.0,-3.2253474071621895,0.0
2025-08-10 06:00:00,0.06600972,96.44,0.0,0.0,-3.2253474071621895,0.06600972
2025-08-10 07:00:00,0.72174136,90.0,0.0,0.0,-3.2253474071621895,0.72174136
2025-08-10 08:00:00,1.63828096,49.9,-0.130385160446167,-0.130385160446167,-3.176452971994877,1.507895799553833
2025-08-10 09:00:00,2.34378944,0.0,-0.5340576171875,-0.5340576171875,-2.9761813655495644,1.8097318228125001
2025-08-10 10:00:00,2.8561400000000003,-0.25,-1.3671875,-1.3671875,-2.4634860530495644,1.4889525000000003
2025-08-10 11:00:00,3.1523768800000003,-0.25,-0.8544921875,-0.8544921875,-2.1430514827370644,2.2978846925000003
2025-08-10 12:00:00,3.233547,-0.5,-3.5,-3.5,-0.8305514827370644,-0.26645299999999983
2025-08-10 13:00:00,3.1481899200000005,-0.62,-4.0,-4.0,0.6694485172629356,-0.8518100799999995
2025-08-10 14:00:00,2.87287392,-0.6,-4.0,-4.0,2.1694485172629356,-1.12712608
2025-08-10 15:00:00,2.43535532,-0.6,-4.0,-4.0,3.6694485172629356,-1.5646446799999998
2025-08-10 16:00:00,1.82902436,-0.5,-2.1875,-2.1875,4.489761017262936,-0.35847564
2025-08-10 17:00:00,1.009064,1.72,-0.3337860107421875,-0.3337860107421875,4.614930771291256,0.6752779892578125
2025-08-10 18:00:00,0.22727024,26.5,-0.2086162567138672,-0.2086162567138672,4.693161867558956,0.018653983286132825
2025-08-10 19:00:00,0.0297002799999999,80.5,0.0,0.0,4.693161867558956,0.0297002799999999
2025-08-10 20:00:00,0.0,98.01,0.0,0.0,4.693161867558956,0.0
2025-08-10 21:00:00,0.0,130.0,4.0,1.5,0.6931618675589561,1.5
2025-08-10 22:00:00,0.0,136.87,4.0,1.5,-3.306838132441044,1.5
2025-08-10 23:00:00,0.0,112.98,0.0,0.0,-3.306838132441044,0.0
2025-08-11 00:00:00,0.0,109.7,0.0,0.0,-3.306838132441044,0.0
2025-08-11 01:00:00,0.0,100.43,0.0,0.0,-3.306838132441044,0.0
2025-08-11 02:00:00,0.0,100.0,0.0,0.0,-3.306838132441044,0.0
2025-08-11 03:00:00,0.0,99.89,0.0,0.0,-3.306838132441044,0.0
2025-08-11 04:00:00,0.0,99.18,-0.130385160446167,-0.130385160446167,-3.2579436972737312,-0.130385160446167
2025-08-11 05:00:00,0.0,99.89,0.0,0.0,-3.2579436972737312,0.0
2025-08-11 06:00:00,0.067357,99.65,-0.08149072527885437,-0.08149072527885437,-3.227384675294161,-0.01413372527885437
2025-08-11 07:00:00,0.6792256799999999,105.43,0.0,0.0,-3.227384675294161,0.6792256799999999
2025-08-11 08:00:00,1.56320032,100.61,0.0,0.0,-3.227384675294161,1.56320032
2025-08-11 09:00:00,2.2526246,63.6,-0.3337860107421875,-0.3337860107421875,-3.1022149212658405,1.9188385892578124
2025-08-11 10:00:00,2.75282132,45.0,-0.8544921875,-0.8544921875,-2.7817803509533405,1.8983291324999998
2025-08-11 11:00:00,3.0432163199999995,22.51,-2.1875,-2.1875,-1.9614678509533405,0.8557163199999995
2025-08-11 12:00:00,3.13869168,15.0,-4.0,-4.0,-0.46146785095334053,-0.86130832
2025-08-11 13:00:00,3.0271768,15.0,-3.5,-3.5,0.8510321490466595,-0.4728232000000001
2025-08-11 14:00:00,2.7579208,10.0,-4.0,-4.0,2.3510321490466595,-1.2420792
2025-08-11 15:00:00,2.34366604,9.0,-4.0,-4.0,3.8510321490466595,-1.65633396
2025-08-11 16:00:00,1.78130264,44.5,-1.3671875,-1.3671875,4.3637274615466595,0.41411514000000005
2025-08-11 17:00:00,0.98934184,57.97,-0.5340576171875,-0.5340576171875,4.563999067991972,0.45528422281250003
2025-08-11 18:00:00,0.2334022399999999,90.0,-0.2086162567138672,-0.2086162567138672,4.642230164259672,0.024785983286132712
2025-08-11 19:00:00,0.0,111.24,0.0,0.0,4.642230164259672,0.0
2025-08-11 20:00:00,0.0,135.09,4.0,1.5,0.6422301642596722,1.5
2025-08-11 21:00:00,0.0,144.41,4.0,1.5,-3.357769835740328,1.5
2025-08-11 22:00:00,0.0,133.51,0.0,0.0,-3.357769835740328,0.0
2025-08-11 23:00:00,0.0,110.91,0.0,0.0,-3.357769835740328,0.0
2025-08-12 00:00:00,0.0,109.13,0.0,0.0,-3.357769835740328,0.0
2025-08-12 01:00:00,0.0,99.94,0.0,0.0,-3.357769835740328,0.0
2025-08-12 02:00:00,0.0,104.72,0.0,0.0,-3.357769835740328,0.0
2025-08-12 03:00:00,0.0,104.38,0.0,0.0,-3.357769835740328,0.0
2025-08-12 04:00:00,0.0,103.0,0.0,0.0,-3.357769835740328,0.0
2025-08-12 05:00:00,0.0,104.38,0.0,0.0,-3.357769835740328,0.0
2025-08-12 06:00:00,0.0696802,99.18,-0.08149072527885437,-0.08149072527885437,-3.3272108137607574,-0.011810525278854372
2025-08-12 07:00:00,0.6735210400000001,109.7,0.0,0.0,-3.3272108137607574,0.6735210400000001
2025-08-12 08:00:00,1.55648856,98.69,-0.130385160446167,-0.130385160446167,-3.278316378593445,1.426103399553833
2025-08-12 09:00:00,2.24541484,96.13,-0.3337860107421875,-0.3337860107421875,-3.1531466245651245,1.9116288292578125
2025-08-12 10:00:00,2.7498767200000005,66.34,-0.8544921875,-0.8544921875,-2.8327120542526245,1.8953845325000005
2025-08-12 11:00:00,3.0500676,40.94,-2.1875,-2.1875,-2.0123995542526245,0.8625676000000002
2025-08-12 12:00:00,3.15941888,27.2,-4.0,-4.0,-0.5123995542526245,-0.84058112
2025-08-12 13:00:00,3.05994524,26.28,-4.0,-4.0,0.9876004457473755,-0.9400547600000002
2025-08-12 14:00:00,2.78306152,27.2,-4.0,-4.0,2.4876004457473755,-1.21693848
2025-08-12 15:00:00,2.35551332,35.05,-3.5,-3.5,3.8001004457473755,-1.14448668
2025-08-12 16:00:00,1.7775916,63.8,-1.3671875,-1.3671875,4.3127957582473755,0.41040410000000005
2025-08-12 17:00:00,0.977097,85.82,-0.5340576171875,-0.5340576171875,4.513067364692688,0.4430393828125
2025-08-12 18:00:00,0.22658964,96.78,-0.2086162567138672,-0.2086162567138672,4.591298460960388,0.01797338328613282
2025-08-12 19:00:00,0.0,121.86,0.0,0.0,4.591298460960388,0.0
2025-08-12 20:00:00,0.0,154.93,4.0,1.5,0.5912984609603882,1.5
2025-08-12 21:00:00,0.0,140.81,4.0,1.5,-3.408701539039612,1.5
2025-08-12 22:00:00,0.0,126.87,0.0,0.0,-3.408701539039612,0.0
2025-08-12 23:00:00,0.0,109.7,0.0,0.0,-3.408701539039612,0.0
2025-08-13 00:00:00,0.0,109.73,0.0,0.0,-3.408701539039612,0.0
2025-08-13 01:00:00,0.0,110.7,0.0,0.0,-3.408701539039612,0.0
2025-08-13 02:00:00,0.0,109.98,0.0,0.0,-3.408701539039612,0.0
2025-08-13 03:00:00,0.0,105.55,0.0,0.0,-3.408701539039612,0.0
2025-08-13 04:00:00,0.0,104.32,-0.2086162567138672,-0.2086162567138672,-3.3304704427719116,-0.2086162567138672
2025-08-13 05:00:00,0.0,104.32,-0.130385160446167,-0.130385160446167,-3.281576007604599,-0.130385160446167
2025-08-13 06:00:00,0.06384712,105.0,-0.08149072527885437,-0.08149072527885437,-3.2510169856250286,-0.017643605278854377
2025-08-13 07:00:00,0.65181904,121.17,0.0,0.0,-3.2510169856250286,0.65181904
2025-08-13 08:00:00,1.5101368,118.24,0.0,0.0,-3.2510169856250286,1.5101368
2025-08-13 09:00:00,2.19769996,94.1,-0.3337860107421875,-0.3337860107421875,-3.1258472315967083,1.8639139492578125
2025-08-13 10:00:00,2.68732828,90.0,-0.8544921875,-0.8544921875,-2.8054126612842083,1.8328360925
2025-08-13 11:00:00,2.99960168,71.0,-2.1875,-2.1875,-1.9851001612842083,0.81210168
2025-08-13 12:00:00,3.119855,63.48,-4.0,-4.0,-0.4851001612842083,-0.8801450000000002
2025-08-13 13:00:00,3.03110252,60.0,-4.0,-4.0,1.0148998387157917,-0.9688974799999999
2025-08-13 14:00:00,2.77351724,63.22,-4.0,-4.0,2.5148998387157917,-1.2264827600000001
2025-08-13 15:00:00,2.34577512,70.9,-3.5,-3.5,3.8273998387157917,-1.1542248800000001
2025-08-13 16:00:00,1.74305772,84.15,-1.3671875,-1.3671875,4.340095151215792,0.3758702199999999
2025-08-13 17:00:00,0.95277816,93.1,-0.5340576171875,-0.5340576171875,4.540366757661104,0.41872054281250004
2025-08-13 18:00:00,0.23034452,105.0,0.0,0.0,4.540366757661104,0.23034452
2025-08-13 19:00:00,0.0,107.23,0.0,0.0,4.540366757661104,0.0
2025-08-13 20:00:00,0.0,155.1,4.0,1.5,0.5403667576611042,1.5
2025-08-13 21:00:00,0.0,153.0,4.0,1.5,-3.459633242338896,1.5
2025-08-13 22:00:00,0.0,123.21,0.0,0.0,-3.459633242338896,0.0
2025-08-13 23:00:00,0.0,106.27,0.0,0.0,-3.459633242338896,0.0
2025-08-14 00:00:00,0.0,126.87,0.0,0.0,-3.459633242338896,0.0
2025-08-14 01:00:00,0.0,115.7,0.0,0.0,-3.459633242338896,0.0
2025-08-14 02:00:00,0.0,110.28,0.0,0.0,-3.459633242338896,0.0
2025-08-14 03:00:00,0.0,105.27,0.0,0.0,-3.459633242338896,0.0
2025-08-14 04:00:00,0.0,102.0,-0.08149072527885437,-0.08149072527885437,-3.4290742203593254,-0.08149072527885437
2025-08-14 05:00:00,0.0,101.12,-0.130385160446167,-0.130385160446167,-3.380179785192013,-0.130385160446167
2025-08-14 06:00:00,0.0684336,107.0,0.0,0.0,-3.380179785192013,0.0684336
2025-08-14 07:00:00,0.62272972,109.65,0.0,0.0,-3.380179785192013,0.62272972
2025-08-14 08:00:00,1.4464349200000002,99.31,-0.2086162567138672,-0.2086162567138672,-3.3019486889243126,1.237818663286133
2025-08-14 09:00:00,2.12725556,90.92,-0.3337860107421875,-0.3337860107421875,-3.1767789348959923,1.7934695492578125
2025-08-14 10:00:00,2.6312326,71.67,-1.3671875,-1.3671875,-2.6640836223959923,1.2640451000000001
2025-08-14 11:00:00,2.94346944,67.4,-3.5,-3.5,-1.3515836223959923,-0.5565305600000001
2025-08-14 12:00:00,3.07359856,54.01,-4.0,-4.0,0.14841637760400772,-0.9264014399999998
2025-08-14 13:00:00,2.98994804,40.91,-4.0,-4.0,1.6484163776040077,-1.0100519600000002
2025-08-14 14:00:00,2.75140484,54.9,-4.0,-4.0,3.1484163776040077,-1.2485951599999998
2025-08-14 15:00:00,2.3313472,69.43,-2.1875,-2.1875,3.9687288776040077,0.14384720000000017
2025-08-14 16:00:00,1.7414168,71.67,-0.8544921875,-0.8544921875,4.289163447916508,0.8869246125000001
2025-08-14 17:00:00,0.95459048,80.0,-0.5340576171875,-0.5340576171875,4.48943505436182,0.4205328628125
2025-08-14 18:00:00,0.22779272,102.0,0.0,0.0,4.48943505436182,0.22779272
2025-08-14 19:00:00,0.0,115.78,0.0,0.0,4.48943505436182,0.0
2025-08-14 20:00:00,0.0,137.99,4.0,1.5,0.4894350543618202,1.5
2025-08-14 21:00:00,0.0,149.02,4.0,1.5,-3.51056494563818,1.5
2025-08-14 22:00:00,0.0,125.88,0.0,0.0,-3.51056494563818,0.0
2025-08-14 23:00:00,0.0,111.92,0.0,0.0,-3.51056494563818,0.0
2025-08-15 00:00:00,0.0,119.07,0.0,0.0,-3.51056494563818,0.0
2025-08-15 01:00:00,0.0,105.3,0.0,0.0,-3.51056494563818,0.0
2025-08-15 02:00:00,0.0,99.9,0.0,0.0,-3.51056494563818,0.0
2025-08-15 03:00:00,0.0,96.22,0.0,0.0,-3.51056494563818,0.0
2025-08-15 04:00:00,0.0,93.66,0.0,0.0,-3.51056494563818,0.0
2025-08-15 05:00:00,0.0,91.16,-0.08149072527885437,-0.08149072527885437,-3.4800059236586094,-0.08149072527885437
2025-08-15 06:00:00,0.06496236,98.5,0.0,0.0,-3.4800059236586094,0.06496236
2025-08-15 07:00:00,0.65395216,97.52,0.0,0.0,-3.4800059236586094,0.65395216
2025-08-15 08:00:00,1.51684664,71.89,-0.130385160446167,-0.130385160446167,-3.4311114884912968,1.386461479553833
2025-08-15 09:00:00,2.1917,43.97,-0.3337860107421875,-0.3337860107421875,-3.3059417344629765,1.8579139892578125
2025-08-15 10:00:00,2.6537240000000004,6.0,-1.3671875,-1.3671875,-2.7932464219629765,1.2865365000000004
2025-08-15 11:00:00,2.9318942,3.0,-2.1875,-2.1875,-1.9729339219629765,0.7443941999999999
2025-08-15 12:00:00,3.04568688,0.08,-4.0,-4.0,-0.47293392196297646,-0.9543131200000001
2025-08-15 13:00:00,3.0068142800000004,0.0,-4.0,-4.0,1.0270660780370235,-0.9931857199999996
2025-08-15 14:00:00,2.78948768,0.0,-4.0,-4.0,2.5270660780370235,-1.2105123199999999
2025-08-15 15:00:00,2.34374096,1.72,-3.5,-3.5,3.8395660780370235,-1.1562590400000001
2025-08-15 16:00:00,1.72048416,23.53,-0.8544921875,-0.8544921875,4.1600006483495235,0.8659919725
2025-08-15 17:00:00,0.92895768,33.23,-0.5340576171875,-0.5340576171875,4.360272254794836,0.3949000628125
2025-08-15 18:00:00,0.25784364,61.12,-0.2086162567138672,-0.2086162567138672,4.438503351062536,0.0492273832861328
2025-08-15 19:00:00,0.0,100.82,0.0,0.0,4.438503351062536,0.0
2025-08-15 20:00:00,0.0,111.39,0.0,0.0,4.438503351062536,0.0
2025-08-15 21:00:00,0.0,144.75,4.0,1.5,0.43850335106253624,1.5
2025-08-15 22:00:00,0.0,142.0,4.0,1.5,-3.5614966489374638,1.5
2025-08-15 23:00:00,0.0,117.63,0.0,0.0,-3.5614966489374638,0.0
2025-08-16 00:00:00,0.0,118.82,0.0,0.0,-3.5614966489374638,0.0
2025-08-16 01:00:00,0.0,114.32,0.0,0.0,-3.5614966489374638,0.0
2025-08-16 02:00:00,0.0,109.69,0.0,0.0,-3.5614966489374638,0.0
2025-08-16 03:00:00,0.0,105.0,0.0,0.0,-3.5614966489374638,0.0
2025-08-16 04:00:00,0.0,104.28,0.0,0.0,-3.5614966489374638,0.0
2025-08-16 05:00:00,0.0,105.35,0.0,0.0,-3.5614966489374638,0.0
2025-08-16 06:00:00,0.06510392,108.43,0.0,0.0,-3.5614966489374638,0.06510392
2025-08-16 07:00:00,0.6615039200000001,111.19,0.0,0.0,-3.5614966489374638,0.6615039200000001
2025-08-16 08:00:00,1.5636114799999998,103.67,-0.08149072527885437,-0.08149072527885437,-3.5309376269578934,1.4821207547211455
2025-08-16 09:00:00,2.26853432,60.93,-0.3337860107421875,-0.3337860107421875,-3.405767872929573,1.9347483092578126
2025-08-16 10:00:00,2.78631396,26.28,-0.5340576171875,-0.5340576171875,-3.2054962664842606,2.2522563428125
2025-08-16 11:00:00,3.08877228,3.8,-1.3671875,-1.3671875,-2.6928009539842606,1.7215847800000001
2025-08-16 12:00:00,3.19361252,2.01,-4.0,-4.0,-1.1928009539842606,-0.8063874800000002
2025-08-16 13:00:00,3.1165492,2.01,-3.5,-3.5,0.11969904601573944,-0.38345079999999987
2025-08-16 14:00:00,2.8628378800000003,0.66,-4.0,-4.0,1.6196990460157394,-1.1371621199999997
2025-08-16 15:00:00,2.41003808,1.1,-4.0,-4.0,3.1196990460157394,-1.58996192
2025-08-16 16:00:00,1.77764952,3.6,-2.1875,-2.1875,3.9400115460157394,-0.40985048
2025-08-16 17:00:00,0.94937256,21.52,-0.8544921875,-0.8544921875,4.260446116328239,0.09488037250000003
2025-08-16 18:00:00,0.209679,68.8,-0.2086162567138672,-0.2086162567138672,4.33867721259594,0.0010627432861328168
2025-08-16 19:00:00,0.0,100.0,-0.130385160446167,-0.130385160446167,4.387571647763252,-0.130385160446167
2025-08-16 20:00:00,0.0,111.05,0.0,0.0,4.387571647763252,0.0
2025-08-16 21:00:00,0.0,144.0,4.0,1.5,0.38757164776325226,1.5
2025-08-16 22:00:00,0.0,137.0,4.0,1.5,-3.6124283522367477,1.5
2025-08-16 23:00:00,0.0,117.65,0.0,0.0,-3.6124283522367477,0.0
2025-08-17 00:00:00,0.0,118.58,0.0,0.0,-3.6124283522367477,0.0
2025-08-17 01:00:00,0.0,113.12,0.0,0.0,-3.6124283522367477,0.0
2025-08-17 02:00:00,0.0,106.27,0.0,0.0,-3.6124283522367477,0.0
2025-08-17 03:00:00,0.0,104.59,0.0,0.0,-3.6124283522367477,0.0
2025-08-17 04:00:00,0.0,104.66,0.0,0.0,-3.6124283522367477,0.0
2025-08-17 05:00:00,0.0,105.01,0.0,0.0,-3.6124283522367477,0.0
2025-08-17 06:00:00,0.0518088,104.34,0.0,0.0,-3.6124283522367477,0.0518088
2025-08-17 07:00:00,0.60519936,96.99,-0.08149072527885437,-0.08149072527885437,-3.5818693302571774,0.5237086347211456
2025-08-17 08:00:00,1.43034324,101.12,0.0,0.0,-3.5818693302571774,1.43034324
2025-08-17 09:00:00,2.09904792,27.2,-0.3337860107421875,-0.3337860107421875,-3.456699576228857,1.7652619092578123
2025-08-17 10:00:00,2.574473,9.7,-0.8544921875,-0.8544921875,-3.136265005916357,1.7199808124999998
2025-08-17 11:00:00,2.8502559200000004,2.01,-2.1875,-2.1875,-2.315952505916357,0.6627559200000004
2025-08-17 12:00:00,2.9574649200000005,0.65,-4.0,-4.0,-0.815952505916357,-1.0425350799999995
2025-08-17 13:00:00,2.89874768,0.65,-4.0,-4.0,0.684047494083643,-1.10125232
2025-08-17 14:00:00,2.66118448,0.65,-4.0,-4.0,2.184047494083643,-1.3388155199999998
2025-08-17 15:00:00,2.24892556,0.65,-3.5,-3.5,3.496547494083643,-1.25107444
2025-08-17 16:00:00,1.6703357600000002,5.13,-1.3671875,-1.3671875,4.009242806583643,0.30314826000000017
2025-08-17 17:00:00,0.90040232,16.72,-0.5340576171875,-0.5340576171875,4.2095144130289555,0.3663447028125
2025-08-17 18:00:00,0.20737904,51.45,-0.2086162567138672,-0.2086162567138672,4.287745509296656,-0.0012372167138672008
2025-08-17 19:00:00,0.0,94.03,-0.130385160446167,-0.130385160446167,4.336639944463968,-0.130385160446167
2025-08-17 20:00:00,0.0,113.12,0.0,0.0,4.336639944463968,0.0
2025-08-17 21:00:00,0.0,124.65,4.0,1.5,0.3366399444639683,1.5
2025-08-17 22:00:00,0.0,131.25,4.0,1.5,-3.6633600555360317,1.5
2025-08-17 23:00:00,0.0,117.67,0.0,0.0,-3.6633600555360317,0.0
2025-08-18 00:00:00,0.0,109.52,0.0,0.0,-3.6633600555360317,0.0
2025-08-18 01:00:00,0.0,105.54,0.0,0.0,-3.6633600555360317,0.0
2025-08-18 02:00:00,0.0,104.3,0.0,0.0,-3.6633600555360317,0.0
2025-08-18 03:00:00,0.0,103.1,-0.130385160446167,-0.130385160446167,-3.614465620368719,-0.130385160446167
2025-08-18 04:00:00,0.0,99.82,-0.3337860107421875,-0.3337860107421875,-3.489295866340399,-0.3337860107421875
2025-08-18 05:00:00,0.0,101.12,-0.2086162567138672,-0.2086162567138672,-3.4110647700726986,-0.2086162567138672
2025-08-18 06:00:00,0.05105096,105.34,0.0,0.0,-3.4110647700726986,0.05105096
2025-08-18 07:00:00,0.6410836400000001,106.54,0.0,0.0,-3.4110647700726986,0.6410836400000001
2025-08-18 08:00:00,1.5026028400000002,106.54,0.0,0.0,-3.4110647700726986,1.5026028400000002
2025-08-18 09:00:00,2.16654,104.56,0.0,0.0,-3.4110647700726986,2.16654
2025-08-18 10:00:00,2.6216535600000004,97.52,-0.5340576171875,-0.5340576171875,-3.210793163627386,2.0875959428125004
2025-08-18 11:00:00,2.9018926,75.59,-1.3671875,-1.3671875,-2.698097851127386,1.5347051
2025-08-18 12:00:00,3.0377156800000007,69.0,-4.0,-4.0,-1.198097851127386,-0.9622843199999993
2025-08-18 13:00:00,2.9989021200000003,69.0,-3.5,-3.5,0.1144021488726139,-0.5010978799999997
2025-08-18 14:00:00,2.76593904,67.9,-4.0,-4.0,1.614402148872614,-1.2340609599999999
2025-08-18 15:00:00,2.3485033600000005,60.0,-4.0,-4.0,3.114402148872614,-1.6514966399999995
2025-08-18 16:00:00,1.7486838800000002,69.26,-2.1875,-2.1875,3.934714648872614,-0.4388161199999998
2025-08-18 17:00:00,0.93353276,84.53,-0.8544921875,-0.8544921875,4.255149219185114,0.07904057249999996
2025-08-18 18:00:00,0.19217276,104.07,-0.08149072527885437,-0.08149072527885437,4.285708241164684,0.11068203472114563
2025-08-18 19:00:00,0.0,115.06,0.0,0.0,4.285708241164684,0.0
2025-08-18 20:00:00,0.0,120.0,4.0,1.5,0.2857082411646843,1.5
2025-08-18 21:00:00,0.0,120.76,4.0,1.5,-3.7142917588353157,1.5
2025-08-18 22:00:00,0.0,114.32,0.0,0.0,-3.7142917588353157,0.0
2025-08-18 23:00:00,0.0,106.84,0.0,0.0,-3.7142917588353157,0.0
2025-08-19 00:00:00,0.0,103.06,0.0,0.0,-3.7142917588353157,0.0
2025-08-19 01:00:00,0.0,101.12,0.0,0.0,-3.7142917588353157,0.0
2025-08-19 02:00:00,0.0,98.1,0.0,0.0,-3.7142917588353157,0.0
2025-08-19 03:00:00,0.0,92.41,0.0,0.0,-3.7142917588353157,0.0
2025-08-19 04:00:00,0.0,90.37,-0.08149072527885437,-0.08149072527885437,-3.6837327368557453,-0.08149072527885437
2025-08-19 05:00:00,0.0,91.4,0.0,0.0,-3.6837327368557453,0.0
2025-08-19 06:00:00,0.05170248,99.0,0.0,0.0,-3.6837327368557453,0.05170248
2025-08-19 07:00:00,0.67026728,102.82,0.0,0.0,-3.6837327368557453,0.67026728
2025-08-19 08:00:00,1.56634432,98.1,0.0,0.0,-3.6837327368557453,1.56634432
2025-08-19 09:00:00,2.24749956,88.57,-0.2086162567138672,-0.2086162567138672,-3.605501640588045,2.038883303286133
2025-08-19 10:00:00,2.72036528,69.64,-0.3337860107421875,-0.3337860107421875,-3.480331886559725,2.3865792692578127
2025-08-19 11:00:00,2.95067572,43.23,-2.1875,-2.1875,-2.660019386559725,0.76317572
2025-08-19 12:00:00,2.9910923200000004,30.0,-4.0,-4.0,-1.1600193865597248,-1.0089076799999996
2025-08-19 13:00:00,2.93328456,29.14,-4.0,-4.0,0.3399806134402752,-1.0667154399999998
2025-08-19 14:00:00,2.71886316,30.91,-4.0,-4.0,1.8399806134402752,-1.2811368399999998
2025-08-19 15:00:00,2.32001232,40.54,-3.5,-3.5,3.152480613440275,-1.17998768
2025-08-19 16:00:00,1.7335070800000003,46.8,-1.3671875,-1.3671875,3.665175925940275,0.3663195800000003
2025-08-19 17:00:00,0.926766,48.7,-0.8544921875,-0.8544921875,3.985610496252775,0.07227381249999998
2025-08-19 18:00:00,0.1766354,62.2,-0.5340576171875,-0.5340576171875,4.185882102698088,-0.3574222171875
2025-08-19 19:00:00,0.0,88.97,-0.130385160446167,-0.130385160446167,4.2347765378654,-0.130385160446167
2025-08-19 20:00:00,0.0,97.74,0.0,0.0,4.2347765378654,0.0
2025-08-19 21:00:00,0.0,106.85,4.0,1.5,0.23477653786540031,1.5
2025-08-19 22:00:00,0.0,106.54,4.0,1.5,-3.7652234621345997,1.5
2025-08-19 23:00:00,0.0,99.0,0.0,0.0,-3.7652234621345997,0.0
2025-08-20 00:00:00,0.0,95.58,0.0,0.0,-3.7652234621345997,0.0
2025-08-20 01:00:00,0.0,88.03,0.0,0.0,-3.7652234621345997,0.0
2025-08-20 02:00:00,0.0,83.0,0.0,0.0,-3.7652234621345997,0.0
2025-08-20 03:00:00,0.0,81.0,0.0,0.0,-3.7652234621345997,0.0
2025-08-20 04:00:00,0.0,76.2,-0.08149072527885437,-0.08149072527885437,-3.7346644401550293,-0.08149072527885437
2025-08-20 05:00:00,0.0,82.0,0.0,0.0,-3.7346644401550293,0.0
2025-08-20 06:00:00,0.05044976,88.46,0.0,0.0,-3.7346644401550293,0.05044976
2025-08-20 07:00:00,0.63869884,96.54,0.0,0.0,-3.7346644401550293,0.63869884
2025-08-20 08:00:00,1.513794,89.81,0.0,0.0,-3.7346644401550293,1.513794
2025-08-20 09:00:00,2.20915324,71.55,-0.130385160446167,-0.130385160446167,-3.6857700049877167,2.078768079553833
2025-08-20 10:00:00,2.70889836,49.8,-0.5340576171875,-0.5340576171875,-3.485498398542404,2.1748407428125
2025-08-20 11:00:00,3.03087036,49.9,-0.3337860107421875,-0.3337860107421875,-3.360328644514084,2.6970843492578127
2025-08-20 12:00:00,3.15906328,49.02,-1.3671875,-1.3671875,-2.847633332014084,1.7918757799999998
2025-08-20 13:00:00,3.07400988,35.0,-3.5,-3.5,-1.5351333320140839,-0.4259901199999998
2025-08-20 14:00:00,2.8002740000000004,31.53,-4.0,-4.0,-0.03513333201408386,-1.1997259999999996
2025-08-20 15:00:00,2.34026808,27.2,-4.0,-4.0,1.4648666679859161,-1.65973192
2025-08-20 16:00:00,1.7125558,27.99,-4.0,-4.0,2.964866667985916,-2.2874442
2025-08-20 17:00:00,0.90247196,37.0,-2.1875,-2.1875,3.785179167985916,-1.28502804
2025-08-20 18:00:00,0.19597172,49.27,-0.8544921875,-0.8544921875,4.105613738298416,-0.6585204675
2025-08-20 19:00:00,0.0,69.27,-0.2086162567138672,-0.2086162567138672,4.183844834566116,-0.2086162567138672
2025-08-20 20:00:00,0.0,78.73,0.0,0.0,4.183844834566116,0.0
2025-08-20 21:00:00,0.0,100.07,4.0,1.5,0.18384483456611633,1.5
2025-08-20 22:00:00,0.0,97.52,4.0,1.5,-3.8161551654338837,1.5
2025-08-20 23:00:00,0.0,84.98,0.0,0.0,-3.8161551654338837,0.0
2025-08-21 00:00:00,0.0,95.28,4.0,1.5,-7.816155165433884,1.5
2025-08-21 01:00:00,0.0,88.88,0.0,0.0,-7.816155165433884,0.0
2025-08-21 02:00:00,0.0,85.26,0.0,0.0,-7.816155165433884,0.0
2025-08-21 03:00:00,0.0,83.68,0.0,0.0,-7.816155165433884,0.0
2025-08-21 04:00:00,0.0,82.1,0.0,0.0,-7.816155165433884,0.0
2025-08-21 05:00:00,0.0,84.0,0.0,0.0,-7.816155165433884,0.0
2025-08-21 06:00:00,0.0564478,85.82,0.0,0.0,-7.816155165433884,0.0564478
2025-08-21 07:00:00,0.6126218,101.12,4.0,1.5,-11.816155165433884,2.1126218
2025-08-21 08:00:00,1.4657540400000002,85.26,0.0,0.0,-11.816155165433884,1.4657540400000002
2025-08-21 09:00:00,2.1704162,50.2,-0.130385160446167,-0.130385160446167,-11.767260730266571,2.040031039553833
2025-08-21 10:00:00,2.701134,25.67,-0.3337860107421875,-0.3337860107421875,-11.64209097623825,2.3673479892578126
2025-08-21 11:00:00,3.0408458,10.0,-0.8544921875,-0.8544921875,-11.32165640592575,2.1863536125
2025-08-21 12:00:00,3.146271,7.89,-1.3671875,-1.3671875,-10.80896109342575,1.7790835
2025-08-21 13:00:00,3.0660285600000003,5.11,-4.0,-4.0,-9.30896109342575,-0.9339714399999997
2025-08-21 14:00:00,2.80730496,5.11,-4.0,-4.0,-7.808961093425751,-1.1926950399999998
2025-08-21 15:00:00,2.33317416,4.31,-4.0,-4.0,-6.308961093425751,-1.66682584
2025-08-21 16:00:00,1.707004,5.79,-3.5,-3.5,-4.996461093425751,-1.792996
2025-08-21 17:00:00,0.8950139200000001,6.0,-2.1875,-2.1875,-4.176148593425751,-1.2924860799999998
2025-08-21 18:00:00,0.19764308,25.0,-0.5340576171875,-0.5340576171875,-3.9758769869804382,-0.33641453718750003
2025-08-21 19:00:00,0.0,50.0,-0.2086162567138672,-0.2086162567138672,-3.897645890712738,-0.2086162567138672
2025-08-21 20:00:00,0.0,77.84,0.0,0.0,-3.897645890712738,0.0
2025-08-21 21:00:00,0.0,83.26,0.0,0.0,-3.897645890712738,0.0
2025-08-21 22:00:00,0.0,75.0,0.0,0.0,-3.897645890712738,0.0
2025-08-21 23:00:00,0.0,71.6,-0.08149072527885437,-0.08149072527885437,-3.8670868687331676,-0.08149072527885437
2025-08-22 00:00:00,0.0,77.1,0.0,0.0,-3.8670868687331676,0.0
2025-08-22 01:00:00,0.0,72.0,0.0,0.0,-3.8670868687331676,0.0
2025-08-22 02:00:00,0.0,68.01,-0.08149072527885437,-0.08149072527885437,-3.8365278467535973,-0.08149072527885437
2025-08-22 03:00:00,0.0,65.2,-0.130385160446167,-0.130385160446167,-3.7876334115862846,-0.130385160446167
2025-08-22 04:00:00,0.0,70.01,0.0,0.0,-3.7876334115862846,0.0
2025-08-22 05:00:00,0.0,69.81,0.0,0.0,-3.7876334115862846,0.0
2025-08-22 06:00:00,0.0508420799999999,71.03,0.0,0.0,-3.7876334115862846,0.0508420799999999
2025-08-22 07:00:00,0.63515604,78.06,0.0,0.0,-3.7876334115862846,0.63515604
2025-08-22 08:00:00,1.5057432,75.1,0.0,0.0,-3.7876334115862846,1.5057432
2025-08-22 09:00:00,2.19022344,49.67,-0.2086162567138672,-0.2086162567138672,-3.7094023153185844,1.9816071832861328
2025-08-22 10:00:00,2.67542012,15.57,-0.8544921875,-0.8544921875,-3.3889677450060844,1.8209279325
2025-08-22 11:00:00,2.9598374800000005,5.11,-4.0,-4.0,-1.8889677450060844,-1.0401625199999995
2025-08-22 12:00:00,3.0602774800000003,4.31,-4.0,-4.0,-0.38896774500608444,-0.9397225199999997
2025-08-22 13:00:00,2.99605448,5.79,-2.1875,-2.1875,0.43134475499391556,0.8085544800000002
2025-08-22 14:00:00,2.75477572,5.37,-3.5,-3.5,1.7438447549939156,-0.74522428
2025-08-22 15:00:00,2.3247198,5.01,-4.0,-4.0,3.2438447549939156,-1.6752802
2025-08-22 16:00:00,1.7177945600000002,5.79,-1.3671875,-1.3671875,3.7565400674939156,0.3506070600000002
2025-08-22 17:00:00,0.8962346000000001,20.0,-0.5340576171875,-0.5340576171875,3.956811673939228,0.3621769828125001
2025-08-22 18:00:00,0.18126292,35.2,-0.3337860107421875,-0.3337860107421875,4.081981427967548,-0.1525230907421875
2025-08-22 19:00:00,0.0,84.56,0.0,0.0,4.081981427967548,0.0
2025-08-22 20:00:00,0.0,104.53,4.0,1.5,0.08198142796754837,1.5
2025-08-22 21:00:00,0.0,103.49,4.0,1.5,-3.9180185720324516,1.5
2025-08-22 22:00:00,0.0,101.59,0.0,0.0,-3.9180185720324516,0.0
2025-08-22 23:00:00,0.0,94.37,0.0,0.0,-3.9180185720324516,0.0
2025-08-23 00:00:00,0.0,95.33,0.0,0.0,-3.9180185720324516,0.0
2025-08-23 01:00:00,0.0,89.32,0.0,0.0,-3.9180185720324516,0.0
2025-08-23 02:00:00,0.0,80.94,0.0,0.0,-3.9180185720324516,0.0
2025-08-23 03:00:00,0.0,78.21,-0.08149072527885437,-0.08149072527885437,-3.8874595500528812,-0.08149072527885437
2025-08-23 04:00:00,0.0,76.06,-0.130385160446167,-0.130385160446167,-3.8385651148855686,-0.130385160446167
2025-08-23 05:00:00,0.0,79.1,0.0,0.0,-3.8385651148855686,0.0
2025-08-23 06:00:00,0.05086072,84.28,0.0,0.0,-3.8385651148855686,0.05086072
2025-08-23 07:00:00,0.59878528,86.42,0.0,0.0,-3.8385651148855686,0.59878528
2025-08-23 08:00:00,1.41358948,79.15,0.0,0.0,-3.8385651148855686,1.41358948
2025-08-23 09:00:00,2.054152,55.02,-0.3337860107421875,-0.3337860107421875,-3.7133953608572483,1.7203659892578127
2025-08-23 10:00:00,2.52822088,15.85,-0.8544921875,-0.8544921875,-3.3929607905447483,1.6737286925000001
2025-08-23 11:00:00,2.8748756,3.46,-3.5,-3.5,-2.0804607905447483,-0.6251243999999998
2025-08-23 12:00:00,3.03968696,1.82,-4.0,-4.0,-0.5804607905447483,-0.96031304
2025-08-23 13:00:00,3.0016630400000004,3.0,-4.0,-4.0,0.9195392094552517,-0.9983369599999996
2025-08-23 14:00:00,2.74556864,0.65,-4.0,-4.0,2.4195392094552517,-1.2544313599999999
2025-08-23 15:00:00,2.3129664,3.52,-2.1875,-2.1875,3.2398517094552517,0.1254664000000001
2025-08-23 16:00:00,1.6867038399999998,11.99,-1.3671875,-1.3671875,3.7525470219552517,0.31951633999999984
2025-08-23 17:00:00,0.8821333199999999,38.38,-0.5340576171875,-0.5340576171875,3.952818628400564,0.3480757028124999
2025-08-23 18:00:00,0.19590364,64.64,-0.2086162567138672,-0.2086162567138672,4.031049724668264,-0.012712616713867197
2025-08-23 19:00:00,0.0,106.96,0.0,0.0,4.031049724668264,0.0
2025-08-23 20:00:00,0.0,118.85,4.0,1.5,0.03104972466826439,1.5
2025-08-23 21:00:00,0.0,130.87,4.0,1.5,-3.9689502753317356,1.5
2025-08-23 22:00:00,0.0,111.16,0.0,0.0,-3.9689502753317356,0.0
2025-08-23 23:00:00,0.0,108.96,0.0,0.0,-3.9689502753317356,0.0
2025-08-24 00:00:00,0.0,106.0,0.0,0.0,-3.9689502753317356,0.0
2025-08-24 01:00:00,0.0,101.12,0.0,0.0,-3.9689502753317356,0.0
2025-08-24 02:00:00,0.0,97.52,0.0,0.0,-3.9689502753317356,0.0
2025-08-24 03:00:00,0.0,94.24,0.0,0.0,-3.9689502753317356,0.0
2025-08-24 04:00:00,0.0,93.76,-0.08149072527885437,-0.08149072527885437,-3.9383912533521652,-0.08149072527885437
2025-08-24 05:00:00,0.0,94.0,0.0,0.0,-3.9383912533521652,0.0
2025-08-24 06:00:00,0.04610588,94.24,0.0,0.0,-3.9383912533521652,0.04610588
2025-08-24 07:00:00,0.5757936,95.96,0.0,0.0,-3.9383912533521652,0.5757936
2025-08-24 08:00:00,1.41448468,75.0,-0.130385160446167,-0.130385160446167,-3.8894968181848526,1.284099519553833
2025-08-24 09:00:00,1.7364812400000005,25.0,-0.3337860107421875,-0.3337860107421875,-3.7643270641565323,1.402695229257813
2025-08-24 10:00:00,2.5362442,0.0,-2.1875,-2.1875,-2.9440145641565323,0.34874420000000006
2025-08-24 11:00:00,2.8217877600000003,-0.01,-4.0,-4.0,-1.4440145641565323,-1.1782122399999997
2025-08-24 12:00:00,2.51281668,-0.01,-4.0,-4.0,0.05598543584346771,-1.4871833200000002
2025-08-24 13:00:00,2.67602476,0.0,-1.3671875,-1.3671875,0.5686807483434677,1.3088372599999998
2025-08-24 14:00:00,2.1699824,-0.01,-3.5,-3.5,1.8811807483434677,-1.3300176000000001
2025-08-24 15:00:00,2.3041858,-0.1,-4.0,-4.0,3.3811807483434677,-1.6958142
2025-08-24 16:00:00,1.6721138399999995,0.0,-0.8544921875,-0.8544921875,3.7016153186559677,0.8176216524999995
2025-08-24 17:00:00,0.85972672,12.93,-0.5340576171875,-0.5340576171875,3.90188692510128,0.32566910281250006
2025-08-24 18:00:00,0.19492772,61.15,-0.2086162567138672,-0.2086162567138672,3.9801180213689804,-0.013688536713867189
2025-08-24 19:00:00,0.0,98.57,0.0,0.0,3.9801180213689804,0.0
2025-08-24 20:00:00,0.0,114.99,4.0,1.5,-0.019881978631019592,1.5
2025-08-24 21:00:00,0.0,114.32,4.0,1.5,-4.01988197863102,1.5
2025-08-24 22:00:00,0.0,111.92,0.0,0.0,-4.01988197863102,0.0
2025-08-24 23:00:00,0.0,105.77,0.0,0.0,-4.01988197863102,0.0
2025-08-25 00:00:00,0.0,111.92,0.0,0.0,-4.01988197863102,0.0
2025-08-25 01:00:00,0.0,107.5,0.0,0.0,-4.01988197863102,0.0
2025-08-25 02:00:00,0.0,104.99,-0.08149072527885437,-0.08149072527885437,-3.989322956651449,-0.08149072527885437
2025-08-25 03:00:00,0.0,101.12,-0.130385160446167,-0.130385160446167,-3.9404285214841366,-0.130385160446167
2025-08-25 04:00:00,0.0,98.35,-0.2086162567138672,-0.2086162567138672,-3.8621974252164364,-0.2086162567138672
2025-08-25 05:00:00,0.0,104.99,0.0,0.0,-3.8621974252164364,0.0
2025-08-25 06:00:00,0.03506688,108.73,0.0,0.0,-3.8621974252164364,0.03506688
2025-08-25 07:00:00,0.40172872,114.32,0.0,0.0,-3.8621974252164364,0.40172872
2025-08-25 08:00:00,0.82984472,114.32,0.0,0.0,-3.8621974252164364,0.82984472
2025-08-25 09:00:00,1.6662495999999998,108.32,0.0,0.0,-3.8621974252164364,1.6662495999999998
2025-08-25 10:00:00,2.06471792,89.51,-0.5340576171875,-0.5340576171875,-3.661925818771124,1.5306603028125
2025-08-25 11:00:00,2.16309696,65.01,-1.3671875,-1.3671875,-3.149230506271124,0.7959094599999998
2025-08-25 12:00:00,3.0758488400000004,55.2,-3.5,-3.5,-1.8367305062711239,-0.42415115999999964
2025-08-25 13:00:00,3.06134268,35.0,-4.0,-4.0,-0.3367305062711239,-0.9386573199999999
2025-08-25 14:00:00,2.35522772,26.17,-4.0,-4.0,1.1632694937288761,-1.6447722800000002
2025-08-25 15:00:00,1.5166358400000002,25.2,-4.0,-4.0,2.663269493728876,-2.48336416
2025-08-25 16:00:00,1.13737516,56.43,-2.1875,-2.1875,3.483581993728876,-1.05012484
2025-08-25 17:00:00,0.7706216,70.1,-0.8544921875,-0.8544921875,3.804016564041376,-0.08387058749999998
2025-08-25 18:00:00,0.18860532,97.43,-0.3337860107421875,-0.3337860107421875,3.9291863180696964,-0.1451806907421875
2025-08-25 19:00:00,0.0,114.78,0.0,0.0,3.9291863180696964,0.0
2025-08-25 20:00:00,0.0,125.95,4.0,1.5,-0.07081368193030357,1.5
2025-08-25 21:00:00,0.0,142.0,4.0,1.5,-4.070813681930304,1.5
2025-08-25 22:00:00,0.0,123.11,0.0,0.0,-4.070813681930304,0.0
2025-08-25 23:00:00,0.0,114.68,0.0,0.0,-4.070813681930304,0.0
2025-08-26 00:00:00,0.0,106.76,0.0,0.0,-4.070813681930304,0.0
2025-08-26 01:00:00,0.0,102.4,0.0,0.0,-4.070813681930304,0.0
2025-08-26 02:00:00,0.0,99.99,-0.08149072527885437,-0.08149072527885437,-4.040254659950733,-0.08149072527885437
2025-08-26 03:00:00,0.0,99.6,-0.130385160446167,-0.130385160446167,-3.9913602247834206,-0.130385160446167
2025-08-26 04:00:00,0.0,100.78,0.0,0.0,-3.9913602247834206,0.0
2025-08-26 05:00:00,0.0,102.4,0.0,0.0,-3.9913602247834206,0.0
2025-08-26 06:00:00,0.03487928,109.52,0.0,0.0,-3.9913602247834206,0.03487928
2025-08-26 07:00:00,0.01008412,125.95,4.0,1.5,-7.991360224783421,1.51008412
2025-08-26 08:00:00,0.28046828,112.79,0.0,0.0,-7.991360224783421,0.28046828
2025-08-26 09:00:00,0.74545124,97.52,-0.2086162567138672,-0.2086162567138672,-7.91312912851572,0.5368349832861328
2025-08-26 10:00:00,0.464715,70.0,-0.5340576171875,-0.5340576171875,-7.712857522070408,-0.06934261718750001
2025-08-26 11:00:00,1.76734652,60.65,-1.3671875,-1.3671875,-7.200162209570408,0.40015902000000003
2025-08-26 12:00:00,3.10726636,41.25,-4.0,-4.0,-5.700162209570408,-0.8927336399999999
2025-08-26 13:00:00,2.59384172,26.28,-4.0,-4.0,-4.200162209570408,-1.40615828
2025-08-26 14:00:00,1.7860112,38.05,-4.0,-4.0,-2.700162209570408,-2.2139888
2025-08-26 15:00:00,1.7025633999999998,47.44,-3.5,-3.5,-1.3876622095704079,-1.7974366000000002
2025-08-26 16:00:00,1.26573924,60.0,-2.1875,-2.1875,-0.5673497095704079,-0.92176076
2025-08-26 17:00:00,0.78123588,65.03,-0.8544921875,-0.8544921875,-0.24691513925790787,-0.0732563075
2025-08-26 18:00:00,0.2262342,76.1,-0.3337860107421875,-0.3337860107421875,-0.12174538522958755,-0.1075518107421875
2025-08-26 19:00:00,0.0,103.14,0.0,0.0,-0.12174538522958755,0.0
2025-08-26 20:00:00,0.0,117.0,0.0,0.0,-0.12174538522958755,0.0
2025-08-26 21:00:00,0.0,123.46,4.0,1.5,-4.1217453852295876,1.5
2025-08-26 22:00:00,0.0,113.12,0.0,0.0,-4.1217453852295876,0.0
2025-08-26 23:00:00,0.0,106.79,0.0,0.0,-4.1217453852295876,0.0
2025-08-27 00:00:00,0.0,109.1,0.0,0.0,-4.1217453852295876,0.0
2025-08-27 01:00:00,0.0,102.84,0.0,0.0,-4.1217453852295876,0.0
2025-08-27 02:00:00,0.0,101.12,0.0,0.0,-4.1217453852295876,0.0
2025-08-27 03:00:00,0.0,97.54,-0.08149072527885437,-0.08149072527885437,-4.091186363250017,-0.08149072527885437
2025-08-27 04:00:00,0.0,93.05,-0.2086162567138672,-0.2086162567138672,-4.012955266982317,-0.2086162567138672
2025-08-27 05:00:00,0.0,93.05,-0.130385160446167,-0.130385160446167,-3.9640608318150043,-0.130385160446167
2025-08-27 06:00:00,0.00916944,102.84,0.0,0.0,-3.9640608318150043,0.00916944
2025-08-27 07:00:00,0.41651308,113.12,0.0,0.0,-3.9640608318150043,0.41651308
2025-08-27 08:00:00,1.4441572,113.64,4.0,1.5,-7.964060831815004,2.9441572000000003
2025-08-27 09:00:00,2.18111516,101.63,0.0,0.0,-7.964060831815004,2.18111516
2025-08-27 10:00:00,2.734787760000001,85.21,-0.3337860107421875,-0.3337860107421875,-7.838891077786684,2.4010017492578135
2025-08-27 11:00:00,3.11652708,77.75,-0.5340576171875,-0.5340576171875,-7.6386194713413715,2.5824694628125
2025-08-27 12:00:00,3.2727088400000004,63.65,-1.3671875,-1.3671875,-7.1259241588413715,1.9055213400000004
2025-08-27 13:00:00,3.2201198800000004,49.85,-4.0,-4.0,-5.6259241588413715,-0.7798801199999996
2025-08-27 14:00:00,2.9400441600000007,50.62,-4.0,-4.0,-4.1259241588413715,-1.0599558399999993
2025-08-27 15:00:00,2.44220072,50.62,-4.0,-4.0,-2.6259241588413715,-1.5577992799999998
2025-08-27 16:00:00,1.77967036,51.14,-3.5,-3.5,-1.3134241588413715,-1.72032964
2025-08-27 17:00:00,0.8904182000000002,51.4,-2.1875,-2.1875,-0.49311165884137154,-1.2970818
2025-08-27 18:00:00,0.1458086,64.9,-0.8544921875,-0.8544921875,-0.17267708852887154,-0.7086835874999999
2025-08-27 19:00:00,0.0,99.0,0.0,0.0,-0.17267708852887154,0.0
2025-08-27 20:00:00,0.0,109.1,0.0,0.0,-0.17267708852887154,0.0
2025-08-27 21:00:00,0.0,114.32,4.0,1.5,-4.1726770885288715,1.5
2025-08-27 22:00:00,0.0,113.63,0.0,0.0,-4.1726770885288715,0.0
2025-08-27 23:00:00,0.0,103.57,0.0,0.0,-4.1726770885288715,0.0
2025-08-28 00:00:00,0.0,97.15,4.0,1.5,-8.172677088528872,1.5
2025-08-28 01:00:00,0.0,90.14,0.0,0.0,-8.172677088528872,0.0
2025-08-28 02:00:00,0.0,86.07,0.0,0.0,-8.172677088528872,0.0
2025-08-28 03:00:00,0.0,73.25,0.0,0.0,-8.172677088528872,0.0
2025-08-28 04:00:00,0.0,69.4,-0.130385160446167,-0.130385160446167,-8.123782653361559,-0.130385160446167
2025-08-28 05:00:00,0.0,76.42,0.0,0.0,-8.123782653361559,0.0
2025-08-28 06:00:00,0.03489036,83.38,0.0,0.0,-8.123782653361559,0.03489036
2025-08-28 07:00:00,0.63473296,90.38,0.0,0.0,-8.123782653361559,0.63473296
2025-08-28 08:00:00,1.53917092,90.38,0.0,0.0,-8.123782653361559,1.53917092
2025-08-28 09:00:00,2.2380394,69.4,-0.08149072527885437,-0.08149072527885437,-8.093223631381989,2.1565486747211455
2025-08-28 10:00:00,2.77217516,17.35,-0.3337860107421875,-0.3337860107421875,-7.968053877353668,2.4383891492578127
2025-08-28 11:00:00,3.1066309600000004,9.65,-0.5340576171875,-0.5340576171875,-7.767782270908356,2.5725733428125004
2025-08-28 12:00:00,3.27149472,5.64,-0.8544921875,-0.8544921875,-7.447347700595856,2.4170025325
2025-08-28 13:00:00,2.327159,4.31,-2.1875,-2.1875,-6.627035200595856,0.13965899999999998
2025-08-28 14:00:00,2.90253348,0.65,-4.0,-4.0,-5.127035200595856,-1.0974665199999998
2025-08-28 15:00:00,1.5137474400000002,0.01,-4.0,-4.0,-3.6270352005958557,-2.4862525599999996
2025-08-28 16:00:00,0.8612727200000001,0.65,-4.0,-4.0,-2.1270352005958557,-3.13872728
2025-08-28 17:00:00,0.46854808,1.5,-3.5,-3.5,-0.8145352005958557,-3.03145192
2025-08-28 18:00:00,0.00710416,5.11,-1.3671875,-1.3671875,-0.3018398880958557,-1.36008334
2025-08-28 19:00:00,0.0,65.28,-0.2086162567138672,-0.2086162567138672,-0.22360879182815552,-0.2086162567138672
2025-08-28 20:00:00,0.0,90.0,0.0,0.0,-0.22360879182815552,0.0
2025-08-28 21:00:00,0.0,97.08,4.0,1.5,-4.2236087918281555,1.5
2025-08-28 22:00:00,0.0,93.77,0.0,0.0,-4.2236087918281555,0.0
2025-08-28 23:00:00,0.0,88.09,0.0,0.0,-4.2236087918281555,0.0
2025-08-29 00:00:00,0.0,82.7,0.0,0.0,-4.2236087918281555,0.0
2025-08-29 01:00:00,0.0,79.64,0.0,0.0,-4.2236087918281555,0.0
2025-08-29 02:00:00,0.0,72.2,0.0,0.0,-4.2236087918281555,0.0
2025-08-29 03:00:00,0.0,60.0,0.0,0.0,-4.2236087918281555,0.0
2025-08-29 04:00:00,0.0,54.43,-0.08149072527885437,-0.08149072527885437,-4.193049769848585,-0.08149072527885437
2025-08-29 05:00:00,0.0,54.6,0.0,0.0,-4.193049769848585,0.0
2025-08-29 06:00:00,0.0325534,75.01,0.0,0.0,-4.193049769848585,0.0325534
2025-08-29 07:00:00,0.05571684,80.2,0.0,0.0,-4.193049769848585,0.05571684
2025-08-29 08:00:00,1.53386144,70.09,0.0,0.0,-4.193049769848585,1.53386144
2025-08-29 09:00:00,2.2138924,42.47,-0.2086162567138672,-0.2086162567138672,-4.114818673580885,2.005276143286133
2025-08-29 10:00:00,2.67884608,5.0,-0.3337860107421875,-0.3337860107421875,-3.9896489195525646,2.3450600692578125
2025-08-29 11:00:00,1.04929072,0.83,-0.8544921875,-0.8544921875,-3.6692143492400646,0.1947985324999999
2025-08-29 12:00:00,0.8214336,0.65,-1.3671875,-1.3671875,-3.1565190367400646,-0.5457539
2025-08-29 13:00:00,1.8709136,0.01,-2.1875,-2.1875,-2.3362065367400646,-0.31658640000000005
2025-08-29 14:00:00,1.40962544,0.0,-4.0,-4.0,-0.8362065367400646,-2.59037456
2025-08-29 15:00:00,0.5744876400000001,0.0,-4.0,-4.0,0.6637934632599354,-3.42551236
2025-08-29 16:00:00,0.83047072,0.0,-4.0,-4.0,2.1637934632599354,-3.16952928
2025-08-29 17:00:00,0.82206952,0.0,-3.5,-3.5,3.4762934632599354,-2.67793048
2025-08-29 18:00:00,0.16122868,3.52,-0.5340576171875,-0.5340576171875,3.676565069705248,-0.3728289371875
2025-08-29 19:00:00,0.0,53.55,-0.130385160446167,-0.130385160446167,3.7254595048725605,-0.130385160446167
2025-08-29 20:00:00,0.0,81.8,0.0,0.0,3.7254595048725605,0.0
2025-08-29 21:00:00,0.0,100.01,4.0,1.5,-0.2745404951274395,1.5
2025-08-29 22:00:00,0.0,95.14,4.0,1.5,-4.2745404951274395,1.5
2025-08-29 23:00:00,0.0,86.17,0.0,0.0,-4.2745404951274395,0.0
2025-08-30 00:00:00,0.0,91.56,0.0,0.0,-4.2745404951274395,0.0
2025-08-30 01:00:00,0.0,86.64,0.0,0.0,-4.2745404951274395,0.0
2025-08-30 02:00:00,0.0,87.56,0.0,0.0,-4.2745404951274395,0.0
2025-08-30 03:00:00,0.0,83.48,0.0,0.0,-4.2745404951274395,0.0
2025-08-30 04:00:00,0.0,80.88,0.0,0.0,-4.2745404951274395,0.0
2025-08-30 05:00:00,0.0,80.64,0.0,0.0,-4.2745404951274395,0.0
2025-08-30 06:00:00,0.03193648,85.06,0.0,0.0,-4.2745404951274395,0.03193648
2025-08-30 07:00:00,0.58337032,88.29,0.0,0.0,-4.2745404951274395,0.58337032
2025-08-30 08:00:00,1.44758368,77.0,-0.08149072527885437,-0.08149072527885437,-4.243981473147869,1.3660929547211456
2025-08-30 09:00:00,2.1387236,32.0,-0.2086162567138672,-0.2086162567138672,-4.165750376880169,1.9301073432861329
2025-08-30 10:00:00,2.6316660400000003,9.5,-0.3337860107421875,-0.3337860107421875,-4.040580622851849,2.2978800292578128
2025-08-30 11:00:00,2.92622784,1.99,-0.8544921875,-0.8544921875,-3.7201460525393486,2.0717356525
2025-08-30 12:00:00,3.06001276,0.0,-4.0,-4.0,-2.2201460525393486,-0.9399872399999998
2025-08-30 13:00:00,2.99064956,0.0,-4.0,-4.0,-0.7201460525393486,-1.00935044
2025-08-30 14:00:00,2.73539336,-0.01,-4.0,-4.0,0.7798539474606514,-1.2646066399999998
2025-08-30 15:00:00,2.29016164,0.0,-3.5,-3.5,2.0923539474606514,-1.20983836
2025-08-30 16:00:00,1.6629460800000002,0.0,-2.1875,-2.1875,2.9126664474606514,-0.5245539199999998
2025-08-30 17:00:00,0.8230243199999999,0.0,-1.3671875,-1.3671875,3.4253617599606514,-0.5441631800000001
2025-08-30 18:00:00,0.13899008,8.16,-0.5340576171875,-0.5340576171875,3.625633366405964,-0.3950675371875
2025-08-30 19:00:00,0.0,57.97,-0.130385160446167,-0.130385160446167,3.6745278015732765,-0.130385160446167
2025-08-30 20:00:00,0.0,89.93,0.0,0.0,3.6745278015732765,0.0
2025-08-30 21:00:00,0.0,107.12,4.0,1.5,-0.3254721984267235,1.5
2025-08-30 22:00:00,0.0,101.12,4.0,1.5,-4.3254721984267235,1.5
2025-08-30 23:00:00,0.0,95.0,0.0,0.0,-4.3254721984267235,0.0
2025-08-31 00:00:00,0.0,81.06,4.0,1.5,-8.325472198426723,1.5
2025-08-31 01:00:00,0.0,75.4,0.0,0.0,-8.325472198426723,0.0
2025-08-31 02:00:00,0.0,70.5,0.0,0.0,-8.325472198426723,0.0
2025-08-31 03:00:00,0.0,67.0,0.0,0.0,-8.325472198426723,0.0
2025-08-31 04:00:00,0.0,70.12,0.0,0.0,-8.325472198426723,0.0
2025-08-31 05:00:00,0.0,70.12,0.0,0.0,-8.325472198426723,0.0
2025-08-31 06:00:00,0.0295359999999999,70.12,0.0,0.0,-8.325472198426723,0.0295359999999999
2025-08-31 07:00:00,0.6206308,75.4,4.0,1.5,-12.325472198426723,2.1206308
2025-08-31 08:00:00,1.5212054000000002,45.0,-0.08149072527885437,-0.08149072527885437,-12.294913176447153,1.4397146747211458
2025-08-31 09:00:00,2.211673,3.6,-0.130385160446167,-0.130385160446167,-12.24601874127984,2.081287839553833
2025-08-31 10:00:00,2.6887836400000005,0.0,-0.5340576171875,-0.5340576171875,-12.045747134834528,2.1547260228125005
2025-08-31 11:00:00,2.9694202,-0.01,-0.8544921875,-0.8544921875,-11.725312564522028,2.1149280125
2025-08-31 12:00:00,3.0808275600000004,-0.08,-1.3671875,-1.3671875,-11.212617252022028,1.7136400600000004
2025-08-31 13:00:00,2.9854060399999995,-0.95,-4.0,-4.0,-9.712617252022028,-1.0145939600000005
2025-08-31 14:00:00,2.72037596,-0.6,-3.5,-3.5,-8.400117252022028,-0.7796240399999999
2025-08-31 15:00:00,2.2774055200000003,-0.62,-4.0,-4.0,-6.900117252022028,-1.7225944799999997
2025-08-31 16:00:00,1.67010464,-0.98,-4.0,-4.0,-5.400117252022028,-2.32989536
2025-08-31 17:00:00,0.82387332,-0.27,-2.1875,-2.1875,-4.579804752022028,-1.3636266799999999
2025-08-31 18:00:00,0.11947152,0.0,-0.3337860107421875,-0.3337860107421875,-4.454634997993708,-0.2143144907421875
2025-08-31 19:00:00,0.0,3.52,-0.2086162567138672,-0.2086162567138672,-4.3764039017260075,-0.2086162567138672
2025-08-31 20:00:00,0.0,59.55,0.0,0.0,-4.3764039017260075,0.0
2025-08-31 21:00:00,0.0,73.88,0.0,0.0,-4.3764039017260075,0.0
2025-08-31 22:00:00,0.0,71.4,0.0,0.0,-4.3764039017260075,0.0
2025-08-31 23:00:00,0.0,62.0,0.0,0.0,-4.3764039017260075,0.0
2025-09-01 00:00:00,0.0,35.79,0.0,0.0,-4.3764039017260075,0.0
2025-09-01 01:00:00,0.0,18.07,-0.08149072527885437,-0.08149072527885437,-4.345844879746437,-0.08149072527885437
2025-09-01 02:00:00,0.0,22.34,0.0,0.0,-4.345844879746437,0.0
2025-09-01 03:00:00,0.0,17.64,-0.130385160446167,-0.130385160446167,-4.2969504445791245,-0.130385160446167
2025-09-01 04:00:00,0.0,15.0,-0.2086162567138672,-0.2086162567138672,-4.218719348311424,-0.2086162567138672
2025-09-01 05:00:00,0.0,25.21,0.0,0.0,-4.218719348311424,0.0
2025-09-01 06:00:00,0.02568212,33.23,0.0,0.0,-4.218719348311424,0.02568212
2025-09-01 07:00:00,0.57059864,53.18,0.0,0.0,-4.218719348311424,0.57059864
2025-09-01 08:00:00,1.44675196,64.0,0.0,0.0,-4.218719348311424,1.44675196
2025-09-01 09:00:00,2.16202736,35.79,0.0,0.0,-4.218719348311424,2.16202736
2025-09-01 10:00:00,2.68418852,3.52,-0.5340576171875,-0.5340576171875,-4.018447741866112,2.1501309028125
2025-09-01 11:00:00,2.97657084,0.5,-0.8544921875,-0.8544921875,-3.6980131715536118,2.1220786525
2025-09-01 12:00:00,3.1199330400000003,0.05,-1.3671875,-1.3671875,-3.1853178590536118,1.7527455400000003
2025-09-01 13:00:00,3.05624148,0.0,-4.0,-4.0,-1.6853178590536118,-0.9437585199999998
2025-09-01 14:00:00,2.80546468,0.0,-4.0,-4.0,-0.18531785905361176,-1.19453532
2025-09-01 15:00:00,2.3625304000000003,0.0,-4.0,-4.0,1.3146821409463882,-1.6374695999999997
2025-09-01 16:00:00,1.70371464,0.0,-3.5,-3.5,2.6271821409463882,-1.79628536
2025-09-01 17:00:00,0.8295511599999998,0.0,-2.1875,-2.1875,3.4474946409463882,-1.3579488400000002
2025-09-01 18:00:00,0.11968436,3.52,-0.3337860107421875,-0.3337860107421875,3.5726643949747086,-0.2141016507421875
2025-09-01 19:00:00,0.0,55.0,0.0,0.0,3.5726643949747086,0.0
2025-09-01 20:00:00,0.0,80.0,0.0,0.0,3.5726643949747086,0.0
2025-09-01 21:00:00,0.0,100.01,4.0,1.5,-0.42733560502529144,1.5
2025-09-01 22:00:00,0.0,92.8,4.0,1.5,-4.427335605025291,1.5
2025-09-01 23:00:00,0.0,80.0,0.0,0.0,-4.427335605025291,0.0
2025-09-02 00:00:00,0.0,100.86,0.0,0.0,-4.427335605025291,0.0
2025-09-02 01:00:00,0.0,95.0,0.0,0.0,-4.427335605025291,0.0
2025-09-02 02:00:00,0.0,87.2,0.0,0.0,-4.427335605025291,0.0
2025-09-02 03:00:00,0.0,81.88,0.0,0.0,-4.427335605025291,0.0
2025-09-02 04:00:00,0.0,80.3,-0.130385160446167,-0.130385160446167,-4.378441169857979,-0.130385160446167
2025-09-02 05:00:00,0.0,80.3,-0.08149072527885437,-0.08149072527885437,-4.347882147878408,-0.08149072527885437
2025-09-02 06:00:00,0.02572328,81.55,0.0,0.0,-4.347882147878408,0.02572328
2025-09-02 07:00:00,0.6650872,95.15,0.0,0.0,-4.347882147878408,0.6650872
2025-09-02 08:00:00,1.629105,87.2,0.0,0.0,-4.347882147878408,1.629105
2025-09-02 09:00:00,2.38129596,39.0,-0.2086162567138672,-0.2086162567138672,-4.269651051610708,2.172679703286133
2025-09-02 10:00:00,2.934528,7.96,-0.8544921875,-0.8544921875,-3.9492164812982082,2.0800358125
2025-09-02 11:00:00,3.26611632,4.01,-4.0,-4.0,-2.4492164812982082,-0.7338836799999999
2025-09-02 12:00:00,3.3806353600000008,4.31,-2.1875,-2.1875,-1.6289039812982082,1.1931353600000008
2025-09-02 13:00:00,3.2823249599999995,4.01,-4.0,-4.0,-0.12890398129820824,-0.7176750400000005
2025-09-02 14:00:00,2.98669924,4.01,-4.0,-4.0,1.3710960187017918,-1.01330076
2025-09-02 15:00:00,2.4688362,4.31,-1.3671875,-1.3671875,1.8837913312017918,1.1016487000000001
2025-09-02 16:00:00,1.7775149600000004,4.01,-3.5,-3.5,3.1962913312017918,-1.7224850399999996
2025-09-02 17:00:00,0.8529749200000001,14.0,-0.5340576171875,-0.5340576171875,3.3965629376471043,0.3189173028125001
2025-09-02 18:00:00,0.00897272,32.89,-0.3337860107421875,-0.3337860107421875,3.5217326916754246,-0.3248132907421875
2025-09-02 19:00:00,0.0,84.0,0.0,0.0,3.5217326916754246,0.0
2025-09-02 20:00:00,0.0,109.52,0.0,0.0,3.5217326916754246,0.0
2025-09-02 21:00:00,0.0,160.0,4.0,1.5,-0.4782673083245754,1.5
2025-09-02 22:00:00,0.0,116.72,4.0,1.5,-4.478267308324575,1.5
2025-09-02 23:00:00,0.0,104.22,0.0,0.0,-4.478267308324575,0.0
2025-09-03 00:00:00,0.0,105.23,0.0,0.0,-4.478267308324575,0.0
2025-09-03 01:00:00,0.0,95.0,0.0,0.0,-4.478267308324575,0.0
2025-09-03 02:00:00,0.0,85.0,0.0,0.0,-4.478267308324575,0.0
2025-09-03 03:00:00,0.0,80.5,0.0,0.0,-4.478267308324575,0.0
2025-09-03 04:00:00,0.0,76.05,-0.08149072527885437,-0.08149072527885437,-4.447708286345005,-0.08149072527885437
2025-09-03 05:00:00,0.0,76.05,0.0,0.0,-4.447708286345005,0.0
2025-09-03 06:00:00,0.02233056,83.22,0.0,0.0,-4.447708286345005,0.02233056
2025-09-03 07:00:00,0.62661532,93.0,0.0,0.0,-4.447708286345005,0.62661532
2025-09-03 08:00:00,1.55151288,83.22,0.0,0.0,-4.447708286345005,1.55151288
2025-09-03 09:00:00,2.28487052,17.5,-0.2086162567138672,-0.2086162567138672,-4.369477190077305,2.076254263286133
2025-09-03 10:00:00,2.81571508,2.01,-0.8544921875,-0.8544921875,-4.049042619764805,1.9612228925
2025-09-03 11:00:00,3.12671996,2.01,-0.5340576171875,-0.5340576171875,-3.8487710133194923,2.5926623428125
2025-09-03 12:00:00,3.23701468,0.5,-2.1875,-2.1875,-3.0284585133194923,1.0495146800000001
2025-09-03 13:00:00,3.1370924,0.5,-1.3671875,-1.3671875,-2.5157632008194923,1.7699048999999998
2025-09-03 14:00:00,2.849703,0.05,-4.0,-4.0,-1.0157632008194923,-1.1502970000000001
2025-09-03 15:00:00,2.3561956800000003,0.05,-4.0,-4.0,0.48423679918050766,-1.6438043199999997
2025-09-03 16:00:00,1.6886168,0.0,-4.0,-4.0,1.9842367991805077,-2.3113832
2025-09-03 17:00:00,0.8000524400000001,0.05,-3.5,-3.5,3.2967367991805077,-2.69994756
2025-09-03 18:00:00,0.09794024,12.85,-0.3337860107421875,-0.3337860107421875,3.421906553208828,-0.2358457707421875
2025-09-03 19:00:00,0.0,70.0,-0.130385160446167,-0.130385160446167,3.4708009883761406,-0.130385160446167
2025-09-03 20:00:00,0.0,103.13,0.0,0.0,3.4708009883761406,0.0
2025-09-03 21:00:00,0.0,133.45,4.0,1.5,-0.5291990116238594,1.5
2025-09-03 22:00:00,0.0,107.43,4.0,1.5,-4.529199011623859,1.5
2025-09-03 23:00:00,0.0,100.86,0.0,0.0,-4.529199011623859,0.0
2025-09-04 00:00:00,0.0,91.24,0.0,0.0,-4.529199011623859,0.0
2025-09-04 01:00:00,0.0,85.0,0.0,0.0,-4.529199011623859,0.0
2025-09-04 02:00:00,0.0,79.91,0.0,0.0,-4.529199011623859,0.0
2025-09-04 03:00:00,0.0,72.27,0.0,0.0,-4.529199011623859,0.0
2025-09-04 04:00:00,0.0,70.0,-0.08149072527885437,-0.08149072527885437,-4.498639989644289,-0.08149072527885437
2025-09-04 05:00:00,0.0,70.7,0.0,0.0,-4.498639989644289,0.0
2025-09-04 06:00:00,0.0208,81.02,0.0,0.0,-4.498639989644289,0.0208
2025-09-04 07:00:00,0.65118404,103.55,4.0,1.5,-8.498639989644289,2.15118404
2025-09-04 08:00:00,1.58377672,93.53,0.0,0.0,-8.498639989644289,1.58377672
2025-09-04 09:00:00,2.3004604,50.0,-0.2086162567138672,-0.2086162567138672,-8.420408893376589,2.0918441432861328
2025-09-04 10:00:00,2.83534924,18.07,-0.5340576171875,-0.5340576171875,-8.220137286931276,2.3012916228125
2025-09-04 11:00:00,3.1440918800000004,5.79,-1.3671875,-1.3671875,-7.707441974431276,1.7769043800000004
2025-09-04 12:00:00,3.2474447200000003,3.2,-3.5,-3.5,-6.394941974431276,-0.2525552799999997
2025-09-04 13:00:00,3.1460450000000004,2.01,-4.0,-4.0,-4.894941974431276,-0.8539549999999996
2025-09-04 14:00:00,2.84737664,1.6,-4.0,-4.0,-3.3949419744312763,-1.1526233600000002
2025-09-04 15:00:00,2.36184272,2.01,-4.0,-4.0,-1.8949419744312763,-1.6381572800000002
2025-09-04 16:00:00,1.692265,3.7,-2.1875,-2.1875,-1.0746294744312763,-0.4952350000000001
2025-09-04 17:00:00,0.80160368,7.01,-0.8544921875,-0.8544921875,-0.7541949041187763,-0.05288850749999996
2025-09-04 18:00:00,0.08514072,28.19,-0.3337860107421875,-0.3337860107421875,-0.629025150090456,-0.2486452907421875
2025-09-04 19:00:00,0.0,66.04,-0.130385160446167,-0.130385160446167,-0.5801307149231434,-0.130385160446167
2025-09-04 20:00:00,0.0,102.5,0.0,0.0,-0.5801307149231434,0.0
2025-09-04 21:00:00,0.0,112.99,4.0,1.5,-4.580130714923143,1.5
2025-09-04 22:00:00,0.0,100.45,0.0,0.0,-4.580130714923143,0.0
2025-09-04 23:00:00,0.0,85.5,0.0,0.0,-4.580130714923143,0.0
2025-09-05 00:00:00,0.0,89.25,0.0,0.0,-4.580130714923143,0.0
2025-09-05 01:00:00,0.0,79.02,0.0,0.0,-4.580130714923143,0.0
2025-09-05 02:00:00,0.0,65.0,0.0,0.0,-4.580130714923143,0.0
2025-09-05 03:00:00,0.0,60.0,-0.130385160446167,-0.130385160446167,-4.531236279755831,-0.130385160446167
2025-09-05 04:00:00,0.0,53.31,-0.2086162567138672,-0.2086162567138672,-4.453005183488131,-0.2086162567138672
2025-09-05 05:00:00,0.0,60.0,-0.08149072527885437,-0.08149072527885437,-4.42244616150856,-0.08149072527885437
2025-09-05 06:00:00,0.01837236,76.79,0.0,0.0,-4.42244616150856,0.01837236
2025-09-05 07:00:00,0.6579836,89.99,0.0,0.0,-4.42244616150856,0.6579836
2025-09-05 08:00:00,1.6022823199999998,88.22,0.0,0.0,-4.42244616150856,1.6022823199999998
2025-09-05 09:00:00,2.31920808,79.1,0.0,0.0,-4.42244616150856,2.31920808
2025-09-05 10:00:00,2.8175020400000004,35.0,-0.5340576171875,-0.5340576171875,-4.222174555063248,2.2834444228125004
2025-09-05 11:00:00,3.0902494000000003,10.0,-0.8544921875,-0.8544921875,-3.9017399847507477,2.2357572125000003
2025-09-05 12:00:00,3.14800564,3.52,-4.0,-4.0,-2.4017399847507477,-0.85199436
2025-09-05 13:00:00,3.02804668,3.52,-4.0,-4.0,-0.9017399847507477,-0.9719533199999999
2025-09-05 14:00:00,2.7619476400000003,3.0,-4.0,-4.0,0.5982600152492523,-1.2380523599999997
2025-09-05 15:00:00,2.30391968,4.31,-3.5,-3.5,1.9107600152492523,-1.19608032
2025-09-05 16:00:00,1.66433324,4.31,-2.1875,-2.1875,2.7310725152492523,-0.5231667600000001
2025-09-05 17:00:00,0.77776864,4.31,-1.3671875,-1.3671875,3.2437678277492523,-0.58941886
2025-09-05 18:00:00,0.08318424,45.23,-0.3337860107421875,-0.3337860107421875,3.3689375817775726,-0.2506017707421875
2025-09-05 19:00:00,0.0,89.25,0.0,0.0,3.3689375817775726,0.0
2025-09-05 20:00:00,0.0,103.97,4.0,1.5,-0.6310624182224274,1.5
2025-09-05 21:00:00,0.0,107.1,4.0,1.5,-4.631062418222427,1.5
2025-09-05 22:00:00,0.0,95.0,0.0,0.0,-4.631062418222427,0.0
2025-09-05 23:00:00,0.0,88.38,0.0,0.0,-4.631062418222427,0.0
2025-09-06 00:00:00,0.0,74.64,4.0,1.5,-8.631062418222427,1.5
2025-09-06 01:00:00,0.0,58.78,4.0,1.5,-12.631062418222427,1.5
2025-09-06 02:00:00,0.0,48.71,0.0,0.0,-12.631062418222427,0.0
2025-09-06 03:00:00,0.0,39.9,0.0,0.0,-12.631062418222427,0.0
2025-09-06 04:00:00,0.0,34.8,0.0,0.0,-12.631062418222427,0.0
2025-09-06 05:00:00,0.0,33.46,-0.08149072527885437,-0.08149072527885437,-12.600503396242857,-0.08149072527885437
2025-09-06 06:00:00,0.01653532,35.0,0.0,0.0,-12.600503396242857,0.01653532
2025-09-06 07:00:00,0.59772604,42.0,0.0,0.0,-12.600503396242857,0.59772604
2025-09-06 08:00:00,1.49515084,34.9,0.0,0.0,-12.600503396242857,1.49515084
2025-09-06 09:00:00,2.20602512,15.23,-0.2086162567138672,-0.2086162567138672,-12.522272299975157,1.9974088632861329
2025-09-06 10:00:00,2.7054340000000003,1.72,-0.3337860107421875,-0.3337860107421875,-12.397102545946836,2.371647989257813
2025-09-06 11:00:00,2.99269012,0.0,-1.3671875,-1.3671875,-11.884407233446836,1.6255026199999998
2025-09-06 12:00:00,3.08598632,-0.02,-3.5,-3.5,-10.571907233446836,-0.41401368000000005
2025-09-06 13:00:00,2.9704946000000003,-0.86,-4.0,-4.0,-9.071907233446836,-1.0295053999999997
2025-09-06 14:00:00,2.6706718800000004,-0.99,-4.0,-4.0,-7.5719072334468365,-1.3293281199999996
2025-09-06 15:00:00,2.22095436,-0.16,-4.0,-4.0,-6.0719072334468365,-1.77904564
2025-09-06 16:00:00,1.58121424,-0.02,-2.1875,-2.1875,-5.2515947334468365,-0.60628576
2025-09-06 17:00:00,0.58421824,0.0,-0.8544921875,-0.8544921875,-4.9311601631343365,-0.2702739475
2025-09-06 18:00:00,0.10642876,0.0,-0.5340576171875,-0.5340576171875,-4.730888556689024,-0.4276288571875
2025-09-06 19:00:00,0.0,24.37,-0.130385160446167,-0.130385160446167,-4.681994121521711,-0.130385160446167
2025-09-06 20:00:00,0.0,42.0,0.0,0.0,-4.681994121521711,0.0
2025-09-06 21:00:00,0.0,58.54,0.0,0.0,-4.681994121521711,0.0
2025-09-06 22:00:00,0.0,55.44,0.0,0.0,-4.681994121521711,0.0
2025-09-06 23:00:00,0.0,39.5,0.0,0.0,-4.681994121521711,0.0
2025-09-07 00:00:00,0.0,23.0,0.0,0.0,-4.681994121521711,0.0
2025-09-07 01:00:00,0.0,14.0,-0.3337860107421875,-0.3337860107421875,-4.556824367493391,-0.3337860107421875
2025-09-07 02:00:00,0.0,25.15,0.0,0.0,-4.556824367493391,0.0
2025-09-07 03:00:00,0.0,21.0,0.0,0.0,-4.556824367493391,0.0
2025-09-07 04:00:00,0.0,18.32,-0.130385160446167,-0.130385160446167,-4.507929932326078,-0.130385160446167
2025-09-07 05:00:00,0.0,26.28,0.0,0.0,-4.507929932326078,0.0
2025-09-07 06:00:00,0.0,14.0,-0.2086162567138672,-0.2086162567138672,-4.429698836058378,-0.2086162567138672
2025-09-07 07:00:00,0.5307954,19.99,-0.08149072527885437,-0.08149072527885437,-4.399139814078808,0.44930467472114566
2025-09-07 08:00:00,1.07167428,26.5,0.0,0.0,-4.399139814078808,1.07167428
2025-09-07 09:00:00,2.0900203200000003,25.3,0.0,0.0,-4.399139814078808,2.0900203200000003
2025-09-07 10:00:00,2.6329517200000003,4.96,-0.8544921875,-0.8544921875,-4.078705243766308,1.7784595325000003
2025-09-07 11:00:00,2.95095,0.66,-1.3671875,-1.3671875,-3.566009931266308,1.5837625000000002
2025-09-07 12:00:00,3.089559920000001,0.0,-4.0,-4.0,-2.066009931266308,-0.910440079999999
2025-09-07 13:00:00,2.98082752,0.01,-4.0,-4.0,-0.5660099312663078,-1.01917248
2025-09-07 14:00:00,2.67271032,0.16,-3.5,-3.5,0.7464900687336922,-0.8272896799999998
2025-09-07 15:00:00,2.11911404,0.0,-4.0,-4.0,2.246490068733692,-1.88088596
2025-09-07 16:00:00,1.4539456000000002,0.65,-2.1875,-2.1875,3.066802568733692,-0.7335543999999998
2025-09-07 17:00:00,0.6735319599999999,6.08,-0.5340576171875,-0.5340576171875,3.2670741751790047,0.13947434281249993
2025-09-07 18:00:00,0.08053332,47.5,0.0,0.0,3.2670741751790047,0.08053332
2025-09-07 19:00:00,0.0,79.02,0.0,0.0,3.2670741751790047,0.0
2025-09-07 20:00:00,0.0,98.21,0.0,0.0,3.2670741751790047,0.0
2025-09-07 21:00:00,0.0,111.56,4.0,1.5,-0.7329258248209953,1.5
2025-09-07 22:00:00,0.0,104.9,4.0,1.5,-4.732925824820995,1.5
2025-09-07 23:00:00,0.0,97.0,0.0,0.0,-4.732925824820995,0.0
2025-09-08 00:00:00,0.0,104.5,4.0,1.5,-8.732925824820995,1.5
2025-09-08 01:00:00,0.0,94.5,0.0,0.0,-8.732925824820995,0.0
2025-09-08 02:00:00,0.0,91.54,0.0,0.0,-8.732925824820995,0.0
2025-09-08 03:00:00,0.0,85.52,-0.08149072527885437,-0.08149072527885437,-8.702366802841425,-0.08149072527885437
2025-09-08 04:00:00,0.0,80.94,-0.2086162567138672,-0.2086162567138672,-8.624135706573725,-0.2086162567138672
2025-09-08 05:00:00,0.0,81.97,-0.130385160446167,-0.130385160446167,-8.575241271406412,-0.130385160446167
2025-09-08 06:00:00,0.0,92.02,0.0,0.0,-8.575241271406412,0.0
2025-09-08 07:00:00,0.51216808,104.45,0.0,0.0,-8.575241271406412,0.51216808
2025-09-08 08:00:00,1.38101148,108.36,4.0,1.5,-12.575241271406412,2.8810114799999997
2025-09-08 09:00:00,2.11818136,98.21,0.0,0.0,-12.575241271406412,2.11818136
2025-09-08 10:00:00,2.6520543199999995,85.83,0.0,0.0,-12.575241271406412,2.6520543199999995
2025-09-08 11:00:00,2.95727488,63.0,-0.8544921875,-0.8544921875,-12.254806701093912,2.1027826925
2025-09-08 12:00:00,3.04655924,52.01,-1.3671875,-1.3671875,-11.742111388593912,1.6793717400000001
2025-09-08 13:00:00,2.9359984000000003,38.56,-3.5,-3.5,-10.429611388593912,-0.5640015999999997
2025-09-08 14:00:00,2.61338128,27.2,-4.0,-4.0,-8.929611388593912,-1.38661872
2025-09-08 15:00:00,2.15719164,27.08,-4.0,-4.0,-7.429611388593912,-1.8428083599999998
2025-09-08 16:00:00,1.48816468,27.2,-4.0,-4.0,-5.929611388593912,-2.5118353200000003
2025-09-08 17:00:00,0.6789282000000001,48.64,-2.1875,-2.1875,-5.109298888593912,-1.5085718
2025-09-08 18:00:00,0.0750884399999999,73.08,-0.5340576171875,-0.5340576171875,-4.9090272821486,-0.4589691771875001
2025-09-08 19:00:00,0.0,91.15,0.0,0.0,-4.9090272821486,0.0
2025-09-08 20:00:00,0.0,98.21,0.0,0.0,-4.9090272821486,0.0
2025-09-08 21:00:00,0.0,95.26,0.0,0.0,-4.9090272821486,0.0
2025-09-08 22:00:00,0.0,90.51,0.0,0.0,-4.9090272821486,0.0
2025-09-08 23:00:00,0.0,73.08,-0.3337860107421875,-0.3337860107421875,-4.783857528120279,-0.3337860107421875
2025-09-09 00:00:00,0.0,63.33,0.0,0.0,-4.783857528120279,0.0
2025-09-09 01:00:00,0.0,63.33,0.0,0.0,-4.783857528120279,0.0
2025-09-09 02:00:00,0.0,61.51,-0.2086162567138672,-0.2086162567138672,-4.705626431852579,-0.2086162567138672
2025-09-09 03:00:00,0.0,61.51,-0.130385160446167,-0.130385160446167,-4.6567319966852665,-0.130385160446167
2025-09-09 04:00:00,0.0,61.51,-0.08149072527885437,-0.08149072527885437,-4.626172974705696,-0.08149072527885437
2025-09-09 05:00:00,0.0,69.45,0.0,0.0,-4.626172974705696,0.0
2025-09-09 06:00:00,0.0,83.09,0.0,0.0,-4.626172974705696,0.0
2025-09-09 07:00:00,0.54589456,96.1,0.0,0.0,-4.626172974705696,0.54589456
2025-09-09 08:00:00,1.43732808,96.44,0.0,0.0,-4.626172974705696,1.43732808
2025-09-09 09:00:00,2.17174876,80.71,0.0,0.0,-4.626172974705696,2.17174876
2025-09-09 10:00:00,2.72529636,54.93,-0.5340576171875,-0.5340576171875,-4.425901368260384,2.1912387428125
2025-09-09 11:00:00,3.05838,30.22,-0.8544921875,-0.8544921875,-4.105466797947884,2.2038878125
2025-09-09 12:00:00,3.14270724,26.0,-2.1875,-2.1875,-3.2851542979478836,0.95520724
2025-09-09 13:00:00,3.05875032,19.25,-3.5,-3.5,-1.9726542979478836,-0.44124967999999987
2025-09-09 14:00:00,2.2147190400000003,17.19,-4.0,-4.0,-0.4726542979478836,-1.7852809599999997
2025-09-09 15:00:00,1.4573324,8.91,-4.0,-4.0,1.0273457020521164,-2.5426675999999997
2025-09-09 16:00:00,1.0996394,16.57,-4.0,-4.0,2.5273457020521164,-2.9003606
2025-09-09 17:00:00,0.15614772,30.0,-1.3671875,-1.3671875,3.0400410145521164,-1.2110397800000001
2025-09-09 18:00:00,0.042595,56.0,-0.3337860107421875,-0.3337860107421875,3.1652107685804367,-0.2911910107421875
2025-09-09 19:00:00,0.0,90.0,0.0,0.0,3.1652107685804367,0.0
2025-09-09 20:00:00,0.0,111.37,4.0,1.5,-0.8347892314195633,1.5
2025-09-09 21:00:00,0.0,120.0,4.0,1.5,-4.834789231419563,1.5
2025-09-09 22:00:00,0.0,110.0,0.0,0.0,-4.834789231419563,0.0
2025-09-09 23:00:00,0.0,98.07,0.0,0.0,-4.834789231419563,0.0
2025-09-10 00:00:00,0.0,89.94,0.0,0.0,-4.834789231419563,0.0
2025-09-10 01:00:00,0.0,83.09,0.0,0.0,-4.834789231419563,0.0
2025-09-10 02:00:00,0.0,83.09,0.0,0.0,-4.834789231419563,0.0
2025-09-10 03:00:00,0.0,81.1,0.0,0.0,-4.834789231419563,0.0
2025-09-10 04:00:00,0.0,72.99,0.0,0.0,-4.834789231419563,0.0
2025-09-10 05:00:00,0.0,66.0,-0.08149072527885437,-0.08149072527885437,-4.804230209439993,-0.08149072527885437
2025-09-10 06:00:00,0.0,77.5,0.0,0.0,-4.804230209439993,0.0
2025-09-10 07:00:00,0.22543584,84.26,0.0,0.0,-4.804230209439993,0.22543584
2025-09-10 08:00:00,0.43640536,75.99,0.0,0.0,-4.804230209439993,0.43640536
2025-09-10 09:00:00,1.36900788,45.1,-0.2086162567138672,-0.2086162567138672,-4.725999113172293,1.1603916232861329
2025-09-10 10:00:00,2.1169355600000004,8.0,-0.5340576171875,-0.5340576171875,-4.52572750672698,1.5828779428125004
2025-09-10 11:00:00,2.21069272,0.0,-4.0,-4.0,-3.02572750672698,-1.78930728
2025-09-10 12:00:00,3.12318116,0.0,-4.0,-4.0,-1.5257275067269802,-0.8768188399999999
2025-09-10 13:00:00,1.19909108,0.0,-4.0,-4.0,-0.02572750672698021,-2.80090892
2025-09-10 14:00:00,2.08203976,0.0,-3.5,-3.5,1.2867724932730198,-1.4179602400000002
2025-09-10 15:00:00,2.12175068,0.0,-2.1875,-2.1875,2.10708499327302,-0.06574932000000011
2025-09-10 16:00:00,1.4476961600000002,0.0,-1.3671875,-1.3671875,2.61978030577302,0.08050866000000023
2025-09-10 17:00:00,0.652092,4.9,-0.8544921875,-0.8544921875,2.94021487608552,-0.2024001875
2025-09-10 18:00:00,0.06853092,23.09,-0.3337860107421875,-0.3337860107421875,3.06538463011384,-0.2652550907421875
2025-09-10 19:00:00,0.0,62.17,-0.130385160446167,-0.130385160446167,3.1142790652811527,-0.130385160446167
2025-09-10 20:00:00,0.0,96.0,0.0,0.0,3.1142790652811527,0.0
2025-09-10 21:00:00,0.0,105.01,4.0,1.5,-0.8857209347188473,1.5
2025-09-10 22:00:00,0.0,96.26,4.0,1.5,-4.885720934718847,1.5
2025-09-10 23:00:00,0.0,83.09,0.0,0.0,-4.885720934718847,0.0
2025-09-11 00:00:00,0.0,85.0,0.0,0.0,-4.885720934718847,0.0
2025-09-11 01:00:00,0.0,78.35,0.0,0.0,-4.885720934718847,0.0
2025-09-11 02:00:00,0.0,67.3,-0.130385160446167,-0.130385160446167,-4.836826499551535,-0.130385160446167
2025-09-11 03:00:00,0.0,67.3,-0.08149072527885437,-0.08149072527885437,-4.806267477571964,-0.08149072527885437
2025-09-11 04:00:00,0.0,70.0,0.0,0.0,-4.806267477571964,0.0
2025-09-11 05:00:00,0.0,74.0,0.0,0.0,-4.806267477571964,0.0
2025-09-11 06:00:00,0.0,78.84,0.0,0.0,-4.806267477571964,0.0
2025-09-11 07:00:00,0.55651644,98.3,0.0,0.0,-4.806267477571964,0.55651644
2025-09-11 08:00:00,1.44971148,88.07,0.0,0.0,-4.806267477571964,1.44971148
2025-09-11 09:00:00,2.18763504,45.1,-0.2086162567138672,-0.2086162567138672,-4.728036381304264,1.9790187832861328
2025-09-11 10:00:00,2.7303976,0.03,-2.1875,-2.1875,-3.907723881304264,0.5428975999999999
2025-09-11 11:00:00,3.05285404,4.31,-0.5340576171875,-0.5340576171875,-3.7074522748589516,2.5187964228125
2025-09-11 12:00:00,3.12394384,1.02,-1.3671875,-1.3671875,-3.1947569623589516,1.75675634
2025-09-11 13:00:00,3.0229562400000005,0.0,-4.0,-4.0,-1.6947569623589516,-0.9770437599999995
2025-09-11 14:00:00,2.69928076,0.0,-4.0,-4.0,-0.19475696235895157,-1.3007192399999998
2025-09-11 15:00:00,2.18683284,1.02,-0.8544921875,-0.8544921875,0.12567760795354843,1.3323406525000001
2025-09-11 16:00:00,1.50539624,0.0,-4.0,-4.0,1.6256776079535484,-2.49460376
2025-09-11 17:00:00,0.6650525999999999,0.0,-3.5,-3.5,2.9381776079535484,-2.8349474
2025-09-11 18:00:00,0.05903796,7.05,-0.3337860107421875,-0.3337860107421875,3.0633473619818687,-0.2747480507421875
2025-09-11 19:00:00,0.0,88.12,0.0,0.0,3.0633473619818687,0.0
2025-09-11 20:00:00,0.0,106.3,0.0,0.0,3.0633473619818687,0.0
2025-09-11 21:00:00,0.0,140.0,4.0,1.5,-0.9366526380181313,1.5
2025-09-11 22:00:00,0.0,111.82,4.0,1.5,-4.936652638018131,1.5
2025-09-11 23:00:00,0.0,100.44,0.0,0.0,-4.936652638018131,0.0
2025-09-12 00:00:00,0.0,105.0,0.0,0.0,-4.936652638018131,0.0
2025-09-12 01:00:00,0.0,95.03,0.0,0.0,-4.936652638018131,0.0
2025-09-12 02:00:00,0.0,93.8,0.0,0.0,-4.936652638018131,0.0
2025-09-12 03:00:00,0.0,93.02,-0.2086162567138672,-0.2086162567138672,-4.858421541750431,-0.2086162567138672
2025-09-12 04:00:00,0.0,93.02,-0.130385160446167,-0.130385160446167,-4.809527106583118,-0.130385160446167
2025-09-12 05:00:00,0.0,95.03,0.0,0.0,-4.809527106583118,0.0
2025-09-12 06:00:00,0.0,105.98,0.0,0.0,-4.809527106583118,0.0
2025-09-12 07:00:00,0.51617488,143.15,4.0,1.5,-8.809527106583118,2.01617488
2025-09-12 08:00:00,1.3643682,115.35,0.0,0.0,-8.809527106583118,1.3643682
2025-09-12 09:00:00,2.02176268,93.84,0.0,0.0,-8.809527106583118,2.02176268
2025-09-12 10:00:00,1.59246524,60.97,-0.3337860107421875,-0.3337860107421875,-8.684357352554798,1.2586792292578124
2025-09-12 11:00:00,2.8209193599999995,19.57,-1.3671875,-1.3671875,-8.171662040054798,1.4537318599999995
2025-09-12 12:00:00,2.9476955200000003,5.79,-2.1875,-2.1875,-7.351349540054798,0.7601955200000003
2025-09-12 13:00:00,2.88983244,5.76,-3.5,-3.5,-6.038849540054798,-0.6101675599999998
2025-09-12 14:00:00,2.6117612,4.31,-4.0,-4.0,-4.538849540054798,-1.3882387999999999
2025-09-12 15:00:00,1.43319544,5.0,-4.0,-4.0,-3.038849540054798,-2.56680456
2025-09-12 16:00:00,1.4951877999999998,4.31,-4.0,-4.0,-1.5388495400547981,-2.5048122
2025-09-12 17:00:00,0.65361616,19.68,-0.8544921875,-0.8544921875,-1.2184149697422981,-0.2008760275
2025-09-12 18:00:00,0.06434924,46.8,-0.5340576171875,-0.5340576171875,-1.0181433632969856,-0.4697083771875
2025-09-12 19:00:00,0.0,93.26,-0.08149072527885437,-0.08149072527885437,-0.9875843413174152,-0.08149072527885437
2025-09-12 20:00:00,0.0,123.45,0.0,0.0,-0.9875843413174152,0.0
2025-09-12 21:00:00,0.0,143.03,4.0,1.5,-4.987584341317415,1.5
2025-09-12 22:00:00,0.0,105.01,0.0,0.0,-4.987584341317415,0.0
2025-09-12 23:00:00,0.0,97.35,0.0,0.0,-4.987584341317415,0.0
2025-09-13 00:00:00,0.0,102.3,4.0,1.5,-8.987584341317415,1.5
2025-09-13 01:00:00,0.0,99.54,0.0,0.0,-8.987584341317415,0.0
2025-09-13 02:00:00,0.0,97.96,0.0,0.0,-8.987584341317415,0.0
2025-09-13 03:00:00,0.0,97.84,0.0,0.0,-8.987584341317415,0.0
2025-09-13 04:00:00,0.0,96.68,0.0,0.0,-8.987584341317415,0.0
2025-09-13 05:00:00,0.0,92.0,-0.08149072527885437,-0.08149072527885437,-8.957025319337845,-0.08149072527885437
2025-09-13 06:00:00,0.0,94.98,0.0,0.0,-8.957025319337845,0.0
2025-09-13 07:00:00,0.06694216,100.02,0.0,0.0,-8.957025319337845,0.06694216
2025-09-13 08:00:00,0.6414567999999999,99.78,0.0,0.0,-8.957025319337845,0.6414567999999999
2025-09-13 09:00:00,1.25718344,69.04,-0.2086162567138672,-0.2086162567138672,-8.878794223070145,1.0485671832861327
2025-09-13 10:00:00,2.56902796,9.62,-0.5340576171875,-0.5340576171875,-8.678522616624832,2.0349703428125
2025-09-13 11:00:00,2.92644488,2.37,-0.8544921875,-0.8544921875,-8.358088046312332,2.0719526925
2025-09-13 12:00:00,2.28104172,0.0,-4.0,-4.0,-6.858088046312332,-1.7189582799999998
2025-09-13 13:00:00,2.01089716,0.0,-4.0,-4.0,-5.358088046312332,-1.9891028400000001
2025-09-13 14:00:00,1.74611648,0.0,-4.0,-4.0,-3.858088046312332,-2.25388352
2025-09-13 15:00:00,1.35982212,0.0,-3.5,-3.5,-2.545588046312332,-2.14017788
2025-09-13 16:00:00,0.9661916,0.0,-2.1875,-2.1875,-1.7252755463123322,-1.2213083999999998
2025-09-13 17:00:00,0.64799328,0.65,-1.3671875,-1.3671875,-1.2125802338123322,-0.71919422
2025-09-13 18:00:00,0.06625832,14.0,-0.3337860107421875,-0.3337860107421875,-1.0874104797840118,-0.2675276907421875
2025-09-13 19:00:00,0.0,82.86,-0.130385160446167,-0.130385160446167,-1.0385160446166992,-0.130385160446167
2025-09-13 20:00:00,0.0,100.13,0.0,0.0,-1.0385160446166992,0.0
2025-09-13 21:00:00,0.0,106.11,4.0,1.5,-5.038516044616699,1.5
2025-09-13 22:00:00,0.0,99.3,0.0,0.0,-5.038516044616699,0.0
2025-09-13 23:00:00,0.0,95.1,0.0,0.0,-5.038516044616699,0.0
2025-09-14 00:00:00,0.0,75.0,0.0,0.0,-5.038516044616699,0.0
2025-09-14 01:00:00,0.0,66.23,0.0,0.0,-5.038516044616699,0.0
2025-09-14 02:00:00,0.0,65.29,-0.130385160446167,-0.130385160446167,-4.989621609449387,-0.130385160446167
2025-09-14 03:00:00,0.0,65.3,-0.08149072527885437,-0.08149072527885437,-4.959062587469816,-0.08149072527885437
2025-09-14 04:00:00,0.0,65.81,0.0,0.0,-4.959062587469816,0.0
2025-09-14 05:00:00,0.0,71.54,0.0,0.0,-4.959062587469816,0.0
2025-09-14 06:00:00,0.0,71.54,0.0,0.0,-4.959062587469816,0.0
2025-09-14 07:00:00,0.28930748,77.57,0.0,0.0,-4.959062587469816,0.28930748
2025-09-14 08:00:00,1.41816396,66.23,0.0,0.0,-4.959062587469816,1.41816396
2025-09-14 09:00:00,0.32590248,23.58,-0.2086162567138672,-0.2086162567138672,-4.880831491202116,0.1172862232861328
2025-09-14 10:00:00,1.28695392,5.01,-0.5340576171875,-0.5340576171875,-4.6805598847568035,0.7528963028125
2025-09-14 11:00:00,2.9163152,0.0,-4.0,-4.0,-3.1805598847568035,-1.0836848
2025-09-14 12:00:00,1.69440216,0.0,-4.0,-4.0,-1.6805598847568035,-2.30559784
2025-09-14 13:00:00,1.2980854,0.0,-3.5,-3.5,-0.3680598847568035,-2.2019146000000003
2025-09-14 14:00:00,1.25871616,-0.01,-4.0,-4.0,1.1319401152431965,-2.74128384
2025-09-14 15:00:00,2.11996092,0.0,-2.1875,-2.1875,1.9522526152431965,-0.06753907999999997
2025-09-14 16:00:00,0.04843688,0.0,-1.3671875,-1.3671875,2.4649479277431965,-1.31875062
2025-09-14 17:00:00,0.00997136,1.1,-0.8544921875,-0.8544921875,2.7853824980556965,-0.8445208275
2025-09-14 18:00:00,0.02027468,15.65,-0.3337860107421875,-0.3337860107421875,2.910552252084017,-0.3135113307421875
2025-09-14 19:00:00,0.0,67.3,0.0,0.0,2.910552252084017,0.0
2025-09-14 20:00:00,0.0,103.81,0.0,0.0,2.910552252084017,0.0
2025-09-14 21:00:00,0.0,126.13,4.0,1.5,-1.0894477479159832,1.5
2025-09-14 22:00:00,0.0,106.01,4.0,1.5,-5.089447747915983,1.5
2025-09-14 23:00:00,0.0,99.84,0.0,0.0,-5.089447747915983,0.0
2025-09-15 00:00:00,0.0,97.03,0.0,0.0,-5.089447747915983,0.0
2025-09-15 01:00:00,0.0,94.95,0.0,0.0,-5.089447747915983,0.0
2025-09-15 02:00:00,0.0,90.0,0.0,0.0,-5.089447747915983,0.0
2025-09-15 03:00:00,0.0,89.0,0.0,0.0,-5.089447747915983,0.0
2025-09-15 04:00:00,0.0,87.82,-0.08149072527885437,-0.08149072527885437,-5.058888725936413,-0.08149072527885437
2025-09-15 05:00:00,0.0,94.17,0.0,0.0,-5.058888725936413,0.0
2025-09-15 06:00:00,0.0,97.33,0.0,0.0,-5.058888725936413,0.0
2025-09-15 07:00:00,0.1002966,120.83,4.0,1.5,-9.058888725936413,1.6002966
2025-09-15 08:00:00,0.70431672,124.0,4.0,1.5,-13.058888725936413,2.20431672
2025-09-15 09:00:00,2.25857672,84.2,-0.2086162567138672,-0.2086162567138672,-12.980657629668713,2.049960463286133
2025-09-15 10:00:00,1.3466198,35.1,-0.5340576171875,-0.5340576171875,-12.7803860232234,0.8125621828125
2025-09-15 11:00:00,1.84813572,7.63,-2.1875,-2.1875,-11.9600735232234,-0.3393642800000001
2025-09-15 12:00:00,3.21872024,8.0,-1.3671875,-1.3671875,-11.4473782107234,1.8515327400000001
2025-09-15 13:00:00,3.1307080000000003,4.5,-4.0,-4.0,-9.9473782107234,-0.8692919999999997
2025-09-15 14:00:00,2.81340592,2.5,-4.0,-4.0,-8.4473782107234,-1.1865940799999999
2025-09-15 15:00:00,2.28253712,3.52,-4.0,-4.0,-6.9473782107234,-1.7174628799999998
2025-09-15 16:00:00,1.56235792,4.96,-3.5,-3.5,-5.6348782107234,-1.93764208
2025-09-15 17:00:00,0.6599755999999999,16.0,-0.8544921875,-0.8544921875,-5.3144436404109,-0.19451658750000012
2025-09-15 18:00:00,0.0566627999999999,43.99,-0.3337860107421875,-0.3337860107421875,-5.18927388638258,-0.2771232107421876
2025-09-15 19:00:00,0.0,94.17,0.0,0.0,-5.18927388638258,0.0
2025-09-15 20:00:00,0.0,110.0,0.0,0.0,-5.18927388638258,0.0
2025-09-15 21:00:00,0.0,110.96,0.0,0.0,-5.18927388638258,0.0
2025-09-15 22:00:00,0.0,98.5,0.0,0.0,-5.18927388638258,0.0
2025-09-15 23:00:00,0.0,85.97,-0.130385160446167,-0.130385160446167,-5.140379451215267,-0.130385160446167
2025-09-16 00:00:00,0.0,80.01,0.0,0.0,-5.140379451215267,0.0
2025-09-16 01:00:00,0.0,77.99,-0.08149072527885437,-0.08149072527885437,-5.109820429235697,-0.08149072527885437
2025-09-16 02:00:00,0.0,72.03,-0.2086162567138672,-0.2086162567138672,-5.031589332967997,-0.2086162567138672
2025-09-16 03:00:00,0.0,73.35,-0.130385160446167,-0.130385160446167,-4.982694897800684,-0.130385160446167
2025-09-16 04:00:00,0.0,80.0,0.0,0.0,-4.982694897800684,0.0
2025-09-16 05:00:00,0.0,84.2,0.0,0.0,-4.982694897800684,0.0
2025-09-16 06:00:00,0.0,99.9,0.0,0.0,-4.982694897800684,0.0
2025-09-16 07:00:00,0.598219,111.87,0.0,0.0,-4.982694897800684,0.598219
2025-09-16 08:00:00,1.05214424,111.84,0.0,0.0,-4.982694897800684,1.05214424
2025-09-16 09:00:00,1.4286502,93.89,0.0,0.0,-4.982694897800684,1.4286502
2025-09-16 10:00:00,2.81396772,38.1,-0.8544921875,-0.8544921875,-4.662260327488184,1.9594755325
2025-09-16 11:00:00,3.1153795200000003,15.2,-1.3671875,-1.3671875,-4.149565014988184,1.7481920200000003
2025-09-16 12:00:00,1.60051296,9.14,-4.0,-4.0,-2.649565014988184,-2.39948704
2025-09-16 13:00:00,1.80517884,9.14,-3.5,-3.5,-1.337065014988184,-1.69482116
2025-09-16 14:00:00,1.9778022,5.76,-4.0,-4.0,0.16293498501181602,-2.0221978
2025-09-16 15:00:00,2.311859,5.79,-4.0,-4.0,1.662934985011816,-1.688141
2025-09-16 16:00:00,0.9041395600000002,9.14,-2.1875,-2.1875,2.483247485011816,-1.2833604399999998
2025-09-16 17:00:00,0.65553848,38.14,-0.5340576171875,-0.5340576171875,2.6835190914571285,0.12148086281250003
2025-09-16 18:00:00,0.0505896,69.29,-0.3337860107421875,-0.3337860107421875,2.808688845485449,-0.2831964107421875
2025-09-16 19:00:00,0.0,109.03,0.0,0.0,2.808688845485449,0.0
2025-09-16 20:00:00,0.0,134.29,4.0,1.5,-1.1913111545145512,1.5
2025-09-16 21:00:00,0.0,198.95,4.0,1.5,-5.191311154514551,1.5
2025-09-16 22:00:00,0.0,111.84,0.0,0.0,-5.191311154514551,0.0
2025-09-16 23:00:00,0.0,104.5,0.0,0.0,-5.191311154514551,0.0
2025-09-17 00:00:00,0.0,107.12,0.0,0.0,-5.191311154514551,0.0
2025-09-17 01:00:00,0.0,104.78,0.0,0.0,-5.191311154514551,0.0
2025-09-17 02:00:00,0.0,102.9,0.0,0.0,-5.191311154514551,0.0
2025-09-17 03:00:00,0.0,99.91,-0.08149072527885437,-0.08149072527885437,-5.160752132534981,-0.08149072527885437
2025-09-17 04:00:00,0.0,98.5,-0.130385160446167,-0.130385160446167,-5.111857697367668,-0.130385160446167
2025-09-17 05:00:00,0.0,102.0,0.0,0.0,-5.111857697367668,0.0
2025-09-17 06:00:00,0.0,104.78,0.0,0.0,-5.111857697367668,0.0
2025-09-17 07:00:00,0.55611988,118.56,0.0,0.0,-5.111857697367668,0.55611988
2025-09-17 08:00:00,1.5209258799999998,112.08,0.0,0.0,-5.111857697367668,1.5209258799999998
2025-09-17 09:00:00,2.28757372,95.05,-0.2086162567138672,-0.2086162567138672,-5.033626601099968,2.078957463286133
2025-09-17 10:00:00,2.8432388000000004,57.9,-0.5340576171875,-0.5340576171875,-4.8333549946546555,2.3091811828125004
2025-09-17 11:00:00,3.17816704,37.6,-1.3671875,-1.3671875,-4.3206596821546555,1.81097954
2025-09-17 12:00:00,3.29347416,19.68,-3.5,-3.5,-3.0081596821546555,-0.20652583999999985
2025-09-17 13:00:00,3.1735655200000004,19.57,-4.0,-4.0,-1.5081596821546555,-0.8264344799999996
2025-09-17 14:00:00,2.85765812,15.1,-4.0,-4.0,-0.008159682154655457,-1.14234188
2025-09-17 15:00:00,2.29426936,16.4,-4.0,-4.0,1.4918403178453445,-1.70573064
2025-09-17 16:00:00,1.5554039600000005,20.33,-2.1875,-2.1875,2.3121528178453445,-0.6320960399999995
2025-09-17 17:00:00,0.64054996,50.0,-0.8544921875,-0.8544921875,2.6325873881578445,-0.21394222750000003
2025-09-17 18:00:00,0.04688968,83.12,-0.3337860107421875,-0.3337860107421875,2.757757142186165,-0.2868963307421875
2025-09-17 19:00:00,0.0,111.76,0.0,0.0,2.757757142186165,0.0
2025-09-17 20:00:00,0.0,150.0,4.0,1.5,-1.2422428578138351,1.5
2025-09-17 21:00:00,0.0,215.0,4.0,1.5,-5.242242857813835,1.5
2025-09-17 22:00:00,0.0,117.11,0.0,0.0,-5.242242857813835,0.0
2025-09-17 23:00:00,0.0,104.99,0.0,0.0,-5.242242857813835,0.0
2025-09-18 00:00:00,0.0,109.18,0.0,0.0,-5.242242857813835,0.0
2025-09-18 01:00:00,0.0,105.26,0.0,0.0,-5.242242857813835,0.0
2025-09-18 02:00:00,0.0,104.54,-0.130385160446167,-0.130385160446167,-5.1933484226465225,-0.130385160446167
2025-09-18 03:00:00,0.0,104.78,-0.08149072527885437,-0.08149072527885437,-5.162789400666952,-0.08149072527885437
2025-09-18 04:00:00,0.0,104.78,0.0,0.0,-5.162789400666952,0.0
2025-09-18 05:00:00,0.0,105.26,0.0,0.0,-5.162789400666952,0.0
2025-09-18 06:00:00,0.0,107.28,0.0,0.0,-5.162789400666952,0.0
2025-09-18 07:00:00,0.0270238,126.55,0.0,0.0,-5.162789400666952,0.0270238
2025-09-18 08:00:00,1.49763484,111.4,0.0,0.0,-5.162789400666952,1.49763484
2025-09-18 09:00:00,1.15052788,104.26,-0.2086162567138672,-0.2086162567138672,-5.084558304399252,0.9419116232861329
2025-09-18 10:00:00,1.48139088,56.4,-1.3671875,-1.3671875,-4.571862991899252,0.11420337999999997
2025-09-18 11:00:00,1.49890936,60.0,-0.8544921875,-0.8544921875,-4.251428421586752,0.6444171725000001
2025-09-18 12:00:00,3.24196324,50.08,-3.5,-3.5,-2.938928421586752,-0.25803676
2025-09-18 13:00:00,3.15293868,50.0,-4.0,-4.0,-1.438928421586752,-0.8470613199999999
2025-09-18 14:00:00,2.82756872,44.02,-4.0,-4.0,0.06107157841324806,-1.17243128
2025-09-18 15:00:00,2.29738232,44.0,-4.0,-4.0,1.561071578413248,-1.70261768
2025-09-18 16:00:00,1.55565032,55.0,-2.1875,-2.1875,2.381384078413248,-0.63184968
2025-09-18 17:00:00,0.63165036,66.3,-0.5340576171875,-0.5340576171875,2.5816556848585606,0.09759274281249997
2025-09-18 18:00:00,0.04481832,96.86,-0.3337860107421875,-0.3337860107421875,2.706825438886881,-0.2889676907421875
2025-09-18 19:00:00,0.0,124.7,0.0,0.0,2.706825438886881,0.0
2025-09-18 20:00:00,0.0,160.0,4.0,1.5,-1.2931745611131191,1.5
2025-09-18 21:00:00,0.0,200.0,4.0,1.5,-5.293174561113119,1.5
2025-09-18 22:00:00,0.0,130.0,0.0,0.0,-5.293174561113119,0.0
2025-09-18 23:00:00,0.0,107.65,0.0,0.0,-5.293174561113119,0.0
2025-09-19 00:00:00,0.0,113.07,0.0,0.0,-5.293174561113119,0.0
2025-09-19 01:00:00,0.0,110.91,0.0,0.0,-5.293174561113119,0.0
2025-09-19 02:00:00,0.0,108.34,0.0,0.0,-5.293174561113119,0.0
2025-09-19 03:00:00,0.0,108.26,0.0,0.0,-5.293174561113119,0.0
2025-09-19 04:00:00,0.0,107.21,0.0,0.0,-5.293174561113119,0.0
2025-09-19 05:00:00,0.0,108.26,0.0,0.0,-5.293174561113119,0.0
2025-09-19 06:00:00,0.0,110.78,0.0,0.0,-5.293174561113119,0.0
2025-09-19 07:00:00,0.59422368,120.42,0.0,0.0,-5.293174561113119,0.59422368
2025-09-19 08:00:00,1.55867764,113.54,0.0,0.0,-5.293174561113119,1.55867764
2025-09-19 09:00:00,2.28697416,106.68,-0.08149072527885437,-0.08149072527885437,-5.262615539133549,2.205483434721146
2025-09-19 10:00:00,2.8206416,66.04,-0.5340576171875,-0.5340576171875,-5.062343932688236,2.2865839828125
2025-09-19 11:00:00,2.03776144,52.14,-2.1875,-2.1875,-4.242031432688236,-0.14973855999999985
2025-09-19 12:00:00,2.1051816,49.0,-3.5,-3.5,-2.9295314326882362,-1.3948184000000001
2025-09-19 13:00:00,1.36363728,45.1,-4.0,-4.0,-1.4295314326882362,-2.63636272
2025-09-19 14:00:00,1.69930136,31.25,-4.0,-4.0,0.07046856731176376,-2.3006986400000002
2025-09-19 15:00:00,1.19341924,32.61,-4.0,-4.0,1.5704685673117638,-2.80658076
2025-09-19 16:00:00,0.6410257199999999,55.0,-1.3671875,-1.3671875,2.0831638798117638,-0.7261617800000001
2025-09-19 17:00:00,0.16367796,65.87,-0.8544921875,-0.8544921875,2.4035984501242638,-0.6908142275
2025-09-19 18:00:00,0.00896416,76.0,-0.3337860107421875,-0.3337860107421875,2.528768204152584,-0.3248218507421875
2025-09-19 19:00:00,0.0,108.14,0.0,0.0,2.528768204152584,0.0
2025-09-19 20:00:00,0.0,125.2,4.0,1.5,-1.471231795847416,1.5
2025-09-19 21:00:00,0.0,125.0,4.0,1.5,-5.471231795847416,1.5
2025-09-19 22:00:00,0.0,105.78,-0.130385160446167,-0.130385160446167,-5.422337360680103,-0.130385160446167
2025-09-19 23:00:00,0.0,104.68,-0.2086162567138672,-0.2086162567138672,-5.344106264412403,-0.2086162567138672
2025-09-20 00:00:00,0.0,104.99,0.0,0.0,-5.344106264412403,0.0
2025-09-20 01:00:00,0.0,99.89,0.0,0.0,-5.344106264412403,0.0
2025-09-20 02:00:00,0.0,97.0,0.0,0.0,-5.344106264412403,0.0
2025-09-20 03:00:00,0.0,93.8,-0.08149072527885437,-0.08149072527885437,-5.313547242432833,-0.08149072527885437
2025-09-20 04:00:00,0.0,95.29,0.0,0.0,-5.313547242432833,0.0
2025-09-20 05:00:00,0.0,95.15,0.0,0.0,-5.313547242432833,0.0
2025-09-20 06:00:00,0.0,99.89,0.0,0.0,-5.313547242432833,0.0
2025-09-20 07:00:00,0.56859748,101.0,0.0,0.0,-5.313547242432833,0.56859748
2025-09-20 08:00:00,1.54161188,99.89,0.0,0.0,-5.313547242432833,1.54161188
2025-09-20 09:00:00,2.29756584,65.6,-0.2086162567138672,-0.2086162567138672,-5.2353161461651325,2.0889495832861327
2025-09-20 10:00:00,2.81714588,30.0,-0.5340576171875,-0.5340576171875,-5.03504453971982,2.2830882628125
2025-09-20 11:00:00,3.11029448,5.76,-1.3671875,-1.3671875,-4.52234922721982,1.7431069799999999
2025-09-20 12:00:00,3.17847792,4.31,-3.5,-3.5,-3.20984922721982,-0.3215220799999998
2025-09-20 13:00:00,3.04330464,1.73,-4.0,-4.0,-1.70984922721982,-0.9566953599999999
2025-09-20 14:00:00,2.718832480000001,1.73,-4.0,-4.0,-0.20984922721982002,-1.281167519999999
2025-09-20 15:00:00,2.22059476,0.65,-4.0,-4.0,1.29015077278018,-1.77940524
2025-09-20 16:00:00,1.51175916,4.31,-2.1875,-2.1875,2.11046327278018,-0.67574084
2025-09-20 17:00:00,0.5989793200000001,15.43,-0.8544921875,-0.8544921875,2.43089784309268,-0.2555128674999999
2025-09-20 18:00:00,0.0361484,55.08,-0.3337860107421875,-0.3337860107421875,2.5560675971210003,-0.29763761074218753
2025-09-20 19:00:00,0.0,93.56,-0.130385160446167,-0.130385160446167,2.604962032288313,-0.130385160446167
2025-09-20 20:00:00,0.0,110.36,4.0,1.5,-1.395037967711687,1.5
2025-09-20 21:00:00,0.0,110.91,4.0,1.5,-5.395037967711687,1.5
2025-09-20 22:00:00,0.0,104.6,0.0,0.0,-5.395037967711687,0.0
2025-09-20 23:00:00,0.0,101.0,0.0,0.0,-5.395037967711687,0.0
2025-09-21 00:00:00,0.0,85.8,4.0,1.5,-9.395037967711687,1.5
2025-09-21 01:00:00,0.0,82.85,0.0,0.0,-9.395037967711687,0.0
2025-09-21 02:00:00,0.0,75.94,0.0,0.0,-9.395037967711687,0.0
2025-09-21 03:00:00,0.0,79.0,0.0,0.0,-9.395037967711687,0.0
2025-09-21 04:00:00,0.0,78.97,0.0,0.0,-9.395037967711687,0.0
2025-09-21 05:00:00,0.0,75.35,0.0,0.0,-9.395037967711687,0.0
2025-09-21 06:00:00,0.0,75.94,0.0,0.0,-9.395037967711687,0.0
2025-09-21 07:00:00,0.59049764,85.0,4.0,1.5,-13.395037967711687,2.09049764
2025-09-21 08:00:00,1.56489344,69.38,0.0,0.0,-13.395037967711687,1.56489344
2025-09-21 09:00:00,2.2762302400000003,26.2,-0.2086162567138672,-0.2086162567138672,-13.316806871443987,2.067613983286133
2025-09-21 10:00:00,2.7469356800000004,10.0,-0.3337860107421875,-0.3337860107421875,-13.191637117415667,2.413149669257813
2025-09-21 11:00:00,2.9892314000000004,0.65,-0.8544921875,-0.8544921875,-12.871202547103167,2.1347392125000004
2025-09-21 12:00:00,3.01656092,0.0,-2.1875,-2.1875,-12.050890047103167,0.8290609199999999
2025-09-21 13:00:00,2.92823388,0.0,-1.3671875,-1.3671875,-11.538194734603167,1.56104638
2025-09-21 14:00:00,2.6614676000000004,-0.01,-4.0,-4.0,-10.038194734603167,-1.3385323999999996
2025-09-21 15:00:00,2.19694052,-0.5,-4.0,-4.0,-8.538194734603167,-1.80305948
2025-09-21 16:00:00,1.4832050800000005,-0.62,-4.0,-4.0,-7.038194734603167,-2.5167949199999997
2025-09-21 17:00:00,0.58222636,-0.01,-3.5,-3.5,-5.725694734603167,-2.91777364
2025-09-21 18:00:00,0.03396948,3.52,-0.5340576171875,-0.5340576171875,-5.525423128157854,-0.5000881371875
2025-09-21 19:00:00,0.0,43.16,-0.08149072527885437,-0.08149072527885437,-5.494864106178284,-0.08149072527885437
2025-09-21 20:00:00,0.0,69.96,0.0,0.0,-5.494864106178284,0.0
2025-09-21 21:00:00,0.0,61.4,0.0,0.0,-5.494864106178284,0.0
2025-09-21 22:00:00,0.0,54.8,0.0,0.0,-5.494864106178284,0.0
2025-09-21 23:00:00,0.0,38.09,-0.130385160446167,-0.130385160446167,-5.445969671010971,-0.130385160446167
2025-09-22 00:00:00,0.0,30.9,0.0,0.0,-5.445969671010971,0.0
2025-09-22 01:00:00,0.0,30.9,0.0,0.0,-5.445969671010971,0.0
2025-09-22 02:00:00,0.0,26.2,-0.2086162567138672,-0.2086162567138672,-5.367738574743271,-0.2086162567138672
2025-09-22 03:00:00,0.0,26.2,-0.130385160446167,-0.130385160446167,-5.318844139575958,-0.130385160446167
2025-09-22 04:00:00,0.0,34.9,0.0,0.0,-5.318844139575958,0.0
2025-09-22 05:00:00,0.0,30.14,0.0,0.0,-5.318844139575958,0.0
2025-09-22 06:00:00,0.0,30.9,0.0,0.0,-5.318844139575958,0.0
2025-09-22 07:00:00,0.58273836,60.6,0.0,0.0,-5.318844139575958,0.58273836
2025-09-22 08:00:00,1.5529188399999998,62.03,0.0,0.0,-5.318844139575958,1.5529188399999998
2025-09-22 09:00:00,2.28666904,29.35,-0.08149072527885437,-0.08149072527885437,-5.288285117596388,2.2051783147211457
2025-09-22 10:00:00,2.8130058000000004,2.0,-0.5340576171875,-0.5340576171875,-5.088013511151075,2.2789481828125004
2025-09-22 11:00:00,3.11737096,0.0,-2.1875,-2.1875,-4.267701011151075,0.9298709600000001
2025-09-22 12:00:00,3.1961642,0.0,-1.3671875,-1.3671875,-3.7550056986510754,1.8289767000000001
2025-09-22 13:00:00,3.0673592,-0.01,-4.0,-4.0,-2.2550056986510754,-0.9326408000000002
2025-09-22 14:00:00,2.73990028,-0.01,-4.0,-4.0,-0.7550056986510754,-1.26009972
2025-09-22 15:00:00,2.21509788,-0.01,-4.0,-4.0,0.7449943013489246,-1.78490212
2025-09-22 16:00:00,1.49361928,-0.01,-3.5,-3.5,2.0574943013489246,-2.00638072
2025-09-22 17:00:00,0.5752396399999999,0.0,-0.8544921875,-0.8544921875,2.3779288716614246,-0.27925254750000006
2025-09-22 18:00:00,0.0,15.6,-0.3337860107421875,-0.3337860107421875,2.503098625689745,-0.3337860107421875
2025-09-22 19:00:00,0.0,67.99,0.0,0.0,2.503098625689745,0.0
2025-09-22 20:00:00,0.0,108.95,4.0,1.5,-1.496901374310255,1.5
2025-09-22 21:00:00,0.0,109.38,4.0,1.5,-5.496901374310255,1.5
2025-09-22 22:00:00,0.0,82.8,0.0,0.0,-5.496901374310255,0.0
2025-09-22 23:00:00,0.0,80.0,0.0,0.0,-5.496901374310255,0.0
2025-09-23 00:00:00,0.0,79.11,0.0,0.0,-5.496901374310255,0.0
2025-09-23 01:00:00,0.0,61.0,-0.130385160446167,-0.130385160446167,-5.448006939142942,-0.130385160446167
2025-09-23 02:00:00,0.0,85.28,0.0,0.0,-5.448006939142942,0.0
2025-09-23 03:00:00,0.0,76.95,0.0,0.0,-5.448006939142942,0.0
2025-09-23 04:00:00,0.0,79.11,0.0,0.0,-5.448006939142942,0.0
2025-09-23 05:00:00,0.0,83.7,0.0,0.0,-5.448006939142942,0.0
2025-09-23 06:00:00,0.0,85.28,0.0,0.0,-5.448006939142942,0.0
2025-09-23 07:00:00,0.55844576,86.56,0.0,0.0,-5.448006939142942,0.55844576
2025-09-23 08:00:00,1.49813716,85.8,0.0,0.0,-5.448006939142942,1.49813716
2025-09-23 09:00:00,2.22259216,39.9,-0.2086162567138672,-0.2086162567138672,-5.369775842875242,2.013975903286133
2025-09-23 10:00:00,2.743468,3.82,-2.1875,-2.1875,-4.549463342875242,0.555968
2025-09-23 11:00:00,3.05111196,0.65,-4.0,-4.0,-3.0494633428752422,-0.9488880399999999
2025-09-23 12:00:00,3.13966876,0.01,-4.0,-4.0,-1.5494633428752422,-0.8603312399999998
2025-09-23 13:00:00,3.01779,0.5,-4.0,-4.0,-0.04946334287524223,-0.9822099999999998
2025-09-23 14:00:00,2.67843528,4.31,-1.3671875,-1.3671875,0.46323196962475777,1.31124778
2025-09-23 15:00:00,2.13601168,7.9,-0.5340576171875,-0.5340576171875,0.6635035760700703,1.6019540628125002
2025-09-23 16:00:00,1.4100872800000002,4.31,-0.8544921875,-0.8544921875,0.9839381463825703,0.5555950925000002
2025-09-23 17:00:00,0.5342526400000001,2.2,-3.5,-3.5,2.2964381463825703,-2.96574736
2025-09-23 18:00:00,0.0,26.47,-0.3337860107421875,-0.3337860107421875,2.4216079004108906,-0.3337860107421875
2025-09-23 19:00:00,0.0,86.32,0.0,0.0,2.4216079004108906,0.0
2025-09-23 20:00:00,0.0,105.01,4.0,1.5,-1.5783920995891094,1.5
2025-09-23 21:00:00,0.0,98.5,4.0,1.5,-5.578392099589109,1.5
2025-09-23 22:00:00,0.0,76.02,0.0,0.0,-5.578392099589109,0.0
2025-09-23 23:00:00,0.0,75.84,-0.08149072527885437,-0.08149072527885437,-5.547833077609539,-0.08149072527885437
2025-09-24 00:00:00,0.0,53.51,0.0,0.0,-5.547833077609539,0.0
2025-09-24 01:00:00,0.0,39.8,-0.3337860107421875,-0.3337860107421875,-5.422663323581219,-0.3337860107421875
2025-09-24 02:00:00,0.0,48.6,-0.08149072527885437,-0.08149072527885437,-5.392104301601648,-0.08149072527885437
2025-09-24 03:00:00,0.0,42.0,-0.130385160446167,-0.130385160446167,-5.343209866434336,-0.130385160446167
2025-09-24 04:00:00,0.0,41.5,-0.2086162567138672,-0.2086162567138672,-5.2649787701666355,-0.2086162567138672
2025-09-24 05:00:00,0.0,48.6,0.0,0.0,-5.2649787701666355,0.0
2025-09-24 06:00:00,0.0,48.8,0.0,0.0,-5.2649787701666355,0.0
2025-09-24 07:00:00,0.53915284,66.96,0.0,0.0,-5.2649787701666355,0.53915284
2025-09-24 08:00:00,1.4861063200000002,69.01,0.0,0.0,-5.2649787701666355,1.4861063200000002
2025-09-24 09:00:00,2.24078632,57.91,0.0,0.0,-5.2649787701666355,2.24078632
2025-09-24 10:00:00,2.764481,9.52,-1.3671875,-1.3671875,-4.7522834576666355,1.3972935
2025-09-24 11:00:00,3.0830056800000007,1.07,-4.0,-4.0,-3.2522834576666355,-0.9169943199999993
2025-09-24 12:00:00,3.1660035200000003,0.65,-4.0,-4.0,-1.7522834576666355,-0.8339964799999997
2025-09-24 13:00:00,3.03038988,1.55,-4.0,-4.0,-0.2522834576666355,-0.96961012
2025-09-24 14:00:00,2.6875256800000007,4.31,-3.5,-3.5,1.0602165423333645,-0.8124743199999993
2025-09-24 15:00:00,2.1364684,20.1,-0.8544921875,-0.8544921875,1.3806511126458645,1.2819762125
2025-09-24 16:00:00,1.4025262,5.79,-2.1875,-2.1875,2.2009636126458645,-0.7849737999999999
2025-09-24 17:00:00,0.5186758800000001,20.1,-0.5340576171875,-0.5340576171875,2.401235219091177,-0.015381737187499911
2025-09-24 18:00:00,0.0,72.72,0.0,0.0,2.401235219091177,0.0
2025-09-24 19:00:00,0.0,95.0,0.0,0.0,2.401235219091177,0.0
2025-09-24 20:00:00,0.0,116.12,4.0,1.5,-1.598764780908823,1.5
2025-09-24 21:00:00,0.0,105.77,4.0,1.5,-5.598764780908823,1.5
2025-09-24 22:00:00,0.0,90.0,0.0,0.0,-5.598764780908823,0.0
2025-09-24 23:00:00,0.0,83.08,0.0,0.0,-5.598764780908823,0.0
2025-09-25 00:00:00,0.0,83.46,0.0,0.0,-5.598764780908823,0.0
2025-09-25 01:00:00,0.0,75.94,-0.3337860107421875,-0.3337860107421875,-5.473595026880503,-0.3337860107421875
2025-09-25 02:00:00,0.0,75.94,-0.2086162567138672,-0.2086162567138672,-5.3953639306128025,-0.2086162567138672
2025-09-25 03:00:00,0.0,76.46,-0.08149072527885437,-0.08149072527885437,-5.364804908633232,-0.08149072527885437
2025-09-25 04:00:00,0.0,79.7,0.0,0.0,-5.364804908633232,0.0
2025-09-25 05:00:00,0.0,77.0,0.0,0.0,-5.364804908633232,0.0
2025-09-25 06:00:00,0.0,85.85,0.0,0.0,-5.364804908633232,0.0
2025-09-25 07:00:00,0.54469464,112.7,0.0,0.0,-5.364804908633232,0.54469464
2025-09-25 08:00:00,1.4973204000000002,116.89,0.0,0.0,-5.364804908633232,1.4973204000000002
2025-09-25 09:00:00,2.24601216,88.57,0.0,0.0,-5.364804908633232,2.24601216
2025-09-25 10:00:00,2.77876476,55.12,-0.5340576171875,-0.5340576171875,-5.16453330218792,2.2447071428125
2025-09-25 11:00:00,3.09503496,30.2,-1.3671875,-1.3671875,-4.65183798968792,1.72784746
2025-09-25 12:00:00,3.20377844,29.99,-2.1875,-2.1875,-3.8315254896879196,1.0162784399999998
2025-09-25 13:00:00,3.0744311200000003,25.93,-4.0,-4.0,-2.3315254896879196,-0.9255688799999997
2025-09-25 14:00:00,2.7208202,20.1,-4.0,-4.0,-0.8315254896879196,-1.2791798
2025-09-25 15:00:00,2.14330872,22.74,-4.0,-4.0,0.6684745103120804,-1.8566912800000002
2025-09-25 16:00:00,1.4026196400000002,25.93,-3.5,-3.5,1.9809745103120804,-2.09738036
2025-09-25 17:00:00,0.5118269200000001,53.13,-0.8544921875,-0.8544921875,2.3014090806245804,-0.3426652674999999
2025-09-25 18:00:00,0.0,76.01,-0.130385160446167,-0.130385160446167,2.350303515791893,-0.130385160446167
2025-09-25 19:00:00,0.0,114.11,0.0,0.0,2.350303515791893,0.0
2025-09-25 20:00:00,0.0,174.1,4.0,1.5,-1.649696484208107,1.5
2025-09-25 21:00:00,0.0,175.01,4.0,1.5,-5.649696484208107,1.5
2025-09-25 22:00:00,0.0,128.8,0.0,0.0,-5.649696484208107,0.0
2025-09-25 23:00:00,0.0,101.9,0.0,0.0,-5.649696484208107,0.0
2025-09-26 00:00:00,0.0,106.48,0.0,0.0,-5.649696484208107,0.0
2025-09-26 01:00:00,0.0,104.52,0.0,0.0,-5.649696484208107,0.0
2025-09-26 02:00:00,0.0,100.0,-0.08149072527885437,-0.08149072527885437,-5.619137462228537,-0.08149072527885437
2025-09-26 03:00:00,0.0,98.71,-0.2086162567138672,-0.2086162567138672,-5.540906365960836,-0.2086162567138672
2025-09-26 04:00:00,0.0,99.0,-0.130385160446167,-0.130385160446167,-5.492011930793524,-0.130385160446167
2025-09-26 05:00:00,0.0,104.52,0.0,0.0,-5.492011930793524,0.0
2025-09-26 06:00:00,0.0,107.96,0.0,0.0,-5.492011930793524,0.0
2025-09-26 07:00:00,0.00749916,123.37,0.0,0.0,-5.492011930793524,0.00749916
2025-09-26 08:00:00,0.0350744,123.28,0.0,0.0,-5.492011930793524,0.0350744
2025-09-26 09:00:00,0.0261868,108.8,0.0,0.0,-5.492011930793524,0.0261868
2025-09-26 10:00:00,0.04520684,88.59,-0.5340576171875,-0.5340576171875,-5.291740324348211,-0.48885077718750003
2025-09-26 11:00:00,1.4898428,34.99,-3.5,-3.5,-3.9792403243482113,-2.0101572
2025-09-26 12:00:00,3.05498788,25.76,-4.0,-4.0,-2.4792403243482113,-0.9450121199999999
2025-09-26 13:00:00,2.94971496,29.2,-4.0,-4.0,-0.9792403243482113,-1.05028504
2025-09-26 14:00:00,1.34041756,21.56,-4.0,-4.0,0.5207596756517887,-2.6595824400000003
2025-09-26 15:00:00,2.05958132,47.06,-2.1875,-2.1875,1.3410721756517887,-0.12791868000000006
2025-09-26 16:00:00,0.5011682000000001,53.0,-1.3671875,-1.3671875,1.8537674881517887,-0.8660192999999999
2025-09-26 17:00:00,0.4749618399999999,59.28,-0.8544921875,-0.8544921875,2.1742020584642887,-0.3795303475000001
2025-09-26 18:00:00,0.0,94.08,-0.3337860107421875,-0.3337860107421875,2.299371812492609,-0.3337860107421875
2025-09-26 19:00:00,0.0,123.6,0.0,0.0,2.299371812492609,0.0
2025-09-26 20:00:00,0.0,150.0,4.0,1.5,-1.700628187507391,1.5
2025-09-26 21:00:00,0.0,160.0,4.0,1.5,-5.700628187507391,1.5
2025-09-26 22:00:00,0.0,122.01,0.0,0.0,-5.700628187507391,0.0
2025-09-26 23:00:00,0.0,113.92,0.0,0.0,-5.700628187507391,0.0
2025-09-27 00:00:00,0.0,115.87,4.0,1.5,-9.700628187507391,1.5
2025-09-27 01:00:00,0.0,108.83,0.0,0.0,-9.700628187507391,0.0
2025-09-27 02:00:00,0.0,105.5,0.0,0.0,-9.700628187507391,0.0
2025-09-27 03:00:00,0.0,109.0,4.0,1.5,-13.700628187507391,1.5
2025-09-27 04:00:00,0.0,105.47,0.0,0.0,-13.700628187507391,0.0
2025-09-27 05:00:00,0.0,98.0,0.0,0.0,-13.700628187507391,0.0
2025-09-27 06:00:00,0.0,95.0,0.0,0.0,-13.700628187507391,0.0
2025-09-27 07:00:00,0.41346968,103.5,0.0,0.0,-13.700628187507391,0.41346968
2025-09-27 08:00:00,1.2850672,106.67,0.0,0.0,-13.700628187507391,1.2850672
2025-09-27 09:00:00,2.0291485600000003,82.66,-0.2086162567138672,-0.2086162567138672,-13.62239709123969,1.8205323032861331
2025-09-27 10:00:00,2.5381763200000003,38.8,-0.5340576171875,-0.5340576171875,-13.422125484794378,2.0041187028125003
2025-09-27 11:00:00,2.8082680800000004,20.25,-1.3671875,-1.3671875,-12.909430172294378,1.4410805800000004
2025-09-27 12:00:00,2.9382231199999995,16.79,-2.1875,-2.1875,-12.089117672294378,0.7507231199999995
2025-09-27 13:00:00,2.8522136,12.91,-3.5,-3.5,-10.776617672294378,-0.6477864000000002
2025-09-27 14:00:00,2.5622186,6.51,-4.0,-4.0,-9.276617672294378,-1.4377814
2025-09-27 15:00:00,2.02161216,6.0,-4.0,-4.0,-7.776617672294378,-1.97838784
2025-09-27 16:00:00,1.294909,12.27,-4.0,-4.0,-6.276617672294378,-2.705091
2025-09-27 17:00:00,0.46151608,29.2,-0.8544921875,-0.8544921875,-5.956183101981878,-0.3929761075
2025-09-27 18:00:00,0.0,67.0,-0.3337860107421875,-0.3337860107421875,-5.831013347953558,-0.3337860107421875
2025-09-27 19:00:00,0.0,92.56,-0.08149072527885437,-0.08149072527885437,-5.800454325973988,-0.08149072527885437
2025-09-27 20:00:00,0.0,103.11,0.0,0.0,-5.800454325973988,0.0
2025-09-27 21:00:00,0.0,100.04,0.0,0.0,-5.800454325973988,0.0
2025-09-27 22:00:00,0.0,95.07,0.0,0.0,-5.800454325973988,0.0
2025-09-27 23:00:00,0.0,91.84,-0.130385160446167,-0.130385160446167,-5.751559890806675,-0.130385160446167
2025-09-28 00:00:00,0.0,63.51,0.0,0.0,-5.751559890806675,0.0
2025-09-28 01:00:00,0.0,60.86,0.0,0.0,-5.751559890806675,0.0
2025-09-28 02:00:00,0.0,59.83,0.0,0.0,-5.751559890806675,0.0
2025-09-28 03:00:00,0.0,58.3,0.0,0.0,-5.751559890806675,0.0
2025-09-28 04:00:00,0.0,58.04,-0.130385160446167,-0.130385160446167,-5.702665455639362,-0.130385160446167
2025-09-28 05:00:00,0.0,58.04,-0.08149072527885437,-0.08149072527885437,-5.672106433659792,-0.08149072527885437
2025-09-28 06:00:00,0.0,57.91,-0.3337860107421875,-0.3337860107421875,-5.546936679631472,-0.3337860107421875
2025-09-28 07:00:00,0.07576664,58.87,0.0,0.0,-5.546936679631472,0.07576664
2025-09-28 08:00:00,1.2744923600000002,58.87,0.0,0.0,-5.546936679631472,1.2744923600000002
2025-09-28 09:00:00,1.97502448,57.91,-0.2086162567138672,-0.2086162567138672,-5.468705583363771,1.766408223286133
2025-09-28 10:00:00,2.51859264,35.0,-0.8544921875,-0.8544921875,-5.148271013051271,1.6641004525
2025-09-28 11:00:00,2.84961536,29.16,-1.3671875,-1.3671875,-4.635575700551271,1.48242786
2025-09-28 12:00:00,3.03360764,17.11,-3.5,-3.5,-3.3230757005512714,-0.46639235999999995
2025-09-28 13:00:00,2.9082223200000006,8.53,-4.0,-4.0,-1.8230757005512714,-1.0917776799999994
2025-09-28 14:00:00,2.56661876,15.0,-4.0,-4.0,-0.32307570055127144,-1.4333812400000001
2025-09-28 15:00:00,2.0135063200000003,16.79,-4.0,-4.0,1.1769242994487286,-1.9864936799999997
2025-09-28 16:00:00,1.27803468,22.97,-2.1875,-2.1875,1.9972367994487286,-0.90946532
2025-09-28 17:00:00,0.0149122,37.34,-0.5340576171875,-0.5340576171875,2.197508405894041,-0.5191454171875
2025-09-28 18:00:00,0.0,61.11,0.0,0.0,2.197508405894041,0.0
2025-09-28 19:00:00,0.0,70.98,4.0,1.5,-1.802491594105959,1.5
2025-09-28 20:00:00,0.0,74.14,4.0,1.5,-5.802491594105959,1.5
2025-09-28 21:00:00,0.0,61.0,0.0,0.0,-5.802491594105959,0.0
2025-09-28 22:00:00,0.0,69.62,0.0,0.0,-5.802491594105959,0.0
2025-09-28 23:00:00,0.0,60.16,0.0,0.0,-5.802491594105959,0.0
2025-09-29 00:00:00,0.0,51.6,0.0,0.0,-5.802491594105959,0.0
2025-09-29 01:00:00,0.0,47.7,-0.130385160446167,-0.130385160446167,-5.753597158938646,-0.130385160446167
2025-09-29 02:00:00,0.0,45.0,-0.2086162567138672,-0.2086162567138672,-5.675366062670946,-0.2086162567138672
2025-09-29 03:00:00,0.0,32.0,-2.1875,-2.1875,-4.855053562670946,-2.1875
2025-09-29 04:00:00,0.0,30.0,-3.5,-3.5,-3.542553562670946,-3.5
2025-09-29 05:00:00,0.0,32.5,-1.3671875,-1.3671875,-3.029858250170946,-1.3671875
2025-09-29 06:00:00,0.0,50.0,-0.08149072527885437,-0.08149072527885437,-2.9992992281913757,-0.08149072527885437
2025-09-29 07:00:00,0.010132,74.4,0.0,0.0,-2.9992992281913757,0.010132
2025-09-29 08:00:00,0.03217672,77.8,0.0,0.0,-2.9992992281913757,0.03217672
2025-09-29 09:00:00,0.78664912,73.08,0.0,0.0,-2.9992992281913757,0.78664912
2025-09-29 10:00:00,0.92651432,59.33,0.0,0.0,-2.9992992281913757,0.92651432
2025-09-29 11:00:00,0.90735052,40.14,-0.3337860107421875,-0.3337860107421875,-2.8741294741630554,0.5735645092578125
2025-09-29 12:00:00,0.35728772,35.0,-0.8544921875,-0.8544921875,-2.5536949038505554,-0.4972044675
2025-09-29 13:00:00,0.3705568,28.3,-4.0,-4.0,-1.0536949038505554,-3.6294432
2025-09-29 14:00:00,1.7264178400000003,21.99,-4.0,-4.0,0.4463050961494446,-2.2735821599999997
2025-09-29 15:00:00,0.39453176,27.94,-4.0,-4.0,1.9463050961494446,-3.60546824
2025-09-29 16:00:00,0.0181374,35.0,-0.5340576171875,-0.5340576171875,2.146576702594757,-0.5159202171875
2025-09-29 17:00:00,0.07344232,52.0,0.0,0.0,2.146576702594757,0.07344232
2025-09-29 18:00:00,0.0,85.0,0.0,0.0,2.146576702594757,0.0
2025-09-29 19:00:00,0.0,101.13,0.0,0.0,2.146576702594757,0.0
2025-09-29 20:00:00,0.0,133.26,4.0,1.5,-1.853423297405243,1.5
2025-09-29 21:00:00,0.0,105.68,4.0,1.5,-5.853423297405243,1.5
2025-09-29 22:00:00,0.0,90.04,0.0,0.0,-5.853423297405243,0.0
2025-09-29 23:00:00,0.0,88.6,0.0,0.0,-5.853423297405243,0.0
2025-09-30 00:00:00,0.0,95.46,0.0,0.0,-5.853423297405243,0.0
2025-09-30 01:00:00,0.0,88.25,0.0,0.0,-5.853423297405243,0.0
2025-09-30 02:00:00,0.0,80.0,-0.130385160446167,-0.130385160446167,-5.80452886223793,-0.130385160446167
2025-09-30 03:00:00,0.0,76.43,-0.3337860107421875,-0.3337860107421875,-5.67935910820961,-0.3337860107421875
2025-09-30 04:00:00,0.0,78.0,-0.2086162567138672,-0.2086162567138672,-5.60112801194191,-0.2086162567138672
2025-09-30 05:00:00,0.0,80.0,-0.08149072527885437,-0.08149072527885437,-5.570568989962339,-0.08149072527885437
2025-09-30 06:00:00,0.0,97.11,0.0,0.0,-5.570568989962339,0.0
2025-09-30 07:00:00,0.01017396,105.68,0.0,0.0,-5.570568989962339,0.01017396
2025-09-30 08:00:00,0.26366,120.0,0.0,0.0,-5.570568989962339,0.26366
2025-09-30 09:00:00,1.00628164,93.97,0.0,0.0,-5.570568989962339,1.00628164
2025-09-30 10:00:00,2.5583342,60.1,-0.5340576171875,-0.5340576171875,-5.370297383517027,2.0242765828125
2025-09-30 11:00:00,1.68578968,31.0,-2.1875,-2.1875,-4.549984883517027,-0.5017103199999999
2025-09-30 12:00:00,1.6346427600000002,24.47,-4.0,-4.0,-3.049984883517027,-2.36535724
2025-09-30 13:00:00,1.15975832,21.9,-4.0,-4.0,-1.549984883517027,-2.84024168
2025-09-30 14:00:00,1.75032428,22.0,-4.0,-4.0,-0.0499848835170269,-2.24967572
2025-09-30 15:00:00,2.05770712,29.08,-3.5,-3.5,1.262515116482973,-1.44229288
2025-09-30 16:00:00,0.18126632,35.0,-1.3671875,-1.3671875,1.775210428982973,-1.18592118
2025-09-30 17:00:00,0.4440116,54.94,-0.8544921875,-0.8544921875,2.095644999295473,-0.4104805875
2025-09-30 18:00:00,0.0,84.0,0.0,0.0,2.095644999295473,0.0
2025-09-30 19:00:00,0.0,117.0,0.0,0.0,2.095644999295473,0.0
2025-09-30 20:00:00,0.0,199.34,4.0,1.5,-1.904355000704527,1.5
2025-09-30 21:00:00,0.0,172.11,4.0,1.5,-5.904355000704527,1.5
2025-09-30 22:00:00,0.0,119.9,0.0,0.0,-5.904355000704527,0.0
2025-09-30 23:00:00,0.0,101.5,0.0,0.0,-5.904355000704527,0.0
2025-10-01 00:00:00,0.0,103.47,0.0,0.0,-5.904355000704527,0.0
2025-10-01 01:00:00,0.0,105.66,0.0,0.0,-5.904355000704527,0.0
2025-10-01 02:00:00,0.0,101.59,0.0,0.0,-5.904355000704527,0.0
2025-10-01 03:00:00,0.0,97.62,-0.2086162567138672,-0.2086162567138672,-5.826123904436827,-0.2086162567138672
2025-10-01 04:00:00,0.0,101.48,-0.08149072527885437,-0.08149072527885437,-5.795564882457256,-0.08149072527885437
2025-10-01 05:00:00,0.0,101.59,0.0,0.0,-5.795564882457256,0.0
2025-10-01 06:00:00,0.0,103.57,0.0,0.0,-5.795564882457256,0.0
2025-10-01 07:00:00,0.0606548,113.75,0.0,0.0,-5.795564882457256,0.0606548
2025-10-01 08:00:00,0.1646427999999999,123.92,0.0,0.0,-5.795564882457256,0.1646427999999999
2025-10-01 09:00:00,0.1530518,98.14,-0.130385160446167,-0.130385160446167,-5.746670447289944,0.022666639553832996
2025-10-01 10:00:00,0.33712648,67.05,-0.5340576171875,-0.5340576171875,-5.546398840844631,-0.1969311371875
2025-10-01 11:00:00,0.6942636400000001,41.0,-1.3671875,-1.3671875,-5.033703528344631,-0.6729238599999999
2025-10-01 12:00:00,1.18549092,23.89,-3.5,-3.5,-3.721203528344631,-2.31450908
2025-10-01 13:00:00,0.67604808,16.28,-4.0,-4.0,-2.221203528344631,-3.32395192
2025-10-01 14:00:00,1.28926004,14.03,-4.0,-4.0,-0.7212035283446312,-2.7107399599999997
2025-10-01 15:00:00,2.0969914000000003,19.19,-4.0,-4.0,0.7787964716553688,-1.9030085999999997
2025-10-01 16:00:00,1.3363684800000002,36.7,-2.1875,-2.1875,1.5991089716553688,-0.8511315199999998
2025-10-01 17:00:00,0.4362356,52.71,-0.8544921875,-0.8544921875,1.9195435419678688,-0.4182565875
2025-10-01 18:00:00,0.0,88.16,-0.3337860107421875,-0.3337860107421875,2.044713295996189,-0.3337860107421875
2025-10-01 19:00:00,0.0,126.27,0.0,0.0,2.044713295996189,0.0
2025-10-01 20:00:00,0.0,218.0,4.0,1.5,-1.9552867040038109,1.5
2025-10-01 21:00:00,0.0,129.91,4.0,1.5,-5.955286704003811,1.5
2025-10-01 22:00:00,0.0,108.7,0.0,0.0,-5.955286704003811,0.0
2025-10-01 23:00:00,0.0,103.46,0.0,0.0,-5.955286704003811,0.0
2025-10-02 00:00:00,0.0,104.39,0.0,0.0,-5.955286704003811,0.0
2025-10-02 01:00:00,0.0,100.01,0.0,0.0,-5.955286704003811,0.0
2025-10-02 02:00:00,0.0,95.0,-0.2086162567138672,-0.2086162567138672,-5.877055607736111,-0.2086162567138672
2025-10-02 03:00:00,0.0,97.07,-0.08149072527885437,-0.08149072527885437,-5.84649658575654,-0.08149072527885437
2025-10-02 04:00:00,0.0,100.34,0.0,0.0,-5.84649658575654,0.0
2025-10-02 05:00:00,0.0,105.09,0.0,0.0,-5.84649658575654,0.0
2025-10-02 06:00:00,0.0,105.67,0.0,0.0,-5.84649658575654,0.0
2025-10-02 07:00:00,0.2433842,121.79,0.0,0.0,-5.84649658575654,0.2433842
2025-10-02 08:00:00,0.31194016,131.55,0.0,0.0,-5.84649658575654,0.31194016
2025-10-02 09:00:00,0.6424754,95.86,-0.130385160446167,-0.130385160446167,-5.797602150589228,0.512090239553833
2025-10-02 10:00:00,0.92496116,58.95,-0.5340576171875,-0.5340576171875,-5.597330544143915,0.39090354281249995
2025-10-02 11:00:00,1.44848372,34.16,-1.3671875,-1.3671875,-5.084635231643915,0.08129622000000003
2025-10-02 12:00:00,0.97523304,22.48,-3.5,-3.5,-3.772135231643915,-2.52476696
2025-10-02 13:00:00,1.24150616,17.68,-4.0,-4.0,-2.272135231643915,-2.75849384
2025-10-02 14:00:00,2.64595252,19.3,-4.0,-4.0,-0.7721352316439152,-1.3540474800000002
2025-10-02 15:00:00,2.07925596,16.59,-4.0,-4.0,0.7278647683560848,-1.9207440400000002
2025-10-02 16:00:00,0.19630192,31.78,-2.1875,-2.1875,1.5481772683560848,-1.99119808
2025-10-02 17:00:00,0.13206592,45.53,-0.8544921875,-0.8544921875,1.8686118386685848,-0.7224262674999999
2025-10-02 18:00:00,0.0,81.15,-0.3337860107421875,-0.3337860107421875,1.9937815926969051,-0.3337860107421875
2025-10-02 19:00:00,0.0,108.24,0.0,0.0,1.9937815926969051,0.0
2025-10-02 20:00:00,0.0,204.48,4.0,1.5,-2.006218407303095,1.5
2025-10-02 21:00:00,0.0,156.91,4.0,1.5,-6.006218407303095,1.5
2025-10-02 22:00:00,0.0,119.1,0.0,0.0,-6.006218407303095,0.0
2025-10-02 23:00:00,0.0,104.75,0.0,0.0,-6.006218407303095,0.0
2025-10-03 00:00:00,0.0,116.73,0.0,0.0,-6.006218407303095,0.0
2025-10-03 01:00:00,0.0,112.63,0.0,0.0,-6.006218407303095,0.0
2025-10-03 02:00:00,0.0,105.52,-0.08149072527885437,-0.08149072527885437,-5.9756593853235245,-0.08149072527885437
2025-10-03 03:00:00,0.0,104.06,-0.130385160446167,-0.130385160446167,-5.926764950156212,-0.130385160446167
2025-10-03 04:00:00,0.0,104.04,-0.2086162567138672,-0.2086162567138672,-5.848533853888512,-0.2086162567138672
2025-10-03 05:00:00,0.0,106.28,0.0,0.0,-5.848533853888512,0.0
2025-10-03 06:00:00,0.0,110.97,0.0,0.0,-5.848533853888512,0.0
2025-10-03 07:00:00,0.51015572,124.74,0.0,0.0,-5.848533853888512,0.51015572
2025-10-03 08:00:00,1.48039884,132.83,0.0,0.0,-5.848533853888512,1.48039884
2025-10-03 09:00:00,2.20947432,116.23,0.0,0.0,-5.848533853888512,2.20947432
2025-10-03 10:00:00,1.5595601199999998,68.89,-0.5340576171875,-0.5340576171875,-5.648262247443199,1.0255025028124998
2025-10-03 11:00:00,1.8529166,49.63,-1.3671875,-1.3671875,-5.135566934943199,0.4857290999999999
2025-10-03 12:00:00,2.04658692,41.76,-3.5,-3.5,-3.823066934943199,-1.4534130799999998
2025-10-03 13:00:00,1.90585012,39.16,-4.0,-4.0,-2.323066934943199,-2.09414988
2025-10-03 14:00:00,1.82528528,39.12,-4.0,-4.0,-0.8230669349431992,-2.17471472
2025-10-03 15:00:00,1.64625956,38.23,-4.0,-4.0,0.6769330650568008,-2.35374044
2025-10-03 16:00:00,1.33665076,43.97,-2.1875,-2.1875,1.4972455650568008,-0.8508492400000001
2025-10-03 17:00:00,0.4239130799999999,57.85,-0.8544921875,-0.8544921875,1.8176801353693008,-0.4305791075000001
2025-10-03 18:00:00,0.0,95.77,-0.3337860107421875,-0.3337860107421875,1.9428498893976212,-0.3337860107421875
2025-10-03 19:00:00,0.0,120.64,0.0,0.0,1.9428498893976212,0.0
2025-10-03 20:00:00,0.0,138.95,4.0,1.5,-2.057150110602379,1.5
2025-10-03 21:00:00,0.0,134.9,4.0,1.5,-6.057150110602379,1.5
2025-10-03 22:00:00,0.0,120.96,0.0,0.0,-6.057150110602379,0.0
2025-10-03 23:00:00,0.0,116.59,0.0,0.0,-6.057150110602379,0.0
2025-10-04 00:00:00,0.0,110.96,4.0,1.5,-10.057150110602379,1.5
2025-10-04 01:00:00,0.0,102.99,4.0,1.5,-14.057150110602379,1.5
2025-10-04 02:00:00,0.0,100.58,0.0,0.0,-14.057150110602379,0.0
2025-10-04 03:00:00,0.0,95.77,0.0,0.0,-14.057150110602379,0.0
2025-10-04 04:00:00,0.0,93.01,0.0,0.0,-14.057150110602379,0.0
2025-10-04 05:00:00,0.0,99.63,0.0,0.0,-14.057150110602379,0.0
2025-10-04 06:00:00,0.0,94.4,0.0,0.0,-14.057150110602379,0.0
2025-10-04 07:00:00,0.53354696,100.29,0.0,0.0,-14.057150110602379,0.53354696
2025-10-04 08:00:00,1.5210850399999998,92.53,0.0,0.0,-14.057150110602379,1.5210850399999998
2025-10-04 09:00:00,2.25249892,40.75,-0.2086162567138672,-0.2086162567138672,-13.978919014334679,2.0438826632861327
2025-10-04 10:00:00,2.76591732,6.18,-0.5340576171875,-0.5340576171875,-13.778647407889366,2.2318597028125
2025-10-04 11:00:00,3.06703996,0.17,-1.3671875,-1.3671875,-13.265952095389366,1.6998524599999998
2025-10-04 12:00:00,3.15138928,0.07,-4.0,-4.0,-11.765952095389366,-0.8486107199999999
2025-10-04 13:00:00,2.05894844,0.2,-0.8544921875,-0.8544921875,-11.445517525076866,1.2044562525
2025-10-04 14:00:00,1.33065964,0.07,-3.5,-3.5,-10.133017525076866,-2.16934036
2025-10-04 15:00:00,1.0220276,-0.01,-4.0,-4.0,-8.633017525076866,-2.9779724
2025-10-04 16:00:00,0.71490104,-0.01,-4.0,-4.0,-7.133017525076866,-3.28509896
2025-10-04 17:00:00,0.4220818,0.14,-2.1875,-2.1875,-6.312705025076866,-1.7654182
2025-10-04 18:00:00,0.0,10.69,-0.3337860107421875,-0.3337860107421875,-6.187535271048546,-0.3337860107421875
2025-10-04 19:00:00,0.0,66.2,-0.08149072527885437,-0.08149072527885437,-6.1569762490689754,-0.08149072527885437
2025-10-04 20:00:00,0.0,74.35,0.0,0.0,-6.1569762490689754,0.0
2025-10-04 21:00:00,0.0,71.99,0.0,0.0,-6.1569762490689754,0.0
2025-10-04 22:00:00,0.0,68.44,0.0,0.0,-6.1569762490689754,0.0
2025-10-04 23:00:00,0.0,47.22,-0.130385160446167,-0.130385160446167,-6.108081813901663,-0.130385160446167
2025-10-05 00:00:00,0.0,35.02,0.0,0.0,-6.108081813901663,0.0
2025-10-05 01:00:00,0.0,33.43,0.0,0.0,-6.108081813901663,0.0
2025-10-05 02:00:00,0.0,29.04,0.0,0.0,-6.108081813901663,0.0
2025-10-05 03:00:00,0.0,28.93,0.0,0.0,-6.108081813901663,0.0
2025-10-05 04:00:00,0.0,28.2,0.0,0.0,-6.108081813901663,0.0
2025-10-05 05:00:00,0.0,28.2,0.0,0.0,-6.108081813901663,0.0
2025-10-05 06:00:00,0.0,29.19,0.0,0.0,-6.108081813901663,0.0
2025-10-05 07:00:00,0.5366274,28.1,-0.08149072527885437,-0.08149072527885437,-6.077522791922092,0.4551366747211456
2025-10-05 08:00:00,1.5241759200000002,24.8,-0.130385160446167,-0.130385160446167,-6.02862835675478,1.3937907595538332
2025-10-05 09:00:00,2.2571912,5.1,-0.3337860107421875,-0.3337860107421875,-5.9034586027264595,1.9234051892578123
2025-10-05 10:00:00,2.78042872,-0.01,-0.5340576171875,-0.5340576171875,-5.703186996281147,2.2463711028125
2025-10-05 11:00:00,3.08112296,-0.64,-2.1875,-2.1875,-4.882874496281147,0.8936229600000001
2025-10-05 12:00:00,3.15022176,-1.12,-3.5,-3.5,-3.570374496281147,-0.34977824
2025-10-05 13:00:00,2.39251124,-2.22,-4.0,-4.0,-2.070374496281147,-1.6074887599999998
2025-10-05 14:00:00,2.29773628,-2.45,-4.0,-4.0,-0.570374496281147,-1.70226372
2025-10-05 15:00:00,2.1037267600000003,-1.22,-4.0,-4.0,0.929625503718853,-1.8962732399999997
2025-10-05 16:00:00,1.3286876,-0.63,-1.3671875,-1.3671875,1.442320816218853,-0.03849989999999992
2025-10-05 17:00:00,0.40471128,-0.12,-0.8544921875,-0.8544921875,1.762755386531353,-0.4497809075
2025-10-05 18:00:00,0.0,13.73,-0.2086162567138672,-0.2086162567138672,1.8409864827990532,-0.2086162567138672
2025-10-05 19:00:00,0.0,52.83,0.0,0.0,1.8409864827990532,0.0
2025-10-05 20:00:00,0.0,70.54,4.0,1.5,-2.159013517200947,1.5
2025-10-05 21:00:00,0.0,83.21,4.0,1.5,-6.159013517200947,1.5
2025-10-05 22:00:00,0.0,60.82,0.0,0.0,-6.159013517200947,0.0
2025-10-05 23:00:00,0.0,41.17,0.0,0.0,-6.159013517200947,0.0
2025-10-06 00:00:00,0.0,45.07,-0.5340576171875,-0.5340576171875,-5.958741910755634,-0.5340576171875
2025-10-06 01:00:00,0.0,42.42,-3.5,-3.5,-4.646241910755634,-3.5
2025-10-06 02:00:00,0.0,43.03,-2.1875,-2.1875,-3.8259294107556343,-2.1875
2025-10-06 03:00:00,0.0,45.23,-0.3337860107421875,-0.3337860107421875,-3.700759656727314,-0.3337860107421875
2025-10-06 04:00:00,0.0,46.81,-0.2086162567138672,-0.2086162567138672,-3.622528560459614,-0.2086162567138672
2025-10-06 05:00:00,0.0,55.83,-0.08149072527885437,-0.08149072527885437,-3.5919695384800434,-0.08149072527885437
2025-10-06 06:00:00,0.0,83.63,0.0,0.0,-3.5919695384800434,0.0
2025-10-06 07:00:00,0.48924192,112.85,0.0,0.0,-3.5919695384800434,0.48924192
2025-10-06 08:00:00,1.46861836,114.63,0.0,0.0,-3.5919695384800434,1.46861836
2025-10-06 09:00:00,2.21109312,107.91,0.0,0.0,-3.5919695384800434,2.21109312
2025-10-06 10:00:00,2.21091448,71.42,0.0,0.0,-3.5919695384800434,2.21091448
2025-10-06 11:00:00,2.95593572,46.97,-0.130385160446167,-0.130385160446167,-3.543075103312731,2.825550559553833
2025-10-06 12:00:00,3.0323453600000003,44.43,-0.8544921875,-0.8544921875,-3.222640533000231,2.1778531725000003
2025-10-06 13:00:00,2.8968812400000004,41.46,-4.0,-4.0,-1.7226405330002308,-1.1031187599999996
2025-10-06 14:00:00,2.56522804,36.31,-4.0,-4.0,-0.2226405330002308,-1.43477196
2025-10-06 15:00:00,2.02735356,40.27,-4.0,-4.0,1.2773594669997692,-1.9726464400000001
2025-10-06 16:00:00,1.27860856,43.64,-1.3671875,-1.3671875,1.7900547794997692,-0.0885789400000001
2025-10-06 17:00:00,0.3840146,68.96,0.0,0.0,1.7900547794997692,0.3840146
2025-10-06 18:00:00,0.0,101.18,0.0,0.0,1.7900547794997692,0.0
2025-10-06 19:00:00,0.0,139.11,0.0,0.0,1.7900547794997692,0.0
2025-10-06 20:00:00,0.0,163.41,4.0,1.5,-2.209945220500231,1.5
2025-10-06 21:00:00,0.0,169.45,4.0,1.5,-6.209945220500231,1.5
2025-10-06 22:00:00,0.0,126.32,0.0,0.0,-6.209945220500231,0.0
2025-10-06 23:00:00,0.0,103.56,0.0,0.0,-6.209945220500231,0.0
2025-10-07 00:00:00,0.0,110.36,0.0,0.0,-6.209945220500231,0.0
2025-10-07 01:00:00,0.0,108.7,0.0,0.0,-6.209945220500231,0.0
2025-10-07 02:00:00,0.0,107.25,-0.08149072527885437,-0.08149072527885437,-6.17938619852066,-0.08149072527885437
2025-10-07 03:00:00,0.0,103.66,-0.130385160446167,-0.130385160446167,-6.130491763353348,-0.130385160446167
2025-10-07 04:00:00,0.0,103.35,-0.2086162567138672,-0.2086162567138672,-6.052260667085648,-0.2086162567138672
2025-10-07 05:00:00,0.0,103.04,-0.3337860107421875,-0.3337860107421875,-5.927090913057327,-0.3337860107421875
2025-10-07 06:00:00,0.0,108.61,0.0,0.0,-5.927090913057327,0.0
2025-10-07 07:00:00,0.4792224,121.45,0.0,0.0,-5.927090913057327,0.4792224
2025-10-07 08:00:00,1.43847052,132.8,0.0,0.0,-5.927090913057327,1.43847052
2025-10-07 09:00:00,2.16043952,121.43,0.0,0.0,-5.927090913057327,2.16043952
2025-10-07 10:00:00,2.6425358,75.4,-0.8544921875,-0.8544921875,-5.606656342744827,1.7880436125
2025-10-07 11:00:00,2.9175599200000004,51.56,-2.1875,-2.1875,-4.786343842744827,0.7300599200000004
2025-10-07 12:00:00,2.97926916,50.87,-3.5,-3.5,-3.4738438427448273,-0.5207308400000001
2025-10-07 13:00:00,2.83598796,41.41,-4.0,-4.0,-1.9738438427448273,-1.1640120399999998
2025-10-07 14:00:00,2.48832836,37.34,-4.0,-4.0,-0.47384384274482727,-1.5116716399999999
2025-10-07 15:00:00,1.9748288000000005,42.81,-4.0,-4.0,1.0261561572551727,-2.0251711999999995
2025-10-07 16:00:00,1.2474902,54.68,-1.3671875,-1.3671875,1.5388514697551727,-0.1196972999999999
2025-10-07 17:00:00,0.36577956,77.37,-0.5340576171875,-0.5340576171875,1.7391230762004852,-0.1682780571875
2025-10-07 18:00:00,0.0,111.55,0.0,0.0,1.7391230762004852,0.0
2025-10-07 19:00:00,0.0,151.14,0.0,0.0,1.7391230762004852,0.0
2025-10-07 20:00:00,0.0,168.34,4.0,1.5,-2.2608769237995148,1.5
2025-10-07 21:00:00,0.0,156.72,4.0,1.5,-6.260876923799515,1.5
2025-10-07 22:00:00,0.0,119.96,0.0,0.0,-6.260876923799515,0.0
2025-10-07 23:00:00,0.0,114.9,0.0,0.0,-6.260876923799515,0.0
2025-10-08 00:00:00,0.0,111.59,0.0,0.0,-6.260876923799515,0.0
2025-10-08 01:00:00,0.0,104.3,0.0,0.0,-6.260876923799515,0.0
2025-10-08 02:00:00,0.0,101.16,0.0,0.0,-6.260876923799515,0.0
2025-10-08 03:00:00,0.0,99.75,-0.08149072527885437,-0.08149072527885437,-6.230317901819944,-0.08149072527885437
2025-10-08 04:00:00,0.0,100.0,0.0,0.0,-6.230317901819944,0.0
2025-10-08 05:00:00,0.0,97.59,-0.2086162567138672,-0.2086162567138672,-6.152086805552244,-0.2086162567138672
2025-10-08 06:00:00,0.0,105.76,0.0,0.0,-6.152086805552244,0.0
2025-10-08 07:00:00,0.47958572,129.77,0.0,0.0,-6.152086805552244,0.47958572
2025-10-08 08:00:00,1.44041416,132.35,0.0,0.0,-6.152086805552244,1.44041416
2025-10-08 09:00:00,2.17088876,111.54,0.0,0.0,-6.152086805552244,2.17088876
2025-10-08 10:00:00,2.67972788,98.36,-0.130385160446167,-0.130385160446167,-6.103192370384932,2.549342719553833
2025-10-08 11:00:00,2.97617316,79.43,-0.8544921875,-0.8544921875,-5.782757800072432,2.1216809725
2025-10-08 12:00:00,3.0677797200000003,76.16,-2.1875,-2.1875,-4.962445300072432,0.8802797200000003
2025-10-08 13:00:00,2.92011236,68.14,-3.5,-3.5,-3.6499453000724316,-0.5798876399999999
2025-10-08 14:00:00,2.56405704,63.22,-4.0,-4.0,-2.1499453000724316,-1.4359429600000002
2025-10-08 15:00:00,1.99859288,61.94,-4.0,-4.0,-0.6499453000724316,-2.00140712
2025-10-08 16:00:00,1.23601036,55.46,-4.0,-4.0,0.8500546999275684,-2.76398964
2025-10-08 17:00:00,0.34826312,76.72,-1.3671875,-1.3671875,1.3627500124275684,-1.01892438
2025-10-08 18:00:00,0.0,91.7,-0.5340576171875,-0.5340576171875,1.563021618872881,-0.5340576171875
2025-10-08 19:00:00,0.0,143.2,4.0,1.5,-2.436978381127119,1.5
2025-10-08 20:00:00,0.0,139.22,4.0,1.5,-6.436978381127119,1.5
2025-10-08 21:00:00,0.0,113.57,0.0,0.0,-6.436978381127119,0.0
2025-10-08 22:00:00,0.0,106.74,0.0,0.0,-6.436978381127119,0.0
2025-10-08 23:00:00,0.0,97.13,-0.3337860107421875,-0.3337860107421875,-6.311808627098799,-0.3337860107421875
2025-10-09 00:00:00,0.0,92.61,0.0,0.0,-6.311808627098799,0.0
2025-10-09 01:00:00,0.0,81.12,0.0,0.0,-6.311808627098799,0.0
2025-10-09 02:00:00,0.0,79.06,0.0,0.0,-6.311808627098799,0.0
2025-10-09 03:00:00,0.0,69.93,-0.130385160446167,-0.130385160446167,-6.262914191931486,-0.130385160446167
2025-10-09 04:00:00,0.0,65.58,-0.3337860107421875,-0.3337860107421875,-6.137744437903166,-0.3337860107421875
2025-10-09 05:00:00,0.0,68.63,-0.2086162567138672,-0.2086162567138672,-6.059513341635466,-0.2086162567138672
2025-10-09 06:00:00,0.0,86.04,0.0,0.0,-6.059513341635466,0.0
2025-10-09 07:00:00,0.44852144,102.13,0.0,0.0,-6.059513341635466,0.44852144
2025-10-09 08:00:00,1.4220261600000002,111.31,4.0,1.5,-10.059513341635466,2.92202616
2025-10-09 09:00:00,2.1711723600000004,91.87,0.0,0.0,-10.059513341635466,2.1711723600000004
2025-10-09 10:00:00,2.68695616,57.98,-0.5340576171875,-0.5340576171875,-9.859241735190153,2.1528985428125
2025-10-09 11:00:00,2.9815418800000004,23.3,-2.1875,-2.1875,-9.038929235190153,0.7940418800000004
2025-10-09 12:00:00,3.05933776,19.34,-4.0,-4.0,-7.538929235190153,-0.94066224
2025-10-09 13:00:00,2.90972416,19.01,-4.0,-4.0,-6.038929235190153,-1.0902758399999999
2025-10-09 14:00:00,2.5544042800000004,19.01,-4.0,-4.0,-4.538929235190153,-1.4455957199999996
2025-10-09 15:00:00,2.01385572,22.03,-3.5,-3.5,-3.226429235190153,-1.48614428
2025-10-09 16:00:00,1.2443188,39.48,-1.3671875,-1.3671875,-2.713733922690153,-0.12286869999999994
2025-10-09 17:00:00,0.3449041599999999,54.98,-0.8544921875,-0.8544921875,-2.393299352377653,-0.5095880275000001
2025-10-09 18:00:00,0.0,75.45,-0.08149072527885437,-0.08149072527885437,-2.3627403303980827,-0.08149072527885437
2025-10-09 19:00:00,0.0,106.74,0.0,0.0,-2.3627403303980827,0.0
2025-10-09 20:00:00,0.0,114.57,4.0,1.5,-6.362740330398083,1.5
2025-10-09 21:00:00,0.0,102.06,0.0,0.0,-6.362740330398083,0.0
2025-10-09 22:00:00,0.0,95.2,0.0,0.0,-6.362740330398083,0.0
2025-10-09 23:00:00,0.0,93.05,0.0,0.0,-6.362740330398083,0.0
2025-10-10 00:00:00,0.0,89.12,0.0,0.0,-6.362740330398083,0.0
2025-10-10 01:00:00,0.0,85.07,0.0,0.0,-6.362740330398083,0.0
2025-10-10 02:00:00,0.0,80.01,-0.08149072527885437,-0.08149072527885437,-6.332181308418512,-0.08149072527885437
2025-10-10 03:00:00,0.0,72.96,-0.3337860107421875,-0.3337860107421875,-6.207011554390192,-0.3337860107421875
2025-10-10 04:00:00,0.0,69.77,-0.5340576171875,-0.5340576171875,-6.0067399479448795,-0.5340576171875
2025-10-10 05:00:00,0.0,78.89,-0.2086162567138672,-0.2086162567138672,-5.928508851677179,-0.2086162567138672
2025-10-10 06:00:00,0.0,95.16,0.0,0.0,-5.928508851677179,0.0
2025-10-10 07:00:00,0.45038572,100.8,0.0,0.0,-5.928508851677179,0.45038572
2025-10-10 08:00:00,1.43014768,107.39,0.0,0.0,-5.928508851677179,1.43014768
2025-10-10 09:00:00,2.180018,94.28,0.0,0.0,-5.928508851677179,2.180018
2025-10-10 10:00:00,2.6716703600000007,48.38,-1.3671875,-1.3671875,-5.415813539177179,1.3044828600000007
2025-10-10 11:00:00,2.9352489200000003,42.89,-4.0,-4.0,-3.9158135391771793,-1.0647510799999997
2025-10-10 12:00:00,2.99403864,43.9,-3.5,-3.5,-2.6033135391771793,-0.5059613600000001
2025-10-10 13:00:00,2.84675608,41.1,-4.0,-4.0,-1.1033135391771793,-1.15324392
2025-10-10 14:00:00,2.51442016,33.21,-4.0,-4.0,0.39668646082282066,-1.4855798400000002
2025-10-10 15:00:00,1.99741596,45.67,-2.1875,-2.1875,1.2169989608228207,-0.1900840399999999
2025-10-10 16:00:00,1.2368084,51.94,-0.8544921875,-0.8544921875,1.5374335311353207,0.3823162124999999
2025-10-10 17:00:00,0.333031,79.38,-0.130385160446167,-0.130385160446167,1.5863279663026333,0.20264583955383303
2025-10-10 18:00:00,0.0,96.86,0.0,0.0,1.5863279663026333,0.0
2025-10-10 19:00:00,0.0,115.38,4.0,1.5,-2.4136720336973667,1.5
2025-10-10 20:00:00,0.0,117.49,4.0,1.5,-6.413672033697367,1.5
2025-10-10 21:00:00,0.0,108.24,0.0,0.0,-6.413672033697367,0.0
2025-10-10 22:00:00,0.0,103.52,0.0,0.0,-6.413672033697367,0.0
2025-10-10 23:00:00,0.0,101.98,0.0,0.0,-6.413672033697367,0.0
2025-10-11 00:00:00,0.0,106.98,0.0,0.0,-6.413672033697367,0.0
2025-10-11 01:00:00,0.0,105.45,0.0,0.0,-6.413672033697367,0.0
2025-10-11 02:00:00,0.0,103.81,0.0,0.0,-6.413672033697367,0.0
2025-10-11 03:00:00,0.0,101.03,-0.08149072527885437,-0.08149072527885437,-6.383113011717796,-0.08149072527885437
2025-10-11 04:00:00,0.0,100.34,-0.130385160446167,-0.130385160446167,-6.334218576550484,-0.130385160446167
2025-10-11 05:00:00,0.0,101.89,0.0,0.0,-6.334218576550484,0.0
2025-10-11 06:00:00,0.0,102.37,0.0,0.0,-6.334218576550484,0.0
2025-10-11 07:00:00,0.4928192,101.42,0.0,0.0,-6.334218576550484,0.4928192
2025-10-11 08:00:00,1.51281264,102.1,0.0,0.0,-6.334218576550484,1.51281264
2025-10-11 09:00:00,2.23837716,85.9,-0.2086162567138672,-0.2086162567138672,-6.2559874802827835,2.029760903286133
2025-10-11 10:00:00,2.73143448,53.26,-0.5340576171875,-0.5340576171875,-6.055715873837471,2.1973768628125
2025-10-11 11:00:00,3.03254336,18.28,-1.3671875,-1.3671875,-5.543020561337471,1.66535586
2025-10-11 12:00:00,3.1477684000000004,4.88,-3.5,-3.5,-4.230520561337471,-0.35223159999999964
2025-10-11 13:00:00,3.0317535200000005,4.45,-4.0,-4.0,-2.730520561337471,-0.9682464799999995
2025-10-11 14:00:00,2.68654712,3.84,-4.0,-4.0,-1.230520561337471,-1.3134528799999998
2025-10-11 15:00:00,2.11463568,3.72,-4.0,-4.0,0.269479438662529,-1.8853643199999999
2025-10-11 16:00:00,1.31404848,7.52,-2.1875,-2.1875,1.089791938662529,-0.8734515199999999
2025-10-11 17:00:00,0.34549172,41.64,-0.8544921875,-0.8544921875,1.410226508975029,-0.5090004674999999
2025-10-11 18:00:00,0.0,82.91,-0.3337860107421875,-0.3337860107421875,1.5353962630033493,-0.3337860107421875
2025-10-11 19:00:00,0.0,106.89,0.0,0.0,1.5353962630033493,0.0
2025-10-11 20:00:00,0.0,108.26,4.0,1.5,-2.4646037369966507,1.5
2025-10-11 21:00:00,0.0,109.84,4.0,1.5,-6.464603736996651,1.5
2025-10-11 22:00:00,0.0,107.03,0.0,0.0,-6.464603736996651,0.0
2025-10-11 23:00:00,0.0,104.7,0.0,0.0,-6.464603736996651,0.0
2025-10-12 00:00:00,0.0,105.09,0.0,0.0,-6.464603736996651,0.0
2025-10-12 01:00:00,0.0,101.89,0.0,0.0,-6.464603736996651,0.0
2025-10-12 02:00:00,0.0,81.26,0.0,0.0,-6.464603736996651,0.0
2025-10-12 03:00:00,0.0,76.99,-0.2086162567138672,-0.2086162567138672,-6.3863726407289505,-0.2086162567138672
2025-10-12 04:00:00,0.0,77.5,-0.08149072527885437,-0.08149072527885437,-6.35581361874938,-0.08149072527885437
2025-10-12 05:00:00,0.0,77.5,0.0,0.0,-6.35581361874938,0.0
2025-10-12 06:00:00,0.0,77.15,-0.130385160446167,-0.130385160446167,-6.3069191835820675,-0.130385160446167
2025-10-12 07:00:00,0.1084972799999999,81.45,0.0,0.0,-6.3069191835820675,0.1084972799999999
2025-10-12 08:00:00,0.06196708,84.94,0.0,0.0,-6.3069191835820675,0.06196708
2025-10-12 09:00:00,0.51958292,64.48,-0.3337860107421875,-0.3337860107421875,-6.181749429553747,0.18579690925781245
2025-10-12 10:00:00,0.92770496,23.76,-0.8544921875,-0.8544921875,-5.861314859241247,0.07321277250000002
2025-10-12 11:00:00,1.32069612,1.28,-4.0,-4.0,-4.361314859241247,-2.67930388
2025-10-12 12:00:00,3.13021292,0.65,-4.0,-4.0,-2.861314859241247,-0.86978708
2025-10-12 13:00:00,3.00259928,1.04,-4.0,-4.0,-1.3613148592412472,-0.9974007199999999
2025-10-12 14:00:00,1.9353824,1.72,-3.5,-3.5,-0.04881485924124718,-1.5646176
2025-10-12 15:00:00,2.0464452,2.0,-2.1875,-2.1875,0.7714976407587528,-0.14105480000000004
2025-10-12 16:00:00,1.22727224,7.37,-1.3671875,-1.3671875,1.2841929532587528,-0.13991525999999999
2025-10-12 17:00:00,0.18627292,34.53,-0.5340576171875,-0.5340576171875,1.4844645597040653,-0.3477846971875
2025-10-12 18:00:00,0.0,86.06,0.0,0.0,1.4844645597040653,0.0
2025-10-12 19:00:00,0.0,109.61,0.0,0.0,1.4844645597040653,0.0
2025-10-12 20:00:00,0.0,115.14,4.0,1.5,-2.5155354402959347,1.5
2025-10-12 21:00:00,0.0,115.15,4.0,1.5,-6.515535440295935,1.5
2025-10-12 22:00:00,0.0,113.68,0.0,0.0,-6.515535440295935,0.0
2025-10-12 23:00:00,0.0,109.76,0.0,0.0,-6.515535440295935,0.0
2025-10-13 00:00:00,0.0,101.03,0.0,0.0,-6.515535440295935,0.0
2025-10-13 01:00:00,0.0,92.2,-0.2086162567138672,-0.2086162567138672,-6.4373043440282345,-0.2086162567138672
2025-10-13 02:00:00,0.0,83.88,-1.3671875,-1.3671875,-5.9246090315282345,-1.3671875
2025-10-13 03:00:00,0.0,92.16,-0.3337860107421875,-0.3337860107421875,-5.799439277499914,-0.3337860107421875
2025-10-13 04:00:00,0.0,95.07,-0.130385160446167,-0.130385160446167,-5.7505448423326015,-0.130385160446167
2025-10-13 05:00:00,0.0,102.02,0.0,0.0,-5.7505448423326015,0.0
2025-10-13 06:00:00,0.0,106.07,0.0,0.0,-5.7505448423326015,0.0
2025-10-13 07:00:00,0.061201,115.27,0.0,0.0,-5.7505448423326015,0.061201
2025-10-13 08:00:00,1.39859604,127.42,0.0,0.0,-5.7505448423326015,1.39859604
2025-10-13 09:00:00,2.14454416,121.18,0.0,0.0,-5.7505448423326015,2.14454416
2025-10-13 10:00:00,2.09267548,104.24,0.0,0.0,-5.7505448423326015,2.09267548
2025-10-13 11:00:00,2.9450538,88.3,-0.5340576171875,-0.5340576171875,-5.550273235887289,2.4109961828125
2025-10-13 12:00:00,2.50870812,77.27,-2.1875,-2.1875,-4.729960735887289,0.3212081200000001
2025-10-13 13:00:00,2.92309712,70.4,-4.0,-4.0,-3.229960735887289,-1.07690288
2025-10-13 14:00:00,2.58704452,68.7,-4.0,-4.0,-1.729960735887289,-1.41295548
2025-10-13 15:00:00,2.02473356,65.44,-4.0,-4.0,-0.22996073588728905,-1.97526644
2025-10-13 16:00:00,1.22411776,71.09,-3.5,-3.5,1.082539264112711,-2.27588224
2025-10-13 17:00:00,0.28723528,84.12,-0.8544921875,-0.8544921875,1.402973834425211,-0.5672569075
2025-10-13 18:00:00,0.0,100.31,-0.08149072527885437,-0.08149072527885437,1.4335328564047813,-0.08149072527885437
2025-10-13 19:00:00,0.0,132.82,0.0,0.0,1.4335328564047813,0.0
2025-10-13 20:00:00,0.0,162.12,4.0,1.5,-2.5664671435952187,1.5
2025-10-13 21:00:00,0.0,160.55,4.0,1.5,-6.566467143595219,1.5
2025-10-13 22:00:00,0.0,129.61,0.0,0.0,-6.566467143595219,0.0
2025-10-13 23:00:00,0.0,115.04,0.0,0.0,-6.566467143595219,0.0
2025-10-14 00:00:00,0.0,116.31,0.0,0.0,-6.566467143595219,0.0
2025-10-14 01:00:00,0.0,109.25,0.0,0.0,-6.566467143595219,0.0
2025-10-14 02:00:00,0.0,107.06,-0.2086162567138672,-0.2086162567138672,-6.4882360473275185,-0.2086162567138672
2025-10-14 03:00:00,0.0,106.93,-0.3337860107421875,-0.3337860107421875,-6.363066293299198,-0.3337860107421875
2025-10-14 04:00:00,0.0,107.22,-0.130385160446167,-0.130385160446167,-6.3141718581318855,-0.130385160446167
2025-10-14 05:00:00,0.0,108.52,-0.08149072527885437,-0.08149072527885437,-6.283612836152315,-0.08149072527885437
2025-10-14 06:00:00,0.0,115.63,0.0,0.0,-6.283612836152315,0.0
2025-10-14 07:00:00,0.02945848,126.96,0.0,0.0,-6.283612836152315,0.02945848
2025-10-14 08:00:00,0.06476568,155.82,4.0,1.5,-10.283612836152315,1.56476568
2025-10-14 09:00:00,1.30688816,124.44,0.0,0.0,-10.283612836152315,1.30688816
2025-10-14 10:00:00,1.7062936400000002,105.61,-0.5340576171875,-0.5340576171875,-10.083341229707003,1.1722360228125002
2025-10-14 11:00:00,2.88872556,88.19,-1.3671875,-1.3671875,-9.570645917207003,1.5215380600000001
2025-10-14 12:00:00,2.97372012,81.83,-3.5,-3.5,-8.258145917207003,-0.5262798800000001
2025-10-14 13:00:00,2.85559276,75.12,-4.0,-4.0,-6.758145917207003,-1.14440724
2025-10-14 14:00:00,2.50691064,74.25,-4.0,-4.0,-5.258145917207003,-1.49308936
2025-10-14 15:00:00,1.383352,77.61,-4.0,-4.0,-3.7581459172070026,-2.616648
2025-10-14 16:00:00,0.8511318,81.93,-2.1875,-2.1875,-2.9378334172070026,-1.3363682
2025-10-14 17:00:00,0.26079416,92.25,-0.8544921875,-0.8544921875,-2.6173988468945026,-0.5936980275
2025-10-14 18:00:00,0.0,112.49,0.0,0.0,-2.6173988468945026,0.0
2025-10-14 19:00:00,0.0,146.04,0.0,0.0,-2.6173988468945026,0.0
2025-10-14 20:00:00,0.0,160.21,4.0,1.5,-6.617398846894503,1.5
2025-10-14 21:00:00,0.0,144.76,0.0,0.0,-6.617398846894503,0.0
2025-10-14 22:00:00,0.0,130.73,0.0,0.0,-6.617398846894503,0.0
2025-10-14 23:00:00,0.0,111.48,0.0,0.0,-6.617398846894503,0.0
2025-10-15 00:00:00,0.0,116.11,0.0,0.0,-6.617398846894503,0.0
2025-10-15 01:00:00,0.0,108.3,0.0,0.0,-6.617398846894503,0.0
2025-10-15 02:00:00,0.0,105.46,-0.130385160446167,-0.130385160446167,-6.56850441172719,-0.130385160446167
2025-10-15 03:00:00,0.0,103.77,-0.3337860107421875,-0.3337860107421875,-6.44333465769887,-0.3337860107421875
2025-10-15 04:00:00,0.0,103.77,-0.2086162567138672,-0.2086162567138672,-6.3651035614311695,-0.2086162567138672
2025-10-15 05:00:00,0.0,107.03,-0.08149072527885437,-0.08149072527885437,-6.334544539451599,-0.08149072527885437
2025-10-15 06:00:00,0.0,114.13,0.0,0.0,-6.334544539451599,0.0
2025-10-15 07:00:00,0.046299,143.06,0.0,0.0,-6.334544539451599,0.046299
2025-10-15 08:00:00,1.39923604,158.16,4.0,1.5,-10.3345445394516,2.89923604
2025-10-15 09:00:00,2.13138172,123.66,0.0,0.0,-10.3345445394516,2.13138172
2025-10-15 10:00:00,2.62761952,100.68,-0.5340576171875,-0.5340576171875,-10.134272933006287,2.0935619028125
2025-10-15 11:00:00,2.8889658000000003,85.22,-1.3671875,-1.3671875,-9.621577620506287,1.5217783000000003
2025-10-15 12:00:00,2.909083,81.99,-3.5,-3.5,-8.309077620506287,-0.5909170000000001
2025-10-15 13:00:00,2.75815964,81.27,-4.0,-4.0,-6.809077620506287,-1.2418403599999999
2025-10-15 14:00:00,2.45970144,77.43,-4.0,-4.0,-5.309077620506287,-1.54029856
2025-10-15 15:00:00,1.9440196,81.82,-4.0,-4.0,-3.8090776205062866,-2.0559804
2025-10-15 16:00:00,1.16401628,82.22,-2.1875,-2.1875,-2.9887651205062866,-1.02348372
2025-10-15 17:00:00,0.23462432,100.25,-0.8544921875,-0.8544921875,-2.6683305501937866,-0.6198678675
2025-10-15 18:00:00,0.0,117.91,0.0,0.0,-2.6683305501937866,0.0
2025-10-15 19:00:00,0.0,156.85,0.0,0.0,-2.6683305501937866,0.0
2025-10-15 20:00:00,0.0,163.08,4.0,1.5,-6.668330550193787,1.5
2025-10-15 21:00:00,0.0,149.18,0.0,0.0,-6.668330550193787,0.0
2025-10-15 22:00:00,0.0,120.59,0.0,0.0,-6.668330550193787,0.0
2025-10-15 23:00:00,0.0,112.79,0.0,0.0,-6.668330550193787,0.0
2025-10-16 00:00:00,0.0,117.47,0.0,0.0,-6.668330550193787,0.0
2025-10-16 01:00:00,0.0,109.71,0.0,0.0,-6.668330550193787,0.0
2025-10-16 02:00:00,0.0,106.1,-0.2086162567138672,-0.2086162567138672,-6.590099453926086,-0.2086162567138672
2025-10-16 03:00:00,0.0,105.0,-0.3337860107421875,-0.3337860107421875,-6.464929699897766,-0.3337860107421875
2025-10-16 04:00:00,0.0,104.98,-0.5340576171875,-0.5340576171875,-6.264658093452454,-0.5340576171875
2025-10-16 05:00:00,0.0,106.67,-0.130385160446167,-0.130385160446167,-6.215763658285141,-0.130385160446167
2025-10-16 06:00:00,0.0,115.15,0.0,0.0,-6.215763658285141,0.0
2025-10-16 07:00:00,0.4397922000000001,128.52,0.0,0.0,-6.215763658285141,0.4397922000000001
2025-10-16 08:00:00,1.4438492800000002,152.88,4.0,1.5,-10.215763658285141,2.9438492800000002
2025-10-16 09:00:00,2.19521004,126.01,0.0,0.0,-10.215763658285141,2.19521004
2025-10-16 10:00:00,2.7165673599999995,107.51,-0.08149072527885437,-0.08149072527885437,-10.18520463630557,2.635076634721145
2025-10-16 11:00:00,2.98831836,89.5,-1.3671875,-1.3671875,-9.67250932380557,1.62113086
2025-10-16 12:00:00,3.0340038400000005,83.1,-2.1875,-2.1875,-8.85219682380557,0.8465038400000005
2025-10-16 13:00:00,2.89228272,81.05,-4.0,-4.0,-7.352196823805571,-1.1077172800000001
2025-10-16 14:00:00,2.5417268,79.4,-4.0,-4.0,-5.852196823805571,-1.4582731999999998
2025-10-16 15:00:00,1.98784924,80.62,-4.0,-4.0,-4.352196823805571,-2.01215076
2025-10-16 16:00:00,1.17289156,81.21,-3.5,-3.5,-3.0396968238055706,-2.32710844
2025-10-16 17:00:00,0.2099684,94.88,-0.8544921875,-0.8544921875,-2.7192622534930706,-0.6445237875000001
2025-10-16 18:00:00,0.0,120.44,0.0,0.0,-2.7192622534930706,0.0
2025-10-16 19:00:00,0.0,147.47,0.0,0.0,-2.7192622534930706,0.0
2025-10-16 20:00:00,0.0,153.56,4.0,1.5,-6.719262253493071,1.5
2025-10-16 21:00:00,0.0,142.19,0.0,0.0,-6.719262253493071,0.0
2025-10-16 22:00:00,0.0,130.37,0.0,0.0,-6.719262253493071,0.0
2025-10-16 23:00:00,0.0,115.41,0.0,0.0,-6.719262253493071,0.0
2025-10-17 00:00:00,0.0,123.72,0.0,0.0,-6.719262253493071,0.0
2025-10-17 01:00:00,0.0,110.12,0.0,0.0,-6.719262253493071,0.0
2025-10-17 02:00:00,0.0,106.87,-0.130385160446167,-0.130385160446167,-6.670367818325758,-0.130385160446167
2025-10-17 03:00:00,0.0,105.16,-0.2086162567138672,-0.2086162567138672,-6.592136722058058,-0.2086162567138672
2025-10-17 04:00:00,0.0,105.05,-0.3337860107421875,-0.3337860107421875,-6.4669669680297375,-0.3337860107421875
2025-10-17 05:00:00,0.0,106.87,-0.08149072527885437,-0.08149072527885437,-6.436407946050167,-0.08149072527885437
2025-10-17 06:00:00,0.0,116.96,0.0,0.0,-6.436407946050167,0.0
2025-10-17 07:00:00,0.0127406799999999,137.68,0.0,0.0,-6.436407946050167,0.0127406799999999
2025-10-17 08:00:00,0.234423,159.38,4.0,1.5,-10.436407946050167,1.734423
2025-10-17 09:00:00,2.18297356,131.55,0.0,0.0,-10.436407946050167,2.18297356
2025-10-17 10:00:00,1.75208416,99.33,-0.5340576171875,-0.5340576171875,-10.236136339604855,1.2180265428125
2025-10-17 11:00:00,2.93071144,85.04,-1.3671875,-1.3671875,-9.723441027104855,1.56352394
2025-10-17 12:00:00,2.9675864,76.76,-2.1875,-2.1875,-8.903128527104855,0.7800864000000001
2025-10-17 13:00:00,2.83211616,60.49,-4.0,-4.0,-7.403128527104855,-1.16788384
2025-10-17 14:00:00,2.49214784,55.01,-4.0,-4.0,-5.903128527104855,-1.50785216
2025-10-17 15:00:00,1.97803296,55.03,-4.0,-4.0,-4.403128527104855,-2.02196704
2025-10-17 16:00:00,1.17423116,68.36,-3.5,-3.5,-3.0906285271048546,-2.3257688400000003
2025-10-17 17:00:00,0.19451344,94.41,-0.8544921875,-0.8544921875,-2.7701939567923546,-0.6599787475
2025-10-17 18:00:00,0.0,121.7,0.0,0.0,-2.7701939567923546,0.0
2025-10-17 19:00:00,0.0,138.35,0.0,0.0,-2.7701939567923546,0.0
2025-10-17 20:00:00,0.0,157.71,4.0,1.5,-6.770193956792355,1.5
2025-10-17 21:00:00,0.0,148.03,0.0,0.0,-6.770193956792355,0.0
2025-10-17 22:00:00,0.0,128.24,0.0,0.0,-6.770193956792355,0.0
2025-10-17 23:00:00,0.0,122.5,0.0,0.0,-6.770193956792355,0.0
2025-10-18 00:00:00,0.0,125.6,4.0,1.5,-10.770193956792355,1.5
2025-10-18 01:00:00,0.0,113.05,0.0,0.0,-10.770193956792355,0.0
2025-10-18 02:00:00,0.0,100.95,-0.130385160446167,-0.130385160446167,-10.721299521625042,-0.130385160446167
2025-10-18 03:00:00,0.0,101.38,-0.08149072527885437,-0.08149072527885437,-10.690740499645472,-0.08149072527885437
2025-10-18 04:00:00,0.0,102.35,0.0,0.0,-10.690740499645472,0.0
2025-10-18 05:00:00,0.0,97.45,-0.2086162567138672,-0.2086162567138672,-10.612509403377771,-0.2086162567138672
2025-10-18 06:00:00,0.0,103.88,0.0,0.0,-10.612509403377771,0.0
2025-10-18 07:00:00,0.09535264,114.98,0.0,0.0,-10.612509403377771,0.09535264
2025-10-18 08:00:00,0.76187252,118.54,0.0,0.0,-10.612509403377771,0.76187252
2025-10-18 09:00:00,0.8809119599999999,105.29,0.0,0.0,-10.612509403377771,0.8809119599999999
2025-10-18 10:00:00,2.6568771200000003,74.43,-0.5340576171875,-0.5340576171875,-10.412237796932459,2.1228195028125003
2025-10-18 11:00:00,2.93195124,29.16,-1.3671875,-1.3671875,-9.899542484432459,1.56476374
2025-10-18 12:00:00,1.3159718,6.74,-2.1875,-2.1875,-9.079229984432459,-0.8715282
2025-10-18 13:00:00,0.23577256,4.66,-4.0,-4.0,-7.579229984432459,-3.76422744
2025-10-18 14:00:00,0.3968702799999999,4.31,-4.0,-4.0,-6.079229984432459,-3.60312972
2025-10-18 15:00:00,0.9863472,1.89,-4.0,-4.0,-4.579229984432459,-3.0136528
2025-10-18 16:00:00,0.26493384,5.91,-3.5,-3.5,-3.266729984432459,-3.23506616
2025-10-18 17:00:00,0.03341424,47.39,-0.8544921875,-0.8544921875,-2.946295414119959,-0.8210779475
2025-10-18 18:00:00,0.0,97.43,-0.3337860107421875,-0.3337860107421875,-2.8211256600916386,-0.3337860107421875
2025-10-18 19:00:00,0.0,118.01,0.0,0.0,-2.8211256600916386,0.0
2025-10-18 20:00:00,0.0,128.67,4.0,1.5,-6.821125660091639,1.5
2025-10-18 21:00:00,0.0,120.89,0.0,0.0,-6.821125660091639,0.0
2025-10-18 22:00:00,0.0,113.22,0.0,0.0,-6.821125660091639,0.0
2025-10-18 23:00:00,0.0,109.36,0.0,0.0,-6.821125660091639,0.0
2025-10-19 00:00:00,0.0,86.9,4.0,1.5,-10.821125660091639,1.5
2025-10-19 01:00:00,0.0,71.45,0.0,0.0,-10.821125660091639,0.0
2025-10-19 02:00:00,0.0,56.53,0.0,0.0,-10.821125660091639,0.0
2025-10-19 03:00:00,0.0,33.92,0.0,0.0,-10.821125660091639,0.0
2025-10-19 04:00:00,0.0,30.47,-0.08149072527885437,-0.08149072527885437,-10.790566638112068,-0.08149072527885437
2025-10-19 05:00:00,0.0,29.58,-0.2086162567138672,-0.2086162567138672,-10.712335541844368,-0.2086162567138672
2025-10-19 06:00:00,0.0,29.74,-0.130385160446167,-0.130385160446167,-10.663441106677055,-0.130385160446167
2025-10-19 07:00:00,0.0100113999999999,30.62,0.0,0.0,-10.663441106677055,0.0100113999999999
2025-10-19 08:00:00,0.0102765599999999,31.34,0.0,0.0,-10.663441106677055,0.0102765599999999
2025-10-19 09:00:00,0.02101836,24.38,-0.3337860107421875,-0.3337860107421875,-10.538271352648735,-0.3127676507421875
2025-10-19 10:00:00,0.6904387200000001,5.58,-0.5340576171875,-0.5340576171875,-10.337999746203423,0.15638110281250006
2025-10-19 11:00:00,0.62788736,1.64,-1.3671875,-1.3671875,-9.825304433703423,-0.73930014
2025-10-19 12:00:00,0.5910252,0.01,-3.5,-3.5,-8.512804433703423,-2.9089748
2025-10-19 13:00:00,0.9468018,0.0,-4.0,-4.0,-7.0128044337034225,-3.0531981999999998
2025-10-19 14:00:00,1.9177162,0.0,-4.0,-4.0,-5.5128044337034225,-2.0822838
2025-10-19 15:00:00,1.13292524,0.0,-4.0,-4.0,-4.0128044337034225,-2.86707476
2025-10-19 16:00:00,0.7604923600000001,0.16,-2.1875,-2.1875,-3.1924919337034225,-1.4270076399999998
2025-10-19 17:00:00,0.1258152,3.4,-0.8544921875,-0.8544921875,-2.8720573633909225,-0.7286769875
2025-10-19 18:00:00,0.0,35.42,0.0,0.0,-2.8720573633909225,0.0
2025-10-19 19:00:00,0.0,66.88,0.0,0.0,-2.8720573633909225,0.0
2025-10-19 20:00:00,0.0,72.14,4.0,1.5,-6.8720573633909225,1.5
2025-10-19 21:00:00,0.0,70.94,0.0,0.0,-6.8720573633909225,0.0
2025-10-19 22:00:00,0.0,57.45,0.0,0.0,-6.8720573633909225,0.0
2025-10-19 23:00:00,0.0,47.5,0.0,0.0,-6.8720573633909225,0.0
2025-10-20 00:00:00,0.0,46.03,0.0,0.0,-6.8720573633909225,0.0
2025-10-20 01:00:00,0.0,28.38,-0.08149072527885437,-0.08149072527885437,-6.841498341411352,-0.08149072527885437
2025-10-20 02:00:00,0.0,25.17,-0.5340576171875,-0.5340576171875,-6.64122673496604,-0.5340576171875
2025-10-20 03:00:00,0.0,26.19,-0.3337860107421875,-0.3337860107421875,-6.516056980937719,-0.3337860107421875
2025-10-20 04:00:00,0.0,26.45,-0.2086162567138672,-0.2086162567138672,-6.437825884670019,-0.2086162567138672
2025-10-20 05:00:00,0.0,27.27,-0.130385160446167,-0.130385160446167,-6.3889314495027065,-0.130385160446167
2025-10-20 06:00:00,0.0,51.62,0.0,0.0,-6.3889314495027065,0.0
2025-10-20 07:00:00,0.3889304,75.84,0.0,0.0,-6.3889314495027065,0.3889304
2025-10-20 08:00:00,1.36931232,92.89,0.0,0.0,-6.3889314495027065,1.36931232
2025-10-20 09:00:00,0.80075816,84.74,0.0,0.0,-6.3889314495027065,0.80075816
2025-10-20 10:00:00,1.35073512,38.34,0.0,0.0,-6.3889314495027065,1.35073512
2025-10-20 11:00:00,0.3880087599999999,15.69,-0.8544921875,-0.8544921875,-6.0684968791902065,-0.4664834275000001
2025-10-20 12:00:00,1.03651668,7.98,-2.1875,-2.1875,-5.2481843791902065,-1.15098332
2025-10-20 13:00:00,1.69435616,5.1,-3.5,-3.5,-3.9356843791902065,-1.80564384
2025-10-20 14:00:00,1.4623344,2.52,-4.0,-4.0,-2.4356843791902065,-2.5376656
2025-10-20 15:00:00,0.83316684,0.28,-4.0,-4.0,-0.9356843791902065,-3.16683316
2025-10-20 16:00:00,1.11339224,2.48,-4.0,-4.0,0.5643156208097935,-2.88660776
2025-10-20 17:00:00,0.1565264,11.71,-1.3671875,-1.3671875,1.0770109333097935,-1.2106611
2025-10-20 18:00:00,0.0,45.0,0.0,0.0,1.0770109333097935,0.0
2025-10-20 19:00:00,0.0,79.41,0.0,0.0,1.0770109333097935,0.0
2025-10-20 20:00:00,0.0,100.43,4.0,1.5,-2.9229890666902065,1.5
2025-10-20 21:00:00,0.0,93.12,4.0,1.5,-6.9229890666902065,1.5
2025-10-20 22:00:00,0.0,67.79,0.0,0.0,-6.9229890666902065,0.0
2025-10-20 23:00:00,0.0,48.38,0.0,0.0,-6.9229890666902065,0.0
2025-10-21 00:00:00,0.0,35.95,0.0,0.0,-6.9229890666902065,0.0
2025-10-21 01:00:00,0.0,24.14,-0.08149072527885437,-0.08149072527885437,-6.892430044710636,-0.08149072527885437
2025-10-21 02:00:00,0.0,13.07,-0.8544921875,-0.8544921875,-6.571995474398136,-0.8544921875
2025-10-21 03:00:00,0.0,11.05,-1.3671875,-1.3671875,-6.059300161898136,-1.3671875
2025-10-21 04:00:00,0.0,13.98,-0.3337860107421875,-0.3337860107421875,-5.934130407869816,-0.3337860107421875
2025-10-21 05:00:00,0.0,17.98,-0.2086162567138672,-0.2086162567138672,-5.855899311602116,-0.2086162567138672
2025-10-21 06:00:00,0.0,35.0,0.0,0.0,-5.855899311602116,0.0
2025-10-21 07:00:00,0.0152776,63.82,0.0,0.0,-5.855899311602116,0.0152776
2025-10-21 08:00:00,0.54989928,93.44,4.0,1.5,-9.855899311602116,2.04989928
2025-10-21 09:00:00,1.02299608,78.98,0.0,0.0,-9.855899311602116,1.02299608
2025-10-21 10:00:00,1.60320016,41.67,0.0,0.0,-9.855899311602116,1.60320016
2025-10-21 11:00:00,2.02383928,19.14,-0.130385160446167,-0.130385160446167,-9.807004876434803,1.8934541195538328
2025-10-21 12:00:00,2.28422704,5.87,-2.1875,-2.1875,-8.986692376434803,0.09672704000000021
2025-10-21 13:00:00,1.99344156,3.52,-3.5,-3.5,-7.674192376434803,-1.50655844
2025-10-21 14:00:00,1.76216028,3.26,-4.0,-4.0,-6.174192376434803,-2.23783972
2025-10-21 15:00:00,1.16485088,1.84,-4.0,-4.0,-4.674192376434803,-2.83514912
2025-10-21 16:00:00,0.17703008,3.39,-4.0,-4.0,-3.174192376434803,-3.82296992
2025-10-21 17:00:00,0.0767712,13.91,-0.5340576171875,-0.5340576171875,-2.9739207699894905,-0.4572864171875
2025-10-21 18:00:00,0.0,48.55,0.0,0.0,-2.9739207699894905,0.0
2025-10-21 19:00:00,0.0,78.86,0.0,0.0,-2.9739207699894905,0.0
2025-10-21 20:00:00,0.0,101.39,4.0,1.5,-6.9739207699894905,1.5
2025-10-21 21:00:00,0.0,83.1,0.0,0.0,-6.9739207699894905,0.0
2025-10-21 22:00:00,0.0,79.16,0.0,0.0,-6.9739207699894905,0.0
2025-10-21 23:00:00,0.0,53.23,0.0,0.0,-6.9739207699894905,0.0
2025-10-22 00:00:00,0.0,37.77,0.0,0.0,-6.9739207699894905,0.0
2025-10-22 01:00:00,0.0,30.52,0.0,0.0,-6.9739207699894905,0.0
2025-10-22 02:00:00,0.0,27.61,0.0,0.0,-6.9739207699894905,0.0
2025-10-22 03:00:00,0.0,24.31,-0.130385160446167,-0.130385160446167,-6.925026334822178,-0.130385160446167
2025-10-22 04:00:00,0.0,24.28,-0.2086162567138672,-0.2086162567138672,-6.846795238554478,-0.2086162567138672
2025-10-22 05:00:00,0.0,27.55,0.0,0.0,-6.846795238554478,0.0
2025-10-22 06:00:00,0.0,43.21,0.0,0.0,-6.846795238554478,0.0
2025-10-22 07:00:00,0.00729188,56.74,0.0,0.0,-6.846795238554478,0.00729188
2025-10-22 08:00:00,0.01026784,74.42,4.0,1.5,-10.846795238554478,1.51026784
2025-10-22 09:00:00,0.02110808,46.9,0.0,0.0,-10.846795238554478,0.02110808
2025-10-22 10:00:00,0.03202816,23.26,-0.3337860107421875,-0.3337860107421875,-10.721625484526157,-0.30175785074218753
2025-10-22 11:00:00,0.24389872,3.39,-1.3671875,-1.3671875,-10.208930172026157,-1.12328878
2025-10-22 12:00:00,0.6998017999999999,1.02,-2.1875,-2.1875,-9.388617672026157,-1.4876982
2025-10-22 13:00:00,1.32918436,0.39,-3.5,-3.5,-8.076117672026157,-2.17081564
2025-10-22 14:00:00,1.06925484,0.03,-4.0,-4.0,-6.576117672026157,-2.93074516
2025-10-22 15:00:00,0.78998444,0.01,-4.0,-4.0,-5.076117672026157,-3.21001556
2025-10-22 16:00:00,0.28932768,0.38,-4.0,-4.0,-3.5761176720261574,-3.71067232
2025-10-22 17:00:00,0.02380592,3.43,-0.8544921875,-0.8544921875,-3.2556831017136574,-0.8306862675
2025-10-22 18:00:00,0.0,31.09,0.0,0.0,-3.2556831017136574,0.0
2025-10-22 19:00:00,0.0,60.56,0.0,0.0,-3.2556831017136574,0.0
2025-10-22 20:00:00,0.0,66.65,4.0,1.5,-7.255683101713657,1.5
2025-10-22 21:00:00,0.0,43.55,0.0,0.0,-7.255683101713657,0.0
2025-10-22 22:00:00,0.0,26.21,-0.08149072527885437,-0.08149072527885437,-7.225124079734087,-0.08149072527885437
2025-10-22 23:00:00,0.0,19.84,-0.5340576171875,-0.5340576171875,-7.0248524732887745,-0.5340576171875
2025-10-23 00:00:00,0.0,7.31,0.0,0.0,-7.0248524732887745,0.0
2025-10-23 01:00:00,0.0,1.47,-1.3671875,-1.3671875,-6.5121571607887745,-1.3671875
2025-10-23 02:00:00,0.0,0.22,-2.1875,-2.1875,-5.6918446607887745,-2.1875
2025-10-23 03:00:00,0.0,0.0,-4.0,-4.0,-4.1918446607887745,-4.0
2025-10-23 04:00:00,0.0,0.0,-4.0,-4.0,-2.6918446607887745,-4.0
2025-10-23 05:00:00,0.0,0.0,-4.0,-4.0,-1.1918446607887745,-4.0
2025-10-23 06:00:00,0.0,2.64,-0.5340576171875,-0.5340576171875,-0.991573054343462,-0.5340576171875
2025-10-23 07:00:00,0.32376852,16.54,0.0,0.0,-0.991573054343462,0.32376852
2025-10-23 08:00:00,0.23318952,23.49,0.0,0.0,-0.991573054343462,0.23318952
2025-10-23 09:00:00,0.35839908,14.1,0.0,0.0,-0.991573054343462,0.35839908
2025-10-23 10:00:00,1.48897884,10.01,0.0,0.0,-0.991573054343462,1.48897884
2025-10-23 11:00:00,1.6374024,4.67,-0.130385160446167,-0.130385160446167,-0.9426786191761494,1.507017239553833
2025-10-23 12:00:00,1.28181772,4.31,-0.2086162567138672,-0.2086162567138672,-0.8644475229084492,1.0732014632861329
2025-10-23 13:00:00,0.42884568,2.05,-0.8544921875,-0.8544921875,-0.5440129525959492,-0.4256465075
2025-10-23 14:00:00,0.4681798,0.01,-3.5,-3.5,0.7684870474040508,-3.0318202
2025-10-23 15:00:00,0.95169624,4.18,-0.3337860107421875,-0.3337860107421875,0.8936568014323711,0.6179102292578125
2025-10-23 16:00:00,0.23852536,5.28,-0.08149072527885437,-0.08149072527885437,0.9242158234119415,0.15703463472114562
2025-10-23 17:00:00,0.0166592,7.55,0.0,0.0,0.9242158234119415,0.0166592
2025-10-23 18:00:00,0.0,19.76,0.0,0.0,0.9242158234119415,0.0
2025-10-23 19:00:00,0.0,69.95,0.0,0.0,0.9242158234119415,0.0
2025-10-23 20:00:00,0.0,113.17,4.0,1.5,-3.0757841765880585,1.5
2025-10-23 21:00:00,0.0,116.61,4.0,1.5,-7.0757841765880585,1.5
2025-10-23 22:00:00,0.0,102.99,0.0,0.0,-7.0757841765880585,0.0
2025-10-23 23:00:00,0.0,77.34,0.0,0.0,-7.0757841765880585,0.0
2025-10-24 00:00:00,0.0,101.94,0.0,0.0,-7.0757841765880585,0.0
2025-10-24 01:00:00,0.0,92.55,-0.08149072527885437,-0.08149072527885437,-7.045225154608488,-0.08149072527885437
2025-10-24 02:00:00,0.0,88.64,-0.2086162567138672,-0.2086162567138672,-6.966994058340788,-0.2086162567138672
2025-10-24 03:00:00,0.0,87.64,-0.5340576171875,-0.5340576171875,-6.766722451895475,-0.5340576171875
2025-10-24 04:00:00,0.0,87.84,-0.3337860107421875,-0.3337860107421875,-6.641552697867155,-0.3337860107421875
2025-10-24 05:00:00,0.0,90.77,-0.130385160446167,-0.130385160446167,-6.5926582626998425,-0.130385160446167
2025-10-24 06:00:00,0.0,106.08,0.0,0.0,-6.5926582626998425,0.0
2025-10-24 07:00:00,0.01501,135.49,0.0,0.0,-6.5926582626998425,0.01501
2025-10-24 08:00:00,0.05267,160.69,4.0,1.5,-10.592658262699842,1.55267
2025-10-24 09:00:00,0.0435482,133.84,0.0,0.0,-10.592658262699842,0.0435482
2025-10-24 10:00:00,0.15124004,94.18,0.0,0.0,-10.592658262699842,0.15124004
2025-10-24 11:00:00,0.27017388,62.45,-1.3671875,-1.3671875,-10.079962950199842,-1.09701362
2025-10-24 12:00:00,0.67489748,48.32,-2.1875,-2.1875,-9.259650450199842,-1.51260252
2025-10-24 13:00:00,0.13536508,47.44,-4.0,-4.0,-7.7596504501998425,-3.86463492
2025-10-24 14:00:00,0.6888391199999999,47.01,-4.0,-4.0,-6.2596504501998425,-3.31116088
2025-10-24 15:00:00,0.14984196,47.01,-4.0,-4.0,-4.7596504501998425,-3.85015804
2025-10-24 16:00:00,0.10223756,47.71,-3.5,-3.5,-3.4471504501998425,-3.39776244
2025-10-24 17:00:00,0.0205960399999999,65.25,-0.8544921875,-0.8544921875,-3.1267158798873425,-0.8338961475000001
2025-10-24 18:00:00,0.0,103.24,0.0,0.0,-3.1267158798873425,0.0
2025-10-24 19:00:00,0.0,126.83,0.0,0.0,-3.1267158798873425,0.0
2025-10-24 20:00:00,0.0,161.93,4.0,1.5,-7.1267158798873425,1.5
2025-10-24 21:00:00,0.0,150.19,0.0,0.0,-7.1267158798873425,0.0
2025-10-24 22:00:00,0.0,114.82,0.0,0.0,-7.1267158798873425,0.0
2025-10-24 23:00:00,0.0,104.15,0.0,0.0,-7.1267158798873425,0.0
2025-10-25 00:00:00,0.0,97.6,0.0,0.0,-7.1267158798873425,0.0
2025-10-25 01:00:00,0.0,93.2,-0.08149072527885437,-0.08149072527885437,-7.096156857907772,-0.08149072527885437
2025-10-25 02:00:00,0.0,87.78,-0.2086162567138672,-0.2086162567138672,-7.017925761640072,-0.2086162567138672
2025-10-25 03:00:00,0.0,84.47,-0.5340576171875,-0.5340576171875,-6.817654155194759,-0.5340576171875
2025-10-25 04:00:00,0.0,95.4,0.0,0.0,-6.817654155194759,0.0
2025-10-25 05:00:00,0.0,96.39,0.0,0.0,-6.817654155194759,0.0
2025-10-25 06:00:00,0.0,99.54,0.0,0.0,-6.817654155194759,0.0
2025-10-25 07:00:00,0.00984588,108.17,0.0,0.0,-6.817654155194759,0.00984588
2025-10-25 08:00:00,0.01034508,117.45,4.0,1.5,-10.81765415519476,1.51034508
2025-10-25 09:00:00,0.1209628,104.56,0.0,0.0,-10.81765415519476,0.1209628
2025-10-25 10:00:00,0.31226992,84.67,-0.3337860107421875,-0.3337860107421875,-10.692484401166439,-0.02151609074218752
2025-10-25 11:00:00,0.56007428,56.51,-0.8544921875,-0.8544921875,-10.372049830853939,-0.29441790749999996
2025-10-25 12:00:00,0.16619388,35.64,-2.1875,-2.1875,-9.551737330853939,-2.02130612
2025-10-25 13:00:00,0.0661662,28.98,-3.5,-3.5,-8.239237330853939,-3.4338338
2025-10-25 14:00:00,0.3085258,25.02,-4.0,-4.0,-6.739237330853939,-3.6914742
2025-10-25 15:00:00,0.0211648399999999,25.02,-4.0,-4.0,-5.239237330853939,-3.97883516
2025-10-25 16:00:00,0.30073364,25.02,-4.0,-4.0,-3.739237330853939,-3.69926636
2025-10-25 17:00:00,0.11605712,46.66,-1.3671875,-1.3671875,-3.226542018353939,-1.25113038
2025-10-25 18:00:00,0.0,89.25,-0.130385160446167,-0.130385160446167,-3.1776475831866264,-0.130385160446167
2025-10-25 19:00:00,0.0,113.26,0.0,0.0,-3.1776475831866264,0.0
2025-10-25 20:00:00,0.0,126.56,4.0,1.5,-7.177647583186626,1.5
2025-10-25 21:00:00,0.0,114.18,0.0,0.0,-7.177647583186626,0.0
2025-10-25 22:00:00,0.0,106.76,0.0,0.0,-7.177647583186626,0.0
2025-10-25 23:00:00,0.0,99.83,0.0,0.0,-7.177647583186626,0.0
2025-10-26 00:00:00,0.0,97.55,0.0,0.0,-7.177647583186626,0.0
2025-10-26 01:00:00,0.0,87.61,0.0,0.0,-7.177647583186626,0.0
2025-10-26 02:00:00,0.0,63.0,0.0,0.0,-7.177647583186626,0.0
2025-10-26 03:00:00,0.0,57.35,0.0,0.0,-7.177647583186626,0.0
2025-10-26 04:00:00,0.0,58.54,0.0,0.0,-7.177647583186626,0.0
2025-10-26 05:00:00,0.0,57.58,0.0,0.0,-7.177647583186626,0.0
2025-10-26 06:00:00,0.0,56.23,0.0,0.0,-7.177647583186626,0.0
2025-10-26 07:00:00,0.3290973599999999,51.97,-0.08149072527885437,-0.08149072527885437,-7.147088561207056,0.24760663472114552
2025-10-26 08:00:00,1.331848,43.02,-0.2086162567138672,-0.2086162567138672,-7.068857464939356,1.1232317432861327
2025-10-26 09:00:00,2.1063777600000004,36.48,-0.3337860107421875,-0.3337860107421875,-6.9436877109110355,1.772591749257813
2025-10-26 10:00:00,2.6191940400000004,14.74,-0.8544921875,-0.8544921875,-6.6232531405985355,1.7647018525000004
2025-10-26 11:00:00,2.9029776000000003,5.38,-2.1875,-2.1875,-5.8029406405985355,0.7154776000000003
2025-10-26 12:00:00,2.9386247200000004,2.25,-4.0,-4.0,-4.3029406405985355,-1.0613752799999996
2025-10-26 13:00:00,2.7875271200000005,1.67,-4.0,-4.0,-2.8029406405985355,-1.2124728799999995
2025-10-26 14:00:00,2.43761092,2.41,-4.0,-4.0,-1.3029406405985355,-1.56238908
2025-10-26 15:00:00,1.86955608,4.98,-3.5,-3.5,0.009559359401464462,-1.63044392
2025-10-26 16:00:00,0.11678408,8.8,-1.3671875,-1.3671875,0.5222546719014645,-1.25040342
2025-10-26 17:00:00,0.1223793599999999,19.48,-0.5340576171875,-0.5340576171875,0.722526278346777,-0.4116782571875001
2025-10-26 18:00:00,0.0,47.51,-0.130385160446167,-0.130385160446167,0.7714207135140896,-0.130385160446167
2025-10-26 19:00:00,0.0,83.25,0.0,0.0,0.7714207135140896,0.0
2025-10-26 20:00:00,0.0,96.5,0.0,0.0,0.7714207135140896,0.0
2025-10-26 21:00:00,0.0,105.37,4.0,1.5,-3.2285792864859104,1.5
2025-10-26 22:00:00,0.0,97.83,4.0,1.5,-7.22857928648591,1.5
2025-10-26 23:00:00,0.0,92.52,0.0,0.0,-7.22857928648591,0.0
2025-10-27 00:00:00,0.0,87.06,0.0,0.0,-7.22857928648591,0.0
2025-10-27 01:00:00,0.0,77.41,-0.2086162567138672,-0.2086162567138672,-7.15034819021821,-0.2086162567138672
2025-10-27 02:00:00,0.0,76.93,-0.5340576171875,-0.5340576171875,-6.950076583772898,-0.5340576171875
2025-10-27 03:00:00,0.0,77.12,-0.3337860107421875,-0.3337860107421875,-6.824906829744577,-0.3337860107421875
2025-10-27 04:00:00,0.0,79.54,-0.130385160446167,-0.130385160446167,-6.776012394577265,-0.130385160446167
2025-10-27 05:00:00,0.0,103.53,0.0,0.0,-6.776012394577265,0.0
2025-10-27 06:00:00,0.0,110.69,0.0,0.0,-6.776012394577265,0.0
2025-10-27 07:00:00,0.33452688,152.97,4.0,1.5,-10.776012394577265,1.83452688
2025-10-27 08:00:00,1.3789569599999998,125.41,0.0,0.0,-10.776012394577265,1.3789569599999998
2025-10-27 09:00:00,2.1686768400000003,83.77,-0.08149072527885437,-0.08149072527885437,-10.745453372597694,2.087186114721146
2025-10-27 10:00:00,2.66828844,50.87,-1.3671875,-1.3671875,-10.232758060097694,1.30110094
2025-10-27 11:00:00,2.9353090399999995,26.37,-4.0,-4.0,-8.732758060097694,-1.0646909600000005
2025-10-27 12:00:00,2.99002888,29.81,-3.5,-3.5,-7.420258060097694,-0.5099711199999999
2025-10-27 13:00:00,2.81129224,21.78,-4.0,-4.0,-5.920258060097694,-1.1887077599999998
2025-10-27 14:00:00,2.42995536,20.04,-4.0,-4.0,-4.420258060097694,-1.5700446399999999
2025-10-27 15:00:00,1.8278378,42.74,-2.1875,-2.1875,-3.5999455600976944,-0.35966220000000004
2025-10-27 16:00:00,0.99738192,70.17,-0.8544921875,-0.8544921875,-3.2795109897851944,0.14288973250000003
2025-10-27 17:00:00,0.10335336,116.77,0.0,0.0,-3.2795109897851944,0.10335336
2025-10-27 18:00:00,0.0,138.64,0.0,0.0,-3.2795109897851944,0.0
2025-10-27 19:00:00,0.0,145.4,0.0,0.0,-3.2795109897851944,0.0
2025-10-27 20:00:00,0.0,157.15,4.0,1.5,-7.279510989785194,1.5
2025-10-27 21:00:00,0.0,138.16,0.0,0.0,-7.279510989785194,0.0
2025-10-27 22:00:00,0.0,114.95,0.0,0.0,-7.279510989785194,0.0
2025-10-27 23:00:00,0.0,107.48,0.0,0.0,-7.279510989785194,0.0
2025-10-28 00:00:00,0.0,108.28,0.0,0.0,-7.279510989785194,0.0
2025-10-28 01:00:00,0.0,105.79,0.0,0.0,-7.279510989785194,0.0
2025-10-28 02:00:00,0.0,105.5,-0.08149072527885437,-0.08149072527885437,-7.248951967805624,-0.08149072527885437
2025-10-28 03:00:00,0.0,104.28,-0.2086162567138672,-0.2086162567138672,-7.170720871537924,-0.2086162567138672
2025-10-28 04:00:00,0.0,104.29,-0.130385160446167,-0.130385160446167,-7.121826436370611,-0.130385160446167
2025-10-28 05:00:00,0.0,99.68,-0.5340576171875,-0.5340576171875,-6.921554829925299,-0.5340576171875
2025-10-28 06:00:00,0.0,110.38,0.0,0.0,-6.921554829925299,0.0
2025-10-28 07:00:00,0.2400902,121.59,0.0,0.0,-6.921554829925299,0.2400902
2025-10-28 08:00:00,0.98537208,112.34,0.0,0.0,-6.921554829925299,0.98537208
2025-10-28 09:00:00,1.06772468,100.1,-0.3337860107421875,-0.3337860107421875,-6.796385075896978,0.7339386692578125
2025-10-28 10:00:00,1.9388592,74.57,-2.1875,-2.1875,-5.976072575896978,-0.2486408
2025-10-28 11:00:00,1.88811048,62.01,-4.0,-4.0,-4.476072575896978,-2.11188952
2025-10-28 12:00:00,2.15663936,60.0,-4.0,-4.0,-2.9760725758969784,-1.8433606400000002
2025-10-28 13:00:00,1.96733388,63.46,-4.0,-4.0,-1.4760725758969784,-2.03266612
2025-10-28 14:00:00,1.39482788,70.8,-3.5,-3.5,-0.16357257589697838,-2.1051721199999998
2025-10-28 15:00:00,0.96758752,74.89,-1.3671875,-1.3671875,0.3491227366030216,-0.39959997999999997
2025-10-28 16:00:00,0.34501368,98.93,-0.8544921875,-0.8544921875,0.6695573069155216,-0.5094785075
2025-10-28 17:00:00,0.051342,111.11,0.0,0.0,0.6695573069155216,0.051342
2025-10-28 18:00:00,0.0,128.11,0.0,0.0,0.6695573069155216,0.0
2025-10-28 19:00:00,0.0,130.2,0.0,0.0,0.6695573069155216,0.0
2025-10-28 20:00:00,0.0,142.27,4.0,1.5,-3.3304426930844784,1.5
2025-10-28 21:00:00,0.0,130.4,4.0,1.5,-7.330442693084478,1.5
2025-10-28 22:00:00,0.0,111.55,0.0,0.0,-7.330442693084478,0.0
2025-10-28 23:00:00,0.0,106.73,0.0,0.0,-7.330442693084478,0.0
2025-10-29 00:00:00,0.0,88.82,-0.3337860107421875,-0.3337860107421875,-7.205272939056158,-0.3337860107421875
2025-10-29 01:00:00,0.0,84.37,-0.8544921875,-0.8544921875,-6.884838368743658,-0.8544921875
2025-10-29 02:00:00,0.0,80.03,-4.0,-4.0,-5.384838368743658,-4.0
2025-10-29 03:00:00,0.0,76.51,-4.0,-4.0,-3.884838368743658,-4.0
2025-10-29 04:00:00,0.0,78.56,-4.0,-4.0,-2.384838368743658,-4.0
2025-10-29 05:00:00,0.0,82.35,-3.5,-3.5,-1.072338368743658,-3.5
2025-10-29 06:00:00,0.0,90.35,-0.130385160446167,-0.130385160446167,-1.0234439335763454,-0.130385160446167
2025-10-29 07:00:00,0.3077966,108.37,0.0,0.0,-1.0234439335763454,0.3077966
2025-10-29 08:00:00,1.40267624,111.76,0.0,0.0,-1.0234439335763454,1.40267624
2025-10-29 09:00:00,2.23753524,102.51,0.0,0.0,-1.0234439335763454,2.23753524
2025-10-29 10:00:00,2.8151441600000005,89.12,-0.2086162567138672,-0.2086162567138672,-0.9452128373086452,2.6065279032861333
2025-10-29 11:00:00,3.14314536,83.13,-1.3671875,-1.3671875,-0.43251752480864525,1.77595786
2025-10-29 12:00:00,3.21656464,82.82,-2.1875,-2.1875,0.38779497519135475,1.02906464
2025-10-29 13:00:00,3.0478866800000004,85.14,-0.5340576171875,-0.5340576171875,0.5880665816366673,2.5138290628125004
2025-10-29 14:00:00,2.6368077600000004,94.88,-0.08149072527885437,-0.08149072527885437,0.6186256036162376,2.555317034721146
2025-10-29 15:00:00,2.00822672,103.07,0.0,0.0,0.6186256036162376,2.00822672
2025-10-29 16:00:00,1.09634016,108.51,0.0,0.0,0.6186256036162376,1.09634016
2025-10-29 17:00:00,0.11820144,123.53,0.0,0.0,0.6186256036162376,0.11820144
2025-10-29 18:00:00,0.0,137.56,0.0,0.0,0.6186256036162376,0.0
2025-10-29 19:00:00,0.0,152.57,4.0,1.5,-3.3813743963837624,1.5
2025-10-29 20:00:00,0.0,159.89,4.0,1.5,-7.381374396383762,1.5
2025-10-29 21:00:00,0.0,147.98,0.0,0.0,-7.381374396383762,0.0
2025-10-29 22:00:00,0.0,126.33,0.0,0.0,-7.381374396383762,0.0
2025-10-29 23:00:00,0.0,117.42,0.0,0.0,-7.381374396383762,0.0
2025-10-30 00:00:00,0.0,120.82,0.0,0.0,-7.381374396383762,0.0
2025-10-30 01:00:00,0.0,113.17,0.0,0.0,-7.381374396383762,0.0
2025-10-30 02:00:00,0.0,105.48,-0.08149072527885437,-0.08149072527885437,-7.350815374404192,-0.08149072527885437
2025-10-30 03:00:00,0.0,103.73,-0.130385160446167,-0.130385160446167,-7.301920939236879,-0.130385160446167
2025-10-30 04:00:00,0.0,94.28,-0.2086162567138672,-0.2086162567138672,-7.223689842969179,-0.2086162567138672
2025-10-30 05:00:00,0.0,92.84,-0.5340576171875,-0.5340576171875,-7.023418236523867,-0.5340576171875
2025-10-30 06:00:00,0.0,109.89,0.0,0.0,-7.023418236523867,0.0
2025-10-30 07:00:00,0.02860944,122.47,4.0,1.5,-11.023418236523867,1.52860944
2025-10-30 08:00:00,1.3969505600000005,119.15,0.0,0.0,-11.023418236523867,1.3969505600000005
2025-10-30 09:00:00,2.20622688,110.96,0.0,0.0,-11.023418236523867,2.20622688
2025-10-30 10:00:00,2.75067472,63.33,-0.8544921875,-0.8544921875,-10.702983666211367,1.8961825325000001
2025-10-30 11:00:00,3.05800388,45.93,-3.5,-3.5,-9.390483666211367,-0.4419961200000002
2025-10-30 12:00:00,3.12040892,49.93,-2.1875,-2.1875,-8.570171166211367,0.93290892
2025-10-30 13:00:00,2.94779324,17.51,-4.0,-4.0,-7.070171166211367,-1.0522067599999998
2025-10-30 14:00:00,2.55196668,15.46,-4.0,-4.0,-5.570171166211367,-1.44803332
2025-10-30 15:00:00,1.95774184,25.45,-4.0,-4.0,-4.070171166211367,-2.0422581600000003
2025-10-30 16:00:00,1.07290508,62.66,-1.3671875,-1.3671875,-3.5574758537113667,-0.29428242000000004
2025-10-30 17:00:00,0.11498244,110.01,0.0,0.0,-3.5574758537113667,0.11498244
2025-10-30 18:00:00,0.0,118.45,0.0,0.0,-3.5574758537113667,0.0
2025-10-30 19:00:00,0.0,121.27,0.0,0.0,-3.5574758537113667,0.0
2025-10-30 20:00:00,0.0,135.73,4.0,1.5,-7.557475853711367,1.5
2025-10-30 21:00:00,0.0,120.86,0.0,0.0,-7.557475853711367,0.0
2025-10-30 22:00:00,0.0,109.93,0.0,0.0,-7.557475853711367,0.0
2025-10-30 23:00:00,0.0,93.75,-0.3337860107421875,-0.3337860107421875,-7.432306099683046,-0.3337860107421875
2025-10-31 00:00:00,0.0,69.39,0.0,0.0,-7.432306099683046,0.0
2025-10-31 01:00:00,0.0,54.33,-0.08149072527885437,-0.08149072527885437,-7.401747077703476,-0.08149072527885437
2025-10-31 02:00:00,0.0,52.27,-0.130385160446167,-0.130385160446167,-7.352852642536163,-0.130385160446167
2025-10-31 03:00:00,0.0,50.81,-0.3337860107421875,-0.3337860107421875,-7.227682888507843,-0.3337860107421875
2025-10-31 04:00:00,0.0,50.4,-0.5340576171875,-0.5340576171875,-7.0274112820625305,-0.5340576171875
2025-10-31 05:00:00,0.0,50.81,-0.2086162567138672,-0.2086162567138672,-6.94918018579483,-0.2086162567138672
2025-10-31 06:00:00,0.0,67.44,0.0,0.0,-6.94918018579483,0.0
2025-10-31 07:00:00,0.32120696,77.47,0.0,0.0,-6.94918018579483,0.32120696
2025-10-31 08:00:00,1.4132121599999998,75.49,0.0,0.0,-6.94918018579483,1.4132121599999998
2025-10-31 09:00:00,2.23580532,58.54,0.0,0.0,-6.94918018579483,2.23580532
2025-10-31 10:00:00,2.77455284,33.98,-1.3671875,-1.3671875,-6.43648487329483,1.4073653400000001
2025-10-31 11:00:00,3.0568174800000003,18.11,-3.5,-3.5,-5.12398487329483,-0.4431825199999997
2025-10-31 12:00:00,3.10878788,17.08,-4.0,-4.0,-3.6239848732948303,-0.89121212
2025-10-31 13:00:00,2.9426168800000005,15.92,-4.0,-4.0,-2.1239848732948303,-1.0573831199999995
2025-10-31 14:00:00,2.55482624,15.7,-4.0,-4.0,-0.6239848732948303,-1.4451737599999999
2025-10-31 15:00:00,1.9293902400000005,21.73,-2.1875,-2.1875,0.19632762670516968,-0.2581097599999995
2025-10-31 16:00:00,1.0449208,42.06,-0.8544921875,-0.8544921875,0.5167621970176697,0.1904286125000001
2025-10-31 17:00:00,0.1012038399999999,65.62,0.0,0.0,0.5167621970176697,0.1012038399999999
2025-10-31 18:00:00,0.0,83.28,0.0,0.0,0.5167621970176697,0.0
2025-10-31 19:00:00,0.0,90.4,4.0,1.5,-3.4832378029823303,1.5
2025-10-31 20:00:00,0.0,93.74,4.0,1.5,-7.48323780298233,1.5
2025-10-31 21:00:00,0.0,87.95,0.0,0.0,-7.48323780298233,0.0
2025-10-31 22:00:00,0.0,77.48,0.0,0.0,-7.48323780298233,0.0
2025-10-31 23:00:00,0.0,68.67,0.0,0.0,-7.48323780298233,0.0
2025-11-01 00:00:00,0.0,45.9,0.0,0.0,-7.48323780298233,0.0
2025-11-01 01:00:00,0.0,24.49,-0.3337860107421875,-0.3337860107421875,-7.35806804895401,-0.3337860107421875
2025-11-01 02:00:00,0.0,22.45,-0.8544921875,-0.8544921875,-7.03763347864151,-0.8544921875
2025-11-01 03:00:00,0.0,30.0,-0.2086162567138672,-0.2086162567138672,-6.95940238237381,-0.2086162567138672
2025-11-01 04:00:00,0.0,30.09,-0.130385160446167,-0.130385160446167,-6.910507947206497,-0.130385160446167
2025-11-01 05:00:00,0.0,33.82,-0.08149072527885437,-0.08149072527885437,-6.879948925226927,-0.08149072527885437
2025-11-01 06:00:00,0.0,47.28,0.0,0.0,-6.879948925226927,0.0
2025-11-01 07:00:00,0.2447434,51.96,0.0,0.0,-6.879948925226927,0.2447434
2025-11-01 08:00:00,0.07387408,50.32,0.0,0.0,-6.879948925226927,0.07387408
2025-11-01 09:00:00,0.12990804,23.59,-0.5340576171875,-0.5340576171875,-6.679677318781614,-0.4041495771875
2025-11-01 10:00:00,0.7635133999999999,18.27,-2.1875,-2.1875,-5.859364818781614,-1.4239866
2025-11-01 11:00:00,1.4319294,14.89,-4.0,-4.0,-4.359364818781614,-2.5680706
2025-11-01 12:00:00,2.95182816,10.79,-4.0,-4.0,-2.8593648187816143,-1.0481718400000002
2025-11-01 13:00:00,0.98092628,15.65,-3.5,-3.5,-1.5468648187816143,-2.5190737199999997
2025-11-01 14:00:00,1.52115716,15.21,-4.0,-4.0,-0.046864818781614304,-2.47884284
2025-11-01 15:00:00,0.69980712,20.97,-1.3671875,-1.3671875,0.4658304937183857,-0.66738038
2025-11-01 16:00:00,0.15650888,36.42,0.0,0.0,0.4658304937183857,0.15650888
2025-11-01 17:00:00,0.09012472,57.73,0.0,0.0,0.4658304937183857,0.09012472
2025-11-01 18:00:00,0.0,82.46,0.0,0.0,0.4658304937183857,0.0
2025-11-01 19:00:00,0.0,103.44,4.0,1.5,-3.5341695062816143,1.5
2025-11-01 20:00:00,0.0,104.94,4.0,1.5,-7.534169506281614,1.5
2025-11-01 21:00:00,0.0,100.62,0.0,0.0,-7.534169506281614,0.0
2025-11-01 22:00:00,0.0,81.12,0.0,0.0,-7.534169506281614,0.0
2025-11-01 23:00:00,0.0,72.91,0.0,0.0,-7.534169506281614,0.0
2025-11-02 00:00:00,0.0,74.6,0.0,0.0,-7.534169506281614,0.0
2025-11-02 01:00:00,0.0,53.94,0.0,0.0,-7.534169506281614,0.0
2025-11-02 02:00:00,0.0,31.32,0.0,0.0,-7.534169506281614,0.0
2025-11-02 03:00:00,0.0,16.71,-0.3337860107421875,-0.3337860107421875,-7.408999752253294,-0.3337860107421875
2025-11-02 04:00:00,0.0,16.79,-0.2086162567138672,-0.2086162567138672,-7.330768655985594,-0.2086162567138672
2025-11-02 05:00:00,0.0,17.8,-0.130385160446167,-0.130385160446167,-7.281874220818281,-0.130385160446167
2025-11-02 06:00:00,0.0,30.0,0.0,0.0,-7.281874220818281,0.0
2025-11-02 07:00:00,0.0246164399999999,37.25,0.0,0.0,-7.281874220818281,0.0246164399999999
2025-11-02 08:00:00,0.37983232,23.25,-0.08149072527885437,-0.08149072527885437,-7.251315198838711,0.29834159472114563
2025-11-02 09:00:00,0.92752832,7.68,-0.5340576171875,-0.5340576171875,-7.051043592393398,0.39347070281249996
2025-11-02 10:00:00,1.6834076800000002,0.16,-1.3671875,-1.3671875,-6.538348279893398,0.3162201800000002
2025-11-02 11:00:00,1.814589,0.0,-4.0,-4.0,-5.038348279893398,-2.185411
2025-11-02 12:00:00,2.89172432,0.0,-4.0,-4.0,-3.5383482798933983,-1.1082756800000002
2025-11-02 13:00:00,2.76297972,0.0,-4.0,-4.0,-2.0383482798933983,-1.2370202799999999
2025-11-02 14:00:00,2.40554424,0.0,-3.5,-3.5,-0.7258482798933983,-1.0944557600000002
2025-11-02 15:00:00,1.84100512,0.0,-2.1875,-2.1875,0.09446422010660172,-0.34649488000000006
2025-11-02 16:00:00,0.97985768,5.02,-0.8544921875,-0.8544921875,0.4148987904191017,0.12536549249999995
2025-11-02 17:00:00,0.08941368,38.98,0.0,0.0,0.4148987904191017,0.08941368
2025-11-02 18:00:00,0.0,80.76,0.0,0.0,0.4148987904191017,0.0
2025-11-02 19:00:00,0.0,103.39,0.0,0.0,0.4148987904191017,0.0
2025-11-02 20:00:00,0.0,110.63,4.0,1.5,-3.5851012095808983,1.5
2025-11-02 21:00:00,0.0,111.65,4.0,1.5,-7.585101209580898,1.5
2025-11-02 22:00:00,0.0,103.38,0.0,0.0,-7.585101209580898,0.0
2025-11-02 23:00:00,0.0,97.86,0.0,0.0,-7.585101209580898,0.0
2025-11-03 00:00:00,0.0,89.03,0.0,0.0,-7.585101209580898,0.0
2025-11-03 01:00:00,0.0,83.84,-0.08149072527885437,-0.08149072527885437,-7.554542187601328,-0.08149072527885437
2025-11-03 02:00:00,0.0,83.0,-0.130385160446167,-0.130385160446167,-7.505647752434015,-0.130385160446167
2025-11-03 03:00:00,0.0,82.56,-0.3337860107421875,-0.3337860107421875,-7.380477998405695,-0.3337860107421875
2025-11-03 04:00:00,0.0,82.82,-0.2086162567138672,-0.2086162567138672,-7.302246902137995,-0.2086162567138672
2025-11-03 05:00:00,0.0,86.16,0.0,0.0,-7.302246902137995,0.0
2025-11-03 06:00:00,0.0,103.61,0.0,0.0,-7.302246902137995,0.0
2025-11-03 07:00:00,0.0214493199999999,133.55,0.0,0.0,-7.302246902137995,0.0214493199999999
2025-11-03 08:00:00,0.06831984,114.7,0.0,0.0,-7.302246902137995,0.06831984
2025-11-03 09:00:00,0.51451984,70.78,-0.5340576171875,-0.5340576171875,-7.101975295692682,-0.01953777718750005
2025-11-03 10:00:00,1.00570276,34.03,-2.1875,-2.1875,-6.281662795692682,-1.18179724
2025-11-03 11:00:00,0.52296544,19.95,-3.5,-3.5,-4.969162795692682,-2.97703456
2025-11-03 12:00:00,0.40103864,16.49,-4.0,-4.0,-3.4691627956926823,-3.59896136
2025-11-03 13:00:00,0.069446,13.73,-4.0,-4.0,-1.9691627956926823,-3.930554
2025-11-03 14:00:00,0.02954904,18.6,-4.0,-4.0,-0.46916279569268227,-3.97045096
2025-11-03 15:00:00,0.06176664,36.46,-1.3671875,-1.3671875,0.043532516807317734,-1.30542086
2025-11-03 16:00:00,0.01021544,62.75,-0.8544921875,-0.8544921875,0.36396708711981773,-0.8442767475
2025-11-03 17:00:00,0.0072136,111.8,0.0,0.0,0.36396708711981773,0.0072136
2025-11-03 18:00:00,0.0,125.11,0.0,0.0,0.36396708711981773,0.0
2025-11-03 19:00:00,0.0,147.67,4.0,1.5,-3.6360329128801823,1.5
2025-11-03 20:00:00,0.0,151.42,4.0,1.5,-7.636032912880182,1.5
2025-11-03 21:00:00,0.0,130.84,0.0,0.0,-7.636032912880182,0.0
2025-11-03 22:00:00,0.0,102.64,0.0,0.0,-7.636032912880182,0.0
2025-11-03 23:00:00,0.0,91.97,0.0,0.0,-7.636032912880182,0.0
2025-11-04 00:00:00,0.0,77.94,0.0,0.0,-7.636032912880182,0.0
2025-11-04 01:00:00,0.0,68.57,0.0,0.0,-7.636032912880182,0.0
2025-11-04 02:00:00,0.0,67.38,0.0,0.0,-7.636032912880182,0.0
2025-11-04 03:00:00,0.0,56.36,-0.08149072527885437,-0.08149072527885437,-7.605473890900612,-0.08149072527885437
2025-11-04 04:00:00,0.0,50.02,-0.2086162567138672,-0.2086162567138672,-7.527242794632912,-0.2086162567138672
2025-11-04 05:00:00,0.0,55.54,-0.130385160446167,-0.130385160446167,-7.478348359465599,-0.130385160446167
2025-11-04 06:00:00,0.0,66.59,0.0,0.0,-7.478348359465599,0.0
2025-11-04 07:00:00,0.2038946,79.07,0.0,0.0,-7.478348359465599,0.2038946
2025-11-04 08:00:00,1.30618588,73.3,0.0,0.0,-7.478348359465599,1.30618588
2025-11-04 09:00:00,2.14688216,32.29,-0.5340576171875,-0.5340576171875,-7.278076753020287,1.6128245428125
2025-11-04 10:00:00,2.72794692,13.61,-1.3671875,-1.3671875,-6.765381440520287,1.36075942
2025-11-04 11:00:00,3.06061116,4.54,-3.5,-3.5,-5.452881440520287,-0.4393888399999999
2025-11-04 12:00:00,3.11797228,3.74,-4.0,-4.0,-3.9528814405202866,-0.88202772
2025-11-04 13:00:00,2.9508688000000003,3.52,-4.0,-4.0,-2.4528814405202866,-1.0491311999999997
2025-11-04 14:00:00,2.54185716,4.09,-4.0,-4.0,-0.9528814405202866,-1.4581428399999998
2025-11-04 15:00:00,1.91338892,12.34,-2.1875,-2.1875,-0.13256894052028656,-0.27411107999999995
2025-11-04 16:00:00,0.99937176,22.98,-0.8544921875,-0.8544921875,0.18786562979221344,0.14487957250000005
2025-11-04 17:00:00,0.08374108,57.41,0.0,0.0,0.18786562979221344,0.08374108
2025-11-04 18:00:00,0.0,77.48,0.0,0.0,0.18786562979221344,0.0
2025-11-04 19:00:00,0.0,83.6,4.0,1.5,-3.8121343702077866,1.5
2025-11-04 20:00:00,0.0,82.67,4.0,1.5,-7.812134370207787,1.5
2025-11-04 21:00:00,0.0,78.17,0.0,0.0,-7.812134370207787,0.0
2025-11-04 22:00:00,0.0,72.51,0.0,0.0,-7.812134370207787,0.0
2025-11-04 23:00:00,0.0,43.47,-0.3337860107421875,-0.3337860107421875,-7.686964616179466,-0.3337860107421875
2025-11-05 00:00:00,0.0,30.85,0.0,0.0,-7.686964616179466,0.0
2025-11-05 01:00:00,0.0,24.62,-0.08149072527885437,-0.08149072527885437,-7.656405594199896,-0.08149072527885437
2025-11-05 02:00:00,0.0,17.23,-0.2086162567138672,-0.2086162567138672,-7.578174497932196,-0.2086162567138672
2025-11-05 03:00:00,0.0,13.88,-0.8544921875,-0.8544921875,-7.257739927619696,-0.8544921875
2025-11-05 04:00:00,0.0,7.0,-3.5,-3.5,-5.945239927619696,-3.5
2025-11-05 05:00:00,0.0,13.9,-0.5340576171875,-0.5340576171875,-5.744968321174383,-0.5340576171875
2025-11-05 06:00:00,0.0,27.54,0.0,0.0,-5.744968321174383,0.0
2025-11-05 07:00:00,0.01829648,34.0,0.0,0.0,-5.744968321174383,0.01829648
2025-11-05 08:00:00,0.04567636,33.91,0.0,0.0,-5.744968321174383,0.04567636
2025-11-05 09:00:00,0.6654896400000001,21.17,-0.130385160446167,-0.130385160446167,-5.6960738860070705,0.5351044795538331
2025-11-05 10:00:00,1.3938606000000002,8.57,-2.1875,-2.1875,-4.8757613860070705,-0.7936393999999998
2025-11-05 11:00:00,3.01452664,3.72,-4.0,-4.0,-3.3757613860070705,-0.9854733599999999
2025-11-05 12:00:00,3.0800115600000004,5.33,-4.0,-4.0,-1.8757613860070705,-0.9199884399999996
2025-11-05 13:00:00,2.922262,5.26,-4.0,-4.0,-0.37576138600707054,-1.077738
2025-11-05 14:00:00,2.515607,9.78,-1.3671875,-1.3671875,0.13693392649292946,1.1484195000000001
2025-11-05 15:00:00,1.9103092,16.72,-0.3337860107421875,-0.3337860107421875,0.26210368052124977,1.5765231892578124
2025-11-05 16:00:00,1.0014479200000002,26.63,0.0,0.0,0.26210368052124977,1.0014479200000002
2025-11-05 17:00:00,0.0332275199999999,33.31,0.0,0.0,0.26210368052124977,0.0332275199999999
2025-11-05 18:00:00,0.0,46.41,0.0,0.0,0.26210368052124977,0.0
2025-11-05 19:00:00,0.0,65.98,0.0,0.0,0.26210368052124977,0.0
2025-11-05 20:00:00,0.0,70.5,4.0,1.5,-3.7378963194787502,1.5
2025-11-05 21:00:00,0.0,66.97,4.0,1.5,-7.73789631947875,1.5
2025-11-05 22:00:00,0.0,48.1,0.0,0.0,-7.73789631947875,0.0
2025-11-05 23:00:00,0.0,35.0,0.0,0.0,-7.73789631947875,0.0
2025-11-06 00:00:00,0.0,20.84,0.0,0.0,-7.73789631947875,0.0
2025-11-06 01:00:00,0.0,15.11,-0.2086162567138672,-0.2086162567138672,-7.65966522321105,-0.2086162567138672
2025-11-06 02:00:00,0.0,15.38,-0.130385160446167,-0.130385160446167,-7.610770788043737,-0.130385160446167
2025-11-06 03:00:00,0.0,11.62,-0.5340576171875,-0.5340576171875,-7.410499181598425,-0.5340576171875
2025-11-06 04:00:00,0.0,7.86,-1.3671875,-1.3671875,-6.897803869098425,-1.3671875
2025-11-06 05:00:00,0.0,16.31,-0.08149072527885437,-0.08149072527885437,-6.8672448471188545,-0.08149072527885437
2025-11-06 06:00:00,0.0,39.45,0.0,0.0,-6.8672448471188545,0.0
2025-11-06 07:00:00,0.15095004,70.16,0.0,0.0,-6.8672448471188545,0.15095004
2025-11-06 08:00:00,1.26858764,61.73,0.0,0.0,-6.8672448471188545,1.26858764
2025-11-06 09:00:00,2.12713764,14.73,-0.3337860107421875,-0.3337860107421875,-6.742075093090534,1.7933516292578124
2025-11-06 10:00:00,2.6761044,3.72,-4.0,-4.0,-5.242075093090534,-1.3238956000000002
2025-11-06 11:00:00,2.99510408,4.84,-4.0,-4.0,-3.742075093090534,-1.00489592
2025-11-06 12:00:00,3.0608614,5.78,-3.5,-3.5,-2.429575093090534,-0.43913860000000016
2025-11-06 13:00:00,2.89386344,4.31,-4.0,-4.0,-0.9295750930905342,-1.10613656
2025-11-06 14:00:00,2.49144004,7.68,-2.1875,-2.1875,-0.10926259309053421,0.3039400400000001
2025-11-06 15:00:00,1.87386688,7.89,-0.8544921875,-0.8544921875,0.2111719772219658,1.0193746925
2025-11-06 16:00:00,0.97046484,18.32,0.0,0.0,0.2111719772219658,0.97046484
2025-11-06 17:00:00,0.03098332,76.41,0.0,0.0,0.2111719772219658,0.03098332
2025-11-06 18:00:00,0.0,101.27,0.0,0.0,0.2111719772219658,0.0
2025-11-06 19:00:00,0.0,119.6,4.0,1.5,-3.788828022778034,1.5
2025-11-06 20:00:00,0.0,109.85,4.0,1.5,-7.788828022778034,1.5
2025-11-06 21:00:00,0.0,92.88,0.0,0.0,-7.788828022778034,0.0
2025-11-06 22:00:00,0.0,87.57,0.0,0.0,-7.788828022778034,0.0
2025-11-06 23:00:00,0.0,78.92,0.0,0.0,-7.788828022778034,0.0
2025-11-07 00:00:00,0.0,59.76,-0.130385160446167,-0.130385160446167,-7.739933587610722,-0.130385160446167
2025-11-07 01:00:00,0.0,52.94,-0.3337860107421875,-0.3337860107421875,-7.614763833582401,-0.3337860107421875
2025-11-07 02:00:00,0.0,49.73,-0.8544921875,-0.8544921875,-7.294329263269901,-0.8544921875
2025-11-07 03:00:00,0.0,37.67,-4.0,-4.0,-5.794329263269901,-4.0
2025-11-07 04:00:00,0.0,33.76,-4.0,-4.0,-4.294329263269901,-4.0
2025-11-07 05:00:00,0.0,43.39,-3.5,-3.5,-2.9818292632699013,-3.5
2025-11-07 06:00:00,0.0,63.1,0.0,0.0,-2.9818292632699013,0.0
2025-11-07 07:00:00,0.1306416,80.33,0.0,0.0,-2.9818292632699013,0.1306416
2025-11-07 08:00:00,1.258695,91.37,0.0,0.0,-2.9818292632699013,1.258695
2025-11-07 09:00:00,2.12201468,71.89,0.0,0.0,-2.9818292632699013,2.12201468
2025-11-07 10:00:00,2.66231416,57.7,-0.2086162567138672,-0.2086162567138672,-2.903598167002201,2.453697903286133
2025-11-07 11:00:00,2.952638,49.2,-1.3671875,-1.3671875,-2.390902854502201,1.5854504999999999
2025-11-07 12:00:00,3.01877552,48.75,-2.1875,-2.1875,-1.570590354502201,0.8312755200000002
2025-11-07 13:00:00,2.84421816,43.02,-4.0,-4.0,-0.07059035450220108,-1.15578184
2025-11-07 14:00:00,2.45174312,50.04,-0.5340576171875,-0.5340576171875,0.12968125194311142,1.9176855028125002
2025-11-07 15:00:00,1.82193864,60.0,-0.08149072527885437,-0.08149072527885437,0.1602402739226818,1.7404479147211456
2025-11-07 16:00:00,0.94596424,79.63,0.0,0.0,0.1602402739226818,0.94596424
2025-11-07 17:00:00,0.0,94.44,0.0,0.0,0.1602402739226818,0.0
2025-11-07 18:00:00,0.0,107.19,4.0,1.5,-3.839759726077318,1.5
2025-11-07 19:00:00,0.0,107.58,4.0,1.5,-7.839759726077318,1.5
2025-11-07 20:00:00,0.0,103.22,0.0,0.0,-7.839759726077318,0.0
2025-11-07 21:00:00,0.0,96.17,0.0,0.0,-7.839759726077318,0.0
2025-11-07 22:00:00,0.0,85.64,0.0,0.0,-7.839759726077318,0.0
2025-11-07 23:00:00,0.0,72.41,0.0,0.0,-7.839759726077318,0.0
2025-11-08 00:00:00,0.0,68.35,0.0,0.0,-7.839759726077318,0.0
2025-11-08 01:00:00,0.0,56.34,0.0,0.0,-7.839759726077318,0.0
2025-11-08 02:00:00,0.0,50.97,0.0,0.0,-7.839759726077318,0.0
2025-11-08 03:00:00,0.0,45.55,-0.08149072527885437,-0.08149072527885437,-7.809200704097748,-0.08149072527885437
2025-11-08 04:00:00,0.0,35.71,-0.3337860107421875,-0.3337860107421875,-7.6840309500694275,-0.3337860107421875
2025-11-08 05:00:00,0.0,36.96,-0.2086162567138672,-0.2086162567138672,-7.605799853801727,-0.2086162567138672
2025-11-08 06:00:00,0.0,47.32,0.0,0.0,-7.605799853801727,0.0
2025-11-08 07:00:00,0.0949886799999999,50.9,0.0,0.0,-7.605799853801727,0.0949886799999999
2025-11-08 08:00:00,1.15297068,38.2,-0.130385160446167,-0.130385160446167,-7.556905418634415,1.022585519553833
2025-11-08 09:00:00,1.96163796,4.39,-4.0,-4.0,-6.056905418634415,-2.03836204
2025-11-08 10:00:00,2.51764616,3.52,-4.0,-4.0,-4.556905418634415,-1.48235384
2025-11-08 11:00:00,2.8236152000000003,9.1,-4.0,-4.0,-3.0569054186344147,-1.1763847999999997
2025-11-08 12:00:00,2.89600468,16.6,-0.8544921875,-0.8544921875,-2.7364708483219147,2.0415124925
2025-11-08 13:00:00,2.7882122,22.4,-0.5340576171875,-0.5340576171875,-2.536199241876602,2.2541545828125
2025-11-08 14:00:00,2.43756244,10.0,-3.5,-3.5,-1.2236992418766022,-1.0624375599999998
2025-11-08 15:00:00,0.86529536,10.0,-2.1875,-2.1875,-0.4033867418766022,-1.32220464
2025-11-08 16:00:00,0.0990253199999999,15.0,-1.3671875,-1.3671875,0.10930857062339783,-1.26816218
2025-11-08 17:00:00,0.0,66.02,0.0,0.0,0.10930857062339783,0.0
2025-11-08 18:00:00,0.0,87.64,4.0,1.5,-3.890691429376602,1.5
2025-11-08 19:00:00,0.0,88.84,4.0,1.5,-7.890691429376602,1.5
2025-11-08 20:00:00,0.0,84.15,0.0,0.0,-7.890691429376602,0.0
2025-11-08 21:00:00,0.0,78.31,0.0,0.0,-7.890691429376602,0.0
2025-11-08 22:00:00,0.0,75.83,0.0,0.0,-7.890691429376602,0.0
2025-11-08 23:00:00,0.0,73.11,0.0,0.0,-7.890691429376602,0.0
2025-11-09 00:00:00,0.0,73.2,0.0,0.0,-7.890691429376602,0.0
2025-11-09 01:00:00,0.0,61.8,0.0,0.0,-7.890691429376602,0.0
2025-11-09 02:00:00,0.0,55.43,-0.2086162567138672,-0.2086162567138672,-7.812460333108902,-0.2086162567138672
2025-11-09 03:00:00,0.0,53.35,-0.3337860107421875,-0.3337860107421875,-7.687290579080582,-0.3337860107421875
2025-11-09 04:00:00,0.0,53.12,-0.5340576171875,-0.5340576171875,-7.487018972635269,-0.5340576171875
2025-11-09 05:00:00,0.0,56.27,-0.130385160446167,-0.130385160446167,-7.4381245374679565,-0.130385160446167
2025-11-09 06:00:00,0.0,67.69,0.0,0.0,-7.4381245374679565,0.0
2025-11-09 07:00:00,0.10488228,74.37,0.0,0.0,-7.4381245374679565,0.10488228
2025-11-09 08:00:00,1.27430148,68.07,0.0,0.0,-7.4381245374679565,1.27430148
2025-11-09 09:00:00,2.15699904,39.14,-0.8544921875,-0.8544921875,-7.1176899671554565,1.3025068525
2025-11-09 10:00:00,2.7554997200000004,2.65,-4.0,-4.0,-5.6176899671554565,-1.2445002799999996
2025-11-09 11:00:00,3.0841065600000004,0.65,-4.0,-4.0,-4.1176899671554565,-0.9158934399999996
2025-11-09 12:00:00,3.15835152,0.68,-4.0,-4.0,-2.6176899671554565,-0.8416484799999999
2025-11-09 13:00:00,2.10603896,4.31,-2.1875,-2.1875,-1.7973774671554565,-0.0814610400000002
2025-11-09 14:00:00,2.54388712,4.29,-3.5,-3.5,-0.48487746715545654,-0.95611288
2025-11-09 15:00:00,1.89379004,17.55,-1.3671875,-1.3671875,0.027817845344543457,0.5266025400000001
2025-11-09 16:00:00,0.952207,56.64,-0.08149072527885437,-0.08149072527885437,0.058376867324113846,0.8707162747211457
2025-11-09 17:00:00,0.0,85.1,0.0,0.0,0.058376867324113846,0.0
2025-11-09 18:00:00,0.0,95.43,0.0,0.0,0.058376867324113846,0.0
2025-11-09 19:00:00,0.0,105.5,0.0,0.0,0.058376867324113846,0.0
2025-11-09 20:00:00,0.0,112.92,4.0,1.5,-3.941623132675886,1.5
2025-11-09 21:00:00,0.0,115.32,4.0,1.5,-7.941623132675886,1.5
2025-11-09 22:00:00,0.0,104.21,0.0,0.0,-7.941623132675886,0.0
2025-11-09 23:00:00,0.0,89.75,0.0,0.0,-7.941623132675886,0.0
2025-11-10 00:00:00,0.0,89.41,0.0,0.0,-7.941623132675886,0.0
2025-11-10 01:00:00,0.0,78.81,0.0,0.0,-7.941623132675886,0.0
2025-11-10 02:00:00,0.0,66.4,-0.3337860107421875,-0.3337860107421875,-7.816453378647566,-0.3337860107421875
2025-11-10 03:00:00,0.0,59.93,-0.5340576171875,-0.5340576171875,-7.616181772202253,-0.5340576171875
2025-11-10 04:00:00,0.0,59.67,-0.8544921875,-0.8544921875,-7.295747201889753,-0.8544921875
2025-11-10 05:00:00,0.0,66.88,-0.2086162567138672,-0.2086162567138672,-7.217516105622053,-0.2086162567138672
2025-11-10 06:00:00,0.0,91.39,0.0,0.0,-7.217516105622053,0.0
2025-11-10 07:00:00,0.09599396,110.23,0.0,0.0,-7.217516105622053,0.09599396
2025-11-10 08:00:00,1.24026968,111.84,0.0,0.0,-7.217516105622053,1.24026968
2025-11-10 09:00:00,2.09890444,72.6,-0.08149072527885437,-0.08149072527885437,-7.186957083642483,2.0174137147211457
2025-11-10 10:00:00,2.67015888,44.06,-2.1875,-2.1875,-6.366644583642483,0.4826588799999998
2025-11-10 11:00:00,2.98799024,35.68,-4.0,-4.0,-4.866644583642483,-1.0120097600000002
2025-11-10 12:00:00,3.05747344,37.72,-3.5,-3.5,-3.5541445836424828,-0.4425265600000001
2025-11-10 13:00:00,2.90220696,31.01,-4.0,-4.0,-2.0541445836424828,-1.09779304
2025-11-10 14:00:00,2.49598044,32.78,-4.0,-4.0,-0.5541445836424828,-1.5040195600000001
2025-11-10 15:00:00,1.87611668,47.76,-1.3671875,-1.3671875,-0.04144927114248276,0.50892918
2025-11-10 16:00:00,0.95027468,70.06,-0.130385160446167,-0.130385160446167,0.0074451640248298645,0.819889519553833
2025-11-10 17:00:00,0.0,111.65,0.0,0.0,0.0074451640248298645,0.0
2025-11-10 18:00:00,0.0,131.69,0.0,0.0,0.0074451640248298645,0.0
2025-11-10 19:00:00,0.0,143.76,4.0,1.5,-3.99255483597517,1.5
2025-11-10 20:00:00,0.0,136.88,4.0,1.5,-7.99255483597517,1.5
2025-11-10 21:00:00,0.0,131.49,0.0,0.0,-7.99255483597517,0.0
2025-11-10 22:00:00,0.0,107.34,0.0,0.0,-7.99255483597517,0.0
2025-11-10 23:00:00,0.0,94.03,0.0,0.0,-7.99255483597517,0.0
2025-11-11 00:00:00,0.0,91.33,0.0,0.0,-7.99255483597517,0.0
2025-11-11 01:00:00,0.0,88.66,0.0,0.0,-7.99255483597517,0.0
2025-11-11 02:00:00,0.0,89.22,0.0,0.0,-7.99255483597517,0.0
2025-11-11 03:00:00,0.0,88.95,0.0,0.0,-7.99255483597517,0.0
2025-11-11 04:00:00,0.0,88.71,0.0,0.0,-7.99255483597517,0.0
2025-11-11 05:00:00,0.0,88.44,-0.08149072527885437,-0.08149072527885437,-7.9619958139956,-0.08149072527885437
2025-11-11 06:00:00,0.0,89.68,0.0,0.0,-7.9619958139956,0.0
2025-11-11 07:00:00,0.0,95.0,0.0,0.0,-7.9619958139956,0.0
2025-11-11 08:00:00,1.2026530000000002,93.63,0.0,0.0,-7.9619958139956,1.2026530000000002
2025-11-11 09:00:00,2.06008736,51.28,-0.5340576171875,-0.5340576171875,-7.761724207550287,1.5260297428124998
2025-11-11 10:00:00,2.6268147200000005,12.91,-2.1875,-2.1875,-6.941411707550287,0.4393147200000005
2025-11-11 11:00:00,2.92994292,10.69,-4.0,-4.0,-5.441411707550287,-1.0700570800000002
2025-11-11 12:00:00,2.99766144,12.95,-1.3671875,-1.3671875,-4.928716395050287,1.63047394
2025-11-11 13:00:00,2.8186661200000005,8.66,-4.0,-4.0,-3.4287163950502872,-1.1813338799999995
2025-11-11 14:00:00,2.42430324,5.66,-4.0,-4.0,-1.9287163950502872,-1.57569676
2025-11-11 15:00:00,1.81866124,12.81,-3.5,-3.5,-0.6162163950502872,-1.68133876
2025-11-11 16:00:00,0.9236064,41.47,-0.8544921875,-0.8544921875,-0.29578182473778725,0.06911421250000005
2025-11-11 17:00:00,0.0,80.42,-0.2086162567138672,-0.2086162567138672,-0.21755072847008705,-0.2086162567138672
2025-11-11 18:00:00,0.0,95.86,0.0,0.0,-0.21755072847008705,0.0
2025-11-11 19:00:00,0.0,102.49,4.0,1.5,-4.217550728470087,1.5
2025-11-11 20:00:00,0.0,102.63,4.0,1.5,-8.217550728470087,1.5
2025-11-11 21:00:00,0.0,96.35,0.0,0.0,-8.217550728470087,0.0
2025-11-11 22:00:00,0.0,88.0,-0.130385160446167,-0.130385160446167,-8.168656293302774,-0.130385160446167
2025-11-11 23:00:00,0.0,70.85,-0.3337860107421875,-0.3337860107421875,-8.043486539274454,-0.3337860107421875
2025-11-12 00:00:00,0.0,37.07,0.0,0.0,-8.043486539274454,0.0
2025-11-12 01:00:00,0.0,18.7,0.0,0.0,-8.043486539274454,0.0
2025-11-12 02:00:00,0.0,15.74,-0.130385160446167,-0.130385160446167,-7.9945921041071415,-0.130385160446167
2025-11-12 03:00:00,0.0,12.27,-0.3337860107421875,-0.3337860107421875,-7.869422350078821,-0.3337860107421875
2025-11-12 04:00:00,0.0,9.21,-0.8544921875,-0.8544921875,-7.548987779766321,-0.8544921875
2025-11-12 05:00:00,0.0,14.48,-0.2086162567138672,-0.2086162567138672,-7.470756683498621,-0.2086162567138672
2025-11-12 06:00:00,0.0,37.73,0.0,0.0,-7.470756683498621,0.0
2025-11-12 07:00:00,0.0,52.36,0.0,0.0,-7.470756683498621,0.0
2025-11-12 08:00:00,1.15151932,45.49,0.0,0.0,-7.470756683498621,1.15151932
2025-11-12 09:00:00,1.9966186,11.29,-0.5340576171875,-0.5340576171875,-7.2704850770533085,1.4625609828125
2025-11-12 10:00:00,2.5519240400000003,2.08,-2.1875,-2.1875,-6.4501725770533085,0.3644240400000003
2025-11-12 11:00:00,2.84216544,0.0,-4.0,-4.0,-4.9501725770533085,-1.15783456
2025-11-12 12:00:00,2.06118888,1.34,-3.5,-3.5,-3.6376725770533085,-1.43881112
2025-11-12 13:00:00,2.7542413600000004,0.79,-4.0,-4.0,-2.1376725770533085,-1.2457586399999996
2025-11-12 14:00:00,0.34157452,1.15,-4.0,-4.0,-0.6376725770533085,-3.65842548
2025-11-12 15:00:00,0.03309416,3.24,-1.3671875,-1.3671875,-0.12497726455330849,-1.33409334
2025-11-12 16:00:00,0.01844768,15.95,-0.08149072527885437,-0.08149072527885437,-0.0944182425737381,-0.06304304527885438
2025-11-12 17:00:00,0.0,46.41,0.0,0.0,-0.0944182425737381,0.0
2025-11-12 18:00:00,0.0,55.32,0.0,0.0,-0.0944182425737381,0.0
2025-11-12 19:00:00,0.0,63.55,0.0,0.0,-0.0944182425737381,0.0
2025-11-12 20:00:00,0.0,71.58,4.0,1.5,-4.094418242573738,1.5
2025-11-12 21:00:00,0.0,65.82,4.0,1.5,-8.094418242573738,1.5
2025-11-12 22:00:00,0.0,52.02,0.0,0.0,-8.094418242573738,0.0
2025-11-12 23:00:00,0.0,33.51,0.0,0.0,-8.094418242573738,0.0
2025-11-13 00:00:00,0.0,24.6,-0.130385160446167,-0.130385160446167,-8.045523807406425,-0.130385160446167
2025-11-13 01:00:00,0.0,21.5,-1.3671875,-1.3671875,-7.5328284949064255,-1.3671875
2025-11-13 02:00:00,0.0,17.26,-3.5,-3.5,-6.2203284949064255,-3.5
2025-11-13 03:00:00,0.0,14.23,-4.0,-4.0,-4.7203284949064255,-4.0
2025-11-13 04:00:00,0.0,13.9,-4.0,-4.0,-3.2203284949064255,-4.0
2025-11-13 05:00:00,0.0,16.97,-4.0,-4.0,-1.7203284949064255,-4.0
2025-11-13 06:00:00,0.0,30.28,0.0,0.0,-1.7203284949064255,0.0
2025-11-13 07:00:00,0.0,45.98,0.0,0.0,-1.7203284949064255,0.0
2025-11-13 08:00:00,0.02797444,50.05,0.0,0.0,-1.7203284949064255,0.02797444
2025-11-13 09:00:00,0.7256262800000001,43.14,0.0,0.0,-1.7203284949064255,0.7256262800000001
2025-11-13 10:00:00,1.65555888,30.37,0.0,0.0,-1.7203284949064255,1.65555888
2025-11-13 11:00:00,2.96295252,21.68,-0.8544921875,-0.8544921875,-1.3998939245939255,2.1084603325
2025-11-13 12:00:00,3.0789824400000003,22.26,-0.3337860107421875,-0.3337860107421875,-1.2747241705656052,2.745196429257813
2025-11-13 13:00:00,2.9126698,20.99,-2.1875,-2.1875,-0.45441167056560516,0.7251698000000002
2025-11-13 14:00:00,2.50361528,21.79,-0.5340576171875,-0.5340576171875,-0.25414006412029266,1.9695576628125
2025-11-13 15:00:00,1.8512724,30.12,-0.08149072527885437,-0.08149072527885437,-0.22358104214072227,1.7697816747211457
2025-11-13 16:00:00,0.15707796,38.86,0.0,0.0,-0.22358104214072227,0.15707796
2025-11-13 17:00:00,0.0,45.13,0.0,0.0,-0.22358104214072227,0.0
2025-11-13 18:00:00,0.0,54.03,4.0,1.5,-4.223581042140722,1.5
2025-11-13 19:00:00,0.0,53.13,4.0,1.5,-8.223581042140722,1.5
2025-11-13 20:00:00,0.0,49.21,0.0,0.0,-8.223581042140722,0.0
2025-11-13 21:00:00,0.0,44.57,0.0,0.0,-8.223581042140722,0.0
2025-11-13 22:00:00,0.0,33.44,0.0,0.0,-8.223581042140722,0.0
2025-11-13 23:00:00,0.0,22.74,-0.2086162567138672,-0.2086162567138672,-8.145349945873022,-0.2086162567138672
2025-11-14 00:00:00,0.0,19.43,-0.3337860107421875,-0.3337860107421875,-8.020180191844702,-0.3337860107421875
2025-11-14 01:00:00,0.0,19.46,-0.2086162567138672,-0.2086162567138672,-7.941949095577002,-0.2086162567138672
2025-11-14 02:00:00,0.0,12.74,-3.5,-3.5,-6.629449095577002,-3.5
2025-11-14 03:00:00,0.0,8.93,-4.0,-4.0,-5.129449095577002,-4.0
2025-11-14 04:00:00,0.0,5.31,-4.0,-4.0,-3.6294490955770016,-4.0
2025-11-14 05:00:00,0.0,11.35,-4.0,-4.0,-2.1294490955770016,-4.0
2025-11-14 06:00:00,0.0,16.15,-1.3671875,-1.3671875,-1.6167537830770016,-1.3671875
2025-11-14 07:00:00,0.0,41.86,0.0,0.0,-1.6167537830770016,0.0
2025-11-14 08:00:00,1.06194292,50.58,0.0,0.0,-1.6167537830770016,1.06194292
2025-11-14 09:00:00,1.96451868,34.74,0.0,0.0,-1.6167537830770016,1.96451868
2025-11-14 10:00:00,2.57580392,14.63,-2.1875,-2.1875,-0.7964412830770016,0.3883039199999998
2025-11-14 11:00:00,1.14591312,18.93,-0.5340576171875,-0.5340576171875,-0.5961696766316891,0.6118555028124999
2025-11-14 12:00:00,3.00190252,21.03,-0.08149072527885437,-0.08149072527885437,-0.5656106546521187,2.9204117947211454
2025-11-14 13:00:00,1.37079452,17.08,-0.8544921875,-0.8544921875,-0.24517608433961868,0.5163023325
2025-11-14 14:00:00,1.1402258,20.8,-0.130385160446167,-0.130385160446167,-0.19628164917230606,1.009840639553833
2025-11-14 15:00:00,0.71308144,23.86,0.0,0.0,-0.19628164917230606,0.71308144
2025-11-14 16:00:00,0.13058872,29.53,0.0,0.0,-0.19628164917230606,0.13058872
2025-11-14 17:00:00,0.0,47.71,0.0,0.0,-0.19628164917230606,0.0
2025-11-14 18:00:00,0.0,55.05,0.0,0.0,-0.19628164917230606,0.0
2025-11-14 19:00:00,0.0,57.99,4.0,1.5,-4.196281649172306,1.5
2025-11-14 20:00:00,0.0,55.07,4.0,1.5,-8.196281649172306,1.5
2025-11-14 21:00:00,0.0,49.43,0.0,0.0,-8.196281649172306,0.0
2025-11-14 22:00:00,0.0,41.4,0.0,0.0,-8.196281649172306,0.0
2025-11-14 23:00:00,0.0,33.35,0.0,0.0,-8.196281649172306,0.0
2025-11-15 00:00:00,0.0,23.04,-0.3337860107421875,-0.3337860107421875,-8.071111895143986,-0.3337860107421875
2025-11-15 01:00:00,0.0,19.77,-0.8544921875,-0.8544921875,-7.750677324831486,-0.8544921875
2025-11-15 02:00:00,0.0,17.6,-3.5,-3.5,-6.438177324831486,-3.5
2025-11-15 03:00:00,0.0,16.88,-4.0,-4.0,-4.938177324831486,-4.0
2025-11-15 04:00:00,0.0,16.49,-4.0,-4.0,-3.4381773248314857,-4.0
2025-11-15 05:00:00,0.0,17.1,-4.0,-4.0,-1.9381773248314857,-4.0
2025-11-15 06:00:00,0.0,19.64,-1.3671875,-1.3671875,-1.4254820123314857,-1.3671875
2025-11-15 07:00:00,0.0,21.31,-0.5340576171875,-0.5340576171875,-1.2252104058861732,-0.5340576171875
2025-11-15 08:00:00,0.00786988,30.7,0.0,0.0,-1.2252104058861732,0.00786988
2025-11-15 09:00:00,0.03066288,28.8,0.0,0.0,-1.2252104058861732,0.03066288
2025-11-15 10:00:00,0.29286908,24.3,-0.130385160446167,-0.130385160446167,-1.1763159707188606,0.162483919553833
2025-11-15 11:00:00,1.328811,18.16,-2.1875,-2.1875,-0.3560034707188606,-0.858689
2025-11-15 12:00:00,2.78683372,23.05,-0.2086162567138672,-0.2086162567138672,-0.27777237445116043,2.578217463286133
2025-11-15 13:00:00,2.6337605600000003,24.57,-0.08149072527885437,-0.08149072527885437,-0.24721335247159004,2.552269834721146
2025-11-15 14:00:00,2.2470928800000003,31.73,0.0,0.0,-0.24721335247159004,2.2470928800000003
2025-11-15 15:00:00,0.15054348,36.12,0.0,0.0,-0.24721335247159004,0.15054348
2025-11-15 16:00:00,0.78076212,40.84,0.0,0.0,-0.24721335247159004,0.78076212
2025-11-15 17:00:00,0.0,48.5,0.0,0.0,-0.24721335247159004,0.0
2025-11-15 18:00:00,0.0,65.21,4.0,1.5,-4.24721335247159,1.5
2025-11-15 19:00:00,0.0,58.64,4.0,1.5,-8.24721335247159,1.5
2025-11-15 20:00:00,0.0,48.31,0.0,0.0,-8.24721335247159,0.0
2025-11-15 21:00:00,0.0,45.34,0.0,0.0,-8.24721335247159,0.0
2025-11-15 22:00:00,0.0,41.22,0.0,0.0,-8.24721335247159,0.0
2025-11-15 23:00:00,0.0,38.62,0.0,0.0,-8.24721335247159,0.0
2025-11-16 00:00:00,0.0,35.78,0.0,0.0,-8.24721335247159,0.0
2025-11-16 01:00:00,0.0,29.52,0.0,0.0,-8.24721335247159,0.0
2025-11-16 02:00:00,0.0,25.78,0.0,0.0,-8.24721335247159,0.0
2025-11-16 03:00:00,0.0,23.57,-0.08149072527885437,-0.08149072527885437,-8.21665433049202,-0.08149072527885437
2025-11-16 04:00:00,0.0,22.95,-0.3337860107421875,-0.3337860107421875,-8.0914845764637,-0.3337860107421875
2025-11-16 05:00:00,0.0,23.08,-0.130385160446167,-0.130385160446167,-8.042590141296387,-0.130385160446167
2025-11-16 06:00:00,0.0,24.08,0.0,0.0,-8.042590141296387,0.0
2025-11-16 07:00:00,0.0,31.09,0.0,0.0,-8.042590141296387,0.0
2025-11-16 08:00:00,0.9953344,22.96,-0.2086162567138672,-0.2086162567138672,-7.9643590450286865,0.7867181432861328
2025-11-16 09:00:00,1.85811588,15.65,-0.8544921875,-0.8544921875,-7.6439244747161865,1.0036236925
2025-11-16 10:00:00,2.4384162400000005,3.02,-2.1875,-2.1875,-6.8236119747161865,0.25091624000000046
2025-11-16 11:00:00,2.7486,0.24,-4.0,-4.0,-5.3236119747161865,-1.2513999999999998
2025-11-16 12:00:00,2.8160267200000004,0.0,-4.0,-4.0,-3.8236119747161865,-1.1839732799999996
2025-11-16 13:00:00,2.6770259600000004,0.01,-4.0,-4.0,-2.3236119747161865,-1.3229740399999996
2025-11-16 14:00:00,2.29666204,0.25,-3.5,-3.5,-1.0111119747161865,-1.2033379599999998
2025-11-16 15:00:00,1.69282648,3.63,-1.3671875,-1.3671875,-0.4984166622161865,0.3256389799999999
2025-11-16 16:00:00,0.81989036,19.88,-0.5340576171875,-0.5340576171875,-0.298145055770874,0.28583274281250004
2025-11-16 17:00:00,0.0,53.02,0.0,0.0,-0.298145055770874,0.0
2025-11-16 18:00:00,0.0,72.78,0.0,0.0,-0.298145055770874,0.0
2025-11-16 19:00:00,0.0,82.44,0.0,0.0,-0.298145055770874,0.0
2025-11-16 20:00:00,0.0,91.58,4.0,1.5,-4.298145055770874,1.5
2025-11-16 21:00:00,0.0,96.22,4.0,1.5,-8.298145055770874,1.5
2025-11-16 22:00:00,0.0,78.41,0.0,0.0,-8.298145055770874,0.0
2025-11-16 23:00:00,0.0,64.9,0.0,0.0,-8.298145055770874,0.0
2025-11-17 00:00:00,0.0,77.7,0.0,0.0,-8.298145055770874,0.0
2025-11-17 01:00:00,0.0,70.1,-0.130385160446167,-0.130385160446167,-8.249250620603561,-0.130385160446167
2025-11-17 02:00:00,0.0,66.24,-0.5340576171875,-0.5340576171875,-8.048979014158249,-0.5340576171875
2025-11-17 03:00:00,0.0,65.36,-1.3671875,-1.3671875,-7.536283701658249,-1.3671875
2025-11-17 04:00:00,0.0,65.92,-0.8544921875,-0.8544921875,-7.215849131345749,-0.8544921875
2025-11-17 05:00:00,0.0,74.51,-0.08149072527885437,-0.08149072527885437,-7.1852901093661785,-0.08149072527885437
2025-11-17 06:00:00,0.0,92.22,0.0,0.0,-7.1852901093661785,0.0
2025-11-17 07:00:00,0.0,126.23,4.0,1.5,-11.185290109366179,1.5
2025-11-17 08:00:00,0.06922696,136.25,4.0,1.5,-15.185290109366179,1.56922696
2025-11-17 09:00:00,1.81479012,82.94,0.0,0.0,-15.185290109366179,1.81479012
2025-11-17 10:00:00,2.3789455200000003,67.04,-0.3337860107421875,-0.3337860107421875,-15.060120355337858,2.0451595092578128
2025-11-17 11:00:00,2.71336096,57.23,-2.1875,-2.1875,-14.239807855337858,0.5258609600000002
2025-11-17 12:00:00,2.78455532,50.95,-3.5,-3.5,-12.927307855337858,-0.71544468
2025-11-17 13:00:00,2.6524424800000004,39.09,-4.0,-4.0,-11.427307855337858,-1.3475575199999996
2025-11-17 14:00:00,0.76092276,37.62,-4.0,-4.0,-9.927307855337858,-3.23907724
2025-11-17 15:00:00,0.33014908,46.5,-4.0,-4.0,-8.427307855337858,-3.66985092
2025-11-17 16:00:00,0.3913421199999999,69.77,-0.2086162567138672,-0.2086162567138672,-8.349076759070158,0.18272586328613272
2025-11-17 17:00:00,0.0,92.87,0.0,0.0,-8.349076759070158,0.0
2025-11-17 18:00:00,0.0,112.91,0.0,0.0,-8.349076759070158,0.0
2025-11-17 19:00:00,0.0,110.75,0.0,0.0,-8.349076759070158,0.0
2025-11-17 20:00:00,0.0,103.81,0.0,0.0,-8.349076759070158,0.0
2025-11-17 21:00:00,0.0,90.26,0.0,0.0,-8.349076759070158,0.0
2025-11-17 22:00:00,0.0,87.51,0.0,0.0,-8.349076759070158,0.0
2025-11-17 23:00:00,0.0,80.44,0.0,0.0,-8.349076759070158,0.0
2025-11-18 00:00:00,0.0,79.29,0.0,0.0,-8.349076759070158,0.0
2025-11-18 01:00:00,0.0,75.52,-0.130385160446167,-0.130385160446167,-8.300182323902845,-0.130385160446167
2025-11-18 02:00:00,0.0,71.54,-0.2086162567138672,-0.2086162567138672,-8.221951227635145,-0.2086162567138672
2025-11-18 03:00:00,0.0,69.45,-0.3337860107421875,-0.3337860107421875,-8.096781473606825,-0.3337860107421875
2025-11-18 04:00:00,0.0,68.71,-0.8544921875,-0.8544921875,-7.776346903294325,-0.8544921875
2025-11-18 05:00:00,0.0,68.92,-0.5340576171875,-0.5340576171875,-7.576075296849012,-0.5340576171875
2025-11-18 06:00:00,0.0,90.42,0.0,0.0,-7.576075296849012,0.0
2025-11-18 07:00:00,0.0,103.48,0.0,0.0,-7.576075296849012,0.0
2025-11-18 08:00:00,0.02160828,103.9,0.0,0.0,-7.576075296849012,0.02160828
2025-11-18 09:00:00,0.1691182,76.13,-0.08149072527885437,-0.08149072527885437,-7.545516274869442,0.08762747472114563
2025-11-18 10:00:00,0.72591504,42.03,-2.1875,-2.1875,-6.725203774869442,-1.4615849600000002
2025-11-18 11:00:00,0.1089378,13.96,-4.0,-4.0,-5.225203774869442,-3.8910622
2025-11-18 12:00:00,0.4787931199999999,16.26,-4.0,-4.0,-3.725203774869442,-3.5212068800000003
2025-11-18 13:00:00,0.66893416,19.62,-4.0,-4.0,-2.225203774869442,-3.33106584
2025-11-18 14:00:00,0.14018396,25.68,-3.5,-3.5,-0.912703774869442,-3.35981604
2025-11-18 15:00:00,1.6827178800000002,48.76,-1.3671875,-1.3671875,-0.400008462369442,0.3155303800000002
2025-11-18 16:00:00,0.01277924,82.75,0.0,0.0,-0.400008462369442,0.01277924
2025-11-18 17:00:00,0.0,106.69,0.0,0.0,-0.400008462369442,0.0
2025-11-18 18:00:00,0.0,131.79,0.0,0.0,-0.400008462369442,0.0
2025-11-18 19:00:00,0.0,133.05,0.0,0.0,-0.400008462369442,0.0
2025-11-18 20:00:00,0.0,134.39,4.0,1.5,-4.400008462369442,1.5
2025-11-18 21:00:00,0.0,134.55,4.0,1.5,-8.400008462369442,1.5
2025-11-18 22:00:00,0.0,112.86,0.0,0.0,-8.400008462369442,0.0
2025-11-18 23:00:00,0.0,97.98,0.0,0.0,-8.400008462369442,0.0
2025-11-19 00:00:00,0.0,119.48,0.0,0.0,-8.400008462369442,0.0
2025-11-19 01:00:00,0.0,105.08,0.0,0.0,-8.400008462369442,0.0
2025-11-19 02:00:00,0.0,97.02,-0.2086162567138672,-0.2086162567138672,-8.321777366101742,-0.2086162567138672
2025-11-19 03:00:00,0.0,96.92,-0.3337860107421875,-0.3337860107421875,-8.196607612073421,-0.3337860107421875
2025-11-19 04:00:00,0.0,95.58,-0.5340576171875,-0.5340576171875,-7.996336005628109,-0.5340576171875
2025-11-19 05:00:00,0.0,97.99,-0.08149072527885437,-0.08149072527885437,-7.965776983648539,-0.08149072527885437
2025-11-19 06:00:00,0.0,113.4,0.0,0.0,-7.965776983648539,0.0
2025-11-19 07:00:00,0.0,114.38,0.0,0.0,-7.965776983648539,0.0
2025-11-19 08:00:00,0.00771124,116.79,0.0,0.0,-7.965776983648539,0.00771124
2025-11-19 09:00:00,0.06885452,99.7,0.0,0.0,-7.965776983648539,0.06885452
2025-11-19 10:00:00,0.14100996,92.17,-0.8544921875,-0.8544921875,-7.645342413336039,-0.7134822275
2025-11-19 11:00:00,0.12798764,74.89,-3.5,-3.5,-6.332842413336039,-3.37201236
2025-11-19 12:00:00,0.07962588,70.96,-4.0,-4.0,-4.832842413336039,-3.92037412
2025-11-19 13:00:00,0.0502620799999999,67.01,-4.0,-4.0,-3.3328424133360386,-3.94973792
2025-11-19 14:00:00,0.32609576,69.07,-4.0,-4.0,-1.8328424133360386,-3.67390424
2025-11-19 15:00:00,0.08681236,82.24,-2.1875,-2.1875,-1.0125299133360386,-2.10068764
2025-11-19 16:00:00,0.0101889999999999,89.69,-1.3671875,-1.3671875,-0.4998346008360386,-1.3569985
2025-11-19 17:00:00,0.0,114.82,0.0,0.0,-0.4998346008360386,0.0
2025-11-19 18:00:00,0.0,120.09,0.0,0.0,-0.4998346008360386,0.0
2025-11-19 19:00:00,0.0,124.09,4.0,1.5,-4.499834600836039,1.5
2025-11-19 20:00:00,0.0,129.25,4.0,1.5,-8.499834600836039,1.5
2025-11-19 21:00:00,0.0,114.86,0.0,0.0,-8.499834600836039,0.0
2025-11-19 22:00:00,0.0,104.56,0.0,0.0,-8.499834600836039,0.0
2025-11-19 23:00:00,0.0,97.06,-0.130385160446167,-0.130385160446167,-8.450940165668726,-0.130385160446167
2025-11-20 00:00:00,0.0,83.74,0.0,0.0,-8.450940165668726,0.0
2025-11-20 01:00:00,0.0,75.78,-0.2086162567138672,-0.2086162567138672,-8.372709069401026,-0.2086162567138672
2025-11-20 02:00:00,0.0,74.2,-0.3337860107421875,-0.3337860107421875,-8.247539315372705,-0.3337860107421875
2025-11-20 03:00:00,0.0,72.42,-0.8544921875,-0.8544921875,-7.9271047450602055,-0.8544921875
2025-11-20 04:00:00,0.0,72.9,-0.5340576171875,-0.5340576171875,-7.726833138614893,-0.5340576171875
2025-11-20 05:00:00,0.0,83.6,-0.08149072527885437,-0.08149072527885437,-7.696274116635323,-0.08149072527885437
2025-11-20 06:00:00,0.0,94.91,0.0,0.0,-7.696274116635323,0.0
2025-11-20 07:00:00,0.0,106.55,0.0,0.0,-7.696274116635323,0.0
2025-11-20 08:00:00,0.00765976,116.85,0.0,0.0,-7.696274116635323,0.00765976
2025-11-20 09:00:00,0.06842712,91.51,0.0,0.0,-7.696274116635323,0.06842712
2025-11-20 10:00:00,0.02145164,70.07,-1.3671875,-1.3671875,-7.183578804135323,-1.34573586
2025-11-20 11:00:00,0.0354992,62.71,-2.1875,-2.1875,-6.363266304135323,-2.1520008
2025-11-20 12:00:00,0.03257428,56.15,-3.5,-3.5,-5.050766304135323,-3.46742572
2025-11-20 13:00:00,0.0269650799999999,46.36,-4.0,-4.0,-3.5507663041353226,-3.97303492
2025-11-20 14:00:00,0.02429672,34.87,-4.0,-4.0,-2.0507663041353226,-3.97570328
2025-11-20 15:00:00,0.16270744,45.09,-4.0,-4.0,-0.5507663041353226,-3.83729256
2025-11-20 16:00:00,0.0208856399999999,77.15,-0.130385160446167,-0.130385160446167,-0.50187186896801,-0.10949952044616709
2025-11-20 17:00:00,0.0,103.24,0.0,0.0,-0.50187186896801,0.0
2025-11-20 18:00:00,0.0,116.74,0.0,0.0,-0.50187186896801,0.0
2025-11-20 19:00:00,0.0,124.4,4.0,1.5,-4.50187186896801,1.5
2025-11-20 20:00:00,0.0,125.14,4.0,1.5,-8.50187186896801,1.5
2025-11-20 21:00:00,0.0,105.76,0.0,0.0,-8.50187186896801,0.0
2025-11-20 22:00:00,0.0,101.04,0.0,0.0,-8.50187186896801,0.0
2025-11-20 23:00:00,0.0,89.48,0.0,0.0,-8.50187186896801,0.0
2025-11-21 00:00:00,0.0,73.56,0.0,0.0,-8.50187186896801,0.0
2025-11-21 01:00:00,0.0,64.49,0.0,0.0,-8.50187186896801,0.0
2025-11-21 02:00:00,0.0,62.37,0.0,0.0,-8.50187186896801,0.0
2025-11-21 03:00:00,0.0,58.58,-0.2086162567138672,-0.2086162567138672,-8.42364077270031,-0.2086162567138672
2025-11-21 04:00:00,0.0,58.28,-0.3337860107421875,-0.3337860107421875,-8.29847101867199,-0.3337860107421875
2025-11-21 05:00:00,0.0,52.98,-0.5340576171875,-0.5340576171875,-8.098199412226677,-0.5340576171875
2025-11-21 06:00:00,0.0,59.47,-0.130385160446167,-0.130385160446167,-8.049304977059364,-0.130385160446167
2025-11-21 07:00:00,0.0,72.3,0.0,0.0,-8.049304977059364,0.0
2025-11-21 08:00:00,0.00762844,73.99,0.0,0.0,-8.049304977059364,0.00762844
2025-11-21 09:00:00,0.22576712,27.44,-1.3671875,-1.3671875,-7.536609664559364,-1.14142038
2025-11-21 10:00:00,2.31507072,0.31,-4.0,-4.0,-6.036609664559364,-1.68492928
2025-11-21 11:00:00,0.84236976,0.8,-4.0,-4.0,-4.536609664559364,-3.15763024
2025-11-21 12:00:00,1.05533528,6.43,-4.0,-4.0,-3.0366096645593643,-2.94466472
2025-11-21 13:00:00,1.37605912,7.1,-3.5,-3.5,-1.7241096645593643,-2.12394088
2025-11-21 14:00:00,0.96888204,21.58,-2.1875,-2.1875,-0.9037971645593643,-1.21861796
2025-11-21 15:00:00,0.1010544,43.32,-0.8544921875,-0.8544921875,-0.5833625942468643,-0.7534377875
2025-11-21 16:00:00,0.05738352,60.22,-0.08149072527885437,-0.08149072527885437,-0.5528035722672939,-0.02410720527885437
2025-11-21 17:00:00,0.0,91.55,0.0,0.0,-0.5528035722672939,0.0
2025-11-21 18:00:00,0.0,113.56,0.0,0.0,-0.5528035722672939,0.0
2025-11-21 19:00:00,0.0,147.52,4.0,1.5,-4.552803572267294,1.5
2025-11-21 20:00:00,0.0,135.58,4.0,1.5,-8.552803572267294,1.5
2025-11-21 21:00:00,0.0,104.36,0.0,0.0,-8.552803572267294,0.0
2025-11-21 22:00:00,0.0,99.28,0.0,0.0,-8.552803572267294,0.0
2025-11-21 23:00:00,0.0,92.53,0.0,0.0,-8.552803572267294,0.0
2025-11-22 00:00:00,0.0,89.84,0.0,0.0,-8.552803572267294,0.0
2025-11-22 01:00:00,0.0,79.32,0.0,0.0,-8.552803572267294,0.0
2025-11-22 02:00:00,0.0,75.58,0.0,0.0,-8.552803572267294,0.0
2025-11-22 03:00:00,0.0,70.06,-0.130385160446167,-0.130385160446167,-8.503909137099981,-0.130385160446167
2025-11-22 04:00:00,0.0,67.22,-0.3337860107421875,-0.3337860107421875,-8.378739383071661,-0.3337860107421875
2025-11-22 05:00:00,0.0,67.22,-0.2086162567138672,-0.2086162567138672,-8.30050828680396,-0.2086162567138672
2025-11-22 06:00:00,0.0,74.5,-0.08149072527885437,-0.08149072527885437,-8.26994926482439,-0.08149072527885437
2025-11-22 07:00:00,0.0,83.8,0.0,0.0,-8.26994926482439,0.0
2025-11-22 08:00:00,0.00765596,77.26,0.0,0.0,-8.26994926482439,0.00765596
2025-11-22 09:00:00,0.01321788,33.62,-0.8544921875,-0.8544921875,-7.94951469451189,-0.8412743075
2025-11-22 10:00:00,0.02150212,2.12,-2.1875,-2.1875,-7.12920219451189,-2.16599788
2025-11-22 11:00:00,0.13043408,0.53,-4.0,-4.0,-5.62920219451189,-3.86956592
2025-11-22 12:00:00,0.66830996,0.65,-4.0,-4.0,-4.12920219451189,-3.33169004
2025-11-22 13:00:00,1.12192112,0.69,-4.0,-4.0,-2.6292021945118904,-2.87807888
2025-11-22 14:00:00,1.36526036,0.79,-3.5,-3.5,-1.3167021945118904,-2.1347396400000003
2025-11-22 15:00:00,0.30464644,2.78,-1.3671875,-1.3671875,-0.8040068820118904,-1.06254106
2025-11-22 16:00:00,0.13540784,42.65,-0.5340576171875,-0.5340576171875,-0.6037352755665779,-0.3986497771875
2025-11-22 17:00:00,0.0,90.88,0.0,0.0,-0.6037352755665779,0.0
2025-11-22 18:00:00,0.0,98.94,4.0,1.5,-4.603735275566578,1.5
2025-11-22 19:00:00,0.0,102.88,4.0,1.5,-8.603735275566578,1.5
2025-11-22 20:00:00,0.0,91.16,0.0,0.0,-8.603735275566578,0.0
2025-11-22 21:00:00,0.0,92.32,0.0,0.0,-8.603735275566578,0.0
2025-11-22 22:00:00,0.0,90.33,0.0,0.0,-8.603735275566578,0.0
2025-11-22 23:00:00,0.0,83.46,0.0,0.0,-8.603735275566578,0.0
2025-11-23 00:00:00,0.0,73.37,0.0,0.0,-8.603735275566578,0.0
2025-11-23 01:00:00,0.0,62.4,0.0,0.0,-8.603735275566578,0.0
2025-11-23 02:00:00,0.0,41.92,-0.130385160446167,-0.130385160446167,-8.554840840399265,-0.130385160446167
2025-11-23 03:00:00,0.0,39.41,-0.2086162567138672,-0.2086162567138672,-8.476609744131565,-0.2086162567138672
2025-11-23 04:00:00,0.0,34.62,-0.3337860107421875,-0.3337860107421875,-8.351439990103245,-0.3337860107421875
2025-11-23 05:00:00,0.0,42.09,-0.08149072527885437,-0.08149072527885437,-8.320880968123674,-0.08149072527885437
2025-11-23 06:00:00,0.0,47.43,0.0,0.0,-8.320880968123674,0.0
2025-11-23 07:00:00,0.0,64.23,0.0,0.0,-8.320880968123674,0.0
2025-11-23 08:00:00,0.0104038799999999,57.86,0.0,0.0,-8.320880968123674,0.0104038799999999
2025-11-23 09:00:00,0.31804008,16.29,-0.5340576171875,-0.5340576171875,-8.120609361678362,-0.2160175371875
2025-11-23 10:00:00,0.7771210400000002,1.63,-1.3671875,-1.3671875,-7.607914049178362,-0.5900664599999998
2025-11-23 11:00:00,2.7145174400000003,0.02,-3.5,-3.5,-6.295414049178362,-0.7854825599999997
2025-11-23 12:00:00,0.27101012,0.0,-4.0,-4.0,-4.795414049178362,-3.72898988
2025-11-23 13:00:00,0.69964556,0.0,-4.0,-4.0,-3.295414049178362,-3.30035444
2025-11-23 14:00:00,2.27105516,0.0,-4.0,-4.0,-1.795414049178362,-1.72894484
2025-11-23 15:00:00,1.64458768,0.28,-2.1875,-2.1875,-0.9751015491783619,-0.5429123199999999
2025-11-23 16:00:00,0.7555152,14.13,-0.8544921875,-0.8544921875,-0.6546669788658619,-0.09897698749999995
2025-11-23 17:00:00,0.0,59.17,0.0,0.0,-0.6546669788658619,0.0
2025-11-23 18:00:00,0.0,68.78,0.0,0.0,-0.6546669788658619,0.0
2025-11-23 19:00:00,0.0,73.52,4.0,1.5,-4.654666978865862,1.5
2025-11-23 20:00:00,0.0,79.15,4.0,1.5,-8.654666978865862,1.5
2025-11-23 21:00:00,0.0,72.77,0.0,0.0,-8.654666978865862,0.0
2025-11-23 22:00:00,0.0,65.31,0.0,0.0,-8.654666978865862,0.0
2025-11-23 23:00:00,0.0,43.25,0.0,0.0,-8.654666978865862,0.0
2025-11-24 00:00:00,0.0,27.68,-0.8544921875,-0.8544921875,-8.334232408553362,-0.8544921875
2025-11-24 01:00:00,0.0,10.84,-2.1875,-2.1875,-7.513919908553362,-2.1875
2025-11-24 02:00:00,0.0,3.91,-3.5,-3.5,-6.201419908553362,-3.5
2025-11-24 03:00:00,0.0,3.52,-4.0,-4.0,-4.701419908553362,-4.0
2025-11-24 04:00:00,0.0,3.52,-4.0,-4.0,-3.201419908553362,-4.0
2025-11-24 05:00:00,0.0,3.52,-4.0,-4.0,-1.701419908553362,-4.0
2025-11-24 06:00:00,0.0,16.04,-1.3671875,-1.3671875,-1.188724596053362,-1.3671875
2025-11-24 07:00:00,0.0,47.13,0.0,0.0,-1.188724596053362,0.0
2025-11-24 08:00:00,1.0560763199999998,61.3,0.0,0.0,-1.188724596053362,1.0560763199999998
2025-11-24 09:00:00,1.96237444,47.85,0.0,0.0,-1.188724596053362,1.96237444
2025-11-24 10:00:00,2.54531688,39.18,-0.08149072527885437,-0.08149072527885437,-1.1581655740737915,2.4638261547211457
2025-11-24 11:00:00,2.86396876,31.47,-0.3337860107421875,-0.3337860107421875,-1.0329958200454712,2.5301827492578126
2025-11-24 12:00:00,2.952844,28.12,-0.5340576171875,-0.5340576171875,-0.8327242136001587,2.4187863828125
2025-11-24 13:00:00,2.81995252,34.17,-0.2086162567138672,-0.2086162567138672,-0.7544931173324585,2.611336263286133
2025-11-24 14:00:00,2.4420228,38.67,-0.130385160446167,-0.130385160446167,-0.7055986821651459,2.311637639553833
2025-11-24 15:00:00,1.80820984,45.24,0.0,0.0,-0.7055986821651459,1.80820984
2025-11-24 16:00:00,0.841558,55.86,0.0,0.0,-0.7055986821651459,0.841558
2025-11-24 17:00:00,0.0,61.81,0.0,0.0,-0.7055986821651459,0.0
2025-11-24 18:00:00,0.0,73.12,0.0,0.0,-0.7055986821651459,0.0
2025-11-24 19:00:00,0.0,74.86,0.0,0.0,-0.7055986821651459,0.0
2025-11-24 20:00:00,0.0,82.08,4.0,1.5,-4.705598682165146,1.5
2025-11-24 21:00:00,0.0,77.97,4.0,1.5,-8.705598682165146,1.5
2025-11-24 22:00:00,0.0,71.27,0.0,0.0,-8.705598682165146,0.0
2025-11-24 23:00:00,0.0,64.39,0.0,0.0,-8.705598682165146,0.0
2025-11-25 00:00:00,0.0,42.94,0.0,0.0,-8.705598682165146,0.0
2025-11-25 01:00:00,0.0,39.75,-0.08149072527885437,-0.08149072527885437,-8.675039660185575,-0.08149072527885437
2025-11-25 02:00:00,0.0,29.92,-0.2086162567138672,-0.2086162567138672,-8.596808563917875,-0.2086162567138672
2025-11-25 03:00:00,0.0,21.5,-0.5340576171875,-0.5340576171875,-8.396536957472563,-0.5340576171875
2025-11-25 04:00:00,0.0,16.7,-0.8544921875,-0.8544921875,-8.076102387160063,-0.8544921875
2025-11-25 05:00:00,0.0,31.71,-0.130385160446167,-0.130385160446167,-8.02720795199275,-0.130385160446167
2025-11-25 06:00:00,0.0,60.06,0.0,0.0,-8.02720795199275,0.0
2025-11-25 07:00:00,0.0,78.01,0.0,0.0,-8.02720795199275,0.0
2025-11-25 08:00:00,1.04202252,82.11,0.0,0.0,-8.02720795199275,1.04202252
2025-11-25 09:00:00,1.95401516,58.0,0.0,0.0,-8.02720795199275,1.95401516
2025-11-25 10:00:00,2.5621576800000003,13.76,-1.3671875,-1.3671875,-7.51451263949275,1.1949701800000003
2025-11-25 11:00:00,2.9086162,3.24,-2.1875,-2.1875,-6.69420013949275,0.7211162
2025-11-25 12:00:00,2.9765978,0.96,-4.0,-4.0,-5.19420013949275,-1.0234022
2025-11-25 13:00:00,2.81417776,0.66,-4.0,-4.0,-3.69420013949275,-1.1858222399999998
2025-11-25 14:00:00,2.38327796,0.65,-4.0,-4.0,-2.19420013949275,-1.61672204
2025-11-25 15:00:00,1.7259083600000005,2.74,-3.5,-3.5,-0.8817001394927502,-1.7740916399999995
2025-11-25 16:00:00,0.755482,28.03,-0.3337860107421875,-0.3337860107421875,-0.7565303854644299,0.4216959892578125
2025-11-25 17:00:00,0.0,89.81,0.0,0.0,-0.7565303854644299,0.0
2025-11-25 18:00:00,0.0,100.0,4.0,1.5,-4.75653038546443,1.5
2025-11-25 19:00:00,0.0,102.11,4.0,1.5,-8.75653038546443,1.5
2025-11-25 20:00:00,0.0,96.29,0.0,0.0,-8.75653038546443,0.0
2025-11-25 21:00:00,0.0,90.36,0.0,0.0,-8.75653038546443,0.0
2025-11-25 22:00:00,0.0,88.62,0.0,0.0,-8.75653038546443,0.0
2025-11-25 23:00:00,0.0,80.54,0.0,0.0,-8.75653038546443,0.0
2025-11-26 00:00:00,0.0,78.4,0.0,0.0,-8.75653038546443,0.0
2025-11-26 01:00:00,0.0,69.06,-0.2086162567138672,-0.2086162567138672,-8.67829928919673,-0.2086162567138672
2025-11-26 02:00:00,0.0,62.43,-0.5340576171875,-0.5340576171875,-8.478027682751417,-0.5340576171875
2025-11-26 03:00:00,0.0,63.11,-0.3337860107421875,-0.3337860107421875,-8.352857928723097,-0.3337860107421875
2025-11-26 04:00:00,0.0,61.99,-0.8544921875,-0.8544921875,-8.032423358410597,-0.8544921875
2025-11-26 05:00:00,0.0,74.13,0.0,0.0,-8.032423358410597,0.0
2025-11-26 06:00:00,0.0,81.25,0.0,0.0,-8.032423358410597,0.0
2025-11-26 07:00:00,0.0,94.88,0.0,0.0,-8.032423358410597,0.0
2025-11-26 08:00:00,0.85283208,104.93,0.0,0.0,-8.032423358410597,0.85283208
2025-11-26 09:00:00,1.81793868,69.11,-0.130385160446167,-0.130385160446167,-7.983528923243284,1.687553519553833
2025-11-26 10:00:00,2.442103,34.05,-1.3671875,-1.3671875,-7.470833610743284,1.0749155
2025-11-26 11:00:00,2.77566184,19.55,-4.0,-4.0,-5.970833610743284,-1.2243381599999998
2025-11-26 12:00:00,1.22430288,29.77,-4.0,-4.0,-4.470833610743284,-2.7756971200000002
2025-11-26 13:00:00,0.06299576,29.13,-4.0,-4.0,-2.9708336107432842,-3.93700424
2025-11-26 14:00:00,2.41237596,29.84,-3.5,-3.5,-1.6583336107432842,-1.0876240400000001
2025-11-26 15:00:00,0.03085608,32.49,-2.1875,-2.1875,-0.8380211107432842,-2.15664392
2025-11-26 16:00:00,0.7948898,70.5,-0.08149072527885437,-0.08149072527885437,-0.8074620887637138,0.7133990747211456
2025-11-26 17:00:00,0.0,98.12,0.0,0.0,-0.8074620887637138,0.0
2025-11-26 18:00:00,0.0,120.68,0.0,0.0,-0.8074620887637138,0.0
2025-11-26 19:00:00,0.0,142.02,4.0,1.5,-4.807462088763714,1.5
2025-11-26 20:00:00,0.0,125.06,4.0,1.5,-8.807462088763714,1.5
2025-11-26 21:00:00,0.0,100.38,0.0,0.0,-8.807462088763714,0.0
2025-11-26 22:00:00,0.0,91.92,0.0,0.0,-8.807462088763714,0.0
2025-11-26 23:00:00,0.0,89.13,0.0,0.0,-8.807462088763714,0.0
2025-11-27 00:00:00,0.0,89.11,0.0,0.0,-8.807462088763714,0.0
2025-11-27 01:00:00,0.0,81.57,-0.08149072527885437,-0.08149072527885437,-8.776903066784143,-0.08149072527885437
2025-11-27 02:00:00,0.0,73.85,-0.2086162567138672,-0.2086162567138672,-8.698671970516443,-0.2086162567138672
2025-11-27 03:00:00,0.0,68.42,-0.5340576171875,-0.5340576171875,-8.49840036407113,-0.5340576171875
2025-11-27 04:00:00,0.0,66.38,-0.8544921875,-0.8544921875,-8.17796579375863,-0.8544921875
2025-11-27 05:00:00,0.0,68.99,-0.3337860107421875,-0.3337860107421875,-8.05279603973031,-0.3337860107421875
2025-11-27 06:00:00,0.0,77.81,-0.130385160446167,-0.130385160446167,-8.003901604562998,-0.130385160446167
2025-11-27 07:00:00,0.0,96.84,0.0,0.0,-8.003901604562998,0.0
2025-11-27 08:00:00,0.91495168,100.01,0.0,0.0,-8.003901604562998,0.91495168
2025-11-27 09:00:00,1.83259684,84.65,0.0,0.0,-8.003901604562998,1.83259684
2025-11-27 10:00:00,2.44141732,55.41,-3.5,-3.5,-6.691401604562998,-1.0585826800000002
2025-11-27 11:00:00,2.79053368,45.3,-4.0,-4.0,-5.191401604562998,-1.2094663200000002
2025-11-27 12:00:00,2.8882084800000003,45.91,-4.0,-4.0,-3.691401604562998,-1.1117915199999997
2025-11-27 13:00:00,0.05992676,51.58,-4.0,-4.0,-2.191401604562998,-3.94007324
2025-11-27 14:00:00,2.37255332,55.48,-2.1875,-2.1875,-1.3710891045629978,0.1850533200000002
2025-11-27 15:00:00,0.0396294,63.75,-1.3671875,-1.3671875,-0.8583937920629978,-1.3275581
2025-11-27 16:00:00,0.0496509199999999,84.33,0.0,0.0,-0.8583937920629978,0.0496509199999999
2025-11-27 17:00:00,0.0,102.11,0.0,0.0,-0.8583937920629978,0.0
2025-11-27 18:00:00,0.0,114.74,0.0,0.0,-0.8583937920629978,0.0
2025-11-27 19:00:00,0.0,119.06,0.0,0.0,-0.8583937920629978,0.0
2025-11-27 20:00:00,0.0,147.44,4.0,1.5,-4.858393792062998,1.5
2025-11-27 21:00:00,0.0,156.25,4.0,1.5,-8.858393792062998,1.5
2025-11-27 22:00:00,0.0,116.03,0.0,0.0,-8.858393792062998,0.0
2025-11-27 23:00:00,0.0,102.44,0.0,0.0,-8.858393792062998,0.0
2025-11-28 00:00:00,0.0,91.81,-0.08149072527885437,-0.08149072527885437,-8.827834770083427,-0.08149072527885437
2025-11-28 01:00:00,0.0,87.15,-1.3671875,-1.3671875,-8.315139457583427,-1.3671875
2025-11-28 02:00:00,0.0,90.72,-0.130385160446167,-0.130385160446167,-8.266245022416115,-0.130385160446167
2025-11-28 03:00:00,0.0,88.9,-0.2086162567138672,-0.2086162567138672,-8.188013926148415,-0.2086162567138672
2025-11-28 04:00:00,0.0,88.8,-0.3337860107421875,-0.3337860107421875,-8.062844172120094,-0.3337860107421875
2025-11-28 05:00:00,0.0,92.22,0.0,0.0,-8.062844172120094,0.0
2025-11-28 06:00:00,0.0,97.58,0.0,0.0,-8.062844172120094,0.0
2025-11-28 07:00:00,0.0,129.25,0.0,0.0,-8.062844172120094,0.0
2025-11-28 08:00:00,0.0481644,134.38,4.0,1.5,-12.062844172120094,1.5481644
2025-11-28 09:00:00,1.76664128,102.4,0.0,0.0,-12.062844172120094,1.76664128
2025-11-28 10:00:00,1.08108196,88.18,-0.5340576171875,-0.5340576171875,-11.862572565674782,0.5470243428124999
2025-11-28 11:00:00,1.2607716800000002,77.9,-2.1875,-2.1875,-11.042260065674782,-0.9267283199999998
2025-11-28 12:00:00,1.75703636,77.35,-3.5,-3.5,-9.729760065674782,-1.74296364
2025-11-28 13:00:00,1.3448290400000005,71.76,-4.0,-4.0,-8.229760065674782,-2.6551709599999995
2025-11-28 14:00:00,0.976766,69.04,-4.0,-4.0,-6.729760065674782,-3.023234
2025-11-28 15:00:00,0.2784354799999999,74.87,-4.0,-4.0,-5.229760065674782,-3.7215645200000003
2025-11-28 16:00:00,0.05825092,87.44,-0.8544921875,-0.8544921875,-4.909325495362282,-0.7962412675
2025-11-28 17:00:00,0.0,105.88,0.0,0.0,-4.909325495362282,0.0
2025-11-28 18:00:00,0.0,120.08,0.0,0.0,-4.909325495362282,0.0
2025-11-28 19:00:00,0.0,128.21,0.0,0.0,-4.909325495362282,0.0
2025-11-28 20:00:00,0.0,143.08,4.0,1.5,-8.909325495362282,1.5
2025-11-28 21:00:00,0.0,123.64,0.0,0.0,-8.909325495362282,0.0
2025-11-28 22:00:00,0.0,102.77,0.0,0.0,-8.909325495362282,0.0
2025-11-28 23:00:00,0.0,99.12,0.0,0.0,-8.909325495362282,0.0
2025-11-29 00:00:00,0.0,105.82,4.0,1.5,-12.909325495362282,1.5
2025-11-29 01:00:00,0.0,99.61,0.0,0.0,-12.909325495362282,0.0
2025-11-29 02:00:00,0.0,97.14,0.0,0.0,-12.909325495362282,0.0
2025-11-29 03:00:00,0.0,94.43,0.0,0.0,-12.909325495362282,0.0
2025-11-29 04:00:00,0.0,84.65,-0.2086162567138672,-0.2086162567138672,-12.831094399094582,-0.2086162567138672
2025-11-29 05:00:00,0.0,83.26,-0.3337860107421875,-0.3337860107421875,-12.705924645066261,-0.3337860107421875
2025-11-29 06:00:00,0.0,85.65,-0.130385160446167,-0.130385160446167,-12.657030209898949,-0.130385160446167
2025-11-29 07:00:00,0.0,92.05,0.0,0.0,-12.657030209898949,0.0
2025-11-29 08:00:00,0.94895816,93.8,0.0,0.0,-12.657030209898949,0.94895816
2025-11-29 09:00:00,1.89098768,80.78,-0.5340576171875,-0.5340576171875,-12.456758603453636,1.3569300628125
2025-11-29 10:00:00,2.49732996,62.74,-1.3671875,-1.3671875,-11.944063290953636,1.13014246
2025-11-29 11:00:00,2.8531138,50.02,-4.0,-4.0,-10.444063290953636,-1.1468862
2025-11-29 12:00:00,2.950652320000001,50.52,-3.5,-3.5,-9.131563290953636,-0.549347679999999
2025-11-29 13:00:00,2.8040462,44.39,-4.0,-4.0,-7.631563290953636,-1.1959537999999998
2025-11-29 14:00:00,2.41038364,47.6,-4.0,-4.0,-6.131563290953636,-1.58961636
2025-11-29 15:00:00,1.7863447200000002,56.84,-2.1875,-2.1875,-5.311250790953636,-0.4011552799999998
2025-11-29 16:00:00,0.81920536,72.27,-0.8544921875,-0.8544921875,-4.990816220641136,-0.035286827500000006
2025-11-29 17:00:00,0.0,96.45,0.0,0.0,-4.990816220641136,0.0
2025-11-29 18:00:00,0.0,97.8,0.0,0.0,-4.990816220641136,0.0
2025-11-29 19:00:00,0.0,100.24,0.0,0.0,-4.990816220641136,0.0
2025-11-29 20:00:00,0.0,100.56,4.0,1.5,-8.990816220641136,1.5
2025-11-29 21:00:00,0.0,99.65,0.0,0.0,-8.990816220641136,0.0
2025-11-29 22:00:00,0.0,92.04,0.0,0.0,-8.990816220641136,0.0
2025-11-29 23:00:00,0.0,86.81,-0.08149072527885437,-0.08149072527885437,-8.960257198661566,-0.08149072527885437
2025-11-30 00:00:00,0.0,77.0,0.0,0.0,-8.960257198661566,0.0
2025-11-30 01:00:00,0.0,70.76,0.0,0.0,-8.960257198661566,0.0
2025-11-30 02:00:00,0.0,68.49,-0.130385160446167,-0.130385160446167,-8.911362763494253,-0.130385160446167
2025-11-30 03:00:00,0.0,66.4,-0.5340576171875,-0.5340576171875,-8.71109115704894,-0.5340576171875
2025-11-30 04:00:00,0.0,65.96,-0.8544921875,-0.8544921875,-8.39065658673644,-0.8544921875
2025-11-30 05:00:00,0.0,66.45,-0.3337860107421875,-0.3337860107421875,-8.26548683270812,-0.3337860107421875
2025-11-30 06:00:00,0.0,65.2,-1.3671875,-1.3671875,-7.75279152020812,-1.3671875
2025-11-30 07:00:00,0.0,69.37,-0.08149072527885437,-0.08149072527885437,-7.72223249822855,-0.08149072527885437
2025-11-30 08:00:00,0.9575234,73.87,0.0,0.0,-7.72223249822855,0.9575234
2025-11-30 09:00:00,1.89257444,77.69,0.0,0.0,-7.72223249822855,1.89257444
2025-11-30 10:00:00,2.52138964,67.91,-0.2086162567138672,-0.2086162567138672,-7.64400140196085,2.312773383286133
2025-11-30 11:00:00,2.87123776,56.15,-3.5,-3.5,-6.33150140196085,-0.6287622399999999
2025-11-30 12:00:00,2.9631426,41.54,-4.0,-4.0,-4.83150140196085,-1.0368574000000002
2025-11-30 13:00:00,2.80852284,48.78,-4.0,-4.0,-3.3315014019608498,-1.1914771599999998
2025-11-30 14:00:00,2.41861464,51.47,-4.0,-4.0,-1.8315014019608498,-1.58138536
2025-11-30 15:00:00,1.79440828,60.43,-2.1875,-2.1875,-1.0111889019608498,-0.3930917199999999
2025-11-30 16:00:00,0.82967428,80.53,0.0,0.0,-1.0111889019608498,0.82967428
2025-11-30 17:00:00,0.0,99.3,0.0,0.0,-1.0111889019608498,0.0
2025-11-30 18:00:00,0.0,105.44,4.0,1.5,-5.01118890196085,1.5
2025-11-30 19:00:00,0.0,106.81,4.0,1.5,-9.01118890196085,1.5
2025-11-30 20:00:00,0.0,101.43,0.0,0.0,-9.01118890196085,0.0
2025-11-30 21:00:00,0.0,96.07,0.0,0.0,-9.01118890196085,0.0
2025-11-30 22:00:00,0.0,93.72,0.0,0.0,-9.01118890196085,0.0
2025-11-30 23:00:00,0.0,87.74,0.0,0.0,-9.01118890196085,0.0
2025-12-01 00:00:00,0.0,87.23,-0.08149072527885437,-0.08149072527885437,-8.98062987998128,-0.08149072527885437
2025-12-01 01:00:00,0.0,75.9,-0.3337860107421875,-0.3337860107421875,-8.855460125952959,-0.3337860107421875
2025-12-01 02:00:00,0.0,70.5,-2.1875,-2.1875,-8.035147625952959,-2.1875
2025-12-01 03:00:00,0.0,70.15,-3.5,-3.5,-6.722647625952959,-3.5
2025-12-01 04:00:00,0.0,77.31,-0.2086162567138672,-0.2086162567138672,-6.644416529685259,-0.2086162567138672
2025-12-01 05:00:00,0.0,88.9,0.0,0.0,-6.644416529685259,0.0
2025-12-01 06:00:00,0.0,99.89,0.0,0.0,-6.644416529685259,0.0
2025-12-01 07:00:00,0.0,108.55,0.0,0.0,-6.644416529685259,0.0
2025-12-01 08:00:00,0.95565556,113.66,0.0,0.0,-6.644416529685259,0.95565556
2025-12-01 09:00:00,1.945338,96.35,0.0,0.0,-6.644416529685259,1.945338
2025-12-01 10:00:00,1.23832984,75.12,-0.5340576171875,-0.5340576171875,-6.444144923239946,0.7042722228125
2025-12-01 11:00:00,1.8343045600000003,68.19,-4.0,-4.0,-4.944144923239946,-2.1656954399999995
2025-12-01 12:00:00,3.00891872,70.79,-1.3671875,-1.3671875,-4.431449610739946,1.64173122
2025-12-01 13:00:00,1.5317499600000002,69.57,-4.0,-4.0,-2.9314496107399464,-2.46825004
2025-12-01 14:00:00,2.43631884,69.88,-4.0,-4.0,-1.4314496107399464,-1.5636811599999998
2025-12-01 15:00:00,1.80675564,73.34,-0.8544921875,-0.8544921875,-1.1110150404274464,0.9522634525
2025-12-01 16:00:00,0.8235437600000001,86.16,-0.130385160446167,-0.130385160446167,-1.0621206052601337,0.6931585995538331
2025-12-01 17:00:00,0.0,95.48,0.0,0.0,-1.0621206052601337,0.0
2025-12-01 18:00:00,0.0,104.94,0.0,0.0,-1.0621206052601337,0.0
2025-12-01 19:00:00,0.0,122.99,0.0,0.0,-1.0621206052601337,0.0
2025-12-01 20:00:00,0.0,137.9,4.0,1.5,-5.062120605260134,1.5
2025-12-01 21:00:00,0.0,138.65,4.0,1.5,-9.062120605260134,1.5
2025-12-01 22:00:00,0.0,109.26,0.0,0.0,-9.062120605260134,0.0
2025-12-01 23:00:00,0.0,96.03,0.0,0.0,-9.062120605260134,0.0
2025-12-02 00:00:00,0.0,79.14,-0.5340576171875,-0.5340576171875,-8.861848998814821,-0.5340576171875
2025-12-02 01:00:00,0.0,76.41,-0.8544921875,-0.8544921875,-8.541414428502321,-0.8544921875
2025-12-02 02:00:00,0.0,72.23,-3.5,-3.5,-7.228914428502321,-3.5
2025-12-02 03:00:00,0.0,68.78,-4.0,-4.0,-5.728914428502321,-4.0
2025-12-02 04:00:00,0.0,67.96,-4.0,-4.0,-4.228914428502321,-4.0
2025-12-02 05:00:00,0.0,70.06,-4.0,-4.0,-2.7289144285023212,-4.0
2025-12-02 06:00:00,0.0,81.31,-0.2086162567138672,-0.2086162567138672,-2.650683332234621,-0.2086162567138672
2025-12-02 07:00:00,0.0,90.61,0.0,0.0,-2.650683332234621,0.0
2025-12-02 08:00:00,0.9618475199999998,95.49,0.0,0.0,-2.650683332234621,0.9618475199999998
2025-12-02 09:00:00,1.92194948,91.57,0.0,0.0,-2.650683332234621,1.92194948
2025-12-02 10:00:00,2.5397451600000003,85.03,0.0,0.0,-2.650683332234621,2.5397451600000003
2025-12-02 11:00:00,2.883175,82.56,-0.130385160446167,-0.130385160446167,-2.6017888970673084,2.752789839553833
2025-12-02 12:00:00,2.98011748,80.31,-0.3337860107421875,-0.3337860107421875,-2.476619143038988,2.6463314692578126
2025-12-02 13:00:00,2.83799832,73.9,-1.3671875,-1.3671875,-1.9639238305389881,1.47081082
2025-12-02 14:00:00,2.45305464,72.42,-2.1875,-2.1875,-1.1436113305389881,0.26555463999999995
2025-12-02 15:00:00,1.8252774,84.6,-0.08149072527885437,-0.08149072527885437,-1.1130523085594177,1.7437866747211457
2025-12-02 16:00:00,0.86186588,87.93,0.0,0.0,-1.1130523085594177,0.86186588
2025-12-02 17:00:00,0.0,111.94,0.0,0.0,-1.1130523085594177,0.0
2025-12-02 18:00:00,0.0,126.25,4.0,1.5,-5.113052308559418,1.5
2025-12-02 19:00:00,0.0,126.31,4.0,1.5,-9.113052308559418,1.5
2025-12-02 20:00:00,0.0,120.32,0.0,0.0,-9.113052308559418,0.0
2025-12-02 21:00:00,0.0,103.35,0.0,0.0,-9.113052308559418,0.0
2025-12-02 22:00:00,0.0,94.17,0.0,0.0,-9.113052308559418,0.0
2025-12-02 23:00:00,0.0,87.86,0.0,0.0,-9.113052308559418,0.0
2025-12-03 00:00:00,0.0,85.3,0.0,0.0,-9.113052308559418,0.0
2025-12-03 01:00:00,0.0,79.39,0.0,0.0,-9.113052308559418,0.0
2025-12-03 02:00:00,0.0,74.57,-0.130385160446167,-0.130385160446167,-9.064157873392105,-0.130385160446167
2025-12-03 03:00:00,0.0,68.16,-0.3337860107421875,-0.3337860107421875,-8.938988119363785,-0.3337860107421875
2025-12-03 04:00:00,0.0,67.14,-0.8544921875,-0.8544921875,-8.618553549051285,-0.8544921875
2025-12-03 05:00:00,0.0,72.22,-0.2086162567138672,-0.2086162567138672,-8.540322452783585,-0.2086162567138672
2025-12-03 06:00:00,0.0,78.15,0.0,0.0,-8.540322452783585,0.0
2025-12-03 07:00:00,0.0,93.13,0.0,0.0,-8.540322452783585,0.0
2025-12-03 08:00:00,0.9057152,99.85,4.0,1.5,-12.540322452783585,2.4057152
2025-12-03 09:00:00,1.82562168,84.23,0.0,0.0,-12.540322452783585,1.82562168
2025-12-03 10:00:00,2.4250362,67.45,-0.5340576171875,-0.5340576171875,-12.340050846338272,1.8909785828125
2025-12-03 11:00:00,2.76769024,38.1,-2.1875,-2.1875,-11.519738346338272,0.5801902399999999
2025-12-03 12:00:00,2.858378,20.64,-4.0,-4.0,-10.019738346338272,-1.141622
2025-12-03 13:00:00,2.72786672,15.45,-4.0,-4.0,-8.519738346338272,-1.2721332799999998
2025-12-03 14:00:00,2.36325704,14.59,-4.0,-4.0,-7.019738346338272,-1.6367429599999999
2025-12-03 15:00:00,1.76452336,31.08,-3.5,-3.5,-5.707238346338272,-1.73547664
2025-12-03 16:00:00,0.0608811999999999,64.85,-1.3671875,-1.3671875,-5.194543033838272,-1.3063063000000001
2025-12-03 17:00:00,0.0,88.57,0.0,0.0,-5.194543033838272,0.0
2025-12-03 18:00:00,0.0,102.6,4.0,1.5,-9.194543033838272,1.5
2025-12-03 19:00:00,0.0,99.22,0.0,0.0,-9.194543033838272,0.0
2025-12-03 20:00:00,0.0,96.9,0.0,0.0,-9.194543033838272,0.0
2025-12-03 21:00:00,0.0,88.82,0.0,0.0,-9.194543033838272,0.0
2025-12-03 22:00:00,0.0,85.54,0.0,0.0,-9.194543033838272,0.0
2025-12-03 23:00:00,0.0,76.41,-0.08149072527885437,-0.08149072527885437,-9.163984011858702,-0.08149072527885437
2025-12-04 00:00:00,0.0,61.25,-0.130385160446167,-0.130385160446167,-9.115089576691389,-0.130385160446167
2025-12-04 01:00:00,0.0,55.99,-0.3337860107421875,-0.3337860107421875,-8.989919822663069,-0.3337860107421875
2025-12-04 02:00:00,0.0,47.78,-2.1875,-2.1875,-8.169607322663069,-2.1875
2025-12-04 03:00:00,0.0,42.99,-4.0,-4.0,-6.669607322663069,-4.0
2025-12-04 04:00:00,0.0,35.7,-4.0,-4.0,-5.169607322663069,-4.0
2025-12-04 05:00:00,0.0,46.46,-4.0,-4.0,-3.6696073226630688,-4.0
2025-12-04 06:00:00,0.0,61.69,-0.08149072527885437,-0.08149072527885437,-3.6390483006834984,-0.08149072527885437
2025-12-04 07:00:00,0.0,77.43,0.0,0.0,-3.6390483006834984,0.0
2025-12-04 08:00:00,0.7928477599999999,84.44,0.0,0.0,-3.6390483006834984,0.7928477599999999
2025-12-04 09:00:00,1.75789544,77.96,0.0,0.0,-3.6390483006834984,1.75789544
2025-12-04 10:00:00,0.98806488,66.11,0.0,0.0,-3.6390483006834984,0.98806488
2025-12-04 11:00:00,0.360685,57.98,-0.2086162567138672,-0.2086162567138672,-3.560817204415798,0.1520687432861328
2025-12-04 12:00:00,2.82651696,51.6,-0.8544921875,-0.8544921875,-3.240382634103298,1.9720247725000002
2025-12-04 13:00:00,0.37454352,47.94,-1.3671875,-1.3671875,-2.727687321603298,-0.99264398
2025-12-04 14:00:00,1.02087068,47.32,-3.5,-3.5,-1.4151873216032982,-2.47912932
2025-12-04 15:00:00,0.12065936,53.29,-0.5340576171875,-0.5340576171875,-1.2149157151579857,-0.4133982571875
2025-12-04 16:00:00,0.0839232,65.78,0.0,0.0,-1.2149157151579857,0.0839232
2025-12-04 17:00:00,0.0,79.22,0.0,0.0,-1.2149157151579857,0.0
2025-12-04 18:00:00,0.0,85.59,0.0,0.0,-1.2149157151579857,0.0
2025-12-04 19:00:00,0.0,88.98,4.0,1.5,-5.214915715157986,1.5
2025-12-04 20:00:00,0.0,88.87,4.0,1.5,-9.214915715157986,1.5
2025-12-04 21:00:00,0.0,85.46,0.0,0.0,-9.214915715157986,0.0
2025-12-04 22:00:00,0.0,80.32,0.0,0.0,-9.214915715157986,0.0
2025-12-04 23:00:00,0.0,65.64,0.0,0.0,-9.214915715157986,0.0
2025-12-05 00:00:00,0.0,73.93,0.0,0.0,-9.214915715157986,0.0
2025-12-05 01:00:00,0.0,62.68,-0.5340576171875,-0.5340576171875,-9.014644108712673,-0.5340576171875
2025-12-05 02:00:00,0.0,56.61,-2.1875,-2.1875,-8.194331608712673,-2.1875
2025-12-05 03:00:00,0.0,55.32,-4.0,-4.0,-6.694331608712673,-4.0
2025-12-05 04:00:00,0.0,54.75,-4.0,-4.0,-5.194331608712673,-4.0
2025-12-05 05:00:00,0.0,59.42,-0.8544921875,-0.8544921875,-4.873897038400173,-0.8544921875
2025-12-05 06:00:00,0.0,71.2,-0.08149072527885437,-0.08149072527885437,-4.843338016420603,-0.08149072527885437
2025-12-05 07:00:00,0.0,80.09,0.0,0.0,-4.843338016420603,0.0
2025-12-05 08:00:00,0.01600344,88.02,4.0,1.5,-8.843338016420603,1.51600344
2025-12-05 09:00:00,0.6250412000000001,84.89,0.0,0.0,-8.843338016420603,0.6250412000000001
2025-12-05 10:00:00,1.2794616,82.14,0.0,0.0,-8.843338016420603,1.2794616
2025-12-05 11:00:00,1.70224944,74.77,0.0,0.0,-8.843338016420603,1.70224944
2025-12-05 12:00:00,1.88763448,65.24,-0.3337860107421875,-0.3337860107421875,-8.718168262392282,1.5538484692578125
2025-12-05 13:00:00,1.7167031599999998,55.42,-3.5,-3.5,-7.4056682623922825,-1.7832968400000002
2025-12-05 14:00:00,0.98853844,54.85,-4.0,-4.0,-5.9056682623922825,-3.01146156
2025-12-05 15:00:00,0.91011216,67.9,-0.2086162567138672,-0.2086162567138672,-5.827437166124582,0.7014959032861328
2025-12-05 16:00:00,0.02642964,78.37,0.0,0.0,-5.827437166124582,0.02642964
2025-12-05 17:00:00,0.0,84.36,0.0,0.0,-5.827437166124582,0.0
2025-12-05 18:00:00,0.0,87.16,4.0,1.5,-9.827437166124582,1.5
2025-12-05 19:00:00,0.0,83.0,0.0,0.0,-9.827437166124582,0.0
2025-12-05 20:00:00,0.0,79.2,0.0,0.0,-9.827437166124582,0.0
2025-12-05 21:00:00,0.0,71.89,0.0,0.0,-9.827437166124582,0.0
2025-12-05 22:00:00,0.0,67.98,-0.130385160446167,-0.130385160446167,-9.77854273095727,-0.130385160446167
2025-12-05 23:00:00,0.0,56.64,-1.3671875,-1.3671875,-9.26584741845727,-1.3671875
2025-12-06 00:00:00,0.0,34.06,0.0,0.0,-9.26584741845727,0.0
2025-12-06 01:00:00,0.0,22.83,-0.130385160446167,-0.130385160446167,-9.216952983289957,-0.130385160446167
2025-12-06 02:00:00,0.0,19.31,-0.3337860107421875,-0.3337860107421875,-9.091783229261637,-0.3337860107421875
2025-12-06 03:00:00,0.0,15.15,-4.0,-4.0,-7.591783229261637,-4.0
2025-12-06 04:00:00,0.0,12.7,-4.0,-4.0,-6.091783229261637,-4.0
2025-12-06 05:00:00,0.0,13.67,-4.0,-4.0,-4.591783229261637,-4.0
2025-12-06 06:00:00,0.0,17.62,-0.8544921875,-0.8544921875,-4.271348658949137,-0.8544921875
2025-12-06 07:00:00,0.0,23.36,-0.08149072527885437,-0.08149072527885437,-4.240789636969566,-0.08149072527885437
2025-12-06 08:00:00,0.007671,25.1,0.0,0.0,-4.240789636969566,0.007671
2025-12-06 09:00:00,0.01060772,30.12,0.0,0.0,-4.240789636969566,0.01060772
2025-12-06 10:00:00,0.09611956,26.2,0.0,0.0,-4.240789636969566,0.09611956
2025-12-06 11:00:00,0.1872780399999999,17.59,-1.3671875,-1.3671875,-3.7280943244695663,-1.1799094600000002
2025-12-06 12:00:00,0.22123676,18.57,-0.5340576171875,-0.5340576171875,-3.527822718024254,-0.31282085718749997
2025-12-06 13:00:00,0.22784672,15.32,-3.5,-3.5,-2.215322718024254,-3.27215328
2025-12-06 14:00:00,0.1702060799999999,16.6,-2.1875,-2.1875,-1.3950102180242538,-2.01729392
2025-12-06 15:00:00,0.0133932,19.46,-0.2086162567138672,-0.2086162567138672,-1.3167791217565536,-0.1952230567138672
2025-12-06 16:00:00,0.00747564,30.35,0.0,0.0,-1.3167791217565536,0.00747564
2025-12-06 17:00:00,0.0,52.11,0.0,0.0,-1.3167791217565536,0.0
2025-12-06 18:00:00,0.0,61.17,0.0,0.0,-1.3167791217565536,0.0
2025-12-06 19:00:00,0.0,64.97,0.0,0.0,-1.3167791217565536,0.0
2025-12-06 20:00:00,0.0,69.91,4.0,1.5,-5.316779121756554,1.5
2025-12-06 21:00:00,0.0,68.71,4.0,1.5,-9.316779121756554,1.5
2025-12-06 22:00:00,0.0,67.16,0.0,0.0,-9.316779121756554,0.0
2025-12-06 23:00:00,0.0,52.44,0.0,0.0,-9.316779121756554,0.0
2025-12-07 00:00:00,0.0,33.34,0.0,0.0,-9.316779121756554,0.0
2025-12-07 01:00:00,0.0,24.03,0.0,0.0,-9.316779121756554,0.0
2025-12-07 02:00:00,0.0,22.73,0.0,0.0,-9.316779121756554,0.0
2025-12-07 03:00:00,0.0,17.67,-0.130385160446167,-0.130385160446167,-9.267884686589241,-0.130385160446167
2025-12-07 04:00:00,0.0,11.01,-1.3671875,-1.3671875,-8.755189374089241,-1.3671875
2025-12-07 05:00:00,0.0,14.53,-0.5340576171875,-0.5340576171875,-8.554917767643929,-0.5340576171875
2025-12-07 06:00:00,0.0,18.36,-0.08149072527885437,-0.08149072527885437,-8.524358745664358,-0.08149072527885437
2025-12-07 07:00:00,0.0,19.0,0.0,0.0,-8.524358745664358,0.0
2025-12-07 08:00:00,0.015702,19.87,0.0,0.0,-8.524358745664358,0.015702
2025-12-07 09:00:00,1.65905376,16.22,-0.2086162567138672,-0.2086162567138672,-8.446127649396658,1.4504375032861327
2025-12-07 10:00:00,0.15299828,11.06,-0.8544921875,-0.8544921875,-8.125693079084158,-0.7014939075
2025-12-07 11:00:00,0.98379256,6.26,-2.1875,-2.1875,-7.305380579084158,-1.20370744
2025-12-07 12:00:00,2.7301908000000004,0.74,-4.0,-4.0,-5.805380579084158,-1.2698091999999996
2025-12-07 13:00:00,0.86828364,0.5,-4.0,-4.0,-4.305380579084158,-3.13171636
2025-12-07 14:00:00,2.2558004,0.8,-4.0,-4.0,-2.805380579084158,-1.7441996
2025-12-07 15:00:00,0.50267712,4.54,-3.5,-3.5,-1.492880579084158,-2.99732288
2025-12-07 16:00:00,0.0568958,14.89,-0.3337860107421875,-0.3337860107421875,-1.3677108250558376,-0.2768902107421875
2025-12-07 17:00:00,0.0,50.76,0.0,0.0,-1.3677108250558376,0.0
2025-12-07 18:00:00,0.0,73.73,0.0,0.0,-1.3677108250558376,0.0
2025-12-07 19:00:00,0.0,83.06,0.0,0.0,-1.3677108250558376,0.0
2025-12-07 20:00:00,0.0,89.59,4.0,1.5,-5.367710825055838,1.5
2025-12-07 21:00:00,0.0,91.2,4.0,1.5,-9.367710825055838,1.5
2025-12-07 22:00:00,0.0,80.38,0.0,0.0,-9.367710825055838,0.0
2025-12-07 23:00:00,0.0,71.65,0.0,0.0,-9.367710825055838,0.0
2025-12-08 00:00:00,0.0,71.35,0.0,0.0,-9.367710825055838,0.0
2025-12-08 01:00:00,0.0,65.67,0.0,0.0,-9.367710825055838,0.0
2025-12-08 02:00:00,0.0,52.47,0.0,0.0,-9.367710825055838,0.0
2025-12-08 03:00:00,0.0,50.0,-0.2086162567138672,-0.2086162567138672,-9.289479728788137,-0.2086162567138672
2025-12-08 04:00:00,0.0,47.46,-0.3337860107421875,-0.3337860107421875,-9.164309974759817,-0.3337860107421875
2025-12-08 05:00:00,0.0,50.18,-0.130385160446167,-0.130385160446167,-9.115415539592505,-0.130385160446167
2025-12-08 06:00:00,0.0,52.12,-0.08149072527885437,-0.08149072527885437,-9.084856517612934,-0.08149072527885437
2025-12-08 07:00:00,0.0,67.49,0.0,0.0,-9.084856517612934,0.0
2025-12-08 08:00:00,0.77073272,64.23,0.0,0.0,-9.084856517612934,0.77073272
2025-12-08 09:00:00,1.755384,45.13,-0.5340576171875,-0.5340576171875,-8.884584911167622,1.2213263828125
2025-12-08 10:00:00,2.39357504,27.56,-1.3671875,-1.3671875,-8.371889598667622,1.02638754
2025-12-08 11:00:00,2.7645714800000003,23.02,-3.5,-3.5,-7.059389598667622,-0.7354285199999997
2025-12-08 12:00:00,2.87166528,20.92,-4.0,-4.0,-5.559389598667622,-1.1283347199999998
2025-12-08 13:00:00,2.71538588,14.12,-4.0,-4.0,-4.059389598667622,-1.28461412
2025-12-08 14:00:00,2.34676092,15.53,-4.0,-4.0,-2.5593895986676216,-1.65323908
2025-12-08 15:00:00,1.75101016,24.73,-2.1875,-2.1875,-1.7390770986676216,-0.4364898399999999
2025-12-08 16:00:00,0.796897,39.4,-0.8544921875,-0.8544921875,-1.4186425283551216,-0.057595187500000034
2025-12-08 17:00:00,0.0,76.39,0.0,0.0,-1.4186425283551216,0.0
2025-12-08 18:00:00,0.0,83.39,0.0,0.0,-1.4186425283551216,0.0
2025-12-08 19:00:00,0.0,91.1,0.0,0.0,-1.4186425283551216,0.0
2025-12-08 20:00:00,0.0,96.27,4.0,1.5,-5.418642528355122,1.5
2025-12-08 21:00:00,0.0,95.34,4.0,1.5,-9.418642528355122,1.5
2025-12-08 22:00:00,0.0,81.61,0.0,0.0,-9.418642528355122,0.0
2025-12-08 23:00:00,0.0,72.97,0.0,0.0,-9.418642528355122,0.0
2025-12-09 00:00:00,0.0,55.77,-0.08149072527885437,-0.08149072527885437,-9.388083506375551,-0.08149072527885437
2025-12-09 01:00:00,0.0,47.18,-0.130385160446167,-0.130385160446167,-9.339189071208239,-0.130385160446167
2025-12-09 02:00:00,0.0,43.72,-0.2086162567138672,-0.2086162567138672,-9.260957974940538,-0.2086162567138672
2025-12-09 03:00:00,0.0,40.0,-0.5340576171875,-0.5340576171875,-9.060686368495226,-0.5340576171875
2025-12-09 04:00:00,0.0,36.61,-1.3671875,-1.3671875,-8.547991055995226,-1.3671875
2025-12-09 05:00:00,0.0,42.13,-0.3337860107421875,-0.3337860107421875,-8.422821301966906,-0.3337860107421875
2025-12-09 06:00:00,0.0,57.24,0.0,0.0,-8.422821301966906,0.0
2025-12-09 07:00:00,0.0,79.87,0.0,0.0,-8.422821301966906,0.0
2025-12-09 08:00:00,0.04815636,85.74,0.0,0.0,-8.422821301966906,0.04815636
2025-12-09 09:00:00,1.7910664000000005,62.65,0.0,0.0,-8.422821301966906,1.7910664000000005
2025-12-09 10:00:00,0.98668456,36.46,-2.1875,-2.1875,-7.602508801966906,-1.20081544
2025-12-09 11:00:00,1.73129488,11.59,-4.0,-4.0,-6.102508801966906,-2.26870512
2025-12-09 12:00:00,1.99114836,11.17,-4.0,-4.0,-4.602508801966906,-2.00885164
2025-12-09 13:00:00,1.6834985200000003,11.6,-4.0,-4.0,-3.1025088019669056,-2.3165014799999994
2025-12-09 14:00:00,1.29616796,16.77,-3.5,-3.5,-1.7900088019669056,-2.20383204
2025-12-09 15:00:00,0.7495872800000001,38.6,-0.8544921875,-0.8544921875,-1.4695742316544056,-0.10490490749999992
2025-12-09 16:00:00,0.25728768,70.18,0.0,0.0,-1.4695742316544056,0.25728768
2025-12-09 17:00:00,0.0,92.91,0.0,0.0,-1.4695742316544056,0.0
2025-12-09 18:00:00,0.0,104.33,0.0,0.0,-1.4695742316544056,0.0
2025-12-09 19:00:00,0.0,117.62,0.0,0.0,-1.4695742316544056,0.0
2025-12-09 20:00:00,0.0,126.47,4.0,1.5,-5.469574231654406,1.5
2025-12-09 21:00:00,0.0,130.3,4.0,1.5,-9.469574231654406,1.5
2025-12-09 22:00:00,0.0,104.49,0.0,0.0,-9.469574231654406,0.0
2025-12-09 23:00:00,0.0,94.59,0.0,0.0,-9.469574231654406,0.0
2025-12-10 00:00:00,0.0,97.28,-0.8544921875,-0.8544921875,-9.149139661341906,-0.8544921875
2025-12-10 01:00:00,0.0,87.54,-2.1875,-2.1875,-8.328827161341906,-2.1875
2025-12-10 02:00:00,0.0,85.47,-4.0,-4.0,-6.828827161341906,-4.0
2025-12-10 03:00:00,0.0,81.8,-4.0,-4.0,-5.328827161341906,-4.0
2025-12-10 04:00:00,0.0,84.1,-4.0,-4.0,-3.8288271613419056,-4.0
2025-12-10 05:00:00,0.0,87.47,-3.5,-3.5,-2.5163271613419056,-3.5
2025-12-10 06:00:00,0.0,96.78,-1.3671875,-1.3671875,-2.0036318488419056,-1.3671875
2025-12-10 07:00:00,0.0,108.52,0.0,0.0,-2.0036318488419056,0.0
2025-12-10 08:00:00,0.02430612,114.44,0.0,0.0,-2.0036318488419056,0.02430612
2025-12-10 09:00:00,1.49692844,108.54,0.0,0.0,-2.0036318488419056,1.49692844
2025-12-10 10:00:00,2.116854,104.29,0.0,0.0,-2.0036318488419056,2.116854
2025-12-10 11:00:00,2.48416848,100.66,-0.130385160446167,-0.130385160446167,-1.954737413674593,2.353783319553833
2025-12-10 12:00:00,2.66960508,98.43,-0.3337860107421875,-0.3337860107421875,-1.8295676596462727,2.3358190692578127
2025-12-10 13:00:00,2.58506804,97.42,-0.5340576171875,-0.5340576171875,-1.6292960532009602,2.0510104228125
2025-12-10 14:00:00,2.25862332,98.47,-0.2086162567138672,-0.2086162567138672,-1.55106495693326,2.0500070632861327
2025-12-10 15:00:00,0.505347,101.11,-0.08149072527885437,-0.08149072527885437,-1.5205059349536896,0.4238562747211456
2025-12-10 16:00:00,0.77315104,108.48,0.0,0.0,-1.5205059349536896,0.77315104
2025-12-10 17:00:00,0.0,115.2,0.0,0.0,-1.5205059349536896,0.0
2025-12-10 18:00:00,0.0,118.3,0.0,0.0,-1.5205059349536896,0.0
2025-12-10 19:00:00,0.0,119.94,0.0,0.0,-1.5205059349536896,0.0
2025-12-10 20:00:00,0.0,124.67,4.0,1.5,-5.52050593495369,1.5
2025-12-10 21:00:00,0.0,119.94,4.0,1.5,-9.52050593495369,1.5
2025-12-10 22:00:00,0.0,112.34,0.0,0.0,-9.52050593495369,0.0
2025-12-10 23:00:00,0.0,102.23,0.0,0.0,-9.52050593495369,0.0
2025-12-11 00:00:00,0.0,103.81,0.0,0.0,-9.52050593495369,0.0
2025-12-11 01:00:00,0.0,94.01,-0.08149072527885437,-0.08149072527885437,-9.48994691297412,-0.08149072527885437
2025-12-11 02:00:00,0.0,92.43,-0.2086162567138672,-0.2086162567138672,-9.411715816706419,-0.2086162567138672
2025-12-11 03:00:00,0.0,82.85,-0.5340576171875,-0.5340576171875,-9.211444210261106,-0.5340576171875
2025-12-11 04:00:00,0.0,80.46,-1.3671875,-1.3671875,-8.698748897761106,-1.3671875
2025-12-11 05:00:00,0.0,82.3,-0.8544921875,-0.8544921875,-8.378314327448606,-0.8544921875
2025-12-11 06:00:00,0.0,95.46,0.0,0.0,-8.378314327448606,0.0
2025-12-11 07:00:00,0.0,113.25,0.0,0.0,-8.378314327448606,0.0
2025-12-11 08:00:00,0.05391972,118.5,4.0,1.5,-12.378314327448606,1.55391972
2025-12-11 09:00:00,0.72660828,105.48,0.0,0.0,-12.378314327448606,0.72660828
2025-12-11 10:00:00,2.30607664,85.73,-0.3337860107421875,-0.3337860107421875,-12.253144573420286,1.9722906292578126
2025-12-11 11:00:00,2.6595888000000003,78.73,-2.1875,-2.1875,-11.432832073420286,0.4720888000000003
2025-12-11 12:00:00,2.77459736,76.54,-4.0,-4.0,-9.932832073420286,-1.22540264
2025-12-11 13:00:00,2.65664572,75.02,-4.0,-4.0,-8.432832073420286,-1.3433542799999998
2025-12-11 14:00:00,1.2114717600000002,75.15,-4.0,-4.0,-6.932832073420286,-2.7885282399999998
2025-12-11 15:00:00,0.27276548,77.8,-3.5,-3.5,-5.620332073420286,-3.22723452
2025-12-11 16:00:00,0.09669156,93.56,-0.130385160446167,-0.130385160446167,-5.571437638252974,-0.033693600446166996
2025-12-11 17:00:00,0.0,113.06,0.0,0.0,-5.571437638252974,0.0
2025-12-11 18:00:00,0.0,111.04,0.0,0.0,-5.571437638252974,0.0
2025-12-11 19:00:00,0.0,115.61,0.0,0.0,-5.571437638252974,0.0
2025-12-11 20:00:00,0.0,124.52,4.0,1.5,-9.571437638252974,1.5
2025-12-11 21:00:00,0.0,118.06,0.0,0.0,-9.571437638252974,0.0
2025-12-11 22:00:00,0.0,103.49,0.0,0.0,-9.571437638252974,0.0
2025-12-11 23:00:00,0.0,94.91,0.0,0.0,-9.571437638252974,0.0
2025-12-12 00:00:00,0.0,94.25,-0.8544921875,-0.8544921875,-9.251003067940474,-0.8544921875
2025-12-12 01:00:00,0.0,79.05,-3.5,-3.5,-7.938503067940474,-3.5
2025-12-12 02:00:00,0.0,76.77,-4.0,-4.0,-6.438503067940474,-4.0
2025-12-12 03:00:00,0.0,75.24,-4.0,-4.0,-4.938503067940474,-4.0
2025-12-12 04:00:00,0.0,75.71,-4.0,-4.0,-3.4385030679404736,-4.0
2025-12-12 05:00:00,0.0,82.2,-2.1875,-2.1875,-2.6181905679404736,-2.1875
2025-12-12 06:00:00,0.0,94.73,-0.3337860107421875,-0.3337860107421875,-2.4930208139121532,-0.3337860107421875
2025-12-12 07:00:00,0.0,104.57,0.0,0.0,-2.4930208139121532,0.0
2025-12-12 08:00:00,0.03607844,119.19,4.0,1.5,-6.493020813912153,1.53607844
2025-12-12 09:00:00,0.22435784,110.27,0.0,0.0,-6.493020813912153,0.22435784
2025-12-12 10:00:00,0.57686152,102.99,0.0,0.0,-6.493020813912153,0.57686152
2025-12-12 11:00:00,1.23195432,103.67,0.0,0.0,-6.493020813912153,1.23195432
2025-12-12 12:00:00,1.32136484,100.2,0.0,0.0,-6.493020813912153,1.32136484
2025-12-12 13:00:00,1.6974878000000002,98.15,-0.08149072527885437,-0.08149072527885437,-6.462461791932583,1.6159970747211458
2025-12-12 14:00:00,0.7159052800000001,99.12,0.0,0.0,-6.462461791932583,0.7159052800000001
2025-12-12 15:00:00,0.5203926000000001,94.5,-0.5340576171875,-0.5340576171875,-6.26219018548727,-0.013665017187499906
2025-12-12 16:00:00,0.00751916,97.46,-0.130385160446167,-0.130385160446167,-6.213295750319958,-0.122866000446167
2025-12-12 17:00:00,0.0,105.2,0.0,0.0,-6.213295750319958,0.0
2025-12-12 18:00:00,0.0,113.01,4.0,1.5,-10.213295750319958,1.5
2025-12-12 19:00:00,0.0,109.44,0.0,0.0,-10.213295750319958,0.0
2025-12-12 20:00:00,0.0,108.99,0.0,0.0,-10.213295750319958,0.0
2025-12-12 21:00:00,0.0,104.9,0.0,0.0,-10.213295750319958,0.0
2025-12-12 22:00:00,0.0,96.29,-0.2086162567138672,-0.2086162567138672,-10.135064654052258,-0.2086162567138672
2025-12-12 23:00:00,0.0,88.5,-1.3671875,-1.3671875,-9.622369341552258,-1.3671875
2025-12-13 00:00:00,0.0,90.94,0.0,0.0,-9.622369341552258,0.0
2025-12-13 01:00:00,0.0,81.22,0.0,0.0,-9.622369341552258,0.0
2025-12-13 02:00:00,0.0,74.39,-0.130385160446167,-0.130385160446167,-9.573474906384945,-0.130385160446167
2025-12-13 03:00:00,0.0,68.95,-0.5340576171875,-0.5340576171875,-9.373203299939632,-0.5340576171875
2025-12-13 04:00:00,0.0,65.74,-3.5,-3.5,-8.060703299939632,-3.5
2025-12-13 05:00:00,0.0,67.13,-1.3671875,-1.3671875,-7.548007987439632,-1.3671875
2025-12-13 06:00:00,0.0,70.58,-0.3337860107421875,-0.3337860107421875,-7.422838233411312,-0.3337860107421875
2025-12-13 07:00:00,0.0,78.36,0.0,0.0,-7.422838233411312,0.0
2025-12-13 08:00:00,0.02153804,84.96,0.0,0.0,-7.422838233411312,0.02153804
2025-12-13 09:00:00,1.5552583999999998,80.72,0.0,0.0,-7.422838233411312,1.5552583999999998
2025-12-13 10:00:00,0.2204264,72.4,-0.2086162567138672,-0.2086162567138672,-7.344607137143612,0.011810143286132807
2025-12-13 11:00:00,0.4856546,67.64,-0.8544921875,-0.8544921875,-7.024172566831112,-0.3688375875
2025-12-13 12:00:00,0.19292892,65.53,-4.0,-4.0,-5.524172566831112,-3.80707108
2025-12-13 13:00:00,0.5445366,59.31,-4.0,-4.0,-4.024172566831112,-3.4554634
2025-12-13 14:00:00,0.41576672,59.97,-4.0,-4.0,-2.524172566831112,-3.58423328
2025-12-13 15:00:00,0.14524716,66.4,-2.1875,-2.1875,-1.703860066831112,-2.04225284
2025-12-13 16:00:00,0.06910604,76.64,-0.08149072527885437,-0.08149072527885437,-1.6733010448515415,-0.012384685278854377
2025-12-13 17:00:00,0.0,92.17,0.0,0.0,-1.6733010448515415,0.0
2025-12-13 18:00:00,0.0,99.47,4.0,1.5,-5.6733010448515415,1.5
2025-12-13 19:00:00,0.0,96.28,0.0,0.0,-5.6733010448515415,0.0
2025-12-13 20:00:00,0.0,97.9,0.0,0.0,-5.6733010448515415,0.0
2025-12-13 21:00:00,0.0,98.65,4.0,1.5,-9.673301044851542,1.5
2025-12-13 22:00:00,0.0,98.28,0.0,0.0,-9.673301044851542,0.0
2025-12-13 23:00:00,0.0,87.98,0.0,0.0,-9.673301044851542,0.0
2025-12-14 00:00:00,0.0,87.23,0.0,0.0,-9.673301044851542,0.0
2025-12-14 01:00:00,0.0,76.07,0.0,0.0,-9.673301044851542,0.0
2025-12-14 02:00:00,0.0,70.74,-0.2086162567138672,-0.2086162567138672,-9.595069948583841,-0.2086162567138672
2025-12-14 03:00:00,0.0,68.49,-0.3337860107421875,-0.3337860107421875,-9.469900194555521,-0.3337860107421875
2025-12-14 04:00:00,0.0,65.07,-1.3671875,-1.3671875,-8.957204882055521,-1.3671875
2025-12-14 05:00:00,0.0,66.01,-0.8544921875,-0.8544921875,-8.636770311743021,-0.8544921875
2025-12-14 06:00:00,0.0,70.76,-0.130385160446167,-0.130385160446167,-8.587875876575708,-0.130385160446167
2025-12-14 07:00:00,0.0,72.53,0.0,0.0,-8.587875876575708,0.0
2025-12-14 08:00:00,0.00751136,73.44,0.0,0.0,-8.587875876575708,0.00751136
2025-12-14 09:00:00,0.01050528,72.23,-0.08149072527885437,-0.08149072527885437,-8.557316854596138,-0.07098544527885436
2025-12-14 10:00:00,0.01323008,67.83,-0.5340576171875,-0.5340576171875,-8.357045248150826,-0.5208275371875
2025-12-14 11:00:00,0.33137576,61.64,-4.0,-4.0,-6.8570452481508255,-3.6686242399999998
2025-12-14 12:00:00,0.28362996,62.29,-3.5,-3.5,-5.5445452481508255,-3.21637004
2025-12-14 13:00:00,0.06203852,59.0,-4.0,-4.0,-4.0445452481508255,-3.93796148
2025-12-14 14:00:00,0.2474345999999999,59.1,-4.0,-4.0,-2.5445452481508255,-3.7525654
2025-12-14 15:00:00,0.06849916,63.32,-2.1875,-2.1875,-1.7242327481508255,-2.11900084
2025-12-14 16:00:00,0.02069544,74.78,0.0,0.0,-1.7242327481508255,0.02069544
2025-12-14 17:00:00,0.0,93.5,0.0,0.0,-1.7242327481508255,0.0
2025-12-14 18:00:00,0.0,106.02,0.0,0.0,-1.7242327481508255,0.0
2025-12-14 19:00:00,0.0,105.95,0.0,0.0,-1.7242327481508255,0.0
2025-12-14 20:00:00,0.0,106.68,4.0,1.5,-5.7242327481508255,1.5
2025-12-14 21:00:00,0.0,106.07,4.0,1.5,-9.724232748150826,1.5
2025-12-14 22:00:00,0.0,102.21,0.0,0.0,-9.724232748150826,0.0
2025-12-14 23:00:00,0.0,95.22,0.0,0.0,-9.724232748150826,0.0
2025-12-15 00:00:00,0.0,83.6,-0.8544921875,-0.8544921875,-9.403798177838326,-0.8544921875
2025-12-15 01:00:00,0.0,71.71,-2.1875,-2.1875,-8.583485677838326,-2.1875
2025-12-15 02:00:00,0.0,71.18,-3.5,-3.5,-7.2709856778383255,-3.5
2025-12-15 03:00:00,0.0,70.12,-4.0,-4.0,-5.7709856778383255,-4.0
2025-12-15 04:00:00,0.0,67.01,-4.0,-4.0,-4.2709856778383255,-4.0
2025-12-15 05:00:00,0.0,70.98,-4.0,-4.0,-2.7709856778383255,-4.0
2025-12-15 06:00:00,0.0,83.41,-1.3671875,-1.3671875,-2.2582903653383255,-1.3671875
2025-12-15 07:00:00,0.0,97.02,0.0,0.0,-2.2582903653383255,0.0
2025-12-15 08:00:00,0.00745148,106.1,0.0,0.0,-2.2582903653383255,0.00745148
2025-12-15 09:00:00,0.01879616,101.43,0.0,0.0,-2.2582903653383255,0.01879616
2025-12-15 10:00:00,0.03583964,95.72,-0.08149072527885437,-0.08149072527885437,-2.227731343358755,-0.04565108527885437
2025-12-15 11:00:00,0.04722784,88.6,-0.2086162567138672,-0.2086162567138672,-2.149500247091055,-0.1613884167138672
2025-12-15 12:00:00,0.10931616,84.65,-0.5340576171875,-0.5340576171875,-1.9492286406457424,-0.4247414571875
2025-12-15 13:00:00,0.49719648,85.44,-0.3337860107421875,-0.3337860107421875,-1.824058886617422,0.1634104692578125
2025-12-15 14:00:00,0.44295116,91.27,-0.130385160446167,-0.130385160446167,-1.7751644514501095,0.312565999553833
2025-12-15 15:00:00,0.4886845199999999,99.44,0.0,0.0,-1.7751644514501095,0.4886845199999999
2025-12-15 16:00:00,0.0947594,104.53,0.0,0.0,-1.7751644514501095,0.0947594
2025-12-15 17:00:00,0.0,104.28,0.0,0.0,-1.7751644514501095,0.0
2025-12-15 18:00:00,0.0,102.57,0.0,0.0,-1.7751644514501095,0.0
2025-12-15 19:00:00,0.0,105.43,0.0,0.0,-1.7751644514501095,0.0
2025-12-15 20:00:00,0.0,115.04,4.0,1.5,-5.7751644514501095,1.5
2025-12-15 21:00:00,0.0,112.64,4.0,1.5,-9.77516445145011,1.5
2025-12-15 22:00:00,0.0,109.93,0.0,0.0,-9.77516445145011,0.0
2025-12-15 23:00:00,0.0,99.22,0.0,0.0,-9.77516445145011,0.0
2025-12-16 00:00:00,0.0,95.88,0.0,0.0,-9.77516445145011,0.0
2025-12-16 01:00:00,0.0,86.18,-0.8544921875,-0.8544921875,-9.45472988113761,-0.8544921875
2025-12-16 02:00:00,0.0,81.52,-3.5,-3.5,-8.14222988113761,-3.5
2025-12-16 03:00:00,0.0,76.45,-4.0,-4.0,-6.6422298811376095,-4.0
2025-12-16 04:00:00,0.0,74.5,-4.0,-4.0,-5.1422298811376095,-4.0
2025-12-16 05:00:00,0.0,76.14,-4.0,-4.0,-3.6422298811376095,-4.0
2025-12-16 06:00:00,0.0,87.77,-0.5340576171875,-0.5340576171875,-3.441958274692297,-0.5340576171875
2025-12-16 07:00:00,0.0,93.28,0.0,0.0,-3.441958274692297,0.0
2025-12-16 08:00:00,0.0128508,99.26,0.0,0.0,-3.441958274692297,0.0128508
2025-12-16 09:00:00,1.58395436,99.08,0.0,0.0,-3.441958274692297,1.58395436
2025-12-16 10:00:00,2.2162376,92.78,-0.08149072527885437,-0.08149072527885437,-3.4113992527127266,2.1347468747211455
2025-12-16 11:00:00,1.25811464,89.44,-0.130385160446167,-0.130385160446167,-3.362504817545414,1.127729479553833
2025-12-16 12:00:00,2.71235096,88.5,-0.3337860107421875,-0.3337860107421875,-3.2373350635170937,2.3785649492578127
2025-12-16 13:00:00,2.60494284,85.9,-1.3671875,-1.3671875,-2.7246397510170937,1.23775534
2025-12-16 14:00:00,0.70099056,88.52,-0.2086162567138672,-0.2086162567138672,-2.6464086547493935,0.49237430328613285
2025-12-16 15:00:00,0.30495112,95.79,0.0,0.0,-2.6464086547493935,0.30495112
2025-12-16 16:00:00,0.05995556,99.55,0.0,0.0,-2.6464086547493935,0.05995556
2025-12-16 17:00:00,0.0,107.93,0.0,0.0,-2.6464086547493935,0.0
2025-12-16 18:00:00,0.0,122.72,4.0,1.5,-6.6464086547493935,1.5
2025-12-16 19:00:00,0.0,132.92,4.0,1.5,-10.646408654749393,1.5
2025-12-16 20:00:00,0.0,115.49,0.0,0.0,-10.646408654749393,0.0
2025-12-16 21:00:00,0.0,102.17,0.0,0.0,-10.646408654749393,0.0
2025-12-16 22:00:00,0.0,93.79,0.0,0.0,-10.646408654749393,0.0
2025-12-16 23:00:00,0.0,85.2,-2.1875,-2.1875,-9.826096154749393,-2.1875
2025-12-17 00:00:00,0.0,83.23,-1.3671875,-1.3671875,-9.313400842249393,-1.3671875
2025-12-17 01:00:00,0.0,82.32,-2.1875,-2.1875,-8.493088342249393,-2.1875
2025-12-17 02:00:00,0.0,81.26,-3.5,-3.5,-7.1805883422493935,-3.5
2025-12-17 03:00:00,0.0,77.53,-4.0,-4.0,-5.6805883422493935,-4.0
2025-12-17 04:00:00,0.0,76.52,-4.0,-4.0,-4.1805883422493935,-4.0
2025-12-17 05:00:00,0.0,78.61,-4.0,-4.0,-2.6805883422493935,-4.0
2025-12-17 06:00:00,0.0,98.12,-0.08149072527885437,-0.08149072527885437,-2.650029320269823,-0.08149072527885437
2025-12-17 07:00:00,0.0,114.04,0.0,0.0,-2.650029320269823,0.0
2025-12-17 08:00:00,0.02649816,136.32,4.0,1.5,-6.650029320269823,1.52649816
2025-12-17 09:00:00,1.60273964,114.92,0.0,0.0,-6.650029320269823,1.60273964
2025-12-17 10:00:00,2.2260468,98.72,0.0,0.0,-6.650029320269823,2.2260468
2025-12-17 11:00:00,2.59759368,90.74,-0.2086162567138672,-0.2086162567138672,-6.571798224002123,2.388977423286133
2025-12-17 12:00:00,1.08812756,87.86,-0.3337860107421875,-0.3337860107421875,-6.446628469973803,0.7543415492578125
2025-12-17 13:00:00,0.43184232,84.39,-0.8544921875,-0.8544921875,-6.126193899661303,-0.4226498675
2025-12-17 14:00:00,0.9613632,86.25,-0.5340576171875,-0.5340576171875,-5.92592229321599,0.4273055828125
2025-12-17 15:00:00,0.31625568,94.09,-0.130385160446167,-0.130385160446167,-5.8770278580486774,0.185870519553833
2025-12-17 16:00:00,0.0628932,110.26,0.0,0.0,-5.8770278580486774,0.0628932
2025-12-17 17:00:00,0.0,112.48,0.0,0.0,-5.8770278580486774,0.0
2025-12-17 18:00:00,0.0,124.31,0.0,0.0,-5.8770278580486774,0.0
2025-12-17 19:00:00,0.0,123.12,0.0,0.0,-5.8770278580486774,0.0
2025-12-17 20:00:00,0.0,136.18,4.0,1.5,-9.877027858048677,1.5
2025-12-17 21:00:00,0.0,123.7,0.0,0.0,-9.877027858048677,0.0
2025-12-17 22:00:00,0.0,115.15,0.0,0.0,-9.877027858048677,0.0
2025-12-17 23:00:00,0.0,105.87,0.0,0.0,-9.877027858048677,0.0
2025-12-18 00:00:00,0.0,109.54,4.0,1.5,-13.877027858048677,1.5
2025-12-18 01:00:00,0.0,99.7,0.0,0.0,-13.877027858048677,0.0
2025-12-18 02:00:00,0.0,97.4,0.0,0.0,-13.877027858048677,0.0
2025-12-18 03:00:00,0.0,87.8,-0.2086162567138672,-0.2086162567138672,-13.798796761780977,-0.2086162567138672
2025-12-18 04:00:00,0.0,84.25,-0.5340576171875,-0.5340576171875,-13.598525155335665,-0.5340576171875
2025-12-18 05:00:00,0.0,84.84,-0.3337860107421875,-0.3337860107421875,-13.473355401307344,-0.3337860107421875
2025-12-18 06:00:00,0.0,93.66,0.0,0.0,-13.473355401307344,0.0
2025-12-18 07:00:00,0.0,98.77,0.0,0.0,-13.473355401307344,0.0
2025-12-18 08:00:00,0.56577972,105.38,0.0,0.0,-13.473355401307344,0.56577972
2025-12-18 09:00:00,1.59602848,92.2,-0.130385160446167,-0.130385160446167,-13.424460966140032,1.465643319553833
2025-12-18 10:00:00,2.22132164,76.06,-1.3671875,-1.3671875,-12.911765653640032,0.8541341400000002
2025-12-18 11:00:00,2.57051044,46.07,-3.5,-3.5,-11.599265653640032,-0.9294895599999999
2025-12-18 12:00:00,2.66039784,40.64,-4.0,-4.0,-10.099265653640032,-1.33960216
2025-12-18 13:00:00,2.54705088,30.47,-4.0,-4.0,-8.599265653640032,-1.45294912
2025-12-18 14:00:00,1.44340584,32.44,-4.0,-4.0,-7.099265653640032,-2.55659416
2025-12-18 15:00:00,0.5974606,60.82,-2.1875,-2.1875,-6.278953153640032,-1.5900394
2025-12-18 16:00:00,0.80429056,79.88,-0.8544921875,-0.8544921875,-5.958518583327532,-0.05020162750000001
2025-12-18 17:00:00,0.0,99.69,0.0,0.0,-5.958518583327532,0.0
2025-12-18 18:00:00,0.0,103.67,0.0,0.0,-5.958518583327532,0.0
2025-12-18 19:00:00,0.0,108.63,0.0,0.0,-5.958518583327532,0.0
2025-12-18 20:00:00,0.0,110.85,4.0,1.5,-9.958518583327532,1.5
2025-12-18 21:00:00,0.0,109.25,0.0,0.0,-9.958518583327532,0.0
2025-12-18 22:00:00,0.0,98.47,0.0,0.0,-9.958518583327532,0.0
2025-12-18 23:00:00,0.0,92.42,-0.08149072527885437,-0.08149072527885437,-9.927959561347961,-0.08149072527885437
2025-12-19 00:00:00,0.0,89.62,-1.3671875,-1.3671875,-9.415264248847961,-1.3671875
2025-12-19 01:00:00,0.0,86.58,-3.5,-3.5,-8.102764248847961,-3.5
2025-12-19 02:00:00,0.0,83.33,-4.0,-4.0,-6.602764248847961,-4.0
2025-12-19 03:00:00,0.0,81.4,-4.0,-4.0,-5.102764248847961,-4.0
2025-12-19 04:00:00,0.0,83.16,-4.0,-4.0,-3.6027642488479614,-4.0
2025-12-19 05:00:00,0.0,88.46,-2.1875,-2.1875,-2.7824517488479614,-2.1875
2025-12-19 06:00:00,0.0,99.33,-0.8544921875,-0.8544921875,-2.4620171785354614,-0.8544921875
2025-12-19 07:00:00,0.0,113.6,0.0,0.0,-2.4620171785354614,0.0
2025-12-19 08:00:00,0.0129704,113.66,0.0,0.0,-2.4620171785354614,0.0129704
2025-12-19 09:00:00,0.07546176,109.1,0.0,0.0,-2.4620171785354614,0.07546176
2025-12-19 10:00:00,1.04350248,105.14,0.0,0.0,-2.4620171785354614,1.04350248
2025-12-19 11:00:00,0.8616656399999999,104.54,-0.08149072527885437,-0.08149072527885437,-2.431458156555891,0.7801749147211455
2025-12-19 12:00:00,0.22984104,103.43,-0.3337860107421875,-0.3337860107421875,-2.3062884025275707,-0.1039449707421875
2025-12-19 13:00:00,0.48970328,104.3,-0.130385160446167,-0.130385160446167,-2.257393967360258,0.359318119553833
2025-12-19 14:00:00,0.6668181200000001,107.24,0.0,0.0,-2.257393967360258,0.6668181200000001
2025-12-19 15:00:00,0.4351167999999999,107.82,0.0,0.0,-2.257393967360258,0.4351167999999999
2025-12-19 16:00:00,0.0182236,103.12,-0.5340576171875,-0.5340576171875,-2.0571223609149456,-0.5158340171875
2025-12-19 17:00:00,0.0,103.89,-0.2086162567138672,-0.2086162567138672,-1.9788912646472454,-0.2086162567138672
2025-12-19 18:00:00,0.0,113.83,0.0,0.0,-1.9788912646472454,0.0
2025-12-19 19:00:00,0.0,116.1,4.0,1.5,-5.978891264647245,1.5
2025-12-19 20:00:00,0.0,117.51,4.0,1.5,-9.978891264647245,1.5
2025-12-19 21:00:00,0.0,115.57,0.0,0.0,-9.978891264647245,0.0
2025-12-19 22:00:00,0.0,111.07,0.0,0.0,-9.978891264647245,0.0
2025-12-19 23:00:00,0.0,106.04,0.0,0.0,-9.978891264647245,0.0
2025-12-20 00:00:00,0.0,93.12,4.0,1.5,-13.978891264647245,1.5
2025-12-20 01:00:00,0.0,83.56,4.0,1.5,-17.978891264647245,1.5
2025-12-20 02:00:00,0.0,77.75,0.0,0.0,-17.978891264647245,0.0
2025-12-20 03:00:00,0.0,68.31,-0.2086162567138672,-0.2086162567138672,-17.900660168379545,-0.2086162567138672
2025-12-20 04:00:00,0.0,67.62,-0.3337860107421875,-0.3337860107421875,-17.775490414351225,-0.3337860107421875
2025-12-20 05:00:00,0.0,67.08,-0.8544921875,-0.8544921875,-17.455055844038725,-0.8544921875
2025-12-20 06:00:00,0.0,73.19,0.0,0.0,-17.455055844038725,0.0
2025-12-20 07:00:00,0.0,75.56,0.0,0.0,-17.455055844038725,0.0
2025-12-20 08:00:00,0.02639844,79.25,0.0,0.0,-17.455055844038725,0.02639844
2025-12-20 09:00:00,0.23099232,80.73,0.0,0.0,-17.455055844038725,0.23099232
2025-12-20 10:00:00,2.15594316,74.89,0.0,0.0,-17.455055844038725,2.15594316
2025-12-20 11:00:00,2.50751332,65.07,-1.3671875,-1.3671875,-16.942360531538725,1.1403258200000002
2025-12-20 12:00:00,1.47830668,59.83,-3.5,-3.5,-15.629860531538725,-2.02169332
2025-12-20 13:00:00,2.56449256,49.86,-4.0,-4.0,-14.129860531538725,-1.4355074399999999
2025-12-20 14:00:00,2.2592176,52.52,-4.0,-4.0,-12.629860531538725,-1.7407824
2025-12-20 15:00:00,1.6653254000000002,54.89,-4.0,-4.0,-11.129860531538725,-2.3346745999999996
2025-12-20 16:00:00,0.78151656,63.75,-2.1875,-2.1875,-10.309548031538725,-1.40598344
2025-12-20 17:00:00,0.0,74.61,0.0,0.0,-10.309548031538725,0.0
2025-12-20 18:00:00,0.0,76.51,0.0,0.0,-10.309548031538725,0.0
2025-12-20 19:00:00,0.0,77.53,0.0,0.0,-10.309548031538725,0.0
2025-12-20 20:00:00,0.0,73.28,0.0,0.0,-10.309548031538725,0.0
2025-12-20 21:00:00,0.0,69.47,-0.130385160446167,-0.130385160446167,-10.260653596371412,-0.130385160446167
2025-12-20 22:00:00,0.0,73.17,-0.08149072527885437,-0.08149072527885437,-10.230094574391842,-0.08149072527885437
2025-12-20 23:00:00,0.0,67.3,-0.5340576171875,-0.5340576171875,-10.02982296794653,-0.5340576171875
2025-12-21 00:00:00,0.0,49.79,-2.1875,-2.1875,-9.20951046794653,-2.1875
2025-12-21 01:00:00,0.0,56.57,-0.3337860107421875,-0.3337860107421875,-9.084340713918209,-0.3337860107421875
2025-12-21 02:00:00,0.0,51.53,-1.3671875,-1.3671875,-8.571645401418209,-1.3671875
2025-12-21 03:00:00,0.0,46.57,-4.0,-4.0,-7.071645401418209,-4.0
2025-12-21 04:00:00,0.0,42.64,-4.0,-4.0,-5.571645401418209,-4.0
2025-12-21 05:00:00,0.0,41.71,-4.0,-4.0,-4.071645401418209,-4.0
2025-12-21 06:00:00,0.0,48.96,-3.5,-3.5,-2.759145401418209,-3.5
2025-12-21 07:00:00,0.0,55.76,-0.8544921875,-0.8544921875,-2.438710831105709,-0.8544921875
2025-12-21 08:00:00,0.52676568,63.68,0.0,0.0,-2.438710831105709,0.52676568
2025-12-21 09:00:00,1.54017744,64.7,0.0,0.0,-2.438710831105709,1.54017744
2025-12-21 10:00:00,2.13471012,61.51,0.0,0.0,-2.438710831105709,2.13471012
2025-12-21 11:00:00,2.49895408,60.79,-0.08149072527885437,-0.08149072527885437,-2.4081518091261387,2.4174633547211455
2025-12-21 12:00:00,2.63986936,63.24,0.0,0.0,-2.4081518091261387,2.63986936
2025-12-21 13:00:00,2.56274376,58.73,-0.2086162567138672,-0.2086162567138672,-2.3299207128584385,2.354127503286133
2025-12-21 14:00:00,2.2697544,56.45,-0.5340576171875,-0.5340576171875,-2.129649106413126,1.7356967828125
2025-12-21 15:00:00,1.69972336,59.35,-0.130385160446167,-0.130385160446167,-2.0807546712458134,1.569338199553833
2025-12-21 16:00:00,0.83377264,62.52,0.0,0.0,-2.0807546712458134,0.83377264
2025-12-21 17:00:00,0.0,67.26,0.0,0.0,-2.0807546712458134,0.0
2025-12-21 18:00:00,0.0,76.7,0.0,0.0,-2.0807546712458134,0.0
2025-12-21 19:00:00,0.0,82.34,4.0,1.5,-6.080754671245813,1.5
2025-12-21 20:00:00,0.0,81.52,4.0,1.5,-10.080754671245813,1.5
2025-12-21 21:00:00,0.0,75.6,0.0,0.0,-10.080754671245813,0.0
2025-12-21 22:00:00,0.0,76.87,0.0,0.0,-10.080754671245813,0.0
2025-12-21 23:00:00,0.0,71.11,0.0,0.0,-10.080754671245813,0.0
2025-12-22 00:00:00,0.0,56.1,-1.3671875,-1.3671875,-9.568059358745813,-1.3671875
2025-12-22 01:00:00,0.0,46.48,-2.1875,-2.1875,-8.747746858745813,-2.1875
2025-12-22 02:00:00,0.0,43.72,-3.5,-3.5,-7.435246858745813,-3.5
2025-12-22 03:00:00,0.0,37.62,-4.0,-4.0,-5.935246858745813,-4.0
2025-12-22 04:00:00,0.0,26.09,-4.0,-4.0,-4.435246858745813,-4.0
2025-12-22 05:00:00,0.0,36.37,-4.0,-4.0,-2.9352468587458134,-4.0
2025-12-22 06:00:00,0.0,58.5,-0.8544921875,-0.8544921875,-2.6148122884333134,-0.8544921875
2025-12-22 07:00:00,0.0,79.86,0.0,0.0,-2.6148122884333134,0.0
2025-12-22 08:00:00,0.5431079600000001,87.27,0.0,0.0,-2.6148122884333134,0.5431079600000001
2025-12-22 09:00:00,1.59829392,88.44,0.0,0.0,-2.6148122884333134,1.59829392
2025-12-22 10:00:00,2.2237802,85.24,0.0,0.0,-2.6148122884333134,2.2237802
2025-12-22 11:00:00,2.5825522000000003,72.5,-0.08149072527885437,-0.08149072527885437,-2.584253266453743,2.501061474721146
2025-12-22 12:00:00,2.68567756,66.73,-0.2086162567138672,-0.2086162567138672,-2.506022170186043,2.4770613032861326
2025-12-22 13:00:00,2.58277852,59.92,-0.5340576171875,-0.5340576171875,-2.3057505637407303,2.0487209028125
2025-12-22 14:00:00,2.2821676,62.03,-0.3337860107421875,-0.3337860107421875,-2.18058080971241,1.9483815892578127
2025-12-22 15:00:00,1.7247718400000005,69.66,-0.130385160446167,-0.130385160446167,-2.1316863745450974,1.5943866795538335
2025-12-22 16:00:00,0.84730272,85.12,0.0,0.0,-2.1316863745450974,0.84730272
2025-12-22 17:00:00,0.0,95.46,0.0,0.0,-2.1316863745450974,0.0
2025-12-22 18:00:00,0.0,101.59,4.0,1.5,-6.131686374545097,1.5
2025-12-22 19:00:00,0.0,97.92,4.0,1.5,-10.131686374545097,1.5
2025-12-22 20:00:00,0.0,91.78,0.0,0.0,-10.131686374545097,0.0
2025-12-22 21:00:00,0.0,85.34,0.0,0.0,-10.131686374545097,0.0
2025-12-22 22:00:00,0.0,84.19,0.0,0.0,-10.131686374545097,0.0
2025-12-22 23:00:00,0.0,78.19,0.0,0.0,-10.131686374545097,0.0
2025-12-23 00:00:00,0.0,71.27,-0.5340576171875,-0.5340576171875,-9.931414768099785,-0.5340576171875
2025-12-23 01:00:00,0.0,62.09,-2.1875,-2.1875,-9.111102268099785,-2.1875
2025-12-23 02:00:00,0.0,61.36,-3.5,-3.5,-7.798602268099785,-3.5
2025-12-23 03:00:00,0.0,59.41,-4.0,-4.0,-6.298602268099785,-4.0
2025-12-23 04:00:00,0.0,56.65,-4.0,-4.0,-4.798602268099785,-4.0
2025-12-23 05:00:00,0.0,60.85,-4.0,-4.0,-3.298602268099785,-4.0
2025-12-23 06:00:00,0.0,70.61,-0.8544921875,-0.8544921875,-2.978167697787285,-0.8544921875
2025-12-23 07:00:00,0.0,81.41,-0.130385160446167,-0.130385160446167,-2.9292732626199722,-0.130385160446167
2025-12-23 08:00:00,0.53834056,87.3,0.0,0.0,-2.9292732626199722,0.53834056
2025-12-23 09:00:00,1.6136592800000005,88.84,0.0,0.0,-2.9292732626199722,1.6136592800000005
2025-12-23 10:00:00,2.2854292000000003,85.24,0.0,0.0,-2.9292732626199722,2.2854292000000003
2025-12-23 11:00:00,2.65927256,83.4,0.0,0.0,-2.9292732626199722,2.65927256
2025-12-23 12:00:00,1.75525396,84.18,0.0,0.0,-2.9292732626199722,1.75525396
2025-12-23 13:00:00,1.8462116,81.17,-0.2086162567138672,-0.2086162567138672,-2.851042166352272,1.6375953432861328
2025-12-23 14:00:00,1.18273588,80.67,-0.3337860107421875,-0.3337860107421875,-2.7258724123239517,0.8489498692578126
2025-12-23 15:00:00,1.00900124,84.39,0.0,0.0,-2.7258724123239517,1.00900124
2025-12-23 16:00:00,0.07234452,82.89,0.0,0.0,-2.7258724123239517,0.07234452
2025-12-23 17:00:00,0.0,86.06,0.0,0.0,-2.7258724123239517,0.0
2025-12-23 18:00:00,0.0,87.46,0.0,0.0,-2.7258724123239517,0.0
2025-12-23 19:00:00,0.0,86.09,0.0,0.0,-2.7258724123239517,0.0
2025-12-23 20:00:00,0.0,89.97,4.0,1.5,-6.725872412323952,1.5
2025-12-23 21:00:00,0.0,89.11,4.0,1.5,-10.725872412323952,1.5
2025-12-23 22:00:00,0.0,81.54,-0.08149072527885437,-0.08149072527885437,-10.695313390344381,-0.08149072527885437
2025-12-23 23:00:00,0.0,70.08,-1.3671875,-1.3671875,-10.182618077844381,-1.3671875
2025-12-24 00:00:00,0.0,70.78,4.0,1.5,-14.182618077844381,1.5
2025-12-24 01:00:00,0.0,48.85,0.0,0.0,-14.182618077844381,0.0
2025-12-24 02:00:00,0.0,31.44,-0.2086162567138672,-0.2086162567138672,-14.104386981576681,-0.2086162567138672
2025-12-24 03:00:00,0.0,30.87,-0.3337860107421875,-0.3337860107421875,-13.97921722754836,-0.3337860107421875
2025-12-24 04:00:00,0.0,26.21,-0.5340576171875,-0.5340576171875,-13.778945621103048,-0.5340576171875
2025-12-24 05:00:00,0.0,25.43,-0.8544921875,-0.8544921875,-13.458511050790548,-0.8544921875
2025-12-24 06:00:00,0.0,23.53,-3.5,-3.5,-12.146011050790548,-3.5
2025-12-24 07:00:00,0.0,35.77,-0.130385160446167,-0.130385160446167,-12.097116615623236,-0.130385160446167
2025-12-24 08:00:00,0.41444096,58.67,0.0,0.0,-12.097116615623236,0.41444096
2025-12-24 09:00:00,1.4200724400000002,50.63,0.0,0.0,-12.097116615623236,1.4200724400000002
2025-12-24 10:00:00,2.09820404,39.39,0.0,0.0,-12.097116615623236,2.09820404
2025-12-24 11:00:00,2.5078316000000003,25.26,-1.3671875,-1.3671875,-11.584421303123236,1.1406441000000003
2025-12-24 12:00:00,2.79400548,17.87,-4.0,-4.0,-10.084421303123236,-1.20599452
2025-12-24 13:00:00,1.6171792000000005,16.65,-4.0,-4.0,-8.584421303123236,-2.3828207999999993
2025-12-24 14:00:00,1.21256308,17.45,-4.0,-4.0,-7.084421303123236,-2.78743692
2025-12-24 15:00:00,0.7131674400000001,23.62,-2.1875,-2.1875,-6.264108803123236,-1.47433256
2025-12-24 16:00:00,0.29104512,36.02,-0.08149072527885437,-0.08149072527885437,-6.233549781143665,0.20955439472114562
2025-12-24 17:00:00,0.0,54.06,0.0,0.0,-6.233549781143665,0.0
2025-12-24 18:00:00,0.0,72.88,4.0,1.5,-10.233549781143665,1.5
2025-12-24 19:00:00,0.0,69.06,0.0,0.0,-10.233549781143665,0.0
2025-12-24 20:00:00,0.0,63.33,0.0,0.0,-10.233549781143665,0.0
2025-12-24 21:00:00,0.0,55.68,0.0,0.0,-10.233549781143665,0.0
2025-12-24 22:00:00,0.0,43.88,0.0,0.0,-10.233549781143665,0.0
2025-12-24 23:00:00,0.0,38.5,0.0,0.0,-10.233549781143665,0.0
2025-12-25 00:00:00,0.0,33.16,-0.08149072527885437,-0.08149072527885437,-10.202990759164095,-0.08149072527885437
2025-12-25 01:00:00,0.0,30.23,-0.5340576171875,-0.5340576171875,-10.002719152718782,-0.5340576171875
2025-12-25 02:00:00,0.0,23.49,-1.3671875,-1.3671875,-9.490023840218782,-1.3671875
2025-12-25 03:00:00,0.0,15.33,-4.0,-4.0,-7.990023840218782,-4.0
2025-12-25 04:00:00,0.0,10.62,-4.0,-4.0,-6.490023840218782,-4.0
2025-12-25 05:00:00,0.0,15.97,-4.0,-4.0,-4.990023840218782,-4.0
2025-12-25 06:00:00,0.0,21.87,-3.5,-3.5,-3.6775238402187824,-3.5
2025-12-25 07:00:00,0.0,37.99,0.0,0.0,-3.6775238402187824,0.0
2025-12-25 08:00:00,0.03516288,42.67,0.0,0.0,-3.6775238402187824,0.03516288
2025-12-25 09:00:00,1.6229499600000004,38.87,0.0,0.0,-3.6775238402187824,1.6229499600000004
2025-12-25 10:00:00,0.9729946000000002,30.67,-0.3337860107421875,-0.3337860107421875,-3.552354086190462,0.6392085892578127
2025-12-25 11:00:00,2.7246968400000005,24.27,-0.8544921875,-0.8544921875,-3.231919515877962,1.8702046525000005
2025-12-25 12:00:00,0.0596169999999999,31.48,-0.130385160446167,-0.130385160446167,-3.1830250807106495,-0.0707681604461671
2025-12-25 13:00:00,2.7766085200000004,30.98,-0.2086162567138672,-0.2086162567138672,-3.1047939844429493,2.567992263286133
2025-12-25 14:00:00,2.43081588,23.18,-2.1875,-2.1875,-2.2844814844429493,0.24331587999999993
2025-12-25 15:00:00,0.3249024,35.51,0.0,0.0,-2.2844814844429493,0.3249024
2025-12-25 16:00:00,0.90445988,63.87,0.0,0.0,-2.2844814844429493,0.90445988
2025-12-25 17:00:00,0.0,89.79,0.0,0.0,-2.2844814844429493,0.0
2025-12-25 18:00:00,0.0,95.83,0.0,0.0,-2.2844814844429493,0.0
2025-12-25 19:00:00,0.0,93.3,0.0,0.0,-2.2844814844429493,0.0
2025-12-25 20:00:00,0.0,97.05,4.0,1.5,-6.284481484442949,1.5
2025-12-25 21:00:00,0.0,99.19,4.0,1.5,-10.28448148444295,1.5
2025-12-25 22:00:00,0.0,94.02,0.0,0.0,-10.28448148444295,0.0
2025-12-25 23:00:00,0.0,90.61,0.0,0.0,-10.28448148444295,0.0
2025-12-26 00:00:00,0.0,97.62,0.0,0.0,-10.28448148444295,0.0
2025-12-26 01:00:00,0.0,91.18,0.0,0.0,-10.28448148444295,0.0
2025-12-26 02:00:00,0.0,85.24,-0.130385160446167,-0.130385160446167,-10.235587049275637,-0.130385160446167
2025-12-26 03:00:00,0.0,80.32,-2.1875,-2.1875,-9.415274549275637,-2.1875
2025-12-26 04:00:00,0.0,72.34,-4.0,-4.0,-7.915274549275637,-4.0
2025-12-26 05:00:00,0.0,73.1,-4.0,-4.0,-6.415274549275637,-4.0
2025-12-26 06:00:00,0.0,83.02,-0.5340576171875,-0.5340576171875,-6.215002942830324,-0.5340576171875
2025-12-26 07:00:00,0.0,90.95,0.0,0.0,-6.215002942830324,0.0
2025-12-26 08:00:00,0.51325356,93.0,0.0,0.0,-6.215002942830324,0.51325356
2025-12-26 09:00:00,1.6443131599999998,93.27,0.0,0.0,-6.215002942830324,1.6443131599999998
2025-12-26 10:00:00,2.32845004,89.4,-0.08149072527885437,-0.08149072527885437,-6.184443920850754,2.2469593147211455
2025-12-26 11:00:00,2.7593662,85.0,-0.3337860107421875,-0.3337860107421875,-6.0592741668224335,2.4255801892578126
2025-12-26 12:00:00,2.9113517200000003,82.32,-0.8544921875,-0.8544921875,-5.7388395965099335,2.0568595325000003
2025-12-26 13:00:00,2.8155778,80.33,-1.3671875,-1.3671875,-5.2261442840099335,1.4483902999999998
2025-12-26 14:00:00,2.48828916,77.54,-4.0,-4.0,-3.7261442840099335,-1.5117108400000001
2025-12-26 15:00:00,1.90479376,78.19,-3.5,-3.5,-2.4136442840099335,-1.59520624
2025-12-26 16:00:00,0.96927136,85.06,-0.2086162567138672,-0.2086162567138672,-2.3354131877422333,0.7606551032861328
2025-12-26 17:00:00,0.0,93.78,0.0,0.0,-2.3354131877422333,0.0
2025-12-26 18:00:00,0.0,100.04,0.0,0.0,-2.3354131877422333,0.0
2025-12-26 19:00:00,0.0,100.46,0.0,0.0,-2.3354131877422333,0.0
2025-12-26 20:00:00,0.0,111.62,4.0,1.5,-6.335413187742233,1.5
2025-12-26 21:00:00,0.0,109.66,4.0,1.5,-10.335413187742233,1.5
2025-12-26 22:00:00,0.0,98.52,0.0,0.0,-10.335413187742233,0.0
2025-12-26 23:00:00,0.0,91.32,0.0,0.0,-10.335413187742233,0.0
2025-12-27 00:00:00,0.0,92.68,0.0,0.0,-10.335413187742233,0.0
2025-12-27 01:00:00,0.0,88.16,0.0,0.0,-10.335413187742233,0.0
2025-12-27 02:00:00,0.0,80.82,-0.08149072527885437,-0.08149072527885437,-10.304854165762663,-0.08149072527885437
2025-12-27 03:00:00,0.0,70.9,-0.3337860107421875,-0.3337860107421875,-10.179684411734343,-0.3337860107421875
2025-12-27 04:00:00,0.0,69.35,-1.3671875,-1.3671875,-9.666989099234343,-1.3671875
2025-12-27 05:00:00,0.0,68.94,-4.0,-4.0,-8.166989099234343,-4.0
2025-12-27 06:00:00,0.0,69.17,-3.5,-3.5,-6.854489099234343,-3.5
2025-12-27 07:00:00,0.0,72.5,-0.2086162567138672,-0.2086162567138672,-6.776258002966642,-0.2086162567138672
2025-12-27 08:00:00,0.5279756,86.81,0.0,0.0,-6.776258002966642,0.5279756
2025-12-27 09:00:00,1.6761884400000002,88.3,0.0,0.0,-6.776258002966642,1.6761884400000002
2025-12-27 10:00:00,2.3559799600000004,75.37,-0.130385160446167,-0.130385160446167,-6.72736356779933,2.2255947995538334
2025-12-27 11:00:00,2.768479440000001,69.25,-2.1875,-2.1875,-5.90705106779933,0.580979440000001
2025-12-27 12:00:00,2.9228532,68.85,-4.0,-4.0,-4.40705106779933,-1.0771468
2025-12-27 13:00:00,2.82029944,69.13,-4.0,-4.0,-2.9070510677993298,-1.1797005600000001
2025-12-27 14:00:00,2.48293552,69.35,-0.8544921875,-0.8544921875,-2.5866164974868298,1.6284433324999998
2025-12-27 15:00:00,1.90995508,69.96,-0.5340576171875,-0.5340576171875,-2.3863448910415173,1.3758974628125
2025-12-27 16:00:00,0.99004952,82.25,0.0,0.0,-2.3863448910415173,0.99004952
2025-12-27 17:00:00,0.0,91.22,0.0,0.0,-2.3863448910415173,0.0
2025-12-27 18:00:00,0.0,96.61,4.0,1.5,-6.386344891041517,1.5
2025-12-27 19:00:00,0.0,98.42,4.0,1.5,-10.386344891041517,1.5
2025-12-27 20:00:00,0.0,91.77,0.0,0.0,-10.386344891041517,0.0
2025-12-27 21:00:00,0.0,86.72,0.0,0.0,-10.386344891041517,0.0
2025-12-27 22:00:00,0.0,86.63,0.0,0.0,-10.386344891041517,0.0
2025-12-27 23:00:00,0.0,80.95,0.0,0.0,-10.386344891041517,0.0
2025-12-28 00:00:00,0.0,62.57,-2.1875,-2.1875,-9.566032391041517,-2.1875
2025-12-28 01:00:00,0.0,63.81,-1.3671875,-1.3671875,-9.053337078541517,-1.3671875
2025-12-28 02:00:00,0.0,54.51,-4.0,-4.0,-7.553337078541517,-4.0
2025-12-28 03:00:00,0.0,48.86,-4.0,-4.0,-6.053337078541517,-4.0
2025-12-28 04:00:00,0.0,51.84,-4.0,-4.0,-4.553337078541517,-4.0
2025-12-28 05:00:00,0.0,55.17,-3.5,-3.5,-3.2408370785415173,-3.5
2025-12-28 06:00:00,0.0,65.89,-0.8544921875,-0.8544921875,-2.9204025082290173,-0.8544921875
2025-12-28 07:00:00,0.0,70.31,-0.5340576171875,-0.5340576171875,-2.7201309017837048,-0.5340576171875
2025-12-28 08:00:00,0.54921316,79.65,0.0,0.0,-2.7201309017837048,0.54921316
2025-12-28 09:00:00,1.70789056,83.09,0.0,0.0,-2.7201309017837048,1.70789056
2025-12-28 10:00:00,2.37735408,79.19,-0.08149072527885437,-0.08149072527885437,-2.6895718798041344,2.2958633547211456
2025-12-28 11:00:00,2.7737805200000003,72.37,-0.3337860107421875,-0.3337860107421875,-2.564402125775814,2.439994509257813
2025-12-28 12:00:00,2.9167188799999995,79.31,0.0,0.0,-2.564402125775814,2.9167188799999995
2025-12-28 13:00:00,2.811503,76.15,-0.2086162567138672,-0.2086162567138672,-2.486171029508114,2.602886743286133
2025-12-28 14:00:00,2.47205988,78.1,-0.130385160446167,-0.130385160446167,-2.4372765943408012,2.341674719553833
2025-12-28 15:00:00,1.91348644,82.46,0.0,0.0,-2.4372765943408012,1.91348644
2025-12-28 16:00:00,1.00297468,91.54,0.0,0.0,-2.4372765943408012,1.00297468
2025-12-28 17:00:00,0.0,98.64,0.0,0.0,-2.4372765943408012,0.0
2025-12-28 18:00:00,0.0,103.24,0.0,0.0,-2.4372765943408012,0.0
2025-12-28 19:00:00,0.0,105.23,4.0,1.5,-6.437276594340801,1.5
2025-12-28 20:00:00,0.0,105.07,4.0,1.5,-10.437276594340801,1.5
2025-12-28 21:00:00,0.0,99.51,0.0,0.0,-10.437276594340801,0.0
2025-12-28 22:00:00,0.0,98.34,0.0,0.0,-10.437276594340801,0.0
2025-12-28 23:00:00,0.0,90.87,0.0,0.0,-10.437276594340801,0.0
2025-12-29 00:00:00,0.0,99.71,-0.130385160446167,-0.130385160446167,-10.388382159173489,-0.130385160446167
2025-12-29 01:00:00,0.0,91.45,-1.3671875,-1.3671875,-9.875686846673489,-1.3671875
2025-12-29 02:00:00,0.0,89.79,-3.5,-3.5,-8.563186846673489,-3.5
2025-12-29 03:00:00,0.0,88.04,-4.0,-4.0,-7.063186846673489,-4.0
2025-12-29 04:00:00,0.0,89.99,-2.1875,-2.1875,-6.242874346673489,-2.1875
2025-12-29 05:00:00,0.0,92.23,-0.8544921875,-0.8544921875,-5.922439776360989,-0.8544921875
2025-12-29 06:00:00,0.0,101.48,-0.08149072527885437,-0.08149072527885437,-5.891880754381418,-0.08149072527885437
2025-12-29 07:00:00,0.0,117.18,0.0,0.0,-5.891880754381418,0.0
2025-12-29 08:00:00,0.0237404,127.23,0.0,0.0,-5.891880754381418,0.0237404
2025-12-29 09:00:00,0.26135016,114.13,0.0,0.0,-5.891880754381418,0.26135016
2025-12-29 10:00:00,2.18792376,103.19,0.0,0.0,-5.891880754381418,2.18792376
2025-12-29 11:00:00,0.38577572,93.37,-0.5340576171875,-0.5340576171875,-5.691609147936106,-0.1482818971875
2025-12-29 12:00:00,0.05632976,89.76,-4.0,-4.0,-4.191609147936106,-3.94367024
2025-12-29 13:00:00,0.05936152,89.6,-4.0,-4.0,-2.6916091479361057,-3.94063848
2025-12-29 14:00:00,0.2159253599999999,95.27,-0.3337860107421875,-0.3337860107421875,-2.5664393939077854,-0.1178606507421876
2025-12-29 15:00:00,0.10850204,95.88,-0.2086162567138672,-0.2086162567138672,-2.488208297640085,-0.1001142167138672
2025-12-29 16:00:00,0.89106744,103.1,0.0,0.0,-2.488208297640085,0.89106744
2025-12-29 17:00:00,0.0,113.25,0.0,0.0,-2.488208297640085,0.0
2025-12-29 18:00:00,0.0,123.95,0.0,0.0,-2.488208297640085,0.0
2025-12-29 19:00:00,0.0,125.04,0.0,0.0,-2.488208297640085,0.0
2025-12-29 20:00:00,0.0,158.14,4.0,1.5,-6.488208297640085,1.5
2025-12-29 21:00:00,0.0,147.79,4.0,1.5,-10.488208297640085,1.5
2025-12-29 22:00:00,0.0,121.08,0.0,0.0,-10.488208297640085,0.0
2025-12-29 23:00:00,0.0,104.75,0.0,0.0,-10.488208297640085,0.0
2025-12-30 00:00:00,0.0,104.92,0.0,0.0,-10.488208297640085,0.0
2025-12-30 01:00:00,0.0,98.01,0.0,0.0,-10.488208297640085,0.0
2025-12-30 02:00:00,0.0,87.53,-0.08149072527885437,-0.08149072527885437,-10.457649275660515,-0.08149072527885437
2025-12-30 03:00:00,0.0,85.54,-0.3337860107421875,-0.3337860107421875,-10.332479521632195,-0.3337860107421875
2025-12-30 04:00:00,0.0,82.1,-1.3671875,-1.3671875,-9.819784209132195,-1.3671875
2025-12-30 05:00:00,0.0,82.36,-0.8544921875,-0.8544921875,-9.499349638819695,-0.8544921875
2025-12-30 06:00:00,0.0,84.34,-0.5340576171875,-0.5340576171875,-9.299078032374382,-0.5340576171875
2025-12-30 07:00:00,0.0,90.5,0.0,0.0,-9.299078032374382,0.0
2025-12-30 08:00:00,0.444511,99.64,0.0,0.0,-9.299078032374382,0.444511
2025-12-30 09:00:00,0.40781852,95.39,0.0,0.0,-9.299078032374382,0.40781852
2025-12-30 10:00:00,2.22086292,85.93,-0.2086162567138672,-0.2086162567138672,-9.220846936106682,2.012246663286133
2025-12-30 11:00:00,2.6462666,79.29,-2.1875,-2.1875,-8.400534436106682,0.45876660000000014
2025-12-30 12:00:00,2.80790852,76.15,-3.5,-3.5,-7.088034436106682,-0.6920914800000002
2025-12-30 13:00:00,2.7482112800000005,73.04,-4.0,-4.0,-5.588034436106682,-1.2517887199999995
2025-12-30 14:00:00,2.4054832000000004,73.02,-4.0,-4.0,-4.088034436106682,-1.5945167999999996
2025-12-30 15:00:00,1.82926972,75.74,-4.0,-4.0,-2.588034436106682,-2.17073028
2025-12-30 16:00:00,0.95305492,87.29,-0.130385160446167,-0.130385160446167,-2.539140000939369,0.822669759553833
2025-12-30 17:00:00,0.0,99.99,0.0,0.0,-2.539140000939369,0.0
2025-12-30 18:00:00,0.0,104.97,0.0,0.0,-2.539140000939369,0.0
2025-12-30 19:00:00,0.0,105.77,4.0,1.5,-6.539140000939369,1.5
2025-12-30 20:00:00,0.0,105.27,0.0,0.0,-6.539140000939369,0.0
2025-12-30 21:00:00,0.0,106.55,4.0,1.5,-10.53914000093937,1.5
2025-12-30 22:00:00,0.0,104.84,0.0,0.0,-10.53914000093937,0.0
2025-12-30 23:00:00,0.0,103.87,0.0,0.0,-10.53914000093937,0.0
2025-12-31 00:00:00,0.0,100.7,0.0,0.0,-10.53914000093937,0.0
2025-12-31 01:00:00,0.0,85.47,-0.3337860107421875,-0.3337860107421875,-10.413970246911049,-0.3337860107421875
2025-12-31 02:00:00,0.0,81.51,-3.5,-3.5,-9.101470246911049,-3.5
2025-12-31 03:00:00,0.0,76.61,-4.0,-4.0,-7.601470246911049,-4.0
2025-12-31 04:00:00,0.0,75.15,-4.0,-4.0,-6.101470246911049,-4.0
2025-12-31 05:00:00,0.0,77.4,-4.0,-4.0,-4.601470246911049,-4.0
2025-12-31 06:00:00,0.0,83.7,-1.3671875,-1.3671875,-4.088774934411049,-1.3671875
2025-12-31 07:00:00,0.0,95.45,-0.08149072527885437,-0.08149072527885437,-4.0582159124314785,-0.08149072527885437
2025-12-31 08:00:00,0.0354862399999999,105.97,0.0,0.0,-4.0582159124314785,0.0354862399999999
2025-12-31 09:00:00,0.20681548,102.36,0.0,0.0,-4.0582159124314785,0.20681548
2025-12-31 10:00:00,1.14135292,97.46,0.0,0.0,-4.0582159124314785,1.14135292
2025-12-31 11:00:00,2.592922,84.45,-0.8544921875,-0.8544921875,-3.7377813421189785,1.7384298125000002
2025-12-31 12:00:00,1.59043128,83.06,-2.1875,-2.1875,-2.9174688421189785,-0.59706872
2025-12-31 13:00:00,1.38688864,85.17,-0.5340576171875,-0.5340576171875,-2.717197235673666,0.8528310228125
2025-12-31 14:00:00,0.9834164,87.64,-0.2086162567138672,-0.2086162567138672,-2.638966139405966,0.7748001432861328
2025-12-31 15:00:00,0.4128846,94.58,-0.130385160446167,-0.130385160446167,-2.590071704238653,0.282499439553833
2025-12-31 16:00:00,0.00767236,104.57,0.0,0.0,-2.590071704238653,0.00767236
2025-12-31 17:00:00,0.0,112.11,0.0,0.0,-2.590071704238653,0.0
2025-12-31 18:00:00,0.0,129.44,0.0,0.0,-2.590071704238653,0.0
2025-12-31 19:00:00,0.0,135.46,4.0,1.5,-6.590071704238653,1.5
2025-12-31 20:00:00,0.0,131.14,4.0,1.5,-10.590071704238653,1.5
2025-12-31 21:00:00,0.0,113.77,0.0,0.0,-10.590071704238653,0.0
2025-12-31 22:00:00,0.0,105.91,0.0,0.0,-10.590071704238653,0.0
2025-12-31 23:00:00,0.0,101.08,0.0,0.0,-10.590071704238653,0.0
